{"population": 766987.0, "ad_1": 1186.9050839032486, "population_change_2010": 0.3251650869233188, "ad_1_change_2010": 0.1734284601444241, "gpw_population": NaN, "gpw_pw_density_4": NaN, "white": 0.4935011936317043, "hispanic": 0.3031485540172128, "black": 0.11213879765889122, "asian": 0.04470088802026632, "citizenship_citizen_by_birth": 0.8512649294064621, "citizenship_citizen_by_naturalization": 0.06394731204740828, "citizenship_not_citizen": 0.0847877585461296, "birthplace_non_us": 0.14873507059353788, "birthplace_us_not_state": 0.29962622577775194, "birthplace_us_state": 0.5516387036287101, "language_english_only": 0.7251198569622164, "language_spanish": 0.2201516793656052, "education_high_school": 0.9107323518705653, "education_ugrad": 0.36691341511376907, "education_grad": 0.12483421525397995, "education_field_stem": 0.1616369098756477, "education_field_humanities": 0.10592792842953921, "education_field_business": 0.09934857680858214, "generation_silent": 0.03979857185142063, "generation_boomer": 0.18774021193830145, "generation_genx": 0.20791981948271274, "generation_millenial": 0.20444163214361336, "generation_genz": 0.21191779613852227, "generation_genalpha": 0.14818196844542955, "poverty_below_line": 0.08532492657633214, "household_income_under_50k": 0.2535945916641754, "household_income_over_100k": 0.46448776082752974, "individual_income_under_50k": 0.5494036049484768, "individual_income_over_100k": 0.18025909101539858, "housing_per_pop": 0.5080630272961749, "vacancy": 0.0671459868692606, "rent_or_own_rent": 0.2656427376436854, "rent_burden_under_20": 0.30438999284120566, "rent_burden_over_40": 0.2965406928133251, "rent_1br_under_750": 0.10920501901644684, "rent_1br_over_1500": 0.1171030288464918, "rent_2br_under_750": 0.09095612378789919, "rent_2br_over_1500": 0.3485308357052013, "year_built_1969_or_earlier": 0.051024310969829914, "year_built_2010_or_later": 0.21778656799352863, "transportation_means_car": 0.8732035933936557, "transportation_means_bike": 0.0017198530767132568, "transportation_means_walk": 0.006353953264234202, "transportation_means_transit": 0.010732268539371684, "transportation_means_worked_at_home": 0.09877010486973249, "transportation_commute_time_under_15": 0.15922089251638885, "transportation_commute_time_over_60": 0.1298157469467773, "vehicle_ownership_at_least_1": 0.975385249314552, "GHLTH_cdc_2": 0.14809818474253575, "ARTHRITIS_cdc_2": 0.19723663990853466, "CASTHMA_cdc_2": 0.09450308356385376, "BPHIGH_cdc_2": 0.2904480905158005, "CANCER_cdc_2": 0.05668805379401891, "KIDNEY_cdc_2": 0.025060094372072066, "COPD_cdc_2": 0.05695611795540096, "CHD_cdc_2": 0.04441253627365963, "DIABETES_cdc_2": 0.09109721825237263, "OBESITY_cdc_2": 0.34404962042855, "STROKE_cdc_2": 0.024317028151751068, "DISABILITY_cdc_2": 0.24885561508984239, "HEARING_cdc_2": 0.053524186476889016, "VISION_cdc_2": 0.04256455863615885, "COGNITION_cdc_2": 0.12514694526129144, "MOBILITY_cdc_2": 0.10570056003139278, "SELFCARE_cdc_2": 0.03216845996211552, "INDEPLIVE_cdc_2": 0.06682115814104458, "BINGE_cdc_2": 0.19840119273121884, "CSMOKING_cdc_2": 0.14862388030055665, "LPA_cdc_2": 0.21299125556519086, "SLEEP_cdc_2": 0.324293103281222, "heating_utility_gas": 0.5225275392436864, "heating_electricity": 0.4394441467427356, "industry_agriculture,_forestry,_fishing_and_hunting": 0.00257307313207703, "industry_mining,_quarrying,_and_oil_and_gas_extraction": 0.0424129567908583, "industry_accommodation_and_food_services": 0.058662678447996074, "industry_arts,_entertainment,_and_recreation": 0.015150876913855048, "industry_construction": 0.08258681425296174, "industry_educational_services": 0.10272394071896711, "industry_health_care_and_social_assistance": 0.10368034767390875, "industry_finance_and_insurance": 0.03751487413335064, "industry_real_estate_and_rental_and_leasing": 0.017846766067767906, "industry_information": 0.01442607269562665, "industry_manufacturing": 0.09885012348167499, "industry_other_services,_except_public_administration": 0.04737136571755798, "industry_administrative_and_support_and_waste_management_services": 0.0362610982246243, "industry_management_of_companies_and_enterprises": 0.005196213807876913, "industry_professional,_scientific,_and_technical_services": 0.07934797924585821, "industry_public_administration": 0.03041016205899598, "industry_retail_trade": 0.10214641888995925, "industry_transportation_and_warehousing": 0.07401073770494575, "industry_utilities": 0.012669036275634172, "industry_wholesale_trade": 0.03615846376550313, "occupation_architecture_and_engineering_occupations": 0.029432249711236393, "occupation_computer_and_mathematical_occupations": 0.03297129782229292, "occupation_life,_physical,_and_social_science_occupations": 0.010369566045116572, "occupation_arts,_design,_entertainment,_sports,_and_media_occupations": 0.01772046400859616, "occupation_community_and_social_service_occupations": 0.014351505634656085, "occupation_educational_instruction,_and_library_occupations": 0.07187111066301896, "occupation_legal_occupations": 0.010867023842624871, "occupation_health_diagnosing_and_treating_practitioners_and_other_technical_occupations": 0.03549205156636357, "occupation_health_technologists_and_technicians": 0.016642490163672256, "occupation_business_and_financial_operations_occupations": 0.06773494774697238, "occupation_management_occupations": 0.1319164532738802, "occupation_construction_and_extraction_occupations": 0.05454201236233112, "occupation_farming,_fishing,_and_forestry_occupations": 0.0009889101069498326, "occupation_installation,_maintenance,_and_repair_occupations": 0.03492159075409512, "occupation_material_moving_occupations": 0.030375290048226384, "occupation_transportation_occupations": 0.048440023484850096, "occupation_office_and_administrative_support_occupations": 0.11211215396753536, "occupation_sales_and_related_occupations": 0.10905376175351887, "occupation_building_and_grounds_cleaning_and_maintenance_occupations": 0.019916354925717025, "occupation_food_preparation_and_serving_related_occupations": 0.04398644244552805, "occupation_healthcare_support_occupations": 0.021905406350860662, "occupation_personal_care_and_service_occupations": 0.024043944763890622, "occupation_firefighting_and_prevention,_and_other_protective_service_workers_including_supervisors": 0.007513496230941466, "occupation_law_enforcement_workers_including_supervisors": 0.009942340249293363, "2020 Presidential Election-margin": -0.22764367246307834, "2016 Presidential Election-margin": -0.31637671382400506, "2016-2020 Swing-margin": 0.08873304136092672, "park_percent_1km_v2": 0.013503452271297702, "mean_dist_Hospital_updated": 6.535992796016048, "mean_dist_Active Superfund Site_updated": 18.54745668049679, "mean_dist_Airport_updated": 19.87774776862257, "mean_dist_Public School_updated": 1.286561668989478, "mean_high_temp_4": 78.90200626588032, "mean_high_temp_winter_4": 65.94696781163289, "mean_high_temp_spring_4": 82.8216281509447, "mean_high_temp_summer_4": 91.46539613726563, "mean_high_temp_fall_4": 74.71639449834021, "mean_high_heat_index_4": 83.50345321670127, "days_above_90_4": 0.219583823374349, "days_below_40_4": 0.0029204623726561607, "wind_speed_over_10mph_4": 0.115950669657822, "snowfall_4": 0.0008424573159258, "rainfall_4": 1.231832765560957, "hours_sunny_4": 5.404846384360609, "internet_no_access": 0.05026889383031732, "insurance_coverage_none": 0.1753174290512444, "insurance_coverage_govt": 0.06535993679093978, "insurance_coverage_private": 0.7593226341578159, "marriage_divorced": 0.0945381593638815}