{"population": 681180.0, "ad_1": 315.1204667319171, "population_change_2010": -0.008825091488479363, "ad_1_change_2010": 0.002234517791388959, "gpw_population": NaN, "gpw_pw_density_4": NaN, "white": 0.9086687806453507, "hispanic": 0.017018996447341377, "black": 0.014789042543821017, "asian": 0.008494083795766171, "citizenship_citizen_by_birth": 0.9721178759351408, "citizenship_citizen_by_naturalization": 0.015284748109754819, "citizenship_not_citizen": 0.012597375955104404, "birthplace_non_us": 0.027882124064859223, "birthplace_us_not_state": 0.28751894046829857, "birthplace_us_state": 0.6845989354668423, "language_english_only": 0.9420223774623318, "language_spanish": 0.008122154407349015, "education_high_school": 0.9300483397265701, "education_ugrad": 0.2519760625026189, "education_grad": 0.08917327258806096, "education_field_stem": 0.11314695810176102, "education_field_humanities": 0.1027990568229867, "education_field_business": 0.03603004757787115, "generation_silent": 0.08166807379014347, "generation_boomer": 0.2890520890635618, "generation_genx": 0.1857417697985215, "generation_millenial": 0.17333211742175755, "generation_genz": 0.16953141317361747, "generation_genalpha": 0.10067453675239824, "poverty_below_line": 0.13600164305893286, "household_income_under_50k": 0.4658448007304982, "household_income_over_100k": 0.22197224539218122, "individual_income_under_50k": 0.7396671277802777, "individual_income_over_100k": 0.05718001399318114, "housing_per_pop": 0.6869655627582341, "vacancy": 0.2312563829899241, "rent_or_own_rent": 0.26806982738748053, "rent_burden_under_20": 0.260982436802947, "rent_burden_over_40": 0.2847094313352961, "rent_1br_under_750": 0.6866296532265405, "rent_1br_over_1500": 0.016883589696914534, "rent_2br_under_750": 0.34975274300726317, "rent_2br_over_1500": 0.02480296708391284, "year_built_1969_or_earlier": 0.42189602699737067, "year_built_2010_or_later": 0.0502862259580547, "transportation_means_car": 0.8673403431526268, "transportation_means_bike": 0.002463889617745125, "transportation_means_walk": 0.03212336087343287, "transportation_means_transit": 0.002540686177259259, "transportation_means_worked_at_home": 0.08724089160805595, "transportation_commute_time_under_15": 0.3521191936897458, "transportation_commute_time_over_60": 0.0721717791411043, "vehicle_ownership_at_least_1": 0.9248434260565986, "GHLTH_cdc_2": 0.16123944541045118, "ARTHRITIS_cdc_2": 0.2991005143223208, "CASTHMA_cdc_2": 0.12256079619291663, "BPHIGH_cdc_2": 0.33187058662029834, "CANCER_cdc_2": 0.07593721607028463, "KIDNEY_cdc_2": 0.03204805893657912, "COPD_cdc_2": 0.09234210670815411, "CHD_cdc_2": 0.07167086299990849, "DIABETES_cdc_2": 0.10373669625697814, "OBESITY_cdc_2": 0.3584157023885787, "STROKE_cdc_2": 0.03349797748695891, "DISABILITY_cdc_2": 0.3309820078704127, "HEARING_cdc_2": 0.08265317470485951, "VISION_cdc_2": 0.05234116408895397, "COGNITION_cdc_2": 0.1596306726457399, "MOBILITY_cdc_2": 0.15049739544248195, "SELFCARE_cdc_2": 0.04122707421982246, "INDEPLIVE_cdc_2": 0.08292643726548916, "BINGE_cdc_2": 0.15263207650773314, "CSMOKING_cdc_2": 0.19264675391232727, "LPA_cdc_2": 0.29399223391598794, "SLEEP_cdc_2": 0.326591133888533, "heating_utility_gas": 0.05444175113340272, "heating_electricity": 0.07816462106976452, "industry_agriculture,_forestry,_fishing_and_hunting": 0.03272973091391624, "industry_mining,_quarrying,_and_oil_and_gas_extraction": 0.0005977604326408493, "industry_accommodation_and_food_services": 0.05921896809649293, "industry_arts,_entertainment,_and_recreation": 0.0160644204227512, "industry_construction": 0.07954908207782778, "industry_educational_services": 0.11062010603205999, "industry_health_care_and_social_assistance": 0.17864586919374323, "industry_finance_and_insurance": 0.03937707729574432, "industry_real_estate_and_rental_and_leasing": 0.011676671069020988, "industry_information": 0.013397970744164794, "industry_manufacturing": 0.083379756263966, "industry_other_services,_except_public_administration": 0.04648135050042876, "industry_administrative_and_support_and_waste_management_services": 0.0314622284258558, "industry_management_of_companies_and_enterprises": 0.0006196678830517704, "industry_professional,_scientific,_and_technical_services": 0.04832783560649211, "industry_public_administration": 0.05341662337337181, "industry_retail_trade": 0.12878764169425963, "industry_transportation_and_warehousing": 0.03780912977347696, "industry_utilities": 0.009392036954739207, "industry_wholesale_trade": 0.01844607324599563, "occupation_architecture_and_engineering_occupations": 0.01191765302354112, "occupation_computer_and_mathematical_occupations": 0.01926603781851868, "occupation_life,_physical,_and_social_science_occupations": 0.01092555848350369, "occupation_arts,_design,_entertainment,_sports,_and_media_occupations": 0.015529252705570125, "occupation_community_and_social_service_occupations": 0.022708637168806296, "occupation_educational_instruction,_and_library_occupations": 0.07093319479478978, "occupation_legal_occupations": 0.00613408611505793, "occupation_health_diagnosing_and_treating_practitioners_and_other_technical_occupations": 0.04611205347921609, "occupation_health_technologists_and_technicians": 0.020874670605834894, "occupation_business_and_financial_operations_occupations": 0.03958363325676158, "occupation_management_occupations": 0.0920488473551448, "occupation_construction_and_extraction_occupations": 0.06397288483566282, "occupation_farming,_fishing,_and_forestry_occupations": 0.019801205535699754, "occupation_installation,_maintenance,_and_repair_occupations": 0.036234922979663624, "occupation_material_moving_occupations": 0.03551510675187622, "occupation_transportation_occupations": 0.0409105988245088, "occupation_office_and_administrative_support_occupations": 0.1178996388400318, "occupation_sales_and_related_occupations": 0.09025243642144927, "occupation_building_and_grounds_cleaning_and_maintenance_occupations": 0.04186513773527037, "occupation_food_preparation_and_serving_related_occupations": 0.051792342407190654, "occupation_healthcare_support_occupations": 0.04622785000281667, "occupation_personal_care_and_service_occupations": 0.024492529559409875, "occupation_firefighting_and_prevention,_and_other_protective_service_workers_including_supervisors": 0.009579815101118532, "occupation_law_enforcement_workers_including_supervisors": 0.010346575865500774, "2020 Presidential Election-margin": -0.06113252145316274, "2016 Presidential Election-margin": -0.09027751185702641, "2016-2020 Swing-margin": 0.029144990403863674, "park_percent_1km_v2": 0.009238072864592595, "mean_dist_Hospital_updated": 11.664957999889014, "mean_dist_Active Superfund Site_updated": 31.945861596951655, "mean_dist_Airport_updated": 37.729543836500405, "mean_dist_Public School_updated": 3.3758779924243587, "mean_high_temp_4": 52.94711620170479, "mean_high_temp_winter_4": 30.670711978592564, "mean_high_temp_spring_4": 57.78552358112546, "mean_high_temp_summer_4": 74.45689171318148, "mean_high_temp_fall_4": 47.819595479133966, "mean_high_heat_index_4": 51.29617682021308, "days_above_90_4": 0.004805262935416499, "days_below_40_4": 0.29483402637304057, "wind_speed_over_10mph_4": 0.16969941063175709, "snowfall_4": 0.24254979114759787, "rainfall_4": 0.9014080344980584, "hours_sunny_4": 4.4357020345477505, "internet_no_access": 0.12768157146549497, "insurance_coverage_none": 0.11730951765549635, "insurance_coverage_govt": 0.24249725844456493, "insurance_coverage_private": 0.6401932238999387, "marriage_divorced": 0.14772462280075874}