{"population": 757643.0, "ad_1": 4638.508727451372, "population_change_2010": -0.0005355854304932795, "ad_1_change_2010": -0.03261799871504556, "population_change_2000": -0.0017168546905840468, "ad_1_change_2000": -0.07357284965965667, "gpw_population": NaN, "gpw_pw_density_4": NaN, "white": 0.14819116655205683, "hispanic": 0.6523864141818773, "black": 0.01790289093940022, "asian": 0.1535248131375859, "homogeneity_250_2020": 0.5527850793199229, "homogeneity_250_diff_2010": -0.021396710940483454, "homogeneity_250_diff_2000": -0.016104812297859428, "citizenship_citizen_by_birth": 0.6230941750605163, "citizenship_citizen_by_naturalization": 0.17414065923632577, "citizenship_not_citizen": 0.20276516570315792, "birthplace_non_us": 0.376905824939484, "birthplace_us_not_state": 0.09039290540276813, "birthplace_us_state": 0.5327012696577479, "language_english_only": 0.31908502330765054, "language_spanish": 0.536259272327091, "education_high_school": 0.7190268112650803, "education_ugrad": 0.2085903797169659, "education_grad": 0.05830570140033749, "education_field_stem": 0.0975062475692966, "education_field_humanities": 0.06877575359852288, "education_field_business": 0.042308378549146056, "generation_silent": 0.04262365243073755, "generation_boomer": 0.17236201096307688, "generation_genx": 0.19302831268881504, "generation_millenial": 0.24279757647480002, "generation_genz": 0.21993818717528202, "generation_genalpha": 0.1292502602672884, "poverty_below_line": 0.1361060684295187, "household_income_under_50k": 0.3206830320384811, "household_income_over_100k": 0.3680308747369813, "individual_income_under_50k": 0.7231246236449984, "individual_income_over_100k": 0.07561129239912044, "housing_per_pop": 0.378186697666236, "vacancy": 0.03945364162904182, "rent_or_own_rent": 0.5666333813603448, "rent_burden_under_20": 0.1889531945679544, "rent_burden_over_40": 0.4053082888633692, "rent_1br_under_750": 0.08503554562303679, "rent_1br_over_1500": 0.48786951299652626, "rent_2br_under_750": 0.02970796772986258, "rent_2br_over_1500": 0.8110710336553087, "year_built_1969_or_earlier": 0.547074246870763, "year_built_2010_or_later": 0.04657990473767686, "transportation_means_car": 0.8681164586069348, "transportation_means_bike": 0.007364303796314942, "transportation_means_walk": 0.01872753739872052, "transportation_means_transit": 0.03047353847734659, "transportation_means_worked_at_home": 0.06500210641563975, "transportation_commute_time_under_15": 0.18956262893022266, "transportation_commute_time_over_60": 0.08365489801735579, "vehicle_ownership_at_least_1": 0.9424564205949764, "GHLTH_cdc_2": 0.20875387647299096, "ARTHRITIS_cdc_2": 0.16158484153427535, "CASTHMA_cdc_2": 0.09455743011839306, "BPHIGH_cdc_2": 0.2477822066405342, "CANCER_cdc_2": 0.04225287591184885, "KIDNEY_cdc_2": 0.027042768163598813, "COPD_cdc_2": 0.04812007324120804, "CHD_cdc_2": 0.043636321211894875, "DIABETES_cdc_2": 0.10729789261594855, "OBESITY_cdc_2": 0.29973532064245406, "STROKE_cdc_2": 0.025346925579390854, "DISABILITY_cdc_2": 0.2949382471556216, "HEARING_cdc_2": 0.055156178171721096, "VISION_cdc_2": 0.0695181589670818, "COGNITION_cdc_2": 0.16097771852427928, "MOBILITY_cdc_2": 0.12216339175842707, "SELFCARE_cdc_2": 0.043271626516621274, "INDEPLIVE_cdc_2": 0.08371510275726063, "BINGE_cdc_2": 0.16227949457391486, "CSMOKING_cdc_2": 0.1287210356090085, "LPA_cdc_2": 0.23236956416726665, "SLEEP_cdc_2": 0.33407390498957623, "heating_utility_gas": 0.6692903546304707, "heating_electricity": 0.2375783434802701, "industry_agriculture,_forestry,_fishing_and_hunting": 0.011738530581936543, "industry_mining,_quarrying,_and_oil_and_gas_extraction": 0.0006798649192185905, "industry_accommodation_and_food_services": 0.09686364408679521, "industry_arts,_entertainment,_and_recreation": 0.02966506055908377, "industry_construction": 0.08017603891372037, "industry_educational_services": 0.0641940574318641, "industry_health_care_and_social_assistance": 0.1160290761903424, "industry_finance_and_insurance": 0.036210947375116605, "industry_real_estate_and_rental_and_leasing": 0.019612567252923034, "industry_information": 0.013057878057268232, "industry_manufacturing": 0.13273327937761595, "industry_other_services,_except_public_administration": 0.058547373218674946, "industry_administrative_and_support_and_waste_management_services": 0.07265970092130156, "industry_management_of_companies_and_enterprises": 0.0010676068125986718, "industry_professional,_scientific,_and_technical_services": 0.05513117095718729, "industry_public_administration": 0.027837037622601285, "industry_retail_trade": 0.10815050659965104, "industry_transportation_and_warehousing": 0.04360762633749232, "industry_utilities": 0.0035571165669201093, "industry_wholesale_trade": 0.028480916217687696, "occupation_architecture_and_engineering_occupations": 0.018678355021457496, "occupation_computer_and_mathematical_occupations": 0.021682337562554495, "occupation_life,_physical,_and_social_science_occupations": 0.005688615934015736, "occupation_arts,_design,_entertainment,_sports,_and_media_occupations": 0.017809193231183233, "occupation_community_and_social_service_occupations": 0.01491822737592574, "occupation_educational_instruction,_and_library_occupations": 0.03988185591806376, "occupation_legal_occupations": 0.00565282332069418, "occupation_health_diagnosing_and_treating_practitioners_and_other_technical_occupations": 0.02113110503978563, "occupation_health_technologists_and_technicians": 0.01802530423810299, "occupation_business_and_financial_operations_occupations": 0.04349629183331797, "occupation_management_occupations": 0.06795839717064213, "occupation_construction_and_extraction_occupations": 0.0671019963338268, "occupation_farming,_fishing,_and_forestry_occupations": 0.008468013004557289, "occupation_installation,_maintenance,_and_repair_occupations": 0.02960098730369137, "occupation_material_moving_occupations": 0.04574543133139196, "occupation_transportation_occupations": 0.036704734250696314, "occupation_office_and_administrative_support_occupations": 0.12357534424933005, "occupation_sales_and_related_occupations": 0.09569027622686457, "occupation_building_and_grounds_cleaning_and_maintenance_occupations": 0.07122292029634257, "occupation_food_preparation_and_serving_related_occupations": 0.07280574574243778, "occupation_healthcare_support_occupations": 0.03632484104276904, "occupation_personal_care_and_service_occupations": 0.03346364109764728, "occupation_firefighting_and_prevention,_and_other_protective_service_workers_including_supervisors": 0.011185517031027567, "occupation_law_enforcement_workers_including_supervisors": 0.0040540410700780445, "sors_cohabiting_partnered_gay": 0.005186537378414006, "2020 Presidential Election-margin": 0.30396377702234684, "2016 Presidential Election-margin": 0.39567034067272205, "2016-2020 Swing-margin": -0.09170656365037522, "park_percent_1km_v2": 0.019545035918237568, "mean_dist_Hospital_updated": 2.0299400172628546, "mean_dist_Active Superfund Site_updated": 12.098058784092187, "mean_dist_Airport_updated": 13.009115173189622, "mean_dist_Public School_updated": 0.5010639042273238, "lapop1share_usda_fra_1": 0.9753954839772314, "mean_high_temp_4": 72.4226781666319, "mean_high_temp_winter_4": 65.10411942065411, "mean_high_temp_spring_4": 71.07531388772524, "mean_high_temp_summer_4": 80.97150003147607, "mean_high_temp_fall_4": 72.21231894355392, "mean_high_heat_index_4": 72.23162592002704, "days_above_90_4": 0.029041841147000837, "days_below_40_4": 0.0, "wind_speed_over_10mph_4": 0.008264195116163303, "snowfall_4": 0.0, "rainfall_4": 0.34921189269136527, "hours_sunny_4": 7.940183678431851, "internet_no_access": 0.08977471638289553, "insurance_coverage_none": 0.16653790192012582, "insurance_coverage_govt": 0.24831056744872815, "insurance_coverage_private": 0.585151530631146, "marriage_divorced": 0.07999334325812144}