{"population": 310639.0, "ad_1": 1286.003858372583, "population_change_2010": 0.11407626842065624, "ad_1_change_2010": 0.015030699384002432, "population_change_2000": 0.28030977463441975, "ad_1_change_2000": 0.0271978902321751, "gpw_population": NaN, "gpw_pw_density_4": NaN, "white": 0.4989521599026523, "hispanic": 0.35143687688925085, "black": 0.08261358039396212, "asian": 0.030549930948786212, "homogeneity_250_2020": 0.49644871580739475, "homogeneity_250_diff_2010": -0.07109393233327993, "homogeneity_250_diff_2000": -0.13548786054771395, "citizenship_citizen_by_birth": 0.9371054507745158, "citizenship_citizen_by_naturalization": 0.023990537299889786, "citizenship_not_citizen": 0.0389040119255945, "birthplace_non_us": 0.06289454922548478, "birthplace_us_not_state": 0.19571261909391463, "birthplace_us_state": 0.7413928316806006, "language_english_only": 0.7952674611973398, "language_spanish": 0.17224570399113026, "education_high_school": 0.8845357391856317, "education_ugrad": 0.30590849020281197, "education_grad": 0.11569839436414549, "education_field_stem": 0.12577133997231998, "education_field_humanities": 0.11743618560026609, "education_field_business": 0.06270096463022493, "generation_silent": 0.050220364249141156, "generation_boomer": 0.1769524920604059, "generation_genx": 0.1561799209281222, "generation_millenial": 0.20961825134487036, "generation_genz": 0.2774969213818136, "generation_genalpha": 0.12953205003564697, "poverty_below_line": 0.1769362307793492, "household_income_under_50k": 0.4497995012804956, "household_income_over_100k": 0.25594756705755567, "individual_income_under_50k": 0.7140969658351913, "individual_income_over_100k": 0.085308945070185, "housing_per_pop": 0.5564405452509451, "vacancy": 0.096370046452511, "rent_or_own_rent": 0.44490497371613685, "rent_burden_under_20": 0.23110488715700614, "rent_burden_over_40": 0.3914190615359636, "rent_1br_under_750": 0.3905070118662342, "rent_1br_over_1500": 0.02535059331175844, "rent_2br_under_750": 0.1684264891541376, "rent_2br_over_1500": 0.05348330081487448, "year_built_1969_or_earlier": 0.3044345931782528, "year_built_2010_or_later": 0.13055466691040973, "transportation_means_car": 0.910272020552069, "transportation_means_bike": 0.0033049225952339624, "transportation_means_walk": 0.021796432824437755, "transportation_means_transit": 0.00654294392335793, "transportation_means_worked_at_home": 0.05016926020578847, "transportation_commute_time_under_15": 0.471843634442684, "transportation_commute_time_over_60": 0.031921112871984396, "vehicle_ownership_at_least_1": 0.9424619220919259, "traffic_fatalities_last_decade_per_capita": 0.00014196543254388537, "traffic_fatalities_ped_last_decade_per_capita": 3.541087886582174e-05, "GHLTH_cdc_2": 0.19119253539619666, "ARTHRITIS_cdc_2": 0.2270775658983083, "CASTHMA_cdc_2": 0.10403189094132279, "BPHIGH_cdc_2": 0.2991157089430195, "CANCER_cdc_2": 0.053303959349478, "KIDNEY_cdc_2": 0.02826666951068626, "COPD_cdc_2": 0.06548308519261137, "CHD_cdc_2": 0.0530709440723519, "DIABETES_cdc_2": 0.11156974247401286, "OBESITY_cdc_2": 0.3836224943001101, "STROKE_cdc_2": 0.028200953694618537, "DISABILITY_cdc_2": 0.33374105674293275, "HEARING_cdc_2": 0.06498362792637796, "VISION_cdc_2": 0.061540695552427124, "COGNITION_cdc_2": 0.16475886030649078, "MOBILITY_cdc_2": 0.14165243234788089, "SELFCARE_cdc_2": 0.04331327351411824, "INDEPLIVE_cdc_2": 0.091906171048827, "BINGE_cdc_2": 0.19169035261104717, "CSMOKING_cdc_2": 0.16337105925515102, "LPA_cdc_2": 0.2721744474306667, "SLEEP_cdc_2": 0.328131910375459, "heating_utility_gas": 0.45879667071033897, "heating_electricity": 0.5157029249224957, "industry_agriculture,_forestry,_fishing_and_hunting": 0.011765403780748276, "industry_mining,_quarrying,_and_oil_and_gas_extraction": 0.01471169817290205, "industry_accommodation_and_food_services": 0.09573149832581912, "industry_arts,_entertainment,_and_recreation": 0.010697619235940826, "industry_construction": 0.0665058398586832, "industry_educational_services": 0.15016214506050815, "industry_health_care_and_social_assistance": 0.14635239526483754, "industry_finance_and_insurance": 0.0463102111840545, "industry_real_estate_and_rental_and_leasing": 0.020854754936855652, "industry_information": 0.019055340240976566, "industry_manufacturing": 0.053158533048590736, "industry_other_services,_except_public_administration": 0.05426586516913191, "industry_administrative_and_support_and_waste_management_services": 0.02873131377046579, "industry_management_of_companies_and_enterprises": 0.0015159904031216232, "industry_professional,_scientific,_and_technical_services": 0.046237707295209325, "industry_public_administration": 0.04157768462126587, "industry_retail_trade": 0.11805610482744028, "industry_transportation_and_warehousing": 0.03596192886709388, "industry_utilities": 0.00622874317804318, "industry_wholesale_trade": 0.032119222758311604, "occupation_architecture_and_engineering_occupations": 0.011020591104431978, "occupation_computer_and_mathematical_occupations": 0.01937172084684541, "occupation_life,_physical,_and_social_science_occupations": 0.00841045110601386, "occupation_arts,_design,_entertainment,_sports,_and_media_occupations": 0.013874607819873963, "occupation_community_and_social_service_occupations": 0.02085475493685575, "occupation_educational_instruction,_and_library_occupations": 0.09082100767223002, "occupation_legal_occupations": 0.008707057924015923, "occupation_health_diagnosing_and_treating_practitioners_and_other_technical_occupations": 0.04308708376176537, "occupation_health_technologists_and_technicians": 0.026365050489071718, "occupation_business_and_financial_operations_occupations": 0.0430277623981652, "occupation_management_occupations": 0.10225684832186442, "occupation_construction_and_extraction_occupations": 0.05085818239341925, "occupation_farming,_fishing,_and_forestry_occupations": 0.002570592422684494, "occupation_installation,_maintenance,_and_repair_occupations": 0.033549526747343586, "occupation_material_moving_occupations": 0.03830182709799893, "occupation_transportation_occupations": 0.03395818502992429, "occupation_office_and_administrative_support_occupations": 0.11504389780906399, "occupation_sales_and_related_occupations": 0.11057502175116689, "occupation_building_and_grounds_cleaning_and_maintenance_occupations": 0.03328587624245294, "occupation_food_preparation_and_serving_related_occupations": 0.06819979435260616, "occupation_healthcare_support_occupations": 0.034689815180996064, "occupation_personal_care_and_service_occupations": 0.025442273721954164, "occupation_firefighting_and_prevention,_and_other_protective_service_workers_including_supervisors": 0.010625115347095863, "occupation_law_enforcement_workers_including_supervisors": 0.013334124284848044, "sors_cohabiting_partnered_gay": 0.007511828375137703, "2020 Presidential Election-margin": -0.32182241480733004, "2016 Presidential Election-margin": -0.3800309050326744, "2016-2020 Swing-margin": 0.058208490225344356, "park_percent_1km_v2": 0.02578455187988481, "mean_dist_Hospital_updated": 5.332565936579976, "mean_dist_Active Superfund Site_updated": 48.033761994160834, "mean_dist_Airport_updated": 15.754197687570064, "mean_dist_Public School_updated": 1.2209998710093697, "lapop1share_usda_fra_1": 0.696686369915666, "mean_high_temp_4": 75.1237812279003, "mean_high_temp_winter_4": 59.78604764707442, "mean_high_temp_spring_4": 81.79639753808868, "mean_high_temp_summer_4": 89.8900077682477, "mean_high_temp_fall_4": 68.18500645113322, "mean_high_heat_index_4": 74.19505416373528, "days_above_90_4": 0.2020983268930938, "days_below_40_4": 0.022816738920330773, "wind_speed_over_10mph_4": 0.45874854763395434, "snowfall_4": 0.02589576606910448, "rainfall_4": 0.4070208983952703, "hours_sunny_4": 7.632005259445449, "internet_no_access": 0.11151267017118154, "insurance_coverage_none": 0.17248073834644587, "insurance_coverage_govt": 0.10462279685308261,