{"population": 310639.0, "ad_1": 1286.003858372583, "population_change_2010": 0.11407626842065624, "ad_1_change_2010": 0.015030699384003343, "gpw_population": NaN, "gpw_pw_density_4": NaN, "white": 0.4989521599026523, "hispanic": 0.35143687688925085, "black": 0.08261358039396212, "asian": 0.030549930948786212, "citizenship_citizen_by_birth": 0.9371054507745156, "citizenship_citizen_by_naturalization": 0.023990537299889817, "citizenship_not_citizen": 0.03890401192559466, "birthplace_non_us": 0.06289454922548447, "birthplace_us_not_state": 0.19571261909391405, "birthplace_us_state": 0.7413928316806014, "language_english_only": 0.7952674611973393, "language_spanish": 0.17224570399113082, "education_high_school": 0.8845357391856314, "education_ugrad": 0.3059084902028117, "education_grad": 0.11569839436414531, "education_field_stem": 0.1257713399723202, "education_field_humanities": 0.11743618560026639, "education_field_business": 0.06270096463022508, "generation_silent": 0.050220364249141225, "generation_boomer": 0.17695249206040572, "generation_genx": 0.15617992092812236, "generation_millenial": 0.20961825134487005, "generation_genz": 0.2774969213818135, "generation_genalpha": 0.12953205003564716, "poverty_below_line": 0.1769362307793491, "household_income_under_50k": 0.449799501280496, "household_income_over_100k": 0.25594756705755495, "individual_income_under_50k": 0.7140969658351918, "individual_income_over_100k": 0.08530894507018498, "housing_per_pop": 0.5564405452509451, "vacancy": 0.096370046452511, "rent_or_own_rent": 0.44490497371613424, "rent_burden_under_20": 0.231104887157006, "rent_burden_over_40": 0.3914190615359636, "rent_1br_under_750": 0.39050701186623515, "rent_1br_over_1500": 0.02535059331175836, "rent_2br_under_750": 0.1684264891541375, "rent_2br_over_1500": 0.053483300814874325, "year_built_1969_or_earlier": 0.30443459317825206, "year_built_2010_or_later": 0.13055466691040934, "transportation_means_car": 0.9102720205520692, "transportation_means_bike": 0.0033049225952339538, "transportation_means_walk": 0.021796432824437696, "transportation_means_transit": 0.006542943923357908, "transportation_means_worked_at_home": 0.050169260205788296, "transportation_commute_time_under_15": 0.47184363444268357, "transportation_commute_time_over_60": 0.03192111287198451, "vehicle_ownership_at_least_1": 0.9424619220919261, "GHLTH_cdc_2": 0.19119253539619563, "ARTHRITIS_cdc_2": 0.22707756589830733, "CASTHMA_cdc_2": 0.10403189094132313, "BPHIGH_cdc_2": 0.2991157089430201, "CANCER_cdc_2": 0.05330395934947789, "KIDNEY_cdc_2": 0.028266669510686408, "COPD_cdc_2": 0.06548308519261124, "CHD_cdc_2": 0.05307094407235186, "DIABETES_cdc_2": 0.11156974247401277, "OBESITY_cdc_2": 0.3836224943001104, "STROKE_cdc_2": 0.02820095369461864, "DISABILITY_cdc_2": 0.33374105674293375, "HEARING_cdc_2": 0.06498362792637781, "VISION_cdc_2": 0.06154069555242713, "COGNITION_cdc_2": 0.16475886030649053, "MOBILITY_cdc_2": 0.1416524323478805, "SELFCARE_cdc_2": 0.043313273514118185, "INDEPLIVE_cdc_2": 0.09190617104882708, "BINGE_cdc_2": 0.19169035261104714, "CSMOKING_cdc_2": 0.16337105925515122, "LPA_cdc_2": 0.27217444743066516, "SLEEP_cdc_2": 0.32813191037545797, "heating_utility_gas": 0.4587966707103383, "heating_electricity": 0.5157029249224963, "industry_agriculture,_forestry,_fishing_and_hunting": 0.01176540378074824, "industry_mining,_quarrying,_and_oil_and_gas_extraction": 0.014711698172902, "industry_accommodation_and_food_services": 0.0957314983258193, "industry_arts,_entertainment,_and_recreation": 0.010697619235940837, "industry_construction": 0.06650583985868333, "industry_educational_services": 0.1501621450605078, "industry_health_care_and_social_assistance": 0.14635239526483693, "industry_finance_and_insurance": 0.046310211184054415, "industry_real_estate_and_rental_and_leasing": 0.020854754936855704, "industry_information": 0.019055340240976562, "industry_manufacturing": 0.053158533048590785, "industry_other_services,_except_public_administration": 0.0542658651691318, "industry_administrative_and_support_and_waste_management_services": 0.02873131377046587, "industry_management_of_companies_and_enterprises": 0.001515990403121622, "industry_professional,_scientific,_and_technical_services": 0.04623770729520947, "industry_public_administration": 0.04157768462126605, "industry_retail_trade": 0.11805610482744075, "industry_transportation_and_warehousing": 0.03596192886709378, "industry_utilities": 0.006228743178043186, "industry_wholesale_trade": 0.03211922275831158, "occupation_architecture_and_engineering_occupations": 0.011020591104431965, "occupation_computer_and_mathematical_occupations": 0.019371720846845422, "occupation_life,_physical,_and_social_science_occupations": 0.008410451106013867, "occupation_arts,_design,_entertainment,_sports,_and_media_occupations": 0.013874607819873975, "occupation_community_and_social_service_occupations": 0.020854754936855704, "occupation_educational_instruction,_and_library_occupations": 0.0908210076722297, "occupation_legal_occupations": 0.008707057924015925, "occupation_health_diagnosing_and_treating_practitioners_and_other_technical_occupations": 0.043087083761765406, "occupation_health_technologists_and_technicians": 0.026365050489071687, "occupation_business_and_financial_operations_occupations": 0.04302776239816499, "occupation_management_occupations": 0.10225684832186453, "occupation_construction_and_extraction_occupations": 0.050858182393419285, "occupation_farming,_fishing,_and_forestry_occupations": 0.0025705924226844894, "occupation_installation,_maintenance,_and_repair_occupations": 0.03354952674734372, "occupation_material_moving_occupations": 0.03830182709799889, "occupation_transportation_occupations": 0.033958185029924336, "occupation_office_and_administrative_support_occupations": 0.11504389780906431, "occupation_sales_and_related_occupations": 0.11057502175116665, "occupation_building_and_grounds_cleaning_and_maintenance_occupations": 0.033285876242453, "occupation_food_preparation_and_serving_related_occupations": 0.06819979435260619, "occupation_healthcare_support_occupations": 0.03468981518099607, "occupation_personal_care_and_service_occupations": 0.02544227372195418, "occupation_firefighting_and_prevention,_and_other_protective_service_workers_including_supervisors": 0.01062511534709589, "occupation_law_enforcement_workers_including_supervisors": 0.013334124284848006, "2020 Presidential Election-margin": -0.32182241480732743, "2016 Presidential Election-margin": -0.38003090503267245, "2016-2020 Swing-margin": 0.05820849022534502, "park_percent_1km_v2": 0.02578455187988481, "mean_dist_Hospital_updated": 5.332565936579976, "mean_dist_Active Superfund Site_updated": 48.033761994160834, "mean_dist_Airport_updated": 15.754197687570064, "mean_dist_Public School_updated": 1.2209998710093697, "mean_high_temp_4": 75.1237812279003, "mean_high_temp_winter_4": 59.78604764707442, "mean_high_temp_spring_4": 81.79639753808868, "mean_high_temp_summer_4": 89.8900077682477, "mean_high_temp_fall_4": 68.18500645113322, "mean_high_heat_index_4": 74.19505416373528, "days_above_90_4": 0.2020983268930938, "days_below_40_4": 0.022816738920330773, "wind_speed_over_10mph_4": 0.45874854763395434, "snowfall_4": 0.02589576606910448, "rainfall_4": 0.4070208983952703, "hours_sunny_4": 7.632005259445449, "internet_no_access": 0.1115126701711821, "insurance_coverage_none": 0.17248073834644548, "insurance_coverage_govt": 0.10462279685308289, "insurance_coverage_private": 0.7228964648004716, "marriage_divorced": 0.11003749989875837}