{"population": 285700.0, "ad_1": 1826.7847953256621, "population_change_2010": 0.09863065321802261, "ad_1_change_2010": 0.03499760201535887, "gpw_population": NaN, "gpw_pw_density_4": NaN, "white": 0.46294364718235914, "hispanic": 0.16039901995099756, "black": 0.08785789289464473, "asian": 0.2407140357017851, "citizenship_citizen_by_birth": 0.7138937630043054, "citizenship_citizen_by_naturalization": 0.1269919120063532, "citizenship_not_citizen": 0.1591143249893412, "birthplace_non_us": 0.2861062369956945, "birthplace_us_not_state": 0.3286042562455697, "birthplace_us_state": 0.3852895067587358, "language_english_only": 0.6310161093914715, "language_spanish": 0.12043091656084325, "education_high_school": 0.9338444990974346, "education_ugrad": 0.5716656888595362, "education_grad": 0.22713529191356388, "education_field_stem": 0.29514841415204945, "education_field_humanities": 0.1301529312194453, "education_field_business": 0.1463643434880414, "generation_silent": 0.047883443758503084, "generation_boomer": 0.21896731822650856, "generation_genx": 0.21692057464930942, "generation_millenial": 0.2091407072441615, "generation_genz": 0.1910796289483871, "generation_genalpha": 0.11600832717313057, "poverty_below_line": 0.06650204115010386, "household_income_under_50k": 0.21642775995350155, "household_income_over_100k": 0.49796529662223266, "individual_income_under_50k": 0.49872707211809847, "individual_income_over_100k": 0.2334947946642541, "housing_per_pop": 0.5206249576663431, "vacancy": 0.050288390650071554, "rent_or_own_rent": 0.42423813633718066, "rent_burden_under_20": 0.31181942381679656, "rent_burden_over_40": 0.25100803025165275, "rent_1br_under_750": 0.036851634605472416, "rent_1br_over_1500": 0.22901872272468968, "rent_2br_under_750": 0.015462501582971033, "rent_2br_over_1500": 0.6371687291932349, "year_built_1969_or_earlier": 0.047107998332680485, "year_built_2010_or_later": 0.09515135760869052, "transportation_means_car": 0.7821368683686043, "transportation_means_bike": 0.0030212161221651605, "transportation_means_walk": 0.015799969191972112, "transportation_means_transit": 0.008487157135140441, "transportation_means_worked_at_home": 0.1795127632594467, "transportation_commute_time_under_15": 0.206760644318644, "transportation_commute_time_over_60": 0.07036621180575779, "vehicle_ownership_at_least_1": 0.9662877688091669, "GHLTH_cdc_2": 0.12138183223450444, "ARTHRITIS_cdc_2": 0.1944249485167107, "CASTHMA_cdc_2": 0.08675524558955498, "BPHIGH_cdc_2": 0.2959634715039345, "CANCER_cdc_2": 0.05487694845446387, "KIDNEY_cdc_2": 0.02290822747054948, "COPD_cdc_2": 0.044771476442180505, "CHD_cdc_2": 0.039439203033493964, "DIABETES_cdc_2": 0.08235662228124141, "OBESITY_cdc_2": 0.27384556569371465, "STROKE_cdc_2": 0.021106260471726986, "DISABILITY_cdc_2": 0.21369753762040863, "HEARING_cdc_2": 0.04769668691416685, "VISION_cdc_2": 0.03381127289515046, "COGNITION_cdc_2": 0.09940793439187472, "MOBILITY_cdc_2": 0.08709626986061905, "SELFCARE_cdc_2": 0.025192114368117195, "INDEPLIVE_cdc_2": 0.053737852796696774, "BINGE_cdc_2": 0.17523296382942305, "CSMOKING_cdc_2": 0.10980103848408297, "LPA_cdc_2": 0.18805034209802834, "SLEEP_cdc_2": 0.3318290651049637, "heating_utility_gas": 0.4800072330881241, "heating_electricity": 0.5036705237062766, "industry_agriculture,_forestry,_fishing_and_hunting": 0.0009049446940295855, "industry_mining,_quarrying,_and_oil_and_gas_extraction": 0.0030342656934516854, "industry_accommodation_and_food_services": 0.0662727737656199, "industry_arts,_entertainment,_and_recreation": 0.017297802502544236, "industry_construction": 0.045665691196632774, "industry_educational_services": 0.07849817564158212, "industry_health_care_and_social_assistance": 0.1004277030712737, "industry_finance_and_insurance": 0.09834617940734729, "industry_real_estate_and_rental_and_leasing": 0.027584854967077663, "industry_information": 0.03398236478905566, "industry_manufacturing": 0.07323619096808436, "industry_other_services,_except_public_administration": 0.047435458665261346, "industry_administrative_and_support_and_waste_management_services": 0.04676923092150853, "industry_management_of_companies_and_enterprises": 0.004372330213693559, "industry_professional,_scientific,_and_technical_services": 0.1617685547397349, "industry_public_administration": 0.018485757634303483, "industry_retail_trade": 0.10635442000555495, "industry_transportation_and_warehousing": 0.036085803737922695, "industry_utilities": 0.004998707324814255, "industry_wholesale_trade": 0.02847879006050745, "occupation_architecture_and_engineering_occupations": 0.030703566068223224, "occupation_computer_and_mathematical_occupations": 0.10981032565020801, "occupation_life,_physical,_and_social_science_occupations": 0.008067102618146438, "occupation_arts,_design,_entertainment,_sports,_and_media_occupations": 0.02207710609732162, "occupation_community_and_social_service_occupations": 0.010549730572292722, "occupation_educational_instruction,_and_library_occupations": 0.06075111297607403, "occupation_legal_occupations": 0.012862490646762438, "occupation_health_diagnosing_and_treating_practitioners_and_other_technical_occupations": 0.04135246928171827, "occupation_health_technologists_and_technicians": 0.016551842527777225, "occupation_business_and_financial_operations_occupations": 0.09890290570070481, "occupation_management_occupations": 0.15939741810448496, "occupation_construction_and_extraction_occupations": 0.025694199838293946, "occupation_farming,_fishing,_and_forestry_occupations": 0.0006853625256253477, "occupation_installation,_maintenance,_and_repair_occupations": 0.018531224777328163, "occupation_material_moving_occupations": 0.016356284914895183, "occupation_transportation_occupations": 0.017789723665566724, "occupation_office_and_administrative_support_occupations": 0.09656517463166428, "occupation_sales_and_related_occupations": 0.11411438289581796, "occupation_building_and_grounds_cleaning_and_maintenance_occupations": 0.027634698763554955, "occupation_food_preparation_and_serving_related_occupations": 0.04031592261147399, "occupation_healthcare_support_occupations": 0.01379360912248788, "occupation_personal_care_and_service_occupations": 0.02391521333638146, "occupation_firefighting_and_prevention,_and_other_protective_service_workers_including_supervisors": 0.008004392960137207, "occupation_law_enforcement_workers_including_supervisors": 0.002890726036774002, "2020 Presidential Election-margin": 0.08782409068924622, "2016 Presidential Election-margin": -0.046883723461301485, "2016-2020 Swing-margin": 0.13470781415054772, "park_percent_1km_v2": 0.04717907505879016, "mean_dist_Hospital_updated": 2.8418560867170255, "mean_dist_Active Superfund Site_updated": 33.35750112702401, "mean_dist_Airport_updated": 25.50639366180911, "mean_dist_Public School_updated": 0.7776230082103948, "mean_high_temp_4": 76.21098588393637, "mean_high_temp_winter_4": 60.30203686643547, "mean_high_temp_spring_4": 80.48875125267458, "mean_high_temp_summer_4": 92.64282200515588, "mean_high_temp_fall_4": 70.56931516600415, "mean_high_heat_index_4": 78.57839459475001, "days_above_90_4": 0.22519949630074526, "days_below_40_4": 0.015149216105204531, "wind_speed_over_10mph_4": 0.31753792590649016, "snowfall_4": 0.00859034915292098, "rainfall_4": 1.025992913535186, "hours_sunny_4": 6.379792833496409, "internet_no_access": 0.029831114812093336, "insurance_coverage_none": 0.1453233043950774, "insurance_coverage_govt": 0.04109035533561284, "insurance_coverage_private": 0.8135863402693098, "marriage_divorced": 0.09824556299503051}