{"population": 856553.0, "ad_1": 1377.9157199438882, "population_change_2010": 0.07087597610587826, "ad_1_change_2010": 0.05142919724007198, "gpw_population": NaN, "gpw_pw_density_4": NaN, "white": 0.721781372547875, "hispanic": 0.0636411290369656, "black": 0.09282554611331698, "asian": 0.07910894013563667, "citizenship_citizen_by_birth": 0.8897284020261138, "citizenship_citizen_by_naturalization": 0.0649954753258353, "citizenship_not_citizen": 0.045276122648050865, "birthplace_non_us": 0.11027159797388617, "birthplace_us_not_state": 0.19738744138490286, "birthplace_us_state": 0.692340960641211, "language_english_only": 0.8614845519103759, "language_spanish": 0.0363790616991967, "education_high_school": 0.9476809002429113, "education_ugrad": 0.49692519444344546, "education_grad": 0.2163234414283052, "education_field_stem": 0.22328711589450523, "education_field_humanities": 0.16360875265224456, "education_field_business": 0.11002932589669569, "generation_silent": 0.07589817720269365, "generation_boomer": 0.24262360587149925, "generation_genx": 0.19778702299944764, "generation_millenial": 0.18769288627202105, "generation_genz": 0.18154285512815993, "generation_genalpha": 0.11445545252617847, "poverty_below_line": 0.05934221977921304, "household_income_under_50k": 0.23535994374206962, "household_income_over_100k": 0.4970877348539281, "individual_income_under_50k": 0.5206674142012402, "individual_income_over_100k": 0.20451300039293485, "housing_per_pop": 0.5146152065801811, "vacancy": 0.051645750627769466, "rent_or_own_rent": 0.28028985064130985, "rent_burden_under_20": 0.2872080703855544, "rent_burden_over_40": 0.30500023031922247, "rent_1br_under_750": 0.11810683163706512, "rent_1br_over_1500": 0.24798776026075967, "rent_2br_under_750": 0.03854432741153173, "rent_2br_over_1500": 0.46244582843038773, "year_built_1969_or_earlier": 0.5082579618943678, "year_built_2010_or_later": 0.051730543719304765, "transportation_means_car": 0.7849094867976116, "transportation_means_bike": 0.001991788399643289, "transportation_means_walk": 0.020499576744965074, "transportation_means_transit": 0.03919296355479908, "transportation_means_worked_at_home": 0.146869497118697, "transportation_commute_time_under_15": 0.23250514027989652, "transportation_commute_time_over_60": 0.09737215626450886, "vehicle_ownership_at_least_1": 0.9452677602311468, "GHLTH_cdc_2": 0.1259441919777793, "ARTHRITIS_cdc_2": 0.22467117591419342, "CASTHMA_cdc_2": 0.098889892806674, "BPHIGH_cdc_2": 0.2981378700538481, "CANCER_cdc_2": 0.07357301622582796, "KIDNEY_cdc_2": 0.02708887619795478, "COPD_cdc_2": 0.05204440402814575, "CHD_cdc_2": 0.05222803932098455, "DIABETES_cdc_2": 0.083745701802347, "OBESITY_cdc_2": 0.30945929427950736, "STROKE_cdc_2": 0.02642650840494968, "DISABILITY_cdc_2": 0.2403978175198706, "HEARING_cdc_2": 0.059950749801659084, "VISION_cdc_2": 0.034670822226512625, "COGNITION_cdc_2": 0.10623936219403177, "MOBILITY_cdc_2": 0.10619716303541907, "SELFCARE_cdc_2": 0.026626083979732727, "INDEPLIVE_cdc_2": 0.05869269407800273, "BINGE_cdc_2": 0.17124025452533653, "CSMOKING_cdc_2": 0.12925042385736976, "LPA_cdc_2": 0.20728574070799188, "SLEEP_cdc_2": 0.32653487149618005, "heating_utility_gas": 0.5193921697521899, "heating_electricity": 0.26435418036170183, "industry_agriculture,_forestry,_fishing_and_hunting": 0.0020329271927366226, "industry_mining,_quarrying,_and_oil_and_gas_extraction": 0.0005516038772414468, "industry_accommodation_and_food_services": 0.04752467760087901, "industry_arts,_entertainment,_and_recreation": 0.02066957593227728, "industry_construction": 0.054773375326402696, "industry_educational_services": 0.10532520162456238, "industry_health_care_and_social_assistance": 0.14962032749256002, "industry_finance_and_insurance": 0.07745141215040992, "industry_real_estate_and_rental_and_leasing": 0.02153256909505825, "industry_information": 0.021081054631025938, "industry_manufacturing": 0.11652187064889079, "industry_other_services,_except_public_administration": 0.04543836938776418, "industry_administrative_and_support_and_waste_management_services": 0.03584535518396434, "industry_management_of_companies_and_enterprises": 0.00271353520255873, "industry_professional,_scientific,_and_technical_services": 0.11441332034395171, "industry_public_administration": 0.028220766106610794, "industry_retail_trade": 0.09645505540505074, "industry_transportation_and_warehousing": 0.026986330010364816, "industry_utilities": 0.007228679842881863, "industry_wholesale_trade": 0.025613992944808473, "occupation_architecture_and_engineering_occupations": 0.022664691568912675, "occupation_computer_and_mathematical_occupations": 0.050734211451118554, "occupation_life,_physical,_and_social_science_occupations": 0.022678036824007226, "occupation_arts,_design,_entertainment,_sports,_and_media_occupations": 0.022070827717205147, "occupation_community_and_social_service_occupations": 0.01850542039777757, "occupation_educational_instruction,_and_library_occupations": 0.0740328026370224, "occupation_legal_occupations": 0.017637978816631747, "occupation_health_diagnosing_and_treating_practitioners_and_other_technical_occupations": 0.06081877588423436, "occupation_health_technologists_and_technicians": 0.01709972019448485, "occupation_business_and_financial_operations_occupations": 0.08583000814060561, "occupation_management_occupations": 0.1337416981392266, "occupation_construction_and_extraction_occupations": 0.034751044266211145, "occupation_farming,_fishing,_and_forestry_occupations": 0.0008340784434094458, "occupation_installation,_maintenance,_and_repair_occupations": 0.022480082206771383, "occupation_material_moving_occupations": 0.02341425006338996, "occupation_transportation_occupations": 0.02370562146628766, "occupation_office_and_administrative_support_occupations": 0.10231139818237625, "occupation_sales_and_related_occupations": 0.10028736782636934, "occupation_building_and_grounds_cleaning_and_maintenance_occupations": 0.024079288608935094, "occupation_food_preparation_and_serving_related_occupations": 0.04212429770595065, "occupation_healthcare_support_occupations": 0.020484966570135987, "occupation_personal_care_and_service_occupations": 0.02542715937348476, "occupation_firefighting_and_prevention,_and_other_protective_service_workers_including_supervisors": 0.006614798108532511, "occupation_law_enforcement_workers_including_supervisors": 0.0072954061183546194, "2020 Presidential Election-margin": 0.2627642078811033, "2016 Presidential Election-margin": 0.21475452451994193, "2016-2020 Swing-margin": 0.04800968336116135, "park_percent_1km_v2": 0.03559785442277851, "mean_dist_Hospital_updated": 4.0425785534845255, "mean_dist_Active Superfund Site_updated": 4.480459528698285, "mean_dist_Airport_updated": 25.06073413005055, "mean_dist_Public School_updated": 1.1690631144070884, "mean_high_temp_4": 63.73416497075046, "mean_high_temp_winter_4": 43.47744695513479, "mean_high_temp_spring_4": 69.28058124753355, "mean_high_temp_summer_4": 83.30869914053126, "mean_high_temp_fall_4": 57.87043285187725, "mean_high_heat_index_4": 63.47777746561307, "days_above_90_4": 0.04740885132750392, "days_below_40_4": 0.12133962404505312, "wind_speed_over_10mph_4": 0.12419177556312355, "snowfall_4": 0.09284083484997871, "rainfall_4": 1.0594474352201462, "hours_sunny_4": 4.778883774100094, "internet_no_access": 0.0605598275572134, "insurance_coverage_none": 0.04835847382431233, "insurance_coverage_govt": 0.09830990117186304, "insurance_coverage_private": 0.8533316250038246, "marriage_divorced": 0.08456406723851609}