{"population": 401574.0, "ad_1": 807.3200314421989, "population_change_2010": -0.007042149042336965, "ad_1_change_2010": -0.018608174957944642, "population_change_2000": -0.013171669115876285, "ad_1_change_2000": -0.11297177536224996, "gpw_population": NaN, "gpw_pw_density_4": NaN, "white": 0.8360576132916971, "hispanic": 0.026931524451284196, "black": 0.07182984954205203, "asian": 0.008035878816855673, "homogeneity_250_2020": 0.750660537991059, "homogeneity_250_diff_2010": -0.07893416241589701, "homogeneity_250_diff_2000": -0.11325300672726457, "citizenship_citizen_by_birth": 0.9798021803983287, "citizenship_citizen_by_naturalization": 0.011639083814352287, "citizenship_not_citizen": 0.00855873578731901, "birthplace_non_us": 0.02019781960167146, "birthplace_us_not_state": 0.14504529630607244, "birthplace_us_state": 0.8347568840922561, "language_english_only": 0.9664997100226709, "language_spanish": 0.011306479675225398, "education_high_school": 0.9238931551899923, "education_ugrad": 0.22146508250915636, "education_grad": 0.07808418096745269, "education_field_stem": 0.0868483115402968, "education_field_humanities": 0.08373812654264808, "education_field_business": 0.05087864442621174, "generation_silent": 0.08061696606885847, "generation_boomer": 0.25994451887304487, "generation_genx": 0.18380488971009387, "generation_millenial": 0.17620487178082542, "generation_genz": 0.1848432932082929, "generation_genalpha": 0.11458546035888433, "poverty_below_line": 0.13343797054845077, "household_income_under_50k": 0.43491063562748333, "household_income_over_100k": 0.24190531358990078, "individual_income_under_50k": 0.7157450618170639, "individual_income_over_100k": 0.06639697211634493, "housing_per_pop": 0.5694890049042873, "vacancy": 0.07611105246490024, "rent_or_own_rent": 0.31419934108106284, "rent_burden_under_20": 0.33185264767257033, "rent_burden_over_40": 0.28148178756637426, "rent_1br_under_750": 0.7942797711908482, "rent_1br_over_1500": 0.027457098283931353, "rent_2br_under_750": 0.4138220481253504, "rent_2br_over_1500": 0.013476963253124339, "year_built_1969_or_earlier": 0.557808970367041, "year_built_2010_or_later": 0.030437750803403288, "transportation_means_car": 0.8873483813103278, "transportation_means_bike": 0.001633637994362342, "transportation_means_walk": 0.016624669001452073, "transportation_means_transit": 0.009075766635346327, "transportation_means_worked_at_home": 0.07568121636627617, "transportation_commute_time_under_15": 0.33395712041400843, "transportation_commute_time_over_60": 0.04996650032344544, "vehicle_ownership_at_least_1": 0.931422951136214, "traffic_fatalities_last_decade_per_capita": 9.064331854153906e-05, "traffic_fatalities_ped_last_decade_per_capita": 1.0956884658867356e-05, "GHLTH_cdc_2": 0.17714872401771523, "ARTHRITIS_cdc_2": 0.30802548436653054, "CASTHMA_cdc_2": 0.10456542836891713, "BPHIGH_cdc_2": 0.37431007155250445, "CANCER_cdc_2": 0.07795162267999542, "KIDNEY_cdc_2": 0.03283895073428739, "COPD_cdc_2": 0.09185417528600141, "CHD_cdc_2": 0.07470425819197647, "DIABETES_cdc_2": 0.12374036157909409, "OBESITY_cdc_2": 0.415538481521751, "STROKE_cdc_2": 0.03558903331954225, "DISABILITY_cdc_2": 0.3114316306338395, "HEARING_cdc_2": 0.07081205520222955, "VISION_cdc_2": 0.0510360039640923, "COGNITION_cdc_2": 0.1426419840987304, "MOBILITY_cdc_2": 0.16165785971090443, "SELFCARE_cdc_2": 0.04196262656390792, "INDEPLIVE_cdc_2": 0.08771466553773466, "BINGE_cdc_2": 0.16020884608353433, "CSMOKING_cdc_2": 0.21187245629395865, "LPA_cdc_2": 0.27224378205189786, "SLEEP_cdc_2": 0.3733924130609791, "heating_utility_gas": 0.760870352268202, "heating_electricity": 0.1555277988969743, "industry_agriculture,_forestry,_fishing_and_hunting": 0.006190635942381491, "industry_mining,_quarrying,_and_oil_and_gas_extraction": 0.00468622229677312, "industry_accommodation_and_food_services": 0.07611179837712037, "industry_arts,_entertainment,_and_recreation": 0.013303839137818997, "industry_construction": 0.061481768813033154, "industry_educational_services": 0.0753097938900884, "industry_health_care_and_social_assistance": 0.1594101859811717, "industry_finance_and_insurance": 0.03872161533139039, "industry_real_estate_and_rental_and_leasing": 0.014504224938670228, "industry_information": 0.012832071792506247, "industry_manufacturing": 0.17325917849579683, "industry_other_services,_except_public_administration": 0.04768519489233193, "industry_administrative_and_support_and_waste_management_services": 0.03638898790178849, "industry_management_of_companies_and_enterprises": 0.0007705533306774591, "industry_professional,_scientific,_and_technical_services": 0.04292558656406601, "industry_public_administration": 0.02961126370746233, "industry_retail_trade": 0.11998616149120371, "industry_transportation_and_warehousing": 0.047905352986811166, "industry_utilities": 0.01050992808168915, "industry_wholesale_trade": 0.028405636047218755, "occupation_architecture_and_engineering_occupations": 0.015447759629295723, "occupation_computer_and_mathematical_occupations": 0.017916675403098898, "occupation_life,_physical,_and_social_science_occupations": 0.005252343111148381, "occupation_arts,_design,_entertainment,_sports,_and_media_occupations": 0.011904262680057886, "occupation_community_and_social_service_occupations": 0.01813159163818589, "occupation_educational_instruction,_and_library_occupations": 0.05092990585620513, "occupation_legal_occupations": 0.005330971002033843, "occupation_health_diagnosing_and_treating_practitioners_and_other_technical_occupations": 0.04515861866521298, "occupation_health_technologists_and_technicians": 0.02296982785733765, "occupation_business_and_financial_operations_occupations": 0.0415941542784057, "occupation_management_occupations": 0.10281907198121326, "occupation_construction_and_extraction_occupations": 0.04264776801627078, "occupation_farming,_fishing,_and_forestry_occupations": 0.0022592413981087334, "occupation_installation,_maintenance,_and_repair_occupations": 0.035151909085190655, "occupation_material_moving_occupations": 0.05041096177636127, "occupation_transportation_occupations": 0.04366468873838916, "occupation_office_and_administrative_support_occupations": 0.12367118864403603, "occupation_sales_and_related_occupations": 0.09754576143249591, "occupation_building_and_grounds_cleaning_and_maintenance_occupations": 0.03798251315706696, "occupation_food_preparation_and_serving_related_occupations": 0.06478938208961471, "occupation_healthcare_support_occupations": 0.03454909525506877, "occupation_personal_care_and_service_occupations": 0.01974084247164152, "occupation_firefighting_and_prevention,_and_other_protective_service_workers_including_supervisors": 0.008732937747677838, "occupation_law_enforcement_workers_including_supervisors": 0.007558761243788421, "sors_cohabiting_partnered_gay": 0.0061158728814825775, "2020 Presidential Election-margin": -0.2091935997647715, "2016 Presidential Election-margin": -0.1935999403357176, "2016-2020 Swing-margin": -0.015593659429053913, "park_percent_1km_v2": 0.020843926465593497, "mean_dist_Hospital_updated": 7.422638111246876, "mean_dist_Active Superfund Site_updated": 15.632782408017297, "mean_dist_Airport_updated": 16.34527202490377, "mean_dist_Public School_updated": 1.7035676135826607, "lapop1share_usda_fra_1": 0.529379276260592, "mean_high_temp_4": 60.607051106374556, "mean_high_temp_winter_4": 39.48226936948974, "mean_high_temp_spring_4": 67.33286121817068, "mean_high_temp_summer_4": 80.3663688095149, "mean_high_temp_fall_4": 54.20975914580845, "mean_high_heat_index_4": 59.87071878071501, "days_above_90_4": 0.01619319601315313, "days_below_40_4": 0.1870009447141319, "wind_speed_over_10mph_4": 0.15760062431961783, "snowfall_4": 0.12013638710371342, "rainfall_4": 0.9774862308162341, "hours_sunny_4": 4.094345312094977, "internet_no_access": 0.12167674354054324, "insurance_coverage_none": 0.08743884424364312, "insurance_coverage_govt": 0.21397622486390294,