{"population": 7627769.0, "ad_1": 3766.493746211234, "population_change_2010": 0.08413870402841928, "ad_1_change_2010": 0.07706988235322951, "population_change_2000": 0.1423395486993139, "ad_1_change_2000": 0.0773088727639435, "gpw_population": NaN, "gpw_pw_density_4": NaN, "white": 0.363365094039948, "hispanic": 0.24180438605311724, "black": 0.0528476937358748, "asian": 0.2772184107830219, "homogeneity_250_2020": 0.4202395431337172, "homogeneity_250_diff_2010": -0.036825903480120936, "homogeneity_250_diff_2000": -0.07053053242322288, "citizenship_citizen_by_birth": 0.6857575583840023, "citizenship_citizen_by_naturalization": 0.17529175392215887, "citizenship_not_citizen": 0.13895068769383873, "birthplace_non_us": 0.3142424416159989, "birthplace_us_not_state": 0.1879692033738908, "birthplace_us_state": 0.4977883550101104, "language_english_only": 0.5724403888582231, "language_spanish": 0.16643314538388101, "education_high_school": 0.8955589211060684, "education_ugrad": 0.4897271181560413, "education_grad": 0.2113341222830174, "education_field_stem": 0.2803517800844414, "education_field_humanities": 0.13040887580773136, "education_field_business": 0.07896646226387034, "generation_silent": 0.06415590752342565, "generation_boomer": 0.21934351745193784, "generation_genx": 0.2040470736587161, "generation_millenial": 0.2306221413000174, "generation_genz": 0.1725761553737666, "generation_genalpha": 0.10925520469213626, "poverty_below_line": 0.0818340685910327, "household_income_under_50k": 0.21970975511721783, "household_income_over_100k": 0.5677784756004269, "individual_income_under_50k": 0.49746866817743324, "individual_income_over_100k": 0.26779296764528215, "housing_per_pop": 0.47959144900581036, "vacancy": 0.05860195408147584, "rent_or_own_rent": 0.4366443855480015, "rent_burden_under_20": 0.2850887784726221, "rent_burden_over_40": 0.31685778851070145, "rent_1br_under_750": 0.10836415063443301, "rent_1br_over_1500": 0.6805559178525775, "rent_2br_under_750": 0.04698447890696324, "rent_2br_over_1500": 0.8111773135701743, "year_built_1969_or_earlier": 0.48329879031469386, "year_built_2010_or_later": 0.052222277538897174, "transportation_means_car": 0.6846598294576447, "transportation_means_bike": 0.017381013287292857, "transportation_means_walk": 0.03559311010322208, "transportation_means_transit": 0.09732514895246708, "transportation_means_worked_at_home": 0.1539747572666584, "transportation_commute_time_under_15": 0.18833700213660112, "transportation_commute_time_over_60": 0.14451084787584295, "vehicle_ownership_at_least_1": 0.9059864764968185, "traffic_fatalities_last_decade_per_capita": 6.18136181103544e-05, "traffic_fatalities_ped_last_decade_per_capita": 2.0608909367863654e-05, "GHLTH_cdc_2": 0.1342273300065279, "ARTHRITIS_cdc_2": 0.17833330688166926, "CASTHMA_cdc_2": 0.08917471996816576, "BPHIGH_cdc_2": 0.2521292538764809, "CANCER_cdc_2": 0.057005518670194856, "KIDNEY_cdc_2": 0.025564515406418565, "COPD_cdc_2": 0.04249357598087846, "CHD_cdc_2": 0.0426593170118848, "DIABETES_cdc_2": 0.09077970689241424, "OBESITY_cdc_2": 0.23569936644031664, "STROKE_cdc_2": 0.024049437461199308, "DISABILITY_cdc_2": 0.22226311700913384, "HEARING_cdc_2": 0.05153912780255125, "VISION_cdc_2": 0.03986813968902327, "COGNITION_cdc_2": 0.1056968585172148, "MOBILITY_cdc_2": 0.0949851473527366, "SELFCARE_cdc_2": 0.028210247077107124, "INDEPLIVE_cdc_2": 0.05719394401664848, "BINGE_cdc_2": 0.1565837014745927, "CSMOKING_cdc_2": 0.0953019263944666, "LPA_cdc_2": 0.17556364826591495, "SLEEP_cdc_2": 0.2934413937779712, "heating_utility_gas": 0.6370676814640367, "heating_electricity": 0.29191381533752386, "industry_agriculture,_forestry,_fishing_and_hunting": 0.0070990181979322855, "industry_mining,_quarrying,_and_oil_and_gas_extraction": 0.0005319796901843888, "industry_accommodation_and_food_services": 0.0632855354613558, "industry_arts,_entertainment,_and_recreation": 0.021644186303793903, "industry_construction": 0.056908118860346926, "industry_educational_services": 0.0838967299666005, "industry_health_care_and_social_assistance": 0.12388576567502957, "industry_finance_and_insurance": 0.04227022786959539, "industry_real_estate_and_rental_and_leasing": 0.02102086306564873, "industry_information": 0.04193693058188105, "industry_manufacturing": 0.10021374776219576, "industry_other_services,_except_public_administration": 0.04471210900171579, "industry_administrative_and_support_and_waste_management_services": 0.041707216098657435, "industry_management_of_companies_and_enterprises": 0.0018204470154810845, "industry_professional,_scientific,_and_technical_services": 0.1571647987269489, "industry_public_administration": 0.03449782032966417, "industry_retail_trade": 0.09125669574181691, "industry_transportation_and_warehousing": 0.03952198384851514, "industry_utilities": 0.006549948651006733, "industry_wholesale_trade": 0.020075877151629524, "occupation_architecture_and_engineering_occupations": 0.03959397168680218, "occupation_computer_and_mathematical_occupations": 0.08271012032520594, "occupation_life,_physical,_and_social_science_occupations": 0.019654534724136904, "occupation_arts,_design,_entertainment,_sports,_and_media_occupations": 0.02981574572603349, "occupation_community_and_social_service_occupations": 0.015417597952975438, "occupation_educational_instruction,_and_library_occupations": 0.055448193371665885, "occupation_legal_occupations": 0.01558632515722184, "occupation_health_diagnosing_and_treating_practitioners_and_other_technical_occupations": 0.03780578216596116, "occupation_health_technologists_and_technicians": 0.013241239167812039, "occupation_business_and_financial_operations_occupations": 0.07289807085596246, "occupation_management_occupations": 0.13938577074269812, "occupation_construction_and_extraction_occupations": 0.03852536520583743, "occupation_farming,_fishing,_and_forestry_occupations": 0.004434350679646984, "occupation_installation,_maintenance,_and_repair_occupations": 0.01900309410741152, "occupation_material_moving_occupations": 0.02308187513000458, "occupation_transportation_occupations": 0.026870944248364777, "occupation_office_and_administrative_support_occupations": 0.09164549274642136, "occupation_sales_and_related_occupations": 0.08705686243551483, "occupation_building_and_grounds_cleaning_and_maintenance_occupations": 0.032511458931328736, "occupation_food_preparation_and_serving_related_occupations": 0.04692887692274001, "occupation_healthcare_support_occupations": 0.031902123861642, "occupation_personal_care_and_service_occupations": 0.02585781018948781, "occupation_firefighting_and_prevention,_and_other_protective_service_workers_including_supervisors": 0.01096913754590388, "occupation_law_enforcement_workers_including_supervisors": 0.005107125139368348, "sors_cohabiting_partnered_gay": 0.009946203225542818, "2020 Presidential Election-margin": 0.5497380657923726, "2016 Presidential Election-margin": 0.5660634837204448, "2016-2020 Swing-margin": -0.016325417928072183, "park_percent_1km_v2": 0.03582331933028527, "mean_dist_Hospital_updated": 3.626944061034567, "mean_dist_Active Superfund Site_updated": 13.62905278409618, "mean_dist_Airport_updated": 21.12039734592048, "mean_dist_Public School_updated": 0.7268076447314146, "lapop1share_usda_fra_1": 0.8627527386329323, "mean_high_temp_4": 68.25306914017568, "mean_high_temp_winter_4": 59.170242581936044, "mean_high_temp_spring_4": 68.89439337717602, "mean_high_temp_summer_4": 77.74341248833106, "mean_high_temp_fall_4": 66.77705622707978, "mean_high_heat_index_4": 67.37332395652349, "days_above_90_4": 0.03100433547685188, "days_below_40_4": 4.960141035122546e-05, "wind_speed_over_10mph_4": 0.06494470105040784, "snowfall_4": 0.00044618285814782216, "rainfall_4": 0.5542515331793794, "hours_sunny_4": 7.035486983268856, "internet_no_access": 0.05504498855831753, "insurance_coverage_none": 0.05659367229642088, "insurance_coverage_govt": 0.1572743804381822,