{"population": 939450.0, "ad_1": 2618.59685930812, "population_change_2010": -0.008741895150015564, "ad_1_change_2010": -0.04078314108624035, "population_change_2000": -0.0007594419696989036, "ad_1_change_2000": -0.06284397732677835, "gpw_population": NaN, "gpw_pw_density_4": NaN, "white": 0.48590984086433553, "hispanic": 0.16287402203416892, "black": 0.2559114375432434, "asian": 0.04895311086273884, "homogeneity_250_2020": 0.5792504023779446, "homogeneity_250_diff_2010": -0.07937306490666107, "homogeneity_250_diff_2000": -0.1331666074809934, "citizenship_citizen_by_birth": 0.9075140875402655, "citizenship_citizen_by_naturalization": 0.04065070530979041, "citizenship_not_citizen": 0.05183520714994403, "birthplace_non_us": 0.09248591245973423, "birthplace_us_not_state": 0.2193935106244465, "birthplace_us_state": 0.6881205769158193, "language_english_only": 0.8238447139135768, "language_spanish": 0.11208320958112782, "education_high_school": 0.8955541607771097, "education_ugrad": 0.3124410643331565, "education_grad": 0.11372413046939235, "education_field_stem": 0.1341059556736114, "education_field_humanities": 0.11845240456692932, "education_field_business": 0.05988270409261663, "generation_silent": 0.053729592693710006, "generation_boomer": 0.20215570016096743, "generation_genx": 0.17557429351090503, "generation_millenial": 0.23214940612145846, "generation_genz": 0.20283202426439817, "generation_genalpha": 0.13355898324856094, "poverty_below_line": 0.17916223556943028, "household_income_under_50k": 0.45714090123912077, "household_income_over_100k": 0.23708443922630237, "individual_income_under_50k": 0.6809281370890423, "individual_income_over_100k": 0.07431585232429522, "housing_per_pop": 0.58877869006059, "vacancy": 0.07209694340645739, "rent_or_own_rent": 0.5072393460625366, "rent_burden_under_20": 0.2780362121734449, "rent_burden_over_40": 0.33816490678842165, "rent_1br_under_750": 0.42852107250356686, "rent_1br_over_1500": 0.0701801095888847, "rent_2br_under_750": 0.15520420658205247, "rent_2br_over_1500": 0.10977585829723045, "year_built_1969_or_earlier": 0.7069789780543065, "year_built_2010_or_later": 0.030211114111888284, "transportation_means_car": 0.8286067290734611, "transportation_means_bike": 0.005976726881467321, "transportation_means_walk": 0.030651652969582506, "transportation_means_transit": 0.041130215219888584, "transportation_means_worked_at_home": 0.08794084953820083, "transportation_commute_time_under_15": 0.2595789345899225, "transportation_commute_time_over_60": 0.038251474376094614, "vehicle_ownership_at_least_1": 0.8732715762178989, "traffic_fatalities_last_decade_per_capita": 8.409175581457236e-05, "traffic_fatalities_ped_last_decade_per_capita": 2.118260684443025e-05, "GHLTH_cdc_2": 0.1654211494071897, "ARTHRITIS_cdc_2": 0.23935306273353185, "CASTHMA_cdc_2": 0.11834301715872997, "BPHIGH_cdc_2": 0.3235381509732103, "CANCER_cdc_2": 0.06055375352494793, "KIDNEY_cdc_2": 0.029757139161997306, "COPD_cdc_2": 0.05889890603606061, "CHD_cdc_2": 0.05159915541822839, "DIABETES_cdc_2": 0.0990337157942978, "OBESITY_cdc_2": 0.37228299815283045, "STROKE_cdc_2": 0.03110606473814868, "DISABILITY_cdc_2": 0.2616203880465248, "HEARING_cdc_2": 0.05623361233021901, "VISION_cdc_2": 0.05723342958116741, "COGNITION_cdc_2": 0.1398893566952224, "MOBILITY_cdc_2": 0.11785884603814079, "SELFCARE_cdc_2": 0.04522977741165507, "INDEPLIVE_cdc_2": 0.0837709957574105, "BINGE_cdc_2": 0.23457303776719934, "CSMOKING_cdc_2": 0.17617018997466813, "LPA_cdc_2": 0.22302836124707903, "SLEEP_cdc_2": 0.32501320010458784, "heating_utility_gas": 0.7940056723718052, "heating_electricity": 0.1674797370014118, "industry_agriculture,_forestry,_fishing_and_hunting": 0.0038436713875681567, "industry_mining,_quarrying,_and_oil_and_gas_extraction": 0.0002430168778731354, "industry_accommodation_and_food_services": 0.06881948341305984, "industry_arts,_entertainment,_and_recreation": 0.01990698357210336, "industry_construction": 0.04286010132348197, "industry_educational_services": 0.09357503422075139, "industry_health_care_and_social_assistance": 0.1710924530040901, "industry_finance_and_insurance": 0.0497991309231742, "industry_real_estate_and_rental_and_leasing": 0.014023248668834231, "industry_information": 0.016530844442495158, "industry_manufacturing": 0.150060129128928, "industry_other_services,_except_public_administration": 0.04485094080633452, "industry_administrative_and_support_and_waste_management_services": 0.05139831349981126, "industry_management_of_companies_and_enterprises": 0.0022490107424986533, "industry_professional,_scientific,_and_technical_services": 0.058910505314474275, "industry_public_administration": 0.0329666913781853, "industry_retail_trade": 0.10135551253087102, "industry_transportation_and_warehousing": 0.04872847495922039, "industry_utilities": 0.006689591874544114, "industry_wholesale_trade": 0.02209686193170096, "occupation_architecture_and_engineering_occupations": 0.02135151904463943, "occupation_computer_and_mathematical_occupations": 0.030935014124460224, "occupation_life,_physical,_and_social_science_occupations": 0.00993414427329063, "occupation_arts,_design,_entertainment,_sports,_and_media_occupations": 0.02063248020395146, "occupation_community_and_social_service_occupations": 0.020264053612848148, "occupation_educational_instruction,_and_library_occupations": 0.06095626557729674, "occupation_legal_occupations": 0.011676410517912322, "occupation_health_diagnosing_and_treating_practitioners_and_other_technical_occupations": 0.04419597005163155, "occupation_health_technologists_and_technicians": 0.01955792296570376, "occupation_business_and_financial_operations_occupations": 0.05343748297348681, "occupation_management_occupations": 0.0865243084780736, "occupation_construction_and_extraction_occupations": 0.03437963982874176, "occupation_farming,_fishing,_and_forestry_occupations": 0.0020302955524128283, "occupation_installation,_maintenance,_and_repair_occupations": 0.024045208557616535, "occupation_material_moving_occupations": 0.046249909690672115, "occupation_transportation_occupations": 0.036559750225050966, "occupation_office_and_administrative_support_occupations": 0.11577127520406057, "occupation_sales_and_related_occupations": 0.08452814168695257, "occupation_building_and_grounds_cleaning_and_maintenance_occupations": 0.034715895684476916, "occupation_food_preparation_and_serving_related_occupations": 0.05630704754709082, "occupation_healthcare_support_occupations": 0.05206084297345835, "occupation_personal_care_and_service_occupations": 0.024626032934409802, "occupation_firefighting_and_prevention,_and_other_protective_service_workers_including_supervisors": 0.012272352332593349, "occupation_law_enforcement_workers_including_supervisors": 0.007098302078239848, "sors_cohabiting_partnered_gay": 0.00707448749771148, "2020 Presidential Election-margin": 0.3981505841723942, "2016 Presidential Election-margin": 0.3690010399815304, "2016-2020 Swing-margin": 0.029149544190863796, "park_percent_1km_v2": 0.0738350539811682, "mean_dist_Hospital_updated": 2.8851895316070983, "mean_dist_Active Superfund Site_updated": 12.625193012693067, "mean_dist_Airport_updated": 12.795393824137065, "mean_dist_Public School_updated": 0.6101761048656742, "lapop1share_usda_fra_1": 0.9139560504145227, "mean_high_temp_4": 54.26338824198517, "mean_high_temp_winter_4": 32.45413572074574, "mean_high_temp_spring_4": 57.15338716355634, "mean_high_temp_summer_4": 76.5433671138597, "mean_high_temp_fall_4": 49.861108883209376, "mean_high_heat_index_4": 53.00394664292795, "days_above_90_4": 0.004354366677699166, "days_below_40_4": 0.2827960741331414, "wind_speed_over_10mph_4": 0.4916655233449674, "snowfall_4": 0.1342029401178301, "rainfall_4": 0.7784587683622806, "hours_sunny_4": 4.600584689816244, "internet_no_access": 0.1416895273585151, "insurance_coverage_none": 0.09802457364023491, "insurance_coverage_govt": 0.22931654708006158,