{"population": 704327.0, "ad_1": 1578.6026028006024, "population_change_2010": 0.02658106079377341, "ad_1_change_2010": -0.009624936930830094, "population_change_2000": 0.04189768107881019, "ad_1_change_2000": -0.06943520408816908, "gpw_population": NaN, "gpw_pw_density_4": NaN, "white": 0.6495704410025457, "hispanic": 0.10070606408670972, "black": 0.15816659023436558, "asian": 0.044742001939440064, "homogeneity_250_2020": 0.5949953023413802, "homogeneity_250_diff_2010": -0.08444977207935556, "homogeneity_250_diff_2000": -0.13974711447576138, "citizenship_citizen_by_birth": 0.9117550714739856, "citizenship_citizen_by_naturalization": 0.052324924825940304, "citizenship_not_citizen": 0.03592000370007412, "birthplace_non_us": 0.08824492852601458, "birthplace_us_not_state": 0.18365817921946326, "birthplace_us_state": 0.7280968922545222, "language_english_only": 0.8607159291198445, "language_spanish": 0.06298016920442849, "education_high_school": 0.9110121764667358, "education_ugrad": 0.38464056969828475, "education_grad": 0.1735948246572101, "education_field_stem": 0.18028573786204063, "education_field_humanities": 0.1360753321381627, "education_field_business": 0.06827949969808078, "generation_silent": 0.07328579745325592, "generation_boomer": 0.2379449828491798, "generation_genx": 0.17758397443627616, "generation_millenial": 0.20722431724025064, "generation_genz": 0.1935389326950094, "generation_genalpha": 0.1104219953260281, "poverty_below_line": 0.14002699453240441, "household_income_under_50k": 0.3914337498256118, "household_income_over_100k": 0.30758874446987694, "individual_income_under_50k": 0.6468547838326605, "individual_income_over_100k": 0.10256069871432387, "housing_per_pop": 0.5609795262946607, "vacancy": 0.05721419143488701, "rent_or_own_rent": 0.3788012643044077, "rent_burden_under_20": 0.24628410893613706, "rent_burden_over_40": 0.36696321800706455, "rent_1br_under_750": 0.36271771827427485, "rent_1br_over_1500": 0.07074395075038227, "rent_2br_under_750": 0.10332424660899177, "rent_2br_over_1500": 0.14912788114832015, "year_built_1969_or_earlier": 0.5872262396367157, "year_built_2010_or_later": 0.04216907956443534, "transportation_means_car": 0.8412488217520819, "transportation_means_bike": 0.005881925944622785, "transportation_means_walk": 0.025293588286161378, "transportation_means_transit": 0.023405577855201018, "transportation_means_worked_at_home": 0.09690383097605826, "transportation_commute_time_under_15": 0.31659453991981523, "transportation_commute_time_over_60": 0.028929147365040847, "vehicle_ownership_at_least_1": 0.8846143881229951, "GHLTH_cdc_2": 0.15482799151349053, "ARTHRITIS_cdc_2": 0.2654332348022401, "CASTHMA_cdc_2": 0.12265242873483828, "BPHIGH_cdc_2": 0.3131714459909913, "CANCER_cdc_2": 0.06920649625695086, "KIDNEY_cdc_2": 0.029438478468502303, "COPD_cdc_2": 0.0664571842757967, "CHD_cdc_2": 0.0557582873710317, "DIABETES_cdc_2": 0.10812764306828108, "OBESITY_cdc_2": 0.3221861199512237, "STROKE_cdc_2": 0.02948547327013748, "DISABILITY_cdc_2": 0.29835806992309993, "HEARING_cdc_2": 0.05926916731787798, "VISION_cdc_2": 0.052847259816301784, "COGNITION_cdc_2": 0.13654194366739508, "MOBILITY_cdc_2": 0.1389703085420039, "SELFCARE_cdc_2": 0.040682331600545296, "INDEPLIVE_cdc_2": 0.0876449237610947, "BINGE_cdc_2": 0.1584943486188654, "CSMOKING_cdc_2": 0.170465942595257, "LPA_cdc_2": 0.25033835049133424, "SLEEP_cdc_2": 0.3247461503033313, "heating_utility_gas": 0.7740503557206346, "heating_electricity": 0.17717059806965396, "industry_agriculture,_forestry,_fishing_and_hunting": 0.0038208945941399144, "industry_mining,_quarrying,_and_oil_and_gas_extraction": 0.0003091042293785201, "industry_accommodation_and_food_services": 0.06313195011095184, "industry_arts,_entertainment,_and_recreation": 0.01968991867693149, "industry_construction": 0.0415647461038588, "industry_educational_services": 0.1417793614194933, "industry_health_care_and_social_assistance": 0.17588308936148445, "industry_finance_and_insurance": 0.04010250318752117, "industry_real_estate_and_rental_and_leasing": 0.015962762859847296, "industry_information": 0.021226320467529557, "industry_manufacturing": 0.10976437118531014, "industry_other_services,_except_public_administration": 0.042060795554296884, "industry_administrative_and_support_and_waste_management_services": 0.039510821952829074, "industry_management_of_companies_and_enterprises": 0.001363049380256508, "industry_professional,_scientific,_and_technical_services": 0.08803381580603686, "industry_public_administration": 0.030304153331064038, "industry_retail_trade": 0.10614157156002259, "industry_transportation_and_warehousing": 0.033602130263819516, "industry_utilities": 0.005567100696160421, "industry_wholesale_trade": 0.02018153925906763, "occupation_architecture_and_engineering_occupations": 0.024389969260610184, "occupation_computer_and_mathematical_occupations": 0.0413330582560898, "occupation_life,_physical,_and_social_science_occupations": 0.01373878601828678, "occupation_arts,_design,_entertainment,_sports,_and_media_occupations": 0.0204738526094169, "occupation_community_and_social_service_occupations": 0.024368050404883376, "occupation_educational_instruction,_and_library_occupations": 0.08190683116988935, "occupation_legal_occupations": 0.014416421516036282, "occupation_health_diagnosing_and_treating_practitioners_and_other_technical_occupations": 0.05325115205584972, "occupation_health_technologists_and_technicians": 0.024320058734744725, "occupation_business_and_financial_operations_occupations": 0.05434326715665895, "occupation_management_occupations": 0.11075033564333951, "occupation_construction_and_extraction_occupations": 0.028997418665850094, "occupation_farming,_fishing,_and_forestry_occupations": 0.0015163792268513376, "occupation_installation,_maintenance,_and_repair_occupations": 0.02312408160026213, "occupation_material_moving_occupations": 0.027608844479244107, "occupation_transportation_occupations": 0.030361514041077182, "occupation_office_and_administrative_support_occupations": 0.11346581296902225, "occupation_sales_and_related_occupations": 0.09541498059578199, "occupation_building_and_grounds_cleaning_and_maintenance_occupations": 0.02877398857110927, "occupation_food_preparation_and_serving_related_occupations": 0.05228989267250176, "occupation_healthcare_support_occupations": 0.0385322983484589, "occupation_personal_care_and_service_occupations": 0.026284789953458922, "occupation_firefighting_and_prevention,_and_other_protective_service_workers_including_supervisors": 0.015038743095658627, "occupation_law_enforcement_workers_including_supervisors": 0.006288394852594075, "sors_cohabiting_partnered_gay": 0.00818066479530615, "2020 Presidential Election-margin": 0.24674613542196205, "2016 Presidential Election-margin": 0.18559783558521864, "2016-2020 Swing-margin": 0.061148299836743414, "park_percent_1km_v2": 0.026984838849390024, "mean_dist_Hospital_updated": 6.301176179394048, "mean_dist_Active Superfund Site_updated": 29.3401526110801, "mean_dist_Airport_updated": 11.957470081024102, "mean_dist_Public School_updated": 1.101701414127338, "lapop1share_usda_fra_1": 0.6150260769367082, "mean_high_temp_4": 55.83375154100346, "mean_high_temp_winter_4": 34.933999226225644, "mean_high_temp_spring_4": 59.21069844333871, "mean_high_temp_summer_4": 76.66000007441704, "mean_high_temp_fall_4": 51.54168570790386, "mean_high_heat_index_4": 54.624942952410066, "days_above_90_4": 0.004914130606188901, "days_below_40_4": 0.24557441199537916, "wind_speed_over_10mph_4": 0.35540870326577845, "snowfall_4": 0.19915954548192305, "rainfall_4": 0.8749613192320457, "hours_sunny_4": 4.103098762020822, "internet_no_access": 0.09910011175619703, "insurance_coverage_none": 0.04296140530075837, "insurance_coverage_govt": 0.2359978246263825, "insurance_coverage_private": 0.7210407700728592, "marriage_divorced": 0.10526524970998152}