{"population": 704327.0, "ad_1": 1578.6026028006024, "population_change_2010": 0.02658106079377341, "ad_1_change_2010": -0.009624936930827692, "gpw_population": NaN, "gpw_pw_density_4": NaN, "white": 0.6495704410025457, "hispanic": 0.10070606408670972, "black": 0.15816659023436558, "asian": 0.044742001939440064, "citizenship_citizen_by_birth": 0.9117550714739854, "citizenship_citizen_by_naturalization": 0.05232492482594046, "citizenship_not_citizen": 0.03592000370007427, "birthplace_non_us": 0.08824492852601472, "birthplace_us_not_state": 0.1836581792194641, "birthplace_us_state": 0.7280968922545211, "language_english_only": 0.8607159291198442, "language_spanish": 0.06298016920442841, "education_high_school": 0.9110121764667359, "education_ugrad": 0.38464056969828503, "education_grad": 0.17359482465721027, "education_field_stem": 0.18028573786204108, "education_field_humanities": 0.13607533213816284, "education_field_business": 0.06827949969808117, "generation_silent": 0.07328579745325572, "generation_boomer": 0.23794498284918, "generation_genx": 0.17758397443627616, "generation_millenial": 0.20722431724025053, "generation_genz": 0.19353893269500955, "generation_genalpha": 0.11042199532602791, "poverty_below_line": 0.14002699453240455, "household_income_under_50k": 0.39143374982561085, "household_income_over_100k": 0.3075887444698771, "individual_income_under_50k": 0.6468547838326604, "individual_income_over_100k": 0.10256069871432381, "housing_per_pop": 0.5609795262946607, "vacancy": 0.05721419143488701, "rent_or_own_rent": 0.378801264304407, "rent_burden_under_20": 0.2462841089361375, "rent_burden_over_40": 0.36696321800706333, "rent_1br_under_750": 0.3627177182742751, "rent_1br_over_1500": 0.07074395075038238, "rent_2br_under_750": 0.10332424660899187, "rent_2br_over_1500": 0.1491278811483202, "year_built_1969_or_earlier": 0.5872262396367155, "year_built_2010_or_later": 0.042169079564435254, "transportation_means_car": 0.8412488217520819, "transportation_means_bike": 0.005881925944622784, "transportation_means_walk": 0.025293588286161437, "transportation_means_transit": 0.023405577855200976, "transportation_means_worked_at_home": 0.09690383097605808, "transportation_commute_time_under_15": 0.31659453991981396, "transportation_commute_time_over_60": 0.02892914736504093, "vehicle_ownership_at_least_1": 0.8846143881229946, "GHLTH_cdc_2": 0.15482799151349044, "ARTHRITIS_cdc_2": 0.2654332348022394, "CASTHMA_cdc_2": 0.1226524287348381, "BPHIGH_cdc_2": 0.3131714459909925, "CANCER_cdc_2": 0.06920649625695097, "KIDNEY_cdc_2": 0.02943847846850214, "COPD_cdc_2": 0.06645718427579646, "CHD_cdc_2": 0.05575828737103186, "DIABETES_cdc_2": 0.10812764306828092, "OBESITY_cdc_2": 0.32218611995122526, "STROKE_cdc_2": 0.02948547327013753, "DISABILITY_cdc_2": 0.29835806992310043, "HEARING_cdc_2": 0.05926916731787792, "VISION_cdc_2": 0.052847259816301805, "COGNITION_cdc_2": 0.13654194366739528, "MOBILITY_cdc_2": 0.1389703085420041, "SELFCARE_cdc_2": 0.04068233160054513, "INDEPLIVE_cdc_2": 0.08764492376109419, "BINGE_cdc_2": 0.15849434861886585, "CSMOKING_cdc_2": 0.17046594259525616, "LPA_cdc_2": 0.2503383504913342, "SLEEP_cdc_2": 0.3247461503033323, "heating_utility_gas": 0.774050355720634, "heating_electricity": 0.17717059806965435, "industry_agriculture,_forestry,_fishing_and_hunting": 0.003820894594139915, "industry_mining,_quarrying,_and_oil_and_gas_extraction": 0.0003091042293785205, "industry_accommodation_and_food_services": 0.06313195011095184, "industry_arts,_entertainment,_and_recreation": 0.019689918676931487, "industry_construction": 0.04156474610385894, "industry_educational_services": 0.14177936141949327, "industry_health_care_and_social_assistance": 0.17588308936148403, "industry_finance_and_insurance": 0.040102503187521274, "industry_real_estate_and_rental_and_leasing": 0.015962762859847317, "industry_information": 0.021226320467529564, "industry_manufacturing": 0.10976437118531006, "industry_other_services,_except_public_administration": 0.04206079555429691, "industry_administrative_and_support_and_waste_management_services": 0.03951082195282918, "industry_management_of_companies_and_enterprises": 0.001363049380256509, "industry_professional,_scientific,_and_technical_services": 0.0880338158060368, "industry_public_administration": 0.03030415333106415, "industry_retail_trade": 0.10614157156002275, "industry_transportation_and_warehousing": 0.03360213026381951, "industry_utilities": 0.005567100696160431, "industry_wholesale_trade": 0.020181539259067696, "occupation_architecture_and_engineering_occupations": 0.024389969260610125, "occupation_computer_and_mathematical_occupations": 0.04133305825608979, "occupation_life,_physical,_and_social_science_occupations": 0.013738786018286795, "occupation_arts,_design,_entertainment,_sports,_and_media_occupations": 0.02047385260941686, "occupation_community_and_social_service_occupations": 0.024368050404883403, "occupation_educational_instruction,_and_library_occupations": 0.08190683116988971, "occupation_legal_occupations": 0.014416421516036325, "occupation_health_diagnosing_and_treating_practitioners_and_other_technical_occupations": 0.053251152055849696, "occupation_health_technologists_and_technicians": 0.0243200587347448, "occupation_business_and_financial_operations_occupations": 0.0543432671566588, "occupation_management_occupations": 0.11075033564333908, "occupation_construction_and_extraction_occupations": 0.0289974186658501, "occupation_farming,_fishing,_and_forestry_occupations": 0.001516379226851335, "occupation_installation,_maintenance,_and_repair_occupations": 0.023124081600262133, "occupation_material_moving_occupations": 0.02760884447924411, "occupation_transportation_occupations": 0.030361514041077158, "occupation_office_and_administrative_support_occupations": 0.11346581296902201, "occupation_sales_and_related_occupations": 0.09541498059578216, "occupation_building_and_grounds_cleaning_and_maintenance_occupations": 0.02877398857110931, "occupation_food_preparation_and_serving_related_occupations": 0.05228989267250167, "occupation_healthcare_support_occupations": 0.03853229834845894, "occupation_personal_care_and_service_occupations": 0.026284789953458933, "occupation_firefighting_and_prevention,_and_other_protective_service_workers_including_supervisors": 0.015038743095658625, "occupation_law_enforcement_workers_including_supervisors": 0.006288394852594072, "2020 Presidential Election-margin": 0.2467461354219615, "2016 Presidential Election-margin": 0.1855978355852205, "2016-2020 Swing-margin": 0.061148299836741, "park_percent_1km_v2": 0.026984838849390024, "mean_dist_Hospital_updated": 6.301176179394048, "mean_dist_Active Superfund Site_updated": 29.3401526110801, "mean_dist_Airport_updated": 11.957470081024102, "mean_dist_Public School_updated": 1.101701414127338, "mean_high_temp_4": 55.83375154100346, "mean_high_temp_winter_4": 34.933999226225644, "mean_high_temp_spring_4": 59.21069844333871, "mean_high_temp_summer_4": 76.66000007441704, "mean_high_temp_fall_4": 51.54168570790386, "mean_high_heat_index_4": 54.624942952410066, "days_above_90_4": 0.004914130606188901, "days_below_40_4": 0.24557441199537916, "wind_speed_over_10mph_4": 0.35540870326577845, "snowfall_4": 0.19915954548192305, "rainfall_4": 0.8749613192320457, "hours_sunny_4": 4.103098762020822, "internet_no_access": 0.09910011175619678, "insurance_coverage_none": 0.042961405300758496, "insurance_coverage_govt": 0.23599782462638272, "insurance_coverage_private": 0.7210407700728587, "marriage_divorced": 0.10526524970998184}