{"population": 766987.0, "ad_1": 1643.1885345654132, "population_change_2010": 0.28080068933961666, "ad_1_change_2010": 0.025085722969486808, "population_change_2000": 0.6318837619494426, "ad_1_change_2000": -0.06729409999174901, "gpw_population": NaN, "gpw_pw_density_4": NaN, "white": 0.2618284273397072, "hispanic": 0.5509610984280047, "black": 0.11879731990242338, "asian": 0.02907220070222833, "homogeneity_250_2020": 0.476185134936618, "homogeneity_250_diff_2010": -0.0492012722801724, "homogeneity_250_diff_2000": -0.07006919025558672, "citizenship_citizen_by_birth": 0.8360597927276125, "citizenship_citizen_by_naturalization": 0.0568947790064549, "citizenship_not_citizen": 0.10704542826593262, "birthplace_non_us": 0.16394020727238753, "birthplace_us_not_state": 0.23448689795491326, "birthplace_us_state": 0.6015728947726992, "language_english_only": 0.5928994313690951, "language_spanish": 0.3687788795763311, "education_high_school": 0.8275822481813405, "education_ugrad": 0.27006208800730186, "education_grad": 0.09241870312379355, "education_field_stem": 0.11223351375080917, "education_field_humanities": 0.1033013299907589, "education_field_business": 0.05452724426573476, "generation_silent": 0.03446588265147536, "generation_boomer": 0.1554929796982465, "generation_genx": 0.17960832986997619, "generation_millenial": 0.27363001079919963, "generation_genz": 0.2219943863980591, "generation_genalpha": 0.13480841058304316, "poverty_below_line": 0.16929387553658326, "household_income_under_50k": 0.4171318132934152, "household_income_over_100k": 0.2562564869832573, "individual_income_under_50k": 0.704480990270865, "individual_income_over_100k": 0.06760797718266863, "housing_per_pop": 0.5196417315281736, "vacancy": 0.08343908943175188, "rent_or_own_rent": 0.4697413357171892, "rent_burden_under_20": 0.22035942348609214, "rent_burden_over_40": 0.3642792826486671, "rent_1br_under_750": 0.2023501270047824, "rent_1br_over_1500": 0.11786770545885958, "rent_2br_under_750": 0.12955571548179742, "rent_2br_over_1500": 0.24756356187065498, "year_built_1969_or_earlier": 0.23138644809539308, "year_built_2010_or_later": 0.22239132758962546, "transportation_means_car": 0.8508059022257638, "transportation_means_bike": 0.008689957509902382, "transportation_means_walk": 0.017500076693538782, "transportation_means_transit": 0.02347993164921172, "transportation_means_worked_at_home": 0.0899409845088076, "transportation_commute_time_under_15": 0.21658866081903008, "transportation_commute_time_over_60": 0.08101710573474259, "vehicle_ownership_at_least_1": 0.9253388880329632, "GHLTH_cdc_2": 0.22383717833113712, "ARTHRITIS_cdc_2": 0.19571212457515408, "CASTHMA_cdc_2": 0.09902996231301, "BPHIGH_cdc_2": 0.2900157499248574, "CANCER_cdc_2": 0.043304788328593476, "KIDNEY_cdc_2": 0.02911967122147473, "COPD_cdc_2": 0.058703488936672, "CHD_cdc_2": 0.04855134216549903, "DIABETES_cdc_2": 0.11790187510115396, "OBESITY_cdc_2": 0.36443232988832824, "STROKE_cdc_2": 0.02779784744861402, "DISABILITY_cdc_2": 0.322237298559571, "HEARING_cdc_2": 0.058742230237451114, "VISION_cdc_2": 0.07634078055998732, "COGNITION_cdc_2": 0.17207919816882855, "MOBILITY_cdc_2": 0.14113096807010145, "SELFCARE_cdc_2": 0.05007563986959864, "INDEPLIVE_cdc_2": 0.09740529005109726, "BINGE_cdc_2": 0.18753904880812083, "CSMOKING_cdc_2": 0.1556826454879652, "LPA_cdc_2": 0.2737229312617054, "SLEEP_cdc_2": 0.35209444174701204, "heating_utility_gas": 0.3275697979054325, "heating_electricity": 0.6437088918339919, "industry_agriculture,_forestry,_fishing_and_hunting": 0.0018958639522856252, "industry_mining,_quarrying,_and_oil_and_gas_extraction": 0.005418127132214734, "industry_accommodation_and_food_services": 0.10404783605476517, "industry_arts,_entertainment,_and_recreation": 0.015672120955191528, "industry_construction": 0.09847482519047447, "industry_educational_services": 0.09031619950978236, "industry_health_care_and_social_assistance": 0.11130140832843385, "industry_finance_and_insurance": 0.03634475402617435, "industry_real_estate_and_rental_and_leasing": 0.02101905806437712, "industry_information": 0.022003890035577366, "industry_manufacturing": 0.061181846791518016, "industry_other_services,_except_public_administration": 0.05029990844796896, "industry_administrative_and_support_and_waste_management_services": 0.052962283599194145, "industry_management_of_companies_and_enterprises": 0.0009760207925687386, "industry_professional,_scientific,_and_technical_services": 0.07361083615956335, "industry_public_administration": 0.05715629039260598, "industry_retail_trade": 0.11764827698376226, "industry_transportation_and_warehousing": 0.04823532087954229, "industry_utilities": 0.00805560908797262, "industry_wholesale_trade": 0.02337952361602716, "occupation_architecture_and_engineering_occupations": 0.015846168560627816, "occupation_computer_and_mathematical_occupations": 0.03491770781971355, "occupation_life,_physical,_and_social_science_occupations": 0.0063439377589897695, "occupation_arts,_design,_entertainment,_sports,_and_media_occupations": 0.021964110405202762, "occupation_community_and_social_service_occupations": 0.014133776566458697, "occupation_educational_instruction,_and_library_occupations": 0.05936068365706349, "occupation_legal_occupations": 0.007438971617890066, "occupation_health_diagnosing_and_treating_practitioners_and_other_technical_occupations": 0.023312921675999115, "occupation_health_technologists_and_technicians": 0.017149720286802377, "occupation_business_and_financial_operations_occupations": 0.05108644190848458, "occupation_management_occupations": 0.09531267346358104, "occupation_construction_and_extraction_occupations": 0.07539178898870727, "occupation_farming,_fishing,_and_forestry_occupations": 0.0016625685309330591, "occupation_installation,_maintenance,_and_repair_occupations": 0.029917856861335437, "occupation_material_moving_occupations": 0.04196935152592459, "occupation_transportation_occupations": 0.04020968120799118, "occupation_office_and_administrative_support_occupations": 0.12020028796855423, "occupation_sales_and_related_occupations": 0.10198566297874449, "occupation_building_and_grounds_cleaning_and_maintenance_occupations": 0.04690765095310916, "occupation_food_preparation_and_serving_related_occupations": 0.07646202627291082, "occupation_healthcare_support_occupations": 0.032065682493551156, "occupation_personal_care_and_service_occupations": 0.025061229089264996, "occupation_firefighting_and_prevention,_and_other_protective_service_workers_including_supervisors": 0.010351263081254933, "occupation_law_enforcement_workers_including_supervisors": 0.008091623921322741, "sors_cohabiting_partnered_gay": 0.011145150176210476, "2020 Presidential Election-margin": 0.45132551137221155, "2016 Presidential Election-margin": 0.4216195944409192, "2016-2020 Swing-margin": 0.029705916931292375, "park_percent_1km_v2": 0.03201221074176878, "mean_dist_Hospital_updated": 4.634320610356017, "mean_dist_Active Superfund Site_updated": 61.97381676684513, "mean_dist_Airport_updated": 16.28416477592681, "mean_dist_Public School_updated": 0.9678423604509672, "lapop1share_usda_fra_1": 0.6570126710215967, "mean_high_temp_4": 79.99188521882621, "mean_high_temp_winter_4": 66.3286855386809, "mean_high_temp_spring_4": 84.05936385127133, "mean_high_temp_summer_4": 93.80463071327445, "mean_high_temp_fall_4": 75.05535947452344, "mean_high_heat_index_4": 83.43112223732516, "days_above_90_4": 0.27443221749005187, "days_below_40_4": 0.004454393948909917, "wind_speed_over_10mph_4": 0.20508642926333184, "snowfall_4": 0.0010077939143407135, "rainfall_4": 0.8732970055327058, "hours_sunny_4": 5.816705090118513, "internet_no_access": 0.10320373132711877, "insurance_coverage_none": 0.23124014665552603, "insurance_coverage_govt": 0.12214300627768254, "insurance_coverage_private": 0.6466168470667915, "marriage_divorced": 0.11805294315751373}