{"population": 759192.0, "ad_1": 10470.728873474362, "population_change_2010": 0.10167371424093707, "ad_1_change_2010": 0.08558300988470746, "population_change_2000": 0.13623601391275195, "ad_1_change_2000": 0.07749911460503993, "gpw_population": NaN, "gpw_pw_density_4": NaN, "white": 0.43219501786109443, "hispanic": 0.14086028303775594, "black": 0.052133057250339836, "asian": 0.30634016164553896, "homogeneity_250_2020": 0.38114756231249497, "homogeneity_250_diff_2010": -0.052104158880280804, "homogeneity_250_diff_2000": -0.07652936726075449, "citizenship_citizen_by_birth": 0.6849624791763833, "citizenship_citizen_by_naturalization": 0.19118461741012582, "citizenship_not_citizen": 0.12385290341349077, "birthplace_non_us": 0.31503752082361475, "birthplace_us_not_state": 0.2829406343863968, "birthplace_us_state": 0.40202184478998837, "language_english_only": 0.6144079006957133, "language_spanish": 0.09355441194236122, "education_high_school": 0.9067273523251244, "education_ugrad": 0.6300274894527972, "education_grad": 0.2611300526471785, "education_field_stem": 0.3322518520441511, "education_field_humanities": 0.18980720813915347, "education_field_business": 0.10796842926949309, "generation_silent": 0.06727351332999161, "generation_boomer": 0.2011378589352331, "generation_genx": 0.19908676306231576, "generation_millenial": 0.33230700592275614, "generation_genz": 0.12182118423232198, "generation_genalpha": 0.07837367451738138, "poverty_below_line": 0.10328101995783502, "household_income_under_50k": 0.2468960439922498, "household_income_over_100k": 0.5869613284300084, "individual_income_under_50k": 0.41998655854166017, "individual_income_over_100k": 0.34977866510143457, "housing_per_pop": 0.5605560944067248, "vacancy": 0.08963508035850813, "rent_or_own_rent": 0.6480045828746217, "rent_burden_under_20": 0.3973325982162273, "rent_burden_over_40": 0.239825355209387, "rent_1br_under_750": 0.11152387655231298, "rent_1br_over_1500": 0.7079397208022333, "rent_2br_under_750": 0.0715883272335998, "rent_2br_over_1500": 0.7689288047572658, "year_built_1969_or_earlier": 0.705247630733189, "year_built_2010_or_later": 0.059197912214056854, "transportation_means_car": 0.3445555788629446, "transportation_means_bike": 0.04612859414738839, "transportation_means_walk": 0.12399483715004748, "transportation_means_transit": 0.27524252956090783, "transportation_means_worked_at_home": 0.19168457284807103, "transportation_commute_time_under_15": 0.12237686839433666, "transportation_commute_time_over_60": 0.1358145311066495, "vehicle_ownership_at_least_1": 0.6768430830717465, "GHLTH_cdc_2": 0.12546366776277654, "ARTHRITIS_cdc_2": 0.16227748305334508, "CASTHMA_cdc_2": 0.08530280617397992, "BPHIGH_cdc_2": 0.2360263016719807, "CANCER_cdc_2": 0.0518912748321893, "KIDNEY_cdc_2": 0.023657882885120406, "COPD_cdc_2": 0.03652310606436913, "CHD_cdc_2": 0.0397977561204992, "DIABETES_cdc_2": 0.08543726674548055, "OBESITY_cdc_2": 0.19086156727167938, "STROKE_cdc_2": 0.022238799643681535, "DISABILITY_cdc_2": 0.20933622097047128, "HEARING_cdc_2": 0.04878806332932637, "VISION_cdc_2": 0.03619192852435787, "COGNITION_cdc_2": 0.09758597177930774, "MOBILITY_cdc_2": 0.0835390625776137, "SELFCARE_cdc_2": 0.0245647334068489, "INDEPLIVE_cdc_2": 0.05160427284197153, "BINGE_cdc_2": 0.1730149746503873, "CSMOKING_cdc_2": 0.08930509773923183, "LPA_cdc_2": 0.1678204283769954, "SLEEP_cdc_2": 0.2861249250770755, "heating_utility_gas": 0.5746059370566946, "heating_electricity": 0.3340030968668017, "industry_agriculture,_forestry,_fishing_and_hunting": 0.00131162968240239, "industry_mining,_quarrying,_and_oil_and_gas_extraction": 0.00011395760443359772, "industry_accommodation_and_food_services": 0.06518262426236561, "industry_arts,_entertainment,_and_recreation": 0.02532513997138003, "industry_construction": 0.028569459559306273, "industry_educational_services": 0.07446599107629005, "industry_health_care_and_social_assistance": 0.11024882120869782, "industry_finance_and_insurance": 0.0643303777683548, "industry_real_estate_and_rental_and_leasing": 0.025081696914789644, "industry_information": 0.06781837331127649, "industry_manufacturing": 0.049181977702838206, "industry_other_services,_except_public_administration": 0.03858171703987634, "industry_administrative_and_support_and_waste_management_services": 0.03395538319330523, "industry_management_of_companies_and_enterprises": 0.002308200105488362, "industry_professional,_scientific,_and_technical_services": 0.2419143462764179, "industry_public_administration": 0.03032547579808983, "industry_retail_trade": 0.0840604263510717, "industry_transportation_and_warehousing": 0.03610844811820957, "industry_utilities": 0.005105027539612713, "industry_wholesale_trade": 0.0160109265157936, "occupation_architecture_and_engineering_occupations": 0.029050602126781545, "occupation_computer_and_mathematical_occupations": 0.10083083133170634, "occupation_life,_physical,_and_social_science_occupations": 0.02409568099309886, "occupation_arts,_design,_entertainment,_sports,_and_media_occupations": 0.05575412714225335, "occupation_community_and_social_service_occupations": 0.0134384815118238, "occupation_educational_instruction,_and_library_occupations": 0.051425704107530404, "occupation_legal_occupations": 0.029808004786709984, "occupation_health_diagnosing_and_treating_practitioners_and_other_technical_occupations": 0.04358992598608457, "occupation_health_technologists_and_technicians": 0.010915678128007556, "occupation_business_and_financial_operations_occupations": 0.10788416499799014, "occupation_management_occupations": 0.17354994954020106, "occupation_construction_and_extraction_occupations": 0.014893255990120674, "occupation_farming,_fishing,_and_forestry_occupations": 0.0006100083531445522, "occupation_installation,_maintenance,_and_repair_occupations": 0.008714345346380464, "occupation_material_moving_occupations": 0.011051608457322604, "occupation_transportation_occupations": 0.0197585076983601, "occupation_office_and_administrative_support_occupations": 0.07286787205305167, "occupation_sales_and_related_occupations": 0.09018365590870436, "occupation_building_and_grounds_cleaning_and_maintenance_occupations": 0.020691104891752837, "occupation_food_preparation_and_serving_related_occupations": 0.04600951700354481, "occupation_healthcare_support_occupations": 0.02258368704923242, "occupation_personal_care_and_service_occupations": 0.02363602038383056, "occupation_firefighting_and_prevention,_and_other_protective_service_workers_including_supervisors": 0.008889587171636331, "occupation_law_enforcement_workers_including_supervisors": 0.0026433695302930595, "sors_cohabiting_partnered_gay": 0.02599889059935324, "2020 Presidential Election-margin": 0.7455495514636379, "2016 Presidential Election-margin": 0.7711548423624693, "2016-2020 Swing-margin": -0.025605290898831456, "park_percent_1km_v2": 0.09161994895422709, "mean_dist_Hospital_updated": 1.3645449420421263, "mean_dist_Active Superfund Site_updated": 8.033597031896205, "mean_dist_Airport_updated": 17.347436106257856, "mean_dist_Public School_updated": 0.43127601276517763, "lapop1share_usda_fra_1": 0.9931724097026527, "mean_high_temp_4": 63.69337714217669, "mean_high_temp_winter_4": 57.8232650125362, "mean_high_temp_spring_4": 63.69108873591718, "mean_high_temp_summer_4": 69.18234974014327, "mean_high_temp_fall_4": 63.84916712267318, "mean_high_heat_index_4": 62.88586936243061, "days_above_90_4": 0.004376675016617856, "days_below_40_4": 0.0, "wind_speed_over_10mph_4": 0.18939218348134423, "snowfall_4": 1.3595372108850017e-07, "rainfall_4": 0.5535745734423817, "hours_sunny_4": 6.307847051217791, "internet_no_access": 0.07165121422730493, "insurance_coverage_none": 0.041301808052398525, "insurance_coverage_govt": 0.14366818552176439, "insurance_coverage_private": 0.8150300064258371, "marriage_divorced": 0.07890708025126103}