{"population": 280414.0, "ad_1": 681.7560720011369, "population_change_2010": -0.021836650690331177, "ad_1_change_2010": -0.012402282277696913, "population_change_2000": 0.039147674634055954, "ad_1_change_2000": 0.057470118032747194, "gpw_population": NaN, "gpw_pw_density_4": NaN, "white": 0.6955430185368776, "hispanic": 0.14505338535165863, "black": 0.054401706048913395, "asian": 0.0400229660430649, "homogeneity_250_2020": 0.6050176095843933, "homogeneity_250_diff_2010": -0.06613324937947562, "homogeneity_250_diff_2000": -0.1448878386614073, "citizenship_citizen_by_birth": 0.912091234942167, "citizenship_citizen_by_naturalization": 0.0509993146348882, "citizenship_not_citizen": 0.03690945042294474, "birthplace_non_us": 0.08790876505783324, "birthplace_us_not_state": 0.3873238888749245, "birthplace_us_state": 0.5247673460672424, "language_english_only": 0.8463790087426359, "language_spanish": 0.09163110175227004, "education_high_school": 0.9249470433336727, "education_ugrad": 0.31449482409013685, "education_grad": 0.14132529419036607, "education_field_stem": 0.1578833316316279, "education_field_humanities": 0.11420396534659334, "education_field_business": 0.04240752711191484, "generation_silent": 0.07380176219406308, "generation_boomer": 0.24907638802612553, "generation_genx": 0.17743281038729627, "generation_millenial": 0.19485899977867807, "generation_genz": 0.20909316868767105, "generation_genalpha": 0.09573687092616612, "poverty_below_line": 0.10175510596080461, "household_income_under_50k": 0.3327577813934493, "household_income_over_100k": 0.365967555815302, "individual_income_under_50k": 0.6151312455201383, "individual_income_over_100k": 0.12366489167483403, "housing_per_pop": 0.5534916009674695, "vacancy": 0.09618457212245159, "rent_or_own_rent": 0.352186204726767, "rent_burden_under_20": 0.24978808154780585, "rent_burden_over_40": 0.29814173264526445, "rent_1br_under_750": 0.33167972149695385, "rent_1br_over_1500": 0.0718885987815492, "rent_2br_under_750": 0.11828953465280992, "rent_2br_over_1500": 0.20665916462567052, "year_built_1969_or_earlier": 0.5389223905224121, "year_built_2010_or_later": 0.033365307685920685, "transportation_means_car": 0.855901935251009, "transportation_means_bike": 0.004506341542056618, "transportation_means_walk": 0.030724051203283604, "transportation_means_transit": 0.014402945422517091, "transportation_means_worked_at_home": 0.08737287270605497, "transportation_commute_time_under_15": 0.29388666106537553, "transportation_commute_time_over_60": 0.06418795200314206, "vehicle_ownership_at_least_1": 0.9278250080950432, "traffic_fatalities_last_decade_per_capita": 9.842589884955815e-05, "traffic_fatalities_ped_last_decade_per_capita": 9.985236115172568e-06, "GHLTH_cdc_2": 0.13269450573944008, "ARTHRITIS_cdc_2": 0.24194679148556747, "CASTHMA_cdc_2": 0.11343296556335765, "BPHIGH_cdc_2": 0.2861160682046134, "CANCER_cdc_2": 0.06583806530703232, "KIDNEY_cdc_2": 0.027746243173966484, "COPD_cdc_2": 0.06147143207399978, "CHD_cdc_2": 0.05344739997771107, "DIABETES_cdc_2": 0.09533445224562553, "OBESITY_cdc_2": 0.3166616872840754, "STROKE_cdc_2": 0.027585427393291048, "DISABILITY_cdc_2": 0.26139883650952833, "HEARING_cdc_2": 0.0632786136186337, "VISION_cdc_2": 0.04425287417808974, "COGNITION_cdc_2": 0.12456460046807048, "MOBILITY_cdc_2": 0.109376641034214, "SELFCARE_cdc_2": 0.03325380586203061, "INDEPLIVE_cdc_2": 0.07119617519224317, "BINGE_cdc_2": 0.16764224228240363, "CSMOKING_cdc_2": 0.1552349314610501, "LPA_cdc_2": 0.21201271369664634, "SLEEP_cdc_2": 0.34345858018500025, "heating_utility_gas": 0.15695230277313915, "heating_electricity": 0.2058129401218752, "industry_agriculture,_forestry,_fishing_and_hunting": 0.007099557332306101, "industry_mining,_quarrying,_and_oil_and_gas_extraction": 0.0009514870651544253, "industry_accommodation_and_food_services": 0.0655851652675191, "industry_arts,_entertainment,_and_recreation": 0.0735204232011948, "industry_construction": 0.05719015692209164, "industry_educational_services": 0.106450577375454, "industry_health_care_and_social_assistance": 0.15302311376912336, "industry_finance_and_insurance": 0.03275722102950248, "industry_real_estate_and_rental_and_leasing": 0.011182536277657066, "industry_information": 0.013020442182463425, "industry_manufacturing": 0.1380299380233207, "industry_other_services,_except_public_administration": 0.04217845622349422, "industry_administrative_and_support_and_waste_management_services": 0.03125869409170684, "industry_management_of_companies_and_enterprises": 0.0008852494492064427, "industry_professional,_scientific,_and_technical_services": 0.055101532658612166, "industry_public_administration": 0.049871317999284306, "industry_retail_trade": 0.10898449661256669, "industry_transportation_and_warehousing": 0.024782505394734745, "industry_utilities": 0.01315965185040706, "industry_wholesale_trade": 0.014967477274200445, "occupation_architecture_and_engineering_occupations": 0.04158585292846015, "occupation_computer_and_mathematical_occupations": 0.024328245512808676, "occupation_life,_physical,_and_social_science_occupations": 0.014122654588402818, "occupation_arts,_design,_entertainment,_sports,_and_media_occupations": 0.02123279981548453, "occupation_community_and_social_service_occupations": 0.019058247665107983, "occupation_educational_instruction,_and_library_occupations": 0.07276366971280444, "occupation_legal_occupations": 0.008694762514743161, "occupation_health_diagnosing_and_treating_practitioners_and_other_technical_occupations": 0.039577194922309426, "occupation_health_technologists_and_technicians": 0.0190077108223744, "occupation_business_and_financial_operations_occupations": 0.04705277431659367, "occupation_management_occupations": 0.102297318029628, "occupation_construction_and_extraction_occupations": 0.04523684616705245, "occupation_farming,_fishing,_and_forestry_occupations": 0.002305526350181878, "occupation_installation,_maintenance,_and_repair_occupations": 0.028705632842581902, "occupation_material_moving_occupations": 0.027914665845055187, "occupation_transportation_occupations": 0.029766113708859804, "occupation_office_and_administrative_support_occupations": 0.09718664169987477, "occupation_sales_and_related_occupations": 0.08613434203728691, "occupation_building_and_grounds_cleaning_and_maintenance_occupations": 0.04492409686880129, "occupation_food_preparation_and_serving_related_occupations": 0.06239446255503343, "occupation_healthcare_support_occupations": 0.03877675747067805, "occupation_personal_care_and_service_occupations": 0.05046515969937595, "occupation_firefighting_and_prevention,_and_other_protective_service_workers_including_supervisors": 0.01585323833172681, "occupation_law_enforcement_workers_including_supervisors": 0.009119637562941646, "sors_cohabiting_partnered_gay": 0.00739334336588111, "2020 Presidential Election-margin": 0.1689424052899114, "2016 Presidential Election-margin": 0.08465512856815793, "2016-2020 Swing-margin": 0.08428727672175346, "park_percent_1km_v2": 0.01332109860064366, "mean_dist_Hospital_updated": 7.209953834596186, "mean_dist_Active Superfund Site_updated": 12.40352081547776, "mean_dist_Airport_updated": 57.967043824368965, "mean_dist_Public School_updated": 1.6640326993708825, "lapop1share_usda_fra_1": 0.42108833818179514, "mean_high_temp_4": 58.97330201830589, "mean_high_temp_winter_4": 39.95385515648045, "mean_high_temp_spring_4": 61.721770498000566, "mean_high_temp_summer_4": 78.01946352095175, "mean_high_temp_fall_4": 55.30294673207691, "mean_high_heat_index_4": 58.08493258213423, "days_above_90_4": 0.013406935559038421, "days_below_40_4": 0.15396335196605512, "wind_speed_over_10mph_4": 0.30426418211024214, "snowfall_4": 0.10804756463619719, "rainfall_4": 1.0933893536672694, "hours_sunny_4": 4.9719184116621, "internet_no_access": 0.08694886200153126, "insurance_coverage_none": 0.06314725041778696, "insurance_coverage_govt": 0.22216967965522907,