{"population": 280414.0, "ad_1": 681.7560720011369, "population_change_2010": -0.021836650690331177, "ad_1_change_2010": -0.012402282277694798, "gpw_population": NaN, "gpw_pw_density_4": NaN, "white": 0.6955430185368776, "hispanic": 0.14505338535165863, "black": 0.054401706048913395, "asian": 0.0400229660430649, "citizenship_citizen_by_birth": 0.912091234942167, "citizenship_citizen_by_naturalization": 0.050999314634888195, "citizenship_not_citizen": 0.036909450422944794, "birthplace_non_us": 0.08790876505783296, "birthplace_us_not_state": 0.3873238888749241, "birthplace_us_state": 0.5247673460672428, "language_english_only": 0.8463790087426358, "language_spanish": 0.09163110175227024, "education_high_school": 0.9249470433336725, "education_ugrad": 0.31449482409013724, "education_grad": 0.14132529419036607, "education_field_stem": 0.15788333163162846, "education_field_humanities": 0.11420396534659365, "education_field_business": 0.04240752711191513, "generation_silent": 0.07380176219406291, "generation_boomer": 0.24907638802612578, "generation_genx": 0.17743281038729608, "generation_millenial": 0.19485899977867804, "generation_genz": 0.20909316868767103, "generation_genalpha": 0.09573687092616627, "poverty_below_line": 0.10175510596080456, "household_income_under_50k": 0.33275778139344897, "household_income_over_100k": 0.365967555815302, "individual_income_under_50k": 0.6151312455201384, "individual_income_over_100k": 0.12366489167483391, "housing_per_pop": 0.5534916009674695, "vacancy": 0.09618457212245159, "rent_or_own_rent": 0.3521862047267674, "rent_burden_under_20": 0.24978808154780485, "rent_burden_over_40": 0.2981417326452651, "rent_1br_under_750": 0.33167972149695385, "rent_1br_over_1500": 0.07188859878154917, "rent_2br_under_750": 0.11828953465280996, "rent_2br_over_1500": 0.20665916462567022, "year_built_1969_or_earlier": 0.538922390522413, "year_built_2010_or_later": 0.03336530768592061, "transportation_means_car": 0.8559019352510095, "transportation_means_bike": 0.00450634154205661, "transportation_means_walk": 0.03072405120328348, "transportation_means_transit": 0.014402945422517086, "transportation_means_worked_at_home": 0.08737287270605473, "transportation_commute_time_under_15": 0.2938866610653758, "transportation_commute_time_over_60": 0.06418795200314222, "vehicle_ownership_at_least_1": 0.9278250080950432, "GHLTH_cdc_2": 0.13269450573944055, "ARTHRITIS_cdc_2": 0.2419467914855678, "CASTHMA_cdc_2": 0.11343296556335673, "BPHIGH_cdc_2": 0.2861160682046138, "CANCER_cdc_2": 0.0658380653070322, "KIDNEY_cdc_2": 0.027746243173966345, "COPD_cdc_2": 0.06147143207399978, "CHD_cdc_2": 0.05344739997771091, "DIABETES_cdc_2": 0.09533445224562577, "OBESITY_cdc_2": 0.31666168728407446, "STROKE_cdc_2": 0.027585427393290986, "DISABILITY_cdc_2": 0.2613988365095286, "HEARING_cdc_2": 0.06327861361863368, "VISION_cdc_2": 0.044252874178089825, "COGNITION_cdc_2": 0.12456460046807089, "MOBILITY_cdc_2": 0.10937664103421375, "SELFCARE_cdc_2": 0.033253805862030535, "INDEPLIVE_cdc_2": 0.0711961751922434, "BINGE_cdc_2": 0.16764224228240276, "CSMOKING_cdc_2": 0.15523493146104983, "LPA_cdc_2": 0.21201271369664548, "SLEEP_cdc_2": 0.3434585801849995, "heating_utility_gas": 0.15695230277313935, "heating_electricity": 0.20581294012187487, "industry_agriculture,_forestry,_fishing_and_hunting": 0.007099557332306096, "industry_mining,_quarrying,_and_oil_and_gas_extraction": 0.0009514870651544253, "industry_accommodation_and_food_services": 0.06558516526751887, "industry_arts,_entertainment,_and_recreation": 0.07352042320119462, "industry_construction": 0.05719015692209167, "industry_educational_services": 0.10645057737545412, "industry_health_care_and_social_assistance": 0.1530231137691236, "industry_finance_and_insurance": 0.032757221029502445, "industry_real_estate_and_rental_and_leasing": 0.01118253627765706, "industry_information": 0.013020442182463416, "industry_manufacturing": 0.13802993802332061, "industry_other_services,_except_public_administration": 0.042178456223494226, "industry_administrative_and_support_and_waste_management_services": 0.03125869409170691, "industry_management_of_companies_and_enterprises": 0.0008852494492064425, "industry_professional,_scientific,_and_technical_services": 0.055101532658612264, "industry_public_administration": 0.04987131799928439, "industry_retail_trade": 0.10898449661256675, "industry_transportation_and_warehousing": 0.024782505394734724, "industry_utilities": 0.013159651850407059, "industry_wholesale_trade": 0.014967477274200466, "occupation_architecture_and_engineering_occupations": 0.0415858529284603, "occupation_computer_and_mathematical_occupations": 0.024328245512808693, "occupation_life,_physical,_and_social_science_occupations": 0.014122654588402847, "occupation_arts,_design,_entertainment,_sports,_and_media_occupations": 0.021232799815484517, "occupation_community_and_social_service_occupations": 0.01905824766510796, "occupation_educational_instruction,_and_library_occupations": 0.07276366971280443, "occupation_legal_occupations": 0.008694762514743146, "occupation_health_diagnosing_and_treating_practitioners_and_other_technical_occupations": 0.039577194922309406, "occupation_health_technologists_and_technicians": 0.019007710822374402, "occupation_business_and_financial_operations_occupations": 0.047052774316593736, "occupation_management_occupations": 0.10229731802962809, "occupation_construction_and_extraction_occupations": 0.045236846167052515, "occupation_farming,_fishing,_and_forestry_occupations": 0.002305526350181876, "occupation_installation,_maintenance,_and_repair_occupations": 0.02870563284258196, "occupation_material_moving_occupations": 0.027914665845055215, "occupation_transportation_occupations": 0.029766113708859763, "occupation_office_and_administrative_support_occupations": 0.09718664169987459, "occupation_sales_and_related_occupations": 0.08613434203728683, "occupation_building_and_grounds_cleaning_and_maintenance_occupations": 0.04492409686880127, "occupation_food_preparation_and_serving_related_occupations": 0.06239446255503337, "occupation_healthcare_support_occupations": 0.03877675747067803, "occupation_personal_care_and_service_occupations": 0.05046515969937585, "occupation_firefighting_and_prevention,_and_other_protective_service_workers_including_supervisors": 0.015853238331726804, "occupation_law_enforcement_workers_including_supervisors": 0.009119637562941643, "2020 Presidential Election-margin": 0.1689424052899127, "2016 Presidential Election-margin": 0.08465512856815685, "2016-2020 Swing-margin": 0.08428727672175584, "park_percent_1km_v2": 0.01332109860064366, "mean_dist_Hospital_updated": 7.209953834596186, "mean_dist_Active Superfund Site_updated": 12.40352081547776, "mean_dist_Airport_updated": 57.967043824368965, "mean_dist_Public School_updated": 1.6640326993708825, "mean_high_temp_4": 58.97330201830589, "mean_high_temp_winter_4": 39.95385515648045, "mean_high_temp_spring_4": 61.721770498000566, "mean_high_temp_summer_4": 78.01946352095175, "mean_high_temp_fall_4": 55.30294673207691, "mean_high_heat_index_4": 58.08493258213423, "days_above_90_4": 0.013406935559038421, "days_below_40_4": 0.15396335196605512, "wind_speed_over_10mph_4": 0.30426418211024214, "snowfall_4": 0.10804756463619719, "rainfall_4": 1.0933893536672694, "hours_sunny_4": 4.9719184116621, "internet_no_access": 0.0869488620015313, "insurance_coverage_none": 0.06314725041778714, "insurance_coverage_govt": 0.22216967965522874, "insurance_coverage_private": 0.714683069926984, "marriage_divorced": 0.12209058652425465}