{"population": 278612.0, "ad_1": 704.3138515336005, "population_change_2010": 0.2328237350383858, "ad_1_change_2010": 0.14743534193356564, "gpw_population": NaN, "gpw_pw_density_4": NaN, "white": 0.5461860939227312, "hispanic": 0.13279040385913027, "black": 0.22534205274718963, "asian": 0.04669935250455831, "citizenship_citizen_by_birth": 0.9199225099901503, "citizenship_citizen_by_naturalization": 0.03332674269701061, "citizenship_not_citizen": 0.04675074731283919, "birthplace_non_us": 0.0800774900098498, "birthplace_us_not_state": 0.3728774652561578, "birthplace_us_state": 0.5470450447339925, "language_english_only": 0.8717871940640973, "language_spanish": 0.08456024770423588, "education_high_school": 0.89675488065079, "education_ugrad": 0.3027893548450516, "education_grad": 0.10387188032218524, "education_field_stem": 0.12917299647640856, "education_field_humanities": 0.10362315606079936, "education_field_business": 0.0699932023078437, "generation_silent": 0.05144419752054774, "generation_boomer": 0.20090318358959997, "generation_genx": 0.21160268688822917, "generation_millenial": 0.19817687152744312, "generation_genz": 0.20496260337070396, "generation_genalpha": 0.132910457103476, "poverty_below_line": 0.12033820803786503, "household_income_under_50k": 0.37826426784284073, "household_income_over_100k": 0.30279383328578496, "individual_income_under_50k": 0.6843170098393042, "individual_income_over_100k": 0.0961842464019401, "housing_per_pop": 0.5354765002088123, "vacancy": 0.06711728267787828, "rent_or_own_rent": 0.3270327319599954, "rent_burden_under_20": 0.28028549615296655, "rent_burden_over_40": 0.2850476527555616, "rent_1br_under_750": 0.41223013332863734, "rent_1br_over_1500": 0.03883156172047363, "rent_2br_under_750": 0.2865361944743049, "rent_2br_over_1500": 0.04080865330628155, "year_built_1969_or_earlier": 0.2996824521162218, "year_built_2010_or_later": 0.13419562476268102, "transportation_means_car": 0.8675288306819137, "transportation_means_bike": 0.0013634884040886162, "transportation_means_walk": 0.0070813345999183935, "transportation_means_transit": 0.010351153587676885, "transportation_means_worked_at_home": 0.10404094554978517, "transportation_commute_time_under_15": 0.2285122900342954, "transportation_commute_time_over_60": 0.07072006249960296, "vehicle_ownership_at_least_1": 0.9456854349629854, "GHLTH_cdc_2": 0.15857733795569298, "ARTHRITIS_cdc_2": 0.2562815391491315, "CASTHMA_cdc_2": 0.09927238301162032, "BPHIGH_cdc_2": 0.3292739895634528, "CANCER_cdc_2": 0.06361027830792647, "KIDNEY_cdc_2": 0.030225025970574738, "COPD_cdc_2": 0.07085947503201025, "CHD_cdc_2": 0.05899018553861764, "DIABETES_cdc_2": 0.10910126712246034, "OBESITY_cdc_2": 0.3588494250235547, "STROKE_cdc_2": 0.032242818834102384, "DISABILITY_cdc_2": 0.30199695600705434, "HEARING_cdc_2": 0.07246961442756021, "VISION_cdc_2": 0.05457954847437972, "COGNITION_cdc_2": 0.14217281907568913, "MOBILITY_cdc_2": 0.141390349817602, "SELFCARE_cdc_2": 0.04145305969608388, "INDEPLIVE_cdc_2": 0.0821230824052376, "BINGE_cdc_2": 0.17049597758075039, "CSMOKING_cdc_2": 0.1726491435750006, "LPA_cdc_2": 0.23480627159181502, "SLEEP_cdc_2": 0.3435886804532167, "heating_utility_gas": 0.42970887774910527, "heating_electricity": 0.5314360569004687, "industry_agriculture,_forestry,_fishing_and_hunting": 0.0030831200669774587, "industry_mining,_quarrying,_and_oil_and_gas_extraction": 0.0017115368866154768, "industry_accommodation_and_food_services": 0.08115462176212926, "industry_arts,_entertainment,_and_recreation": 0.01745740253004902, "industry_construction": 0.06963051272586682, "industry_educational_services": 0.08516069381779842, "industry_health_care_and_social_assistance": 0.14733939331785467, "industry_finance_and_insurance": 0.06636816084603442, "industry_real_estate_and_rental_and_leasing": 0.015504781267260709, "industry_information": 0.014648259670030582, "industry_manufacturing": 0.10297254918211211, "industry_other_services,_except_public_administration": 0.04507110580892497, "industry_administrative_and_support_and_waste_management_services": 0.039263541061225656, "industry_management_of_companies_and_enterprises": 0.002514972142920235, "industry_professional,_scientific,_and_technical_services": 0.06798838864131065, "industry_public_administration": 0.03239323935693659, "industry_retail_trade": 0.12143889263091276, "industry_transportation_and_warehousing": 0.042234851586268725, "industry_utilities": 0.008205483934489988, "industry_wholesale_trade": 0.03585849276428148, "occupation_architecture_and_engineering_occupations": 0.020635945270331014, "occupation_computer_and_mathematical_occupations": 0.03962499032922445, "occupation_life,_physical,_and_social_science_occupations": 0.007331785122509957, "occupation_arts,_design,_entertainment,_sports,_and_media_occupations": 0.01593208103313327, "occupation_community_and_social_service_occupations": 0.021584494393344394, "occupation_educational_instruction,_and_library_occupations": 0.06031573701563536, "occupation_legal_occupations": 0.007001799760179139, "occupation_health_diagnosing_and_treating_practitioners_and_other_technical_occupations": 0.04678145340902153, "occupation_health_technologists_and_technicians": 0.02057165229576417, "occupation_business_and_financial_operations_occupations": 0.05372265527159757, "occupation_management_occupations": 0.10104208379564343, "occupation_construction_and_extraction_occupations": 0.054176897504150306, "occupation_farming,_fishing,_and_forestry_occupations": 0.002685292659840337, "occupation_installation,_maintenance,_and_repair_occupations": 0.03409425253550979, "occupation_material_moving_occupations": 0.045861456077175886, "occupation_transportation_occupations": 0.03696084958297844, "occupation_office_and_administrative_support_occupations": 0.09767400259410464, "occupation_sales_and_related_occupations": 0.10831556249673256, "occupation_building_and_grounds_cleaning_and_maintenance_occupations": 0.029098988212502487, "occupation_food_preparation_and_serving_related_occupations": 0.0572677432749818, "occupation_healthcare_support_occupations": 0.030323466129782966, "occupation_personal_care_and_service_occupations": 0.023205643286335113, "occupation_firefighting_and_prevention,_and_other_protective_service_workers_including_supervisors": 0.011715287505424013, "occupation_law_enforcement_workers_including_supervisors": 0.00818333687749206, "2020 Presidential Election-margin": -0.04791360538513228, "2016 Presidential Election-margin": -0.12732715749071497, "2016-2020 Swing-margin": 0.07941355210558268, "park_percent_1km_v2": 0.008970798813722168, "mean_dist_Hospital_updated": 6.997115058146185, "mean_dist_Active Superfund Site_updated": 7.832275883808783, "mean_dist_Airport_updated": 16.198373388755133, "mean_dist_Public School_updated": 1.4097517534700144, "mean_high_temp_4": 71.13049926513054, "mean_high_temp_winter_4": 54.80501773350228, "mean_high_temp_spring_4": 76.912576665671, "mean_high_temp_summer_4": 86.97968316930094, "mean_high_temp_fall_4": 64.9703289978808, "mean_high_heat_index_4": 72.12113655918965, "days_above_90_4": 0.10130982045282873, "days_below_40_4": 0.026123280011321734, "wind_speed_over_10mph_4": 0.052333287680961404, "snowfall_4": 0.020935149242298313, "rainfall_4": 1.0691016297741225, "hours_sunny_4": 5.370274277136388, "internet_no_access": 0.0923360297938586, "insurance_coverage_none": 0.13313040163096365, "insurance_coverage_govt": 0.1509948462780136, "insurance_coverage_private": 0.7158747520910228, "marriage_divorced": 0.11191190106318953}