{"population": 1064456.0, "ad_1": 1574.5619794987317, "population_change_2010": 0.3607932173575103, "ad_1_change_2010": 0.09464831474172464, "gpw_population": NaN, "gpw_pw_density_4": NaN, "white": 0.5096171189790841, "hispanic": 0.15891403684135372, "black": 0.101554221123278, "asian": 0.17695799544556093, "citizenship_citizen_by_birth": 0.7818725530950441, "citizenship_citizen_by_naturalization": 0.10251207109180391, "citizenship_not_citizen": 0.11561537581315191, "birthplace_non_us": 0.21812744690495584, "birthplace_us_not_state": 0.3520169536411407, "birthplace_us_state": 0.4298555994539035, "language_english_only": 0.7043696634337746, "language_spanish": 0.1133806989461954, "education_high_school": 0.9401446690752072, "education_ugrad": 0.5241171361148127, "education_grad": 0.19431380270877674, "education_field_stem": 0.25724640191016607, "education_field_humanities": 0.13150430517748982, "education_field_business": 0.13536642902715673, "generation_silent": 0.03995343676412225, "generation_boomer": 0.18249915594259894, "generation_genx": 0.23264977537893802, "generation_millenial": 0.20434815930375352, "generation_genz": 0.20846061735088142, "generation_genalpha": 0.1320888552597058, "poverty_below_line": 0.06479887453376008, "household_income_under_50k": 0.21233716223642327, "household_income_over_100k": 0.5215801667357466, "individual_income_under_50k": 0.4946894507445879, "individual_income_over_100k": 0.2349094621474386, "housing_per_pop": 0.5127720875967328, "vacancy": 0.05492656134593745, "rent_or_own_rent": 0.3544784669903615, "rent_burden_under_20": 0.28070023165713315, "rent_burden_over_40": 0.282272884241309, "rent_1br_under_750": 0.022311007362183517, "rent_1br_over_1500": 0.18744388579637278, "rent_2br_under_750": 0.019463413386531625, "rent_2br_over_1500": 0.6077649044732601, "year_built_1969_or_earlier": 0.04847561664435069, "year_built_2010_or_later": 0.22947551799365384, "transportation_means_car": 0.7891061276091099, "transportation_means_bike": 0.0026961601565278974, "transportation_means_walk": 0.010411211241550939, "transportation_means_transit": 0.007722519672714255, "transportation_means_worked_at_home": 0.17721614890458232, "transportation_commute_time_under_15": 0.19483240244416966, "transportation_commute_time_over_60": 0.0925166381024916, "vehicle_ownership_at_least_1": 0.97177154091345, "GHLTH_cdc_2": 0.12291461314968255, "ARTHRITIS_cdc_2": 0.19091400875210732, "CASTHMA_cdc_2": 0.08920037483410452, "BPHIGH_cdc_2": 0.29031663259083895, "CANCER_cdc_2": 0.052417620789841815, "KIDNEY_cdc_2": 0.022344008034721474, "COPD_cdc_2": 0.045682791707019624, "CHD_cdc_2": 0.038100328204024536, "DIABETES_cdc_2": 0.07833329208364719, "OBESITY_cdc_2": 0.2845968309480254, "STROKE_cdc_2": 0.02056910936547222, "DISABILITY_cdc_2": 0.21687476595286775, "HEARING_cdc_2": 0.04669802898238817, "VISION_cdc_2": 0.0337595771010438, "COGNITION_cdc_2": 0.10503483446321604, "MOBILITY_cdc_2": 0.08642548333871372, "SELFCARE_cdc_2": 0.02539249255712185, "INDEPLIVE_cdc_2": 0.055648454033501916, "BINGE_cdc_2": 0.18423234154740126, "CSMOKING_cdc_2": 0.11941881703073998, "LPA_cdc_2": 0.1892891728541196, "SLEEP_cdc_2": 0.33814320635603856, "heating_utility_gas": 0.4727483800472095, "heating_electricity": 0.5007334677233017, "industry_agriculture,_forestry,_fishing_and_hunting": 0.0022347129214537686, "industry_mining,_quarrying,_and_oil_and_gas_extraction": 0.005313445516547514, "industry_accommodation_and_food_services": 0.06083775069885007, "industry_arts,_entertainment,_and_recreation": 0.01828032107152843, "industry_construction": 0.053974577602034446, "industry_educational_services": 0.08553386778991809, "industry_health_care_and_social_assistance": 0.1038231372169789, "industry_finance_and_insurance": 0.09823643191210137, "industry_real_estate_and_rental_and_leasing": 0.02656150547511871, "industry_information": 0.03609260849927283, "industry_manufacturing": 0.08120639795518758, "industry_other_services,_except_public_administration": 0.04530882620712442, "industry_administrative_and_support_and_waste_management_services": 0.03925142750140356, "industry_management_of_companies_and_enterprises": 0.0034758096844429687, "industry_professional,_scientific,_and_technical_services": 0.1424542088337801, "industry_public_administration": 0.024567067174527297, "industry_retail_trade": 0.10591548163691517, "industry_transportation_and_warehousing": 0.03387713976712932, "industry_utilities": 0.005088127354219117, "industry_wholesale_trade": 0.02796715518146646, "occupation_architecture_and_engineering_occupations": 0.03579342102953484, "occupation_computer_and_mathematical_occupations": 0.08912430992366599, "occupation_life,_physical,_and_social_science_occupations": 0.006512064265327262, "occupation_arts,_design,_entertainment,_sports,_and_media_occupations": 0.02151413576288376, "occupation_community_and_social_service_occupations": 0.01273969402273588, "occupation_educational_instruction,_and_library_occupations": 0.06484176525563665, "occupation_legal_occupations": 0.011912312680476697, "occupation_health_diagnosing_and_treating_practitioners_and_other_technical_occupations": 0.04099795620439626, "occupation_health_technologists_and_technicians": 0.01578695832587261, "occupation_business_and_financial_operations_occupations": 0.0969475530205355, "occupation_management_occupations": 0.15332858047139972, "occupation_construction_and_extraction_occupations": 0.029911771986405985, "occupation_farming,_fishing,_and_forestry_occupations": 0.0011358251625570805, "occupation_installation,_maintenance,_and_repair_occupations": 0.02111878454567102, "occupation_material_moving_occupations": 0.01939029005152323, "occupation_transportation_occupations": 0.022849477904319022, "occupation_office_and_administrative_support_occupations": 0.0994126737221478, "occupation_sales_and_related_occupations": 0.11235365459518801, "occupation_building_and_grounds_cleaning_and_maintenance_occupations": 0.022005089736628236, "occupation_food_preparation_and_serving_related_occupations": 0.04197566551967045, "occupation_healthcare_support_occupations": 0.016307863716063447, "occupation_personal_care_and_service_occupations": 0.024857025793261375, "occupation_firefighting_and_prevention,_and_other_protective_service_workers_including_supervisors": 0.009623969024869679, "occupation_law_enforcement_workers_including_supervisors": 0.005575701082536302, "2020 Presidential Election-margin": -0.04341487888630303, "2016 Presidential Election-margin": -0.16569485696920813, "2016-2020 Swing-margin": 0.12227997808290511, "park_percent_1km_v2": 0.03480130052759847, "mean_dist_Hospital_updated": 4.640142868904079, "mean_dist_Active Superfund Site_updated": 39.9012996960151, "mean_dist_Airport_updated": 34.34845912664775, "mean_dist_Public School_updated": 0.9844345025568517, "mean_high_temp_4": 76.04746687983659, "mean_high_temp_winter_4": 60.10058007340811, "mean_high_temp_spring_4": 80.31656441141843, "mean_high_temp_summer_4": 92.52817710594248, "mean_high_temp_fall_4": 70.4015267371378, "mean_high_heat_index_4": 78.36869249258467, "days_above_90_4": 0.2218316111150511, "days_below_40_4": 0.01585011240309825, "wind_speed_over_10mph_4": 0.3113413193938338, "snowfall_4": 0.009172456626234749, "rainfall_4": 1.0330202409923104, "hours_sunny_4": 6.353730839843571, "internet_no_access": 0.03737071868031331, "insurance_coverage_none": 0.12917258794247244, "insurance_coverage_govt": 0.04301786015440919, "insurance_coverage_private": 0.8278095519031184, "marriage_divorced": 0.09083674490303045}