{"population": 408241.0, "ad_1": 970.0779884605988, "population_change_2010": 0.1657100922880117, "ad_1_change_2010": 0.016405438995480047, "gpw_population": NaN, "gpw_pw_density_4": NaN, "white": 0.6456088437956992, "hispanic": 0.07172234048025554, "black": 0.2247373487719264, "asian": 0.018275969341638883, "citizenship_citizen_by_birth": 0.9410517378583197, "citizenship_citizen_by_naturalization": 0.025050265386893082, "citizenship_not_citizen": 0.03389799675478718, "birthplace_non_us": 0.05894826214168026, "birthplace_us_not_state": 0.4569388198519053, "birthplace_us_state": 0.4841129180064144, "language_english_only": 0.9239386691429986, "language_spanish": 0.043336300838631464, "education_high_school": 0.9307850839597971, "education_ugrad": 0.4546750388009015, "education_grad": 0.1727196914587892, "education_field_stem": 0.20697135268196962, "education_field_humanities": 0.15090125014744063, "education_field_business": 0.09680243597149121, "generation_silent": 0.06084596892419567, "generation_boomer": 0.2363139253455854, "generation_genx": 0.18112979151066375, "generation_millenial": 0.23826673088555464, "generation_genz": 0.172525176213477, "generation_genalpha": 0.11091840712052362, "poverty_below_line": 0.1252648153811148, "household_income_under_50k": 0.3620482615761078, "household_income_over_100k": 0.35988007958375295, "individual_income_under_50k": 0.6072631289269911, "individual_income_over_100k": 0.14721269950197718, "housing_per_pop": 0.6152417490591702, "vacancy": 0.1401315561195406, "rent_or_own_rent": 0.37439421651762667, "rent_burden_under_20": 0.21929244125598601, "rent_burden_over_40": 0.37796452578026307, "rent_1br_under_750": 0.13711387038158693, "rent_1br_over_1500": 0.17330405814657784, "rent_2br_under_750": 0.09365333730853799, "rent_2br_over_1500": 0.34416576603436067, "year_built_1969_or_earlier": 0.25588278723193036, "year_built_2010_or_later": 0.15071874689131967, "transportation_means_car": 0.8410126640628994, "transportation_means_bike": 0.009353843656597808, "transportation_means_walk": 0.02204800047428558, "transportation_means_transit": 0.01078471586453215, "transportation_means_worked_at_home": 0.10812369616721837, "transportation_commute_time_under_15": 0.21602932950803544, "transportation_commute_time_over_60": 0.042766216707562726, "vehicle_ownership_at_least_1": 0.9397931422408431, "GHLTH_cdc_2": 0.14183644748693927, "ARTHRITIS_cdc_2": 0.22906578634480274, "CASTHMA_cdc_2": 0.09346254008286795, "BPHIGH_cdc_2": 0.30551888668708344, "CANCER_cdc_2": 0.06188981444784723, "KIDNEY_cdc_2": 0.02772548369663124, "COPD_cdc_2": 0.054668960547649074, "CHD_cdc_2": 0.04929922176184471, "DIABETES_cdc_2": 0.10321316519546027, "OBESITY_cdc_2": 0.3223071122320303, "STROKE_cdc_2": 0.02818043595748514, "DISABILITY_cdc_2": 0.25396574310934966, "HEARING_cdc_2": 0.05527417762565304, "VISION_cdc_2": 0.050766456494325346, "COGNITION_cdc_2": 0.12894649972977842, "MOBILITY_cdc_2": 0.11511663123761484, "SELFCARE_cdc_2": 0.03668619708160692, "INDEPLIVE_cdc_2": 0.0759970383714646, "BINGE_cdc_2": 0.2273280453972257, "CSMOKING_cdc_2": 0.1425749342460818, "LPA_cdc_2": 0.19946897135651234, "SLEEP_cdc_2": 0.3518734065934066, "heating_utility_gas": 0.19185567244176757, "heating_electricity": 0.7760985917613066, "industry_agriculture,_forestry,_fishing_and_hunting": 0.005199533953960688, "industry_mining,_quarrying,_and_oil_and_gas_extraction": 0.00041365395008382904, "industry_accommodation_and_food_services": 0.09391478998715158, "industry_arts,_entertainment,_and_recreation": 0.02301624818067688, "industry_construction": 0.07528096364013316, "industry_educational_services": 0.08743645024427256, "industry_health_care_and_social_assistance": 0.13875597282249144, "industry_finance_and_insurance": 0.03935039195207178, "industry_real_estate_and_rental_and_leasing": 0.03299673305288412, "industry_information": 0.016566112657830735, "industry_manufacturing": 0.06738581959815093, "industry_other_services,_except_public_administration": 0.0484359915970251, "industry_administrative_and_support_and_waste_management_services": 0.05241173407718863, "industry_management_of_companies_and_enterprises": 0.001178432764773699, "industry_professional,_scientific,_and_technical_services": 0.10757576471308032, "industry_public_administration": 0.04284812433834176, "industry_retail_trade": 0.1006340432585611, "industry_transportation_and_warehousing": 0.03701336192102379, "industry_utilities": 0.006031651783780484, "industry_wholesale_trade": 0.02355422550651757, "occupation_architecture_and_engineering_occupations": 0.02205058430238985, "occupation_computer_and_mathematical_occupations": 0.034382052370688816, "occupation_life,_physical,_and_social_science_occupations": 0.012616683789513127, "occupation_arts,_design,_entertainment,_sports,_and_media_occupations": 0.025713883920327325, "occupation_community_and_social_service_occupations": 0.015378437361016963, "occupation_educational_instruction,_and_library_occupations": 0.057889151687840056, "occupation_legal_occupations": 0.018793209383418892, "occupation_health_diagnosing_and_treating_practitioners_and_other_technical_occupations": 0.06340481042375226, "occupation_health_technologists_and_technicians": 0.020140406731941, "occupation_business_and_financial_operations_occupations": 0.061091571869678916, "occupation_management_occupations": 0.13252946129574325, "occupation_construction_and_extraction_occupations": 0.04945645133780666, "occupation_farming,_fishing,_and_forestry_occupations": 0.002049030031810595, "occupation_installation,_maintenance,_and_repair_occupations": 0.030573918661285445, "occupation_material_moving_occupations": 0.023907356163422808, "occupation_transportation_occupations": 0.027512797610226767, "occupation_office_and_administrative_support_occupations": 0.08836939786281996, "occupation_sales_and_related_occupations": 0.10787346400894075, "occupation_building_and_grounds_cleaning_and_maintenance_occupations": 0.03686872642285484, "occupation_food_preparation_and_serving_related_occupations": 0.06710839667790909, "occupation_healthcare_support_occupations": 0.020284367012900307, "occupation_personal_care_and_service_occupations": 0.02462683981894424, "occupation_firefighting_and_prevention,_and_other_protective_service_workers_including_supervisors": 0.010957019747569331, "occupation_law_enforcement_workers_including_supervisors": 0.006061127000913854, "2020 Presidential Election-margin": 0.1287914170142205, "2016 Presidential Election-margin": 0.07859468093769212, "2016-2020 Swing-margin": 0.05019673607652839, "park_percent_1km_v2": 0.015220225704793536, "mean_dist_Hospital_updated": 5.461310987490489, "mean_dist_Active Superfund Site_updated": 12.21556679211909, "mean_dist_Airport_updated": 15.606628182193809, "mean_dist_Public School_updated": 1.6267914827578238, "mean_high_temp_4": 74.01849366391221, "mean_high_temp_winter_4": 61.707877145007124, "mean_high_temp_spring_4": 77.34901911065948, "mean_high_temp_summer_4": 85.94946122171453, "mean_high_temp_fall_4": 70.46322073159524, "mean_high_heat_index_4": 77.13749704767459, "days_above_90_4": 0.052602535828519675, "days_below_40_4": 0.002983997778475908, "wind_speed_over_10mph_4": 0.2579436784469474, "snowfall_4": 0.0011271600765000002, "rainfall_4": 1.2501121073642012, "hours_sunny_4": 5.630694315439014, "internet_no_access": 0.09418212949062521, "insurance_coverage_none": 0.1293203300328458, "insurance_coverage_govt": 0.10076271044495627, "insurance_coverage_private": 0.769916959522198, "marriage_divorced": 0.10197853373900621}