{"population": 949605.0, "ad_1": 1224.0116012287453, "population_change_2010": 0.15557180789571676, "ad_1_change_2010": 0.10585011582926566, "gpw_population": NaN, "gpw_pw_density_4": NaN, "white": 0.4778776438624481, "hispanic": 0.11592293637881014, "black": 0.2994171260682073, "asian": 0.050358833409680864, "citizenship_citizen_by_birth": 0.8803632464064401, "citizenship_citizen_by_naturalization": 0.06774806929424475, "citizenship_not_citizen": 0.051888684299315105, "birthplace_non_us": 0.11963675359355984, "birthplace_us_not_state": 0.3950810973558791, "birthplace_us_state": 0.48528214905056105, "language_english_only": 0.8428765638027621, "language_spanish": 0.07425488665842835, "education_high_school": 0.9066027969065145, "education_ugrad": 0.2895712395760229, "education_grad": 0.09497578046491574, "education_field_stem": 0.12365085427799367, "education_field_humanities": 0.09214216117669062, "education_field_business": 0.07377822412133861, "generation_silent": 0.05247715424487337, "generation_boomer": 0.2131257933452018, "generation_genx": 0.18532030441818198, "generation_millenial": 0.23155807296960954, "generation_genz": 0.18673990342460936, "generation_genalpha": 0.13077877159752396, "poverty_below_line": 0.14859489295766964, "household_income_under_50k": 0.42629593888698836, "household_income_over_100k": 0.2523765077967185, "individual_income_under_50k": 0.6906106332177133, "individual_income_over_100k": 0.08244114068458468, "housing_per_pop": 0.5539386189258312, "vacancy": 0.0800590978346184, "rent_or_own_rent": 0.4342969701307598, "rent_burden_under_20": 0.22528658902827367, "rent_burden_over_40": 0.3380363501736257, "rent_1br_under_750": 0.21041371326046163, "rent_1br_over_1500": 0.0484487481158443, "rent_2br_under_750": 0.12406843570043895, "rent_2br_over_1500": 0.1938561388369362, "year_built_1969_or_earlier": 0.3013704664151837, "year_built_2010_or_later": 0.09014876985797152, "transportation_means_car": 0.8620673128682451, "transportation_means_bike": 0.005409604726211503, "transportation_means_walk": 0.013589230918914336, "transportation_means_transit": 0.014786526608121053, "transportation_means_worked_at_home": 0.08783511272848668, "transportation_commute_time_under_15": 0.20148157682821313, "transportation_commute_time_over_60": 0.04199899938650225, "vehicle_ownership_at_least_1": 0.9248148727563648, "GHLTH_cdc_2": 0.17895230729346656, "ARTHRITIS_cdc_2": 0.2682640394241174, "CASTHMA_cdc_2": 0.10427776663481221, "BPHIGH_cdc_2": 0.3395216390932594, "CANCER_cdc_2": 0.0695706763656685, "KIDNEY_cdc_2": 0.03160970520185274, "COPD_cdc_2": 0.07570033914847692, "CHD_cdc_2": 0.06344030106626503, "DIABETES_cdc_2": 0.11329064190900305, "OBESITY_cdc_2": 0.3592584343269335, "STROKE_cdc_2": 0.033198565310702983, "DISABILITY_cdc_2": 0.308298693888963, "HEARING_cdc_2": 0.07226797181784209, "VISION_cdc_2": 0.054784103052383334, "COGNITION_cdc_2": 0.14369272355477816, "MOBILITY_cdc_2": 0.14800279890634693, "SELFCARE_cdc_2": 0.042378652452575084, "INDEPLIVE_cdc_2": 0.0850159777537789, "BINGE_cdc_2": 0.16555453666054534, "CSMOKING_cdc_2": 0.17630184278568375, "LPA_cdc_2": 0.2610754203780086, "SLEEP_cdc_2": 0.3552752930341728, "heating_utility_gas": 0.02665664115044724, "heating_electricity": 0.9502395570944371, "industry_agriculture,_forestry,_fishing_and_hunting": 0.0016149242587254356, "industry_mining,_quarrying,_and_oil_and_gas_extraction": 0.000585020771411556, "industry_accommodation_and_food_services": 0.07974907784853218, "industry_arts,_entertainment,_and_recreation": 0.01840293703615217, "industry_construction": 0.07216381559644759, "industry_educational_services": 0.07021444546476366, "industry_health_care_and_social_assistance": 0.13641595647674007, "industry_finance_and_insurance": 0.09048750694964625, "industry_real_estate_and_rental_and_leasing": 0.01807990944539429, "industry_information": 0.0145885003289169, "industry_manufacturing": 0.05307442190455404, "industry_other_services,_except_public_administration": 0.05284854546828228, "industry_administrative_and_support_and_waste_management_services": 0.058024962939186985, "industry_management_of_companies_and_enterprises": 0.001274588981060158, "industry_professional,_scientific,_and_technical_services": 0.064778005371193, "industry_public_administration": 0.04446892672142563, "industry_retail_trade": 0.12214665619395765, "industry_transportation_and_warehousing": 0.07065968359290688, "industry_utilities": 0.006733299320427211, "industry_wholesale_trade": 0.02368881533027609, "occupation_architecture_and_engineering_occupations": 0.01256504496354894, "occupation_computer_and_mathematical_occupations": 0.0384896773949694, "occupation_life,_physical,_and_social_science_occupations": 0.006227425126565002, "occupation_arts,_design,_entertainment,_sports,_and_media_occupations": 0.02290998151177968, "occupation_community_and_social_service_occupations": 0.017515916929336753, "occupation_educational_instruction,_and_library_occupations": 0.048290202181332724, "occupation_legal_occupations": 0.009996519249178654, "occupation_health_diagnosing_and_treating_practitioners_and_other_technical_occupations": 0.04175135055065837, "occupation_health_technologists_and_technicians": 0.018680054105781236, "occupation_business_and_financial_operations_occupations": 0.063725324062, "occupation_management_occupations": 0.09598254299644271, "occupation_construction_and_extraction_occupations": 0.04634535226382925, "occupation_farming,_fishing,_and_forestry_occupations": 0.0015615383328171568, "occupation_installation,_maintenance,_and_repair_occupations": 0.03433627936525866, "occupation_material_moving_occupations": 0.049402394996208535, "occupation_transportation_occupations": 0.04326040892314811, "occupation_office_and_administrative_support_occupations": 0.13499115385422414, "occupation_sales_and_related_occupations": 0.1022806723881072, "occupation_building_and_grounds_cleaning_and_maintenance_occupations": 0.033150903161937965, "occupation_food_preparation_and_serving_related_occupations": 0.06323136853595696, "occupation_healthcare_support_occupations": 0.028164045387877513, "occupation_personal_care_and_service_occupations": 0.026682835902256567, "occupation_firefighting_and_prevention,_and_other_protective_service_workers_including_supervisors": 0.014538295720310174, "occupation_law_enforcement_workers_including_supervisors": 0.010595150706889893, "2020 Presidential Election-margin": 0.05154186603623674, "2016 Presidential Election-margin": 0.001211056303864101, "2016-2020 Swing-margin": 0.05033080973237264, "park_percent_1km_v2": 0.016398845764879336, "mean_dist_Hospital_updated": 5.968258972592058, "mean_dist_Active Superfund Site_updated": 9.10803758251066, "mean_dist_Airport_updated": 24.042260699722828, "mean_dist_Public School_updated": 1.3614577590309995, "mean_high_temp_4": 77.95415407809953, "mean_high_temp_winter_4": 67.4657533393499, "mean_high_temp_spring_4": 81.33516961189343, "mean_high_temp_summer_4": 87.747979145686, "mean_high_temp_fall_4": 74.75248115150268, "mean_high_heat_index_4": 81.79398719727835, "days_above_90_4": 0.09996108521404315, "days_below_40_4": 0.00019393852094675768, "wind_speed_over_10mph_4": 0.14473155423078285, "snowfall_4": 4.635224338721711e-06, "rainfall_4": 1.0578260837110907, "hours_sunny_4": 5.358400956401006, "internet_no_access": 0.09739175305425807, "insurance_coverage_none": 0.16243251962415897, "insurance_coverage_govt": 0.15532478633545185, "insurance_coverage_private": 0.6822426940403892, "marriage_divorced": 0.1398335723107912}