{"population": 419946.0, "ad_1": 1796.8672488444263, "population_change_2010": 0.31244608903279036, "ad_1_change_2010": 0.11571843426587076, "gpw_population": NaN, "gpw_pw_density_4": NaN, "white": 0.32171041038609727, "hispanic": 0.5169855171855429, "black": 0.0793602034547299, "asian": 0.03085396693860639, "citizenship_citizen_by_birth": 0.824629371421984, "citizenship_citizen_by_naturalization": 0.08231855164082315, "citizenship_not_citizen": 0.09305207693719277, "birthplace_non_us": 0.17537062857801594, "birthplace_us_not_state": 0.3966982789828731, "birthplace_us_state": 0.42793109243911104, "language_english_only": 0.6029172585463275, "language_spanish": 0.3560005764106357, "education_high_school": 0.8410838412039247, "education_ugrad": 0.21111441908865045, "education_grad": 0.07578023292773814, "education_field_stem": 0.08599548585485405, "education_field_humanities": 0.0740856277520597, "education_field_business": 0.05103330548173671, "generation_silent": 0.03452301779697756, "generation_boomer": 0.15610961100468487, "generation_genx": 0.19190768927044352, "generation_millenial": 0.22345867023845742, "generation_genz": 0.23777271347334014, "generation_genalpha": 0.1562282982160964, "poverty_below_line": 0.10689574857050745, "household_income_under_50k": 0.2858941867029796, "household_income_over_100k": 0.34965556772958095, "individual_income_under_50k": 0.6750151599766061, "individual_income_over_100k": 0.08228618941425864, "housing_per_pop": 0.4581123893596749, "vacancy": 0.0679434698572048, "rent_or_own_rent": 0.3055818030236486, "rent_burden_under_20": 0.24773063794591701, "rent_burden_over_40": 0.31125749838407707, "rent_1br_under_750": 0.11128800998924555, "rent_1br_over_1500": 0.053414339563512415, "rent_2br_under_750": 0.06293876879517073, "rent_2br_over_1500": 0.2876084515462352, "year_built_1969_or_earlier": 0.058828695611103016, "year_built_2010_or_later": 0.16972367358999338, "transportation_means_car": 0.8715811756754608, "transportation_means_bike": 0.004804643448410514, "transportation_means_walk": 0.007004999590279595, "transportation_means_transit": 0.007416266541879464, "transportation_means_worked_at_home": 0.09805036725200934, "transportation_commute_time_under_15": 0.19559872774221745, "transportation_commute_time_over_60": 0.11242698131464852, "vehicle_ownership_at_least_1": 0.9676497569651342, "GHLTH_cdc_2": 0.16840226628895183, "ARTHRITIS_cdc_2": 0.17589481605039511, "CASTHMA_cdc_2": 0.10482825779036826, "BPHIGH_cdc_2": 0.24339805427165648, "CANCER_cdc_2": 0.04539542176084688, "KIDNEY_cdc_2": 0.02621482220068585, "COPD_cdc_2": 0.04882954841956166, "CHD_cdc_2": 0.04087543331593857, "DIABETES_cdc_2": 0.08961934359624273, "OBESITY_cdc_2": 0.32841398445653797, "STROKE_cdc_2": 0.02290527154465484, "DISABILITY_cdc_2": 0.2871920801028776, "HEARING_cdc_2": 0.049526791039212766, "VISION_cdc_2": 0.0553129007007604, "COGNITION_cdc_2": 0.1614690388772924, "MOBILITY_cdc_2": 0.11180677370657523, "SELFCARE_cdc_2": 0.036491119352914866, "INDEPLIVE_cdc_2": 0.07636531795139408, "BINGE_cdc_2": 0.1852182374757716, "CSMOKING_cdc_2": 0.15815386443268226, "LPA_cdc_2": 0.24635871104815862, "SLEEP_cdc_2": 0.3376400588936932, "heating_utility_gas": 0.34053088513777824, "heating_electricity": 0.6197431660772267, "industry_agriculture,_forestry,_fishing_and_hunting": 0.00512778898160378, "industry_mining,_quarrying,_and_oil_and_gas_extraction": 0.0014333253582454468, "industry_accommodation_and_food_services": 0.06566898823886531, "industry_arts,_entertainment,_and_recreation": 0.016097306464306804, "industry_construction": 0.09121796713216558, "industry_educational_services": 0.07765469084676471, "industry_health_care_and_social_assistance": 0.11881145262476439, "industry_finance_and_insurance": 0.06415302965523245, "industry_real_estate_and_rental_and_leasing": 0.02453916940600958, "industry_information": 0.014540619271330582, "industry_manufacturing": 0.07276495684921429, "industry_other_services,_except_public_administration": 0.04379017397910681, "industry_administrative_and_support_and_waste_management_services": 0.052628120513656985, "industry_management_of_companies_and_enterprises": 0.0013464099498806904, "industry_professional,_scientific,_and_technical_services": 0.042012875022196104, "industry_public_administration": 0.05310470541074233, "industry_retail_trade": 0.1300279967879731, "industry_transportation_and_warehousing": 0.08546418624828674, "industry_utilities": 0.015462878706649995, "industry_wholesale_trade": 0.024153358553004288, "occupation_architecture_and_engineering_occupations": 0.011546113785597827, "occupation_computer_and_mathematical_occupations": 0.02403523522978264, "occupation_life,_physical,_and_social_science_occupations": 0.004182937546461913, "occupation_arts,_design,_entertainment,_sports,_and_media_occupations": 0.012090390966480385, "occupation_community_and_social_service_occupations": 0.016855992694648842, "occupation_educational_instruction,_and_library_occupations": 0.04782622070073849, "occupation_legal_occupations": 0.00472806543112947, "occupation_health_diagnosing_and_treating_practitioners_and_other_technical_occupations": 0.030961277695334712, "occupation_health_technologists_and_technicians": 0.018519825051973117, "occupation_business_and_financial_operations_occupations": 0.05012832511950224, "occupation_management_occupations": 0.08441534086693377, "occupation_construction_and_extraction_occupations": 0.06504515663430488, "occupation_farming,_fishing,_and_forestry_occupations": 0.0034517972409296507, "occupation_installation,_maintenance,_and_repair_occupations": 0.04630551960156715, "occupation_material_moving_occupations": 0.055810744426622774, "occupation_transportation_occupations": 0.05020348700867273, "occupation_office_and_administrative_support_occupations": 0.14239300357575918, "occupation_sales_and_related_occupations": 0.10624861288236483, "occupation_building_and_grounds_cleaning_and_maintenance_occupations": 0.04675559202952756, "occupation_food_preparation_and_serving_related_occupations": 0.04821182771532948, "occupation_healthcare_support_occupations": 0.02879969459580918, "occupation_personal_care_and_service_occupations": 0.022442098343654317, "occupation_firefighting_and_prevention,_and_other_protective_service_workers_including_supervisors": 0.01473544879190601, "occupation_law_enforcement_workers_including_supervisors": 0.01414582140824031, "2020 Presidential Election-margin": 0.11677074016959663, "2016 Presidential Election-margin": 0.09941770398825966, "2016-2020 Swing-margin": 0.01735303618133696, "park_percent_1km_v2": 0.007480651625835683, "mean_dist_Hospital_updated": 5.463729303216202, "mean_dist_Active Superfund Site_updated": 9.876912830226352, "mean_dist_Airport_updated": 31.66641160480125, "mean_dist_Public School_updated": 0.7781666942706117, "mean_high_temp_4": 86.94591339792173, "mean_high_temp_winter_4": 70.22594423286293, "mean_high_temp_spring_4": 91.82757321376529, "mean_high_temp_summer_4": 104.42539156754442, "mean_high_temp_fall_4": 80.39850591272754, "mean_high_heat_index_4": 85.70638658525327, "days_above_90_4": 0.4672557552934246, "days_below_40_4": 0.0, "wind_speed_over_10mph_4": 0.013202623635102231, "snowfall_4": 1.3109154416556064e-05, "rainfall_4": 0.2038057374600075, "hours_sunny_4": 8.931158239833312, "internet_no_access": 0.06683181966411533, "insurance_coverage_none": 0.15825217729899402, "insurance_coverage_govt": 0.17185978936503163, "insurance_coverage_private": 0.6698880333359744, "marriage_divorced": 0.09771006338469959}