{"population": 326332.0, "ad_1": 1360.5416806382082, "population_change_2010": 0.23657446002273588, "ad_1_change_2010": 0.05654350810882519, "gpw_population": NaN, "gpw_pw_density_4": NaN, "white": 0.7824608067857274, "hispanic": 0.1281210546314796, "black": 0.009983697584055502, "asian": 0.024545554833727615, "citizenship_citizen_by_birth": 0.9406588135369266, "citizenship_citizen_by_naturalization": 0.028618438427249395, "citizenship_not_citizen": 0.030722748035823998, "birthplace_non_us": 0.059341186463073396, "birthplace_us_not_state": 0.5357990968865188, "birthplace_us_state": 0.40485971665040765, "language_english_only": 0.9065058093108758, "language_spanish": 0.05571553059998787, "education_high_school": 0.9642846543525282, "education_ugrad": 0.4794883935220734, "education_grad": 0.19310090861278065, "education_field_stem": 0.24577531846293643, "education_field_humanities": 0.15494342130530855, "education_field_business": 0.07876965375382838, "generation_silent": 0.057724522902546684, "generation_boomer": 0.2037020539826101, "generation_genx": 0.17219692882299942, "generation_millenial": 0.21933858780885154, "generation_genz": 0.2463976505583659, "generation_genalpha": 0.10064025592462628, "poverty_below_line": 0.11371259147069666, "household_income_under_50k": 0.3122643941406371, "household_income_over_100k": 0.38512076143440443, "individual_income_under_50k": 0.6123758985449836, "individual_income_over_100k": 0.13357020567803313, "housing_per_pop": 0.5290318873886815, "vacancy": 0.05469276048567519, "rent_or_own_rent": 0.3740923275954693, "rent_burden_under_20": 0.1840410133947924, "rent_burden_over_40": 0.37863365914518965, "rent_1br_under_750": 0.15993186962822553, "rent_1br_over_1500": 0.23491987948670673, "rent_2br_under_750": 0.04677064798980911, "rent_2br_over_1500": 0.3767400155264792, "year_built_1969_or_earlier": 0.16126107248869267, "year_built_2010_or_later": 0.16620502160867906, "transportation_means_car": 0.7732115797274721, "transportation_means_bike": 0.02714406513694985, "transportation_means_walk": 0.029894191234620938, "transportation_means_transit": 0.011780535876915089, "transportation_means_worked_at_home": 0.14896431052346346, "transportation_commute_time_under_15": 0.3131461370604183, "transportation_commute_time_over_60": 0.06770412138507369, "vehicle_ownership_at_least_1": 0.9578710911488465, "GHLTH_cdc_2": 0.11173288190261534, "ARTHRITIS_cdc_2": 0.21446148428088446, "CASTHMA_cdc_2": 0.10531291532273733, "BPHIGH_cdc_2": 0.22634086581432403, "CANCER_cdc_2": 0.05846931469319551, "KIDNEY_cdc_2": 0.023467779699218903, "COPD_cdc_2": 0.04875105409396495, "CHD_cdc_2": 0.04082370885633233, "DIABETES_cdc_2": 0.06329216861617379, "OBESITY_cdc_2": 0.24511839369680954, "STROKE_cdc_2": 0.0220239089884584, "DISABILITY_cdc_2": 0.23450342459099213, "HEARING_cdc_2": 0.05108561963237866, "VISION_cdc_2": 0.03606312419849998, "COGNITION_cdc_2": 0.12377202910659466, "MOBILITY_cdc_2": 0.08392155014961333, "SELFCARE_cdc_2": 0.025895814712625812, "INDEPLIVE_cdc_2": 0.06204044903431392, "BINGE_cdc_2": 0.22028536315237243, "CSMOKING_cdc_2": 0.12686086445420278, "LPA_cdc_2": 0.15209467901138615, "SLEEP_cdc_2": 0.2592091526444643, "heating_utility_gas": 0.7365197852862273, "heating_electricity": 0.23204863718183655, "industry_agriculture,_forestry,_fishing_and_hunting": 0.01097766798493782, "industry_mining,_quarrying,_and_oil_and_gas_extraction": 0.0066134169584916285, "industry_accommodation_and_food_services": 0.06634043460305493, "industry_arts,_entertainment,_and_recreation": 0.025551614648198336, "industry_construction": 0.06735259282077134, "industry_educational_services": 0.1273362551186229, "industry_health_care_and_social_assistance": 0.12510095589193457, "industry_finance_and_insurance": 0.0335763351127214, "industry_real_estate_and_rental_and_leasing": 0.0230922925756799, "industry_information": 0.015419606536431298, "industry_manufacturing": 0.09913662652562284, "industry_other_services,_except_public_administration": 0.0482285258078295, "industry_administrative_and_support_and_waste_management_services": 0.037347204513786064, "industry_management_of_companies_and_enterprises": 0.0010266443607858183, "industry_professional,_scientific,_and_technical_services": 0.10344055931555837, "industry_public_administration": 0.039047215513746576, "industry_retail_trade": 0.1094755596156794, "industry_transportation_and_warehousing": 0.029529659159673528, "industry_utilities": 0.008040108779691782, "industry_wholesale_trade": 0.02336672415678198, "occupation_architecture_and_engineering_occupations": 0.03476557770601983, "occupation_computer_and_mathematical_occupations": 0.04591998564759267, "occupation_life,_physical,_and_social_science_occupations": 0.023288533235983056, "occupation_arts,_design,_entertainment,_sports,_and_media_occupations": 0.023938668246030678, "occupation_community_and_social_service_occupations": 0.020943228273712363, "occupation_educational_instruction,_and_library_occupations": 0.0690669483053004, "occupation_legal_occupations": 0.006948453306501978, "occupation_health_diagnosing_and_treating_practitioners_and_other_technical_occupations": 0.048301321886374884, "occupation_health_technologists_and_technicians": 0.01677385825443863, "occupation_business_and_financial_operations_occupations": 0.060545523034860445, "occupation_management_occupations": 0.1163549430033601, "occupation_construction_and_extraction_occupations": 0.04524566366592287, "occupation_farming,_fishing,_and_forestry_occupations": 0.004926957951608751, "occupation_installation,_maintenance,_and_repair_occupations": 0.026390909728933626, "occupation_material_moving_occupations": 0.024716464153711346, "occupation_transportation_occupations": 0.029799765404165745, "occupation_office_and_administrative_support_occupations": 0.10274819554596493, "occupation_sales_and_related_occupations": 0.10375593993991214, "occupation_building_and_grounds_cleaning_and_maintenance_occupations": 0.025001256375135245, "occupation_food_preparation_and_serving_related_occupations": 0.05382254772526486, "occupation_healthcare_support_occupations": 0.027154919180496485, "occupation_personal_care_and_service_occupations": 0.030624173492779485, "occupation_firefighting_and_prevention,_and_other_protective_service_workers_including_supervisors": 0.012531904351399474, "occupation_law_enforcement_workers_including_supervisors": 0.0059202670001658715, "2020 Presidential Election-margin": 0.16565111088664763, "2016 Presidential Election-margin": 0.06172243092534558, "2016-2020 Swing-margin": 0.10392867996130206, "park_percent_1km_v2": 0.023519804965051298, "mean_dist_Hospital_updated": 4.661982575595881, "mean_dist_Active Superfund Site_updated": 60.36403999323895, "mean_dist_Airport_updated": 70.13137404443344, "mean_dist_Public School_updated": 1.0252736656341481, "mean_high_temp_4": 62.08087906916021, "mean_high_temp_winter_4": 44.13001330552895, "mean_high_temp_spring_4": 66.25888028565375, "mean_high_temp_summer_4": 82.29938918563175, "mean_high_temp_fall_4": 54.61308685041943, "mean_high_heat_index_4": 59.71789775987583, "days_above_90_4": 0.04432274053961536, "days_below_40_4": 0.13674123012229808, "wind_speed_over_10mph_4": 0.025649092884052694, "snowfall_4": 0.15119464257275522, "rainfall_4": 0.34234367609229754, "hours_sunny_4": 6.258116033825673, "internet_no_access": 0.04725361898313482, "insurance_coverage_none": 0.07702580808860547, "insurance_coverage_govt": 0.12261712402039786, "insurance_coverage_private": 0.8003570678909966, "marriage_divorced": 0.09782835136101634}