{"population": 372258.0, "ad_1": 1425.2848846828188, "population_change_2010": 0.07966275221801034, "ad_1_change_2010": 0.09225220387216776, "population_change_2000": 0.15287632202418744, "ad_1_change_2000": 0.04027865676524355, "gpw_population": NaN, "gpw_pw_density_4": NaN, "white": 0.6775408453277029, "hispanic": 0.05568987100344385, "black": 0.11316076484588646, "asian": 0.09003701733743802, "homogeneity_250_2020": 0.5689708151900338, "homogeneity_250_diff_2010": -0.06631139025656796, "homogeneity_250_diff_2000": -0.11114700276401446, "citizenship_citizen_by_birth": 0.8746012652109937, "citizenship_citizen_by_naturalization": 0.0632041629523024, "citizenship_not_citizen": 0.06219457183670389, "birthplace_non_us": 0.1253987347890062, "birthplace_us_not_state": 0.2725708056322301, "birthplace_us_state": 0.6020304595787637, "language_english_only": 0.8511512067715726, "language_spanish": 0.028129327778733535, "education_high_school": 0.9582680340373879, "education_ugrad": 0.5580959348849969, "education_grad": 0.2952539709593072, "education_field_stem": 0.31184033854480714, "education_field_humanities": 0.17786073271006309, "education_field_business": 0.06839486363012844, "generation_silent": 0.05393800901696799, "generation_boomer": 0.2022131581137943, "generation_genx": 0.1705920103971706, "generation_millenial": 0.20351011925060902, "generation_genz": 0.27234304219285793, "generation_genalpha": 0.09740366102860011, "poverty_below_line": 0.13427879489099126, "household_income_under_50k": 0.3231375479838287, "household_income_over_100k": 0.3964330604341482, "individual_income_under_50k": 0.5977768352596042, "individual_income_over_100k": 0.15363870922136266, "housing_per_pop": 0.5160709761690899, "vacancy": 0.057551434163633, "rent_or_own_rent": 0.38602391629297533, "rent_burden_under_20": 0.2553353375644881, "rent_burden_over_40": 0.3861485357977957, "rent_1br_under_750": 0.15788499506416598, "rent_1br_over_1500": 0.14597729516288274, "rent_2br_under_750": 0.09102990033222601, "rent_2br_over_1500": 0.34112956810631173, "year_built_1969_or_earlier": 0.38145414200234745, "year_built_2010_or_later": 0.04903576673699868, "transportation_means_car": 0.7271592437222405, "transportation_means_bike": 0.014042249974551443, "transportation_means_walk": 0.06873791193189446, "transportation_means_transit": 0.04208388918355647, "transportation_means_worked_at_home": 0.1420190623141587, "transportation_commute_time_under_15": 0.2609355388621427, "transportation_commute_time_over_60": 0.04956195400360934, "vehicle_ownership_at_least_1": 0.9230967829602206, "GHLTH_cdc_2": 0.11661244994066612, "ARTHRITIS_cdc_2": 0.2047075064952227, "CASTHMA_cdc_2": 0.10792217379995601, "BPHIGH_cdc_2": 0.22827413017077455, "CANCER_cdc_2": 0.05662068168515606, "KIDNEY_cdc_2": 0.023437188666721065, "COPD_cdc_2": 0.04740593066154752, "CHD_cdc_2": 0.03981068534709594, "DIABETES_cdc_2": 0.07122678816226227, "OBESITY_cdc_2": 0.2821036860503138, "STROKE_cdc_2": 0.02202642505220683, "DISABILITY_cdc_2": 0.230174534566749, "HEARING_cdc_2": 0.04832473398567172, "VISION_cdc_2": 0.038143193906232054, "COGNITION_cdc_2": 0.11835932710613248, "MOBILITY_cdc_2": 0.08539215608224734, "SELFCARE_cdc_2": 0.026787078709421576, "INDEPLIVE_cdc_2": 0.06722278591455323, "BINGE_cdc_2": 0.16513334682691957, "CSMOKING_cdc_2": 0.11623159806713422, "LPA_cdc_2": 0.15785407893032075, "SLEEP_cdc_2": 0.33584118524315143, "heating_utility_gas": 0.768120668569099, "heating_electricity": 0.17479277075689637, "industry_agriculture,_forestry,_fishing_and_hunting": 0.004763302136935754, "industry_mining,_quarrying,_and_oil_and_gas_extraction": 0.0006078581384868517, "industry_accommodation_and_food_services": 0.07072639047549188, "industry_arts,_entertainment,_and_recreation": 0.020127440602827583, "industry_construction": 0.031084607564689736, "industry_educational_services": 0.21815818984038526, "industry_health_care_and_social_assistance": 0.15703700598425843, "industry_finance_and_insurance": 0.025514321347348913, "industry_real_estate_and_rental_and_leasing": 0.014258465472609661, "industry_information": 0.015898634415250947, "industry_manufacturing": 0.12431222947692758, "industry_other_services,_except_public_administration": 0.03959986165987188, "industry_administrative_and_support_and_waste_management_services": 0.028611253759812168, "industry_management_of_companies_and_enterprises": 0.0023895113030172796, "industry_professional,_scientific,_and_technical_services": 0.09585818040810329, "industry_public_administration": 0.022831361287820765, "industry_retail_trade": 0.08450276156240488, "industry_transportation_and_warehousing": 0.02452393179412479, "industry_utilities": 0.005774652315625101, "industry_wholesale_trade": 0.013420040454007168, "occupation_architecture_and_engineering_occupations": 0.04664787197249983, "occupation_computer_and_mathematical_occupations": 0.05061991049812928, "occupation_life,_physical,_and_social_science_occupations": 0.03173438695410675, "occupation_arts,_design,_entertainment,_sports,_and_media_occupations": 0.02632130542775391, "occupation_community_and_social_service_occupations": 0.02199293626921828, "occupation_educational_instruction,_and_library_occupations": 0.11414108597000502, "occupation_legal_occupations": 0.010558915078025928, "occupation_health_diagnosing_and_treating_practitioners_and_other_technical_occupations": 0.07140761080310638, "occupation_health_technologists_and_technicians": 0.015820032069756934, "occupation_business_and_financial_operations_occupations": 0.055357011853233676, "occupation_management_occupations": 0.11268956265654946, "occupation_construction_and_extraction_occupations": 0.022899483320582278, "occupation_farming,_fishing,_and_forestry_occupations": 0.001750212226332832, "occupation_installation,_maintenance,_and_repair_occupations": 0.016281165829988398, "occupation_material_moving_occupations": 0.023564983179098126, "occupation_transportation_occupations": 0.024985065554356166, "occupation_office_and_administrative_support_occupations": 0.0905132209145121, "occupation_sales_and_related_occupations": 0.07328882693859592, "occupation_building_and_grounds_cleaning_and_maintenance_occupations": 0.02521039227810564, "occupation_food_preparation_and_serving_related_occupations": 0.05693953907584606, "occupation_healthcare_support_occupations": 0.026578073089701032, "occupation_personal_care_and_service_occupations": 0.026892482471676936, "occupation_firefighting_and_prevention,_and_other_protective_service_workers_including_supervisors": 0.007325738600039816, "occupation_law_enforcement_workers_including_supervisors": 0.004197365249379047, "sors_cohabiting_partnered_gay": 0.008297329011919706, "2020 Presidential Election-margin": 0.46650175698168983, "2016 Presidential Election-margin": 0.41283712840310016, "2016-2020 Swing-margin": 0.05366462857858967, "park_percent_1km_v2": 0.04701436636839298, "mean_dist_Hospital_updated": 5.005022198533458, "mean_dist_Active Superfund Site_updated": 24.162583479427933, "mean_dist_Airport_updated": 31.88079669977586, "mean_dist_Public School_updated": 1.6516055957180735, "lapop1share_usda_fra_1": 0.5582266958645703, "mean_high_temp_4": 58.47169796389858, "mean_high_temp_winter_4": 35.70961838906037, "mean_high_temp_spring_4": 65.39043045166005, "mean_high_temp_summer_4": 79.77511101768933, "mean_high_temp_fall_4": 51.90487422956637, "mean_high_heat_index_4": 57.53172035936812, "days_above_90_4": 0.01744158653581281, "days_below_40_4": 0.2358974636203714, "wind_speed_over_10mph_4": 0.22942535835105038, "snowfall_4": 0.11809823939601094, "rainfall_4": 0.7945971974840268, "hours_sunny_4": 4.21832546249805, "internet_no_access": 0.048314988449517704, "insurance_coverage_none": 0.044169871858745775, "insurance_coverage_govt": 0.13346619103609067, "insurance_coverage_private": 0.8223639371051635, "marriage_divorced": 0.08122826648577196}