{"population": 3976313.0, "ad_1": 1994.1172111030448, "population_change_2010": 0.1388712028322895, "ad_1_change_2010": 0.07772469561376863, "population_change_2000": 0.36840136430164544, "ad_1_change_2000": 0.0036151901274753965, "gpw_population": NaN, "gpw_pw_density_4": NaN, "white": 0.5585551238043887, "hispanic": 0.2820829245585043, "black": 0.053163068400299475, "asian": 0.04637637932426346, "homogeneity_250_2020": 0.5174902525558865, "homogeneity_250_diff_2010": -0.07218071485329036, "homogeneity_250_diff_2000": -0.1340665780378405, "citizenship_citizen_by_birth": 0.8585131626818305, "citizenship_citizen_by_naturalization": 0.06153169113735063, "citizenship_not_citizen": 0.07995514618081875, "birthplace_non_us": 0.1414868373181672, "birthplace_us_not_state": 0.4769878274824404, "birthplace_us_state": 0.3815253351993925, "language_english_only": 0.7504841345869584, "language_spanish": 0.18387353834784764, "education_high_school": 0.8981992446723963, "education_ugrad": 0.3411874114444059, "education_grad": 0.12667313604454425, "education_field_stem": 0.148256901604393, "education_field_humanities": 0.1138507809157603, "education_field_business": 0.0790797289242511, "generation_silent": 0.0655017408252267, "generation_boomer": 0.20981088341282284, "generation_genx": 0.18955747562043607, "generation_millenial": 0.21086437813538506, "generation_genz": 0.20153307750716132, "generation_genalpha": 0.12273244449896797, "poverty_below_line": 0.12153408977925685, "household_income_under_50k": 0.3408860279504422, "household_income_over_100k": 0.34509068818831645, "individual_income_under_50k": 0.634138518519161, "individual_income_over_100k": 0.12420401259139506, "housing_per_pop": 0.5454258979997427, "vacancy": 0.09560062768633165, "rent_or_own_rent": 0.3696002429753612, "rent_burden_under_20": 0.24537074340897364, "rent_burden_over_40": 0.3239433559185045, "rent_1br_under_750": 0.15609187284517975, "rent_1br_over_1500": 0.12825779339615578, "rent_2br_under_750": 0.06941696860924644, "rent_2br_over_1500": 0.2674081731152563, "year_built_1969_or_earlier": 0.15021778957171064, "year_built_2010_or_later": 0.08738571652729306, "transportation_means_car": 0.8127279486561197, "transportation_means_bike": 0.009397749192828946, "transportation_means_walk": 0.015063813526591615, "transportation_means_transit": 0.01609643357971664, "transportation_means_worked_at_home": 0.1343889670758072, "transportation_commute_time_under_15": 0.21519109269756975, "transportation_commute_time_over_60": 0.06527222242227855, "vehicle_ownership_at_least_1": 0.9449327450388807, "GHLTH_cdc_2": 0.15293231185367143, "ARTHRITIS_cdc_2": 0.21900832572903753, "CASTHMA_cdc_2": 0.10181481003699744, "BPHIGH_cdc_2": 0.2779893131628414, "CANCER_cdc_2": 0.06516090846449664, "KIDNEY_cdc_2": 0.030215486327582156, "COPD_cdc_2": 0.0573708206533339, "CHD_cdc_2": 0.05315197657260384, "DIABETES_cdc_2": 0.093525868550259, "OBESITY_cdc_2": 0.30773934869698266, "STROKE_cdc_2": 0.02750582394830876, "DISABILITY_cdc_2": 0.28205868510648524, "HEARING_cdc_2": 0.06174104956186505, "VISION_cdc_2": 0.049344960170852326, "COGNITION_cdc_2": 0.1411074034563569, "MOBILITY_cdc_2": 0.1208986388062006, "SELFCARE_cdc_2": 0.035464229924876696, "INDEPLIVE_cdc_2": 0.07234758256560916, "BINGE_cdc_2": 0.1757175075103197, "CSMOKING_cdc_2": 0.14525805094516053, "LPA_cdc_2": 0.2209422071819349, "SLEEP_cdc_2": 0.31758903635814495, "heating_utility_gas": 0.2647580415914523, "heating_electricity": 0.7073466656212508, "industry_agriculture,_forestry,_fishing_and_hunting": 0.0028639614358267453, "industry_mining,_quarrying,_and_oil_and_gas_extraction": 0.0017292840943770305, "industry_accommodation_and_food_services": 0.07343029395132089, "industry_arts,_entertainment,_and_recreation": 0.02150987146049685, "industry_construction": 0.07247114775863586, "industry_educational_services": 0.08448257300959759, "industry_health_care_and_social_assistance": 0.12506692190486363, "industry_finance_and_insurance": 0.07989738949548884, "industry_real_estate_and_rental_and_leasing": 0.025597273336273096, "industry_information": 0.01961629937570876, "industry_manufacturing": 0.07705450651212258, "industry_other_services,_except_public_administration": 0.04541678278320977, "industry_administrative_and_support_and_waste_management_services": 0.05830545687053878, "industry_management_of_companies_and_enterprises": 0.002029507178787172, "industry_professional,_scientific,_and_technical_services": 0.07866164200528919, "industry_public_administration": 0.035963124622206286, "industry_retail_trade": 0.11838871770894609, "industry_transportation_and_warehousing": 0.04523348843410834, "industry_utilities": 0.007857256035061667, "industry_wholesale_trade": 0.02442450202714094, "occupation_architecture_and_engineering_occupations": 0.024704479512528656, "occupation_computer_and_mathematical_occupations": 0.041097470379217245, "occupation_life,_physical,_and_social_science_occupations": 0.007800320940163431, "occupation_arts,_design,_entertainment,_sports,_and_media_occupations": 0.019755224259214152, "occupation_community_and_social_service_occupations": 0.015425057914019581, "occupation_educational_instruction,_and_library_occupations": 0.0528711842403093, "occupation_legal_occupations": 0.011134985930923259, "occupation_health_diagnosing_and_treating_practitioners_and_other_technical_occupations": 0.04154425207905516, "occupation_health_technologists_and_technicians": 0.017925929996382105, "occupation_business_and_financial_operations_occupations": 0.06897414571877614, "occupation_management_occupations": 0.11250721076711152, "occupation_construction_and_extraction_occupations": 0.04821479901275222, "occupation_farming,_fishing,_and_forestry_occupations": 0.0020698115381248892, "occupation_installation,_maintenance,_and_repair_occupations": 0.029649606431317206, "occupation_material_moving_occupations": 0.03339587003909152, "occupation_transportation_occupations": 0.032675120883924415, "occupation_office_and_administrative_support_occupations": 0.12924245535682197, "occupation_sales_and_related_occupations": 0.11043631492442961, "occupation_building_and_grounds_cleaning_and_maintenance_occupations": 0.037495375853317726, "occupation_food_preparation_and_serving_related_occupations": 0.05440751700226234, "occupation_healthcare_support_occupations": 0.027744258737916302, "occupation_personal_care_and_service_occupations": 0.025477567275422372, "occupation_firefighting_and_prevention,_and_other_protective_service_workers_including_supervisors": 0.01217068223555718, "occupation_law_enforcement_workers_including_supervisors": 0.006760741622572087, "sors_cohabiting_partnered_gay": 0.008144980768680362, "2020 Presidential Election-margin": 0.015604308905426233, "2016 Presidential Election-margin": -0.037081631323103624, "2016-2020 Swing-margin": 0.052685940228529855, "park_percent_1km_v2": 0.022926664094813108, "mean_dist_Hospital_updated": 3.9845773475913013, "mean_dist_Active Superfund Site_updated": 16.31311562522342, "mean_dist_Airport_updated": 18.617011279196042, "mean_dist_Public School_updated": 0.8594597343568066, "lapop1share_usda_fra_1": 0.7799741807570018, "mean_high_temp_4": 86.22162086483692, "mean_high_temp_winter_4": 69.5038736080166, "mean_high_temp_spring_4": 91.14707043863939, "mean_high_temp_summer_4": 103.55861225259125, "mean_high_temp_fall_4": 79.77452453603337, "mean_high_heat_index_4": 84.90308203518624, "days_above_90_4": 0.45574095513447427, "days_below_40_4": 4.2314823085567715e-06, "wind_speed_over_10mph_4": 0.013109517301901156, "snowfall_4": 0.00025660720991972234, "rainfall_4": 0.2407334897390471, "hours_sunny_4": 8.835895418434857, "internet_no_access": 0.07492433572034542, "insurance_coverage_none": 0.13673248555030804, "insurance_coverage_govt": 0.16213344895865806, "insurance_coverage_private": 0.7011340654910339, "marriage_divorced": 0.1193444452237477}