{"population": 774600.0, "ad_1": 681.5293305571055, "population_change_2010": 0.04788819279194698, "ad_1_change_2010": 0.013126373281647338, "population_change_2000": 0.0844456391173234, "ad_1_change_2000": -0.03722320074493582, "gpw_population": NaN, "gpw_pw_density_4": NaN, "white": 0.7508882003614769, "hispanic": 0.08561063774851536, "black": 0.08319132455460883, "asian": 0.024555899819261554, "homogeneity_250_2020": 0.6700839017185323, "homogeneity_250_diff_2010": -0.06995341142849354, "homogeneity_250_diff_2000": -0.1156613618108151, "citizenship_citizen_by_birth": 0.9464777428937057, "citizenship_citizen_by_naturalization": 0.0238634983967294, "citizenship_not_citizen": 0.02965875870956491, "birthplace_non_us": 0.05352225710629406, "birthplace_us_not_state": 0.1953765180938476, "birthplace_us_state": 0.7511012247998584, "language_english_only": 0.9162785882570621, "language_spanish": 0.04917083246236508, "education_high_school": 0.9219692433094344, "education_ugrad": 0.2990071904377631, "education_grad": 0.10960942874609025, "education_field_stem": 0.12380933249656591, "education_field_humanities": 0.11158292001614385, "education_field_business": 0.06361493792505447, "generation_silent": 0.0636297898162951, "generation_boomer": 0.22508833183642465, "generation_genx": 0.17470505169454942, "generation_millenial": 0.19194783116081818, "generation_genz": 0.21861613022777757, "generation_genalpha": 0.1260128652641351, "poverty_below_line": 0.12585420319829183, "household_income_under_50k": 0.39511807850038894, "household_income_over_100k": 0.2866686930890846, "individual_income_under_50k": 0.6900094702037134, "individual_income_over_100k": 0.08376332350136093, "housing_per_pop": 0.5634019785444432, "vacancy": 0.09414155298898833, "rent_or_own_rent": 0.28013953179358503, "rent_burden_under_20": 0.27324979881457195, "rent_burden_over_40": 0.31858175059832755, "rent_1br_under_750": 0.5097626477863231, "rent_1br_over_1500": 0.04357109537588182, "rent_2br_under_750": 0.2612353231407379, "rent_2br_over_1500": 0.050797933549123785, "year_built_1969_or_earlier": 0.43342335018763056, "year_built_2010_or_later": 0.05256503835915723, "transportation_means_car": 0.8861706336339741, "transportation_means_bike": 0.005227219843067743, "transportation_means_walk": 0.025233050599226058, "transportation_means_transit": 0.0087710258469542, "transportation_means_worked_at_home": 0.0696357939426013, "transportation_commute_time_under_15": 0.34992295863567, "transportation_commute_time_over_60": 0.03687834485669413, "vehicle_ownership_at_least_1": 0.9363776650015814, "traffic_fatalities_last_decade_per_capita": 0.00011515620965659697, "traffic_fatalities_ped_last_decade_per_capita": 2.09140201394268e-05, "GHLTH_cdc_2": 0.15851127150680813, "ARTHRITIS_cdc_2": 0.26370540703916084, "CASTHMA_cdc_2": 0.11161422088291857, "BPHIGH_cdc_2": 0.31199916453891696, "CANCER_cdc_2": 0.0668883116648766, "KIDNEY_cdc_2": 0.029396833187473704, "COPD_cdc_2": 0.07053296823263, "CHD_cdc_2": 0.05785604807059015, "DIABETES_cdc_2": 0.09672270631648267, "OBESITY_cdc_2": 0.3612659093984869, "STROKE_cdc_2": 0.030236648411631654, "DISABILITY_cdc_2": 0.27852212528307685, "HEARING_cdc_2": 0.06474729557819142, "VISION_cdc_2": 0.04791515107770876, "COGNITION_cdc_2": 0.13244546315760974, "MOBILITY_cdc_2": 0.12702881889621667, "SELFCARE_cdc_2": 0.03736786632622729, "INDEPLIVE_cdc_2": 0.08099407778990762, "BINGE_cdc_2": 0.1739413102122951, "CSMOKING_cdc_2": 0.17252971119752342, "LPA_cdc_2": 0.2237705278923125, "SLEEP_cdc_2": 0.33053797378131883, "heating_utility_gas": 0.7446938222229769, "heating_electricity": 0.12076970104561068, "industry_agriculture,_forestry,_fishing_and_hunting": 0.014613492271986052, "industry_mining,_quarrying,_and_oil_and_gas_extraction": 0.00046634411892434953, "industry_accommodation_and_food_services": 0.07386166780297694, "industry_arts,_entertainment,_and_recreation": 0.017458150387149797, "industry_construction": 0.05220053713951021, "industry_educational_services": 0.08736110633494563, "industry_health_care_and_social_assistance": 0.13993065926176199, "industry_finance_and_insurance": 0.03412459123858862, "industry_real_estate_and_rental_and_leasing": 0.014035772035473027, "industry_information": 0.011517092223702249, "industry_manufacturing": 0.2191893061012625, "industry_other_services,_except_public_administration": 0.05160361476520115, "industry_administrative_and_support_and_waste_management_services": 0.035451169949479194, "industry_management_of_companies_and_enterprises": 0.0012886376969438256, "industry_professional,_scientific,_and_technical_services": 0.046504664866031435, "industry_public_administration": 0.025897821480163688, "industry_retail_trade": 0.10865856995178441, "industry_transportation_and_warehousing": 0.0303030739579725, "industry_utilities": 0.008705521853024591, "industry_wholesale_trade": 0.02682820656311771, "occupation_architecture_and_engineering_occupations": 0.027352831826013734, "occupation_computer_and_mathematical_occupations": 0.022643833543030803, "occupation_life,_physical,_and_social_science_occupations": 0.011127638031716276, "occupation_arts,_design,_entertainment,_sports,_and_media_occupations": 0.016160326259902196, "occupation_community_and_social_service_occupations": 0.020723312334532965, "occupation_educational_instruction,_and_library_occupations": 0.05305613701190245, "occupation_legal_occupations": 0.005307680681217419, "occupation_health_diagnosing_and_treating_practitioners_and_other_technical_occupations": 0.04105964221288183, "occupation_health_technologists_and_technicians": 0.019636576899148574, "occupation_business_and_financial_operations_occupations": 0.04854458719317897, "occupation_management_occupations": 0.10237694903303275, "occupation_construction_and_extraction_occupations": 0.03945959454268985, "occupation_farming,_fishing,_and_forestry_occupations": 0.007882548021589829, "occupation_installation,_maintenance,_and_repair_occupations": 0.0320724016034119, "occupation_material_moving_occupations": 0.04286019467205725, "occupation_transportation_occupations": 0.03430928851636242, "occupation_office_and_administrative_support_occupations": 0.10410424442588055, "occupation_sales_and_related_occupations": 0.09120799792971376, "occupation_building_and_grounds_cleaning_and_maintenance_occupations": 0.03583100314236143, "occupation_food_preparation_and_serving_related_occupations": 0.06283694861737293, "occupation_healthcare_support_occupations": 0.0327527956853277, "occupation_personal_care_and_service_occupations": 0.024905118281139206, "occupation_firefighting_and_prevention,_and_other_protective_service_workers_including_supervisors": 0.006967092197405192, "occupation_law_enforcement_workers_including_supervisors": 0.0065041910375259315, "sors_cohabiting_partnered_gay": 0.005384793113697214, "2020 Presidential Election-margin": -0.03945859101117354, "2016 Presidential Election-margin": -0.09439518095981457, "2016-2020 Swing-margin": 0.05493658994864103, "park_percent_1km_v2": 0.019064777975020653, "mean_dist_Hospital_updated": 7.250045272153522, "mean_dist_Active Superfund Site_updated": 8.953989888063685, "mean_dist_Airport_updated": 28.163940015699954, "mean_dist_Public School_updated": 1.8046490351577638, "lapop1share_usda_fra_1": 0.4546194881942577, "mean_high_temp_4": 57.1629167556954, "mean_high_temp_winter_4": 34.70313056191184, "mean_high_temp_spring_4": 63.21961951190659, "mean_high_temp_summer_4": 78.38535537293959, "mean_high_temp_fall_4": 51.26528400555201, "mean_high_heat_index_4": 56.27181234258663, "days_above_90_4": 0.008450948536161974, "days_below_40_4": 0.2496592277793239, "wind_speed_over_10mph_4": 0.2888486000019798, "snowfall_4": 0.14692051425324784, "rainfall_4": 0.9018659045351657, "hours_sunny_4": 4.302681215703863, "internet_no_access": 0.09481007616058057, "insurance_coverage_none": 0.06904204253551383, "insurance_coverage_govt": 0.19122632697608982,