{"population": 791870.0, "ad_1": 945.2571919941898, "population_change_2010": 0.14353421634829222, "ad_1_change_2010": 0.04892424634266926, "population_change_2000": 0.29492508805955014, "ad_1_change_2000": 0.020255137251761687, "gpw_population": NaN, "gpw_pw_density_4": NaN, "white": 0.6209175748544584, "hispanic": 0.0987763142940129, "black": 0.11515273971737786, "asian": 0.03294101304507053, "homogeneity_250_2020": 0.5102812722445657, "homogeneity_250_diff_2010": -0.10314511717388486, "homogeneity_250_diff_2000": -0.17276140467358603, "citizenship_citizen_by_birth": 0.9365729365190721, "citizenship_citizen_by_naturalization": 0.029233647153499596, "citizenship_not_citizen": 0.03419341632742826, "birthplace_non_us": 0.06342706348092668, "birthplace_us_not_state": 0.32567785518682146, "birthplace_us_state": 0.6108950813322519, "language_english_only": 0.9027552954913974, "language_spanish": 0.05784444947856747, "education_high_school": 0.9230217248624945, "education_ugrad": 0.3502837457971277, "education_grad": 0.1289569921397711, "education_field_stem": 0.13552220019154024, "education_field_humanities": 0.125915752699119, "education_field_business": 0.08884579290646763, "generation_silent": 0.057844499200914126, "generation_boomer": 0.21604851681095602, "generation_genx": 0.178026449294479, "generation_millenial": 0.21622983902166518, "generation_genz": 0.19745740337427517, "generation_genalpha": 0.1343932922977106, "poverty_below_line": 0.12692248520260804, "household_income_under_50k": 0.3825646153013242, "household_income_over_100k": 0.3034887064836929, "individual_income_under_50k": 0.6455792678823411, "individual_income_over_100k": 0.10913331785880878, "housing_per_pop": 0.5741498967687371, "vacancy": 0.09365116500732192, "rent_or_own_rent": 0.3372035428442883, "rent_burden_under_20": 0.2944226579449717, "rent_burden_over_40": 0.3035804298870455, "rent_1br_under_750": 0.48323329293870776, "rent_1br_over_1500": 0.04244011686752582, "rent_2br_under_750": 0.20368783124792506, "rent_2br_over_1500": 0.061118739386734226, "year_built_1969_or_earlier": 0.2960035517623808, "year_built_2010_or_later": 0.12438709123269279, "transportation_means_car": 0.8975171221850377, "transportation_means_bike": 0.002466120890682639, "transportation_means_walk": 0.015642620773284027, "transportation_means_transit": 0.0033900212697956992, "transportation_means_worked_at_home": 0.07404980836795035, "transportation_commute_time_under_15": 0.2595576382313612, "transportation_commute_time_over_60": 0.0406064066954352, "vehicle_ownership_at_least_1": 0.9499198345822633, "traffic_fatalities_last_decade_per_capita": 0.00011895892002475154, "traffic_fatalities_ped_last_decade_per_capita": 2.1594453635066363e-05, "GHLTH_cdc_2": 0.18339646929439565, "ARTHRITIS_cdc_2": 0.249043253625786, "CASTHMA_cdc_2": 0.10977449842290492, "BPHIGH_cdc_2": 0.3584882195254216, "CANCER_cdc_2": 0.06537985252449581, "KIDNEY_cdc_2": 0.029252873519326088, "COPD_cdc_2": 0.0684473372690682, "CHD_cdc_2": 0.059465863354132495, "DIABETES_cdc_2": 0.11395306903319861, "OBESITY_cdc_2": 0.3736150648785314, "STROKE_cdc_2": 0.03081626278286526, "DISABILITY_cdc_2": 0.33242108609483845, "HEARING_cdc_2": 0.07732718024698941, "VISION_cdc_2": 0.05190237289688888, "COGNITION_cdc_2": 0.14453510275934242, "MOBILITY_cdc_2": 0.15236348587488754, "SELFCARE_cdc_2": 0.03956998785675568, "INDEPLIVE_cdc_2": 0.08180558780176508, "BINGE_cdc_2": 0.13505392860688695, "CSMOKING_cdc_2": 0.1661745419552883, "LPA_cdc_2": 0.26097531637352345, "SLEEP_cdc_2": 0.31515734666289946, "heating_utility_gas": 0.5618985483306974, "heating_electricity": 0.37875437396754225, "industry_agriculture,_forestry,_fishing_and_hunting": 0.0071575283175391285, "industry_mining,_quarrying,_and_oil_and_gas_extraction": 0.029727167243658592, "industry_accommodation_and_food_services": 0.07220582782599876, "industry_arts,_entertainment,_and_recreation": 0.022057095165951324, "industry_construction": 0.05916676406650028, "industry_educational_services": 0.08760711245056539, "industry_health_care_and_social_assistance": 0.14264260147695998, "industry_finance_and_insurance": 0.052563806344874675, "industry_real_estate_and_rental_and_leasing": 0.02060295460903453, "industry_information": 0.017220739082041716, "industry_manufacturing": 0.06578431339915397, "industry_other_services,_except_public_administration": 0.052475253004804705, "industry_administrative_and_support_and_waste_management_services": 0.03317000366669884, "industry_management_of_companies_and_enterprises": 0.0012933146884463072, "industry_professional,_scientific,_and_technical_services": 0.07527183674394625, "industry_public_administration": 0.07341308418408846, "industry_retail_trade": 0.11299120275295256, "industry_transportation_and_warehousing": 0.04070684893043996, "industry_utilities": 0.009018835027546952, "industry_wholesale_trade": 0.02492371101879781, "occupation_architecture_and_engineering_occupations": 0.021585866721934948, "occupation_computer_and_mathematical_occupations": 0.030352818157940706, "occupation_life,_physical,_and_social_science_occupations": 0.010298763080353705, "occupation_arts,_design,_entertainment,_sports,_and_media_occupations": 0.01847141373334503, "occupation_community_and_social_service_occupations": 0.018599881405604438, "occupation_educational_instruction,_and_library_occupations": 0.06014144251896109, "occupation_legal_occupations": 0.015307518115775968, "occupation_health_diagnosing_and_treating_practitioners_and_other_technical_occupations": 0.05395759099678841, "occupation_health_technologists_and_technicians": 0.02079984233904046, "occupation_business_and_financial_operations_occupations": 0.06423428285255667, "occupation_management_occupations": 0.10969661343564986, "occupation_construction_and_extraction_occupations": 0.047412252018943876, "occupation_farming,_fishing,_and_forestry_occupations": 0.0028304166838417524, "occupation_installation,_maintenance,_and_repair_occupations": 0.036728088829851166, "occupation_material_moving_occupations": 0.03229691513530608, "occupation_transportation_occupations": 0.033753879043062616, "occupation_office_and_administrative_support_occupations": 0.11747352002946751, "occupation_sales_and_related_occupations": 0.10334934280885673, "occupation_building_and_grounds_cleaning_and_maintenance_occupations": 0.029140192157836697, "occupation_food_preparation_and_serving_related_occupations": 0.05754188295268926, "occupation_healthcare_support_occupations": 0.024975797802167483, "occupation_personal_care_and_service_occupations": 0.029625057997386725, "occupation_firefighting_and_prevention,_and_other_protective_service_workers_including_supervisors": 0.011532078542655429, "occupation_law_enforcement_workers_including_supervisors": 0.008387383394576354, "sors_cohabiting_partnered_gay": 0.00640683328977611, "2020 Presidential Election-margin": -0.18456610247946464, "2016 Presidential Election-margin": -0.24708713547383127, "2016-2020 Swing-margin": 0.06252103299436662, "park_percent_1km_v2": 0.01583427929555807, "mean_dist_Hospital_updated": 5.691747603920269, "mean_dist_Active Superfund Site_updated": 29.180997742727882, "mean_dist_Airport_updated": 31.857155954295333, "mean_dist_Public School_updated": 1.7378304561246016, "lapop1share_usda_fra_1": 0.5398320149795526, "mean_high_temp_4": 72.71924951556655, "mean_high_temp_winter_4": 54.575330372818044, "mean_high_temp_spring_4": 78.02150944922035, "mean_high_temp_summer_4": 91.48568763459097, "mean_high_temp_fall_4": 65.81861562397218, "mean_high_heat_index_4": 73.61451271962682, "days_above_90_4": 0.19314394826950484, "days_below_40_4": 0.04723826137020019, "wind_speed_over_10mph_4": 0.3354668298958054, "snowfall_4": 0.029171073229323854, "rainfall_4": 0.7941846520030329, "hours_sunny_4": 6.631778282664194, "internet_no_access": 0.0990931257759702, "insurance_coverage_none": 0.15835646905573172, "insurance_coverage_govt": 0.10673965699636025,