{"population": 586807.0, "ad_1": 1133.6305455984307, "population_change_2010": 0.017883874504117107, "ad_1_change_2010": -0.017707999591661413, "gpw_population": NaN, "gpw_pw_density_4": NaN, "white": 0.3098207758257826, "hispanic": 0.6141576361563512, "black": 0.030909651725354332, "asian": 0.017610560201224593, "citizenship_citizen_by_birth": 0.9289940630161098, "citizenship_citizen_by_naturalization": 0.02870253378049676, "citizenship_not_citizen": 0.042303403203393604, "birthplace_non_us": 0.07100593698389036, "birthplace_us_not_state": 0.15386261410342322, "birthplace_us_state": 0.7751314489126864, "language_english_only": 0.6518059004766457, "language_spanish": 0.3299526530093304, "education_high_school": 0.8363261431927754, "education_ugrad": 0.18705883024155368, "education_grad": 0.06393040828836699, "education_field_stem": 0.07742808132654193, "education_field_humanities": 0.07251317291570365, "education_field_business": 0.03711757599930811, "generation_silent": 0.06148384671787619, "generation_boomer": 0.2097000866894791, "generation_genx": 0.1784069484146303, "generation_millenial": 0.20423077972042894, "generation_genz": 0.2127510347601764, "generation_genalpha": 0.13342730369740902, "poverty_below_line": 0.18578266301291863, "household_income_under_50k": 0.45482450553712966, "household_income_over_100k": 0.2552156443623034, "individual_income_under_50k": 0.7189381292325049, "individual_income_over_100k": 0.07791011422427223, "housing_per_pop": 0.5681322981421698, "vacancy": 0.1615231088326224, "rent_or_own_rent": 0.37541030769151185, "rent_burden_under_20": 0.2474891883514439, "rent_burden_over_40": 0.33078532214124073, "rent_1br_under_750": 0.3705975156395175, "rent_1br_over_1500": 0.0426213840798708, "rent_2br_under_750": 0.19770682909994383, "rent_2br_over_1500": 0.09377609634611532, "year_built_1969_or_earlier": 0.33065082209416957, "year_built_2010_or_later": 0.10445632814184362, "transportation_means_car": 0.9178039439778404, "transportation_means_bike": 0.0033326882195576528, "transportation_means_walk": 0.01408338612649139, "transportation_means_transit": 0.008614366196651919, "transportation_means_worked_at_home": 0.047198720939404304, "transportation_commute_time_under_15": 0.33951226216253155, "transportation_commute_time_over_60": 0.04809092994156615, "vehicle_ownership_at_least_1": 0.9327378788222054, "GHLTH_cdc_2": 0.23750451980659254, "ARTHRITIS_cdc_2": 0.2304278163491162, "CASTHMA_cdc_2": 0.09579532554669848, "BPHIGH_cdc_2": 0.34862843592509, "CANCER_cdc_2": 0.05710894454409884, "KIDNEY_cdc_2": 0.034799172243850346, "COPD_cdc_2": 0.07178759403172713, "CHD_cdc_2": 0.06420546626401565, "DIABETES_cdc_2": 0.14054201941313965, "OBESITY_cdc_2": 0.40516377847052343, "STROKE_cdc_2": 0.033793729900008146, "DISABILITY_cdc_2": 0.3558881825800031, "HEARING_cdc_2": 0.07706621430956392, "VISION_cdc_2": 0.08070478313462616, "COGNITION_cdc_2": 0.16330968780951458, "MOBILITY_cdc_2": 0.16825549431381046, "SELFCARE_cdc_2": 0.0548947056619051, "INDEPLIVE_cdc_2": 0.09817095469442517, "BINGE_cdc_2": 0.17952654317639438, "CSMOKING_cdc_2": 0.16533266266506694, "LPA_cdc_2": 0.31722860055483276, "SLEEP_cdc_2": 0.3586857912588466, "heating_utility_gas": 0.16417875405345958, "heating_electricity": 0.8069776316736904, "industry_agriculture,_forestry,_fishing_and_hunting": 0.012049737970160347, "industry_mining,_quarrying,_and_oil_and_gas_extraction": 0.03393494017125865, "industry_accommodation_and_food_services": 0.08778480537159009, "industry_arts,_entertainment,_and_recreation": 0.012295451732147536, "industry_construction": 0.10750559694784308, "industry_educational_services": 0.10008755129346743, "industry_health_care_and_social_assistance": 0.1385172120154065, "industry_finance_and_insurance": 0.029403208594263673, "industry_real_estate_and_rental_and_leasing": 0.02231780312465337, "industry_information": 0.009510567733036537, "industry_manufacturing": 0.05994720045141761, "industry_other_services,_except_public_administration": 0.05134915189482382, "industry_administrative_and_support_and_waste_management_services": 0.039118993526058264, "industry_management_of_companies_and_enterprises": 0.0006476373544670055, "industry_professional,_scientific,_and_technical_services": 0.04123574905161448, "industry_public_administration": 0.06232548469502096, "industry_retail_trade": 0.11973988361196931, "industry_transportation_and_warehousing": 0.042512152099714685, "industry_utilities": 0.008839637685892151, "industry_wholesale_trade": 0.020877234675194596, "occupation_architecture_and_engineering_occupations": 0.016191522524986617, "occupation_computer_and_mathematical_occupations": 0.00999933894735516, "occupation_life,_physical,_and_social_science_occupations": 0.010823087062694326, "occupation_arts,_design,_entertainment,_sports,_and_media_occupations": 0.010387739748908387, "occupation_community_and_social_service_occupations": 0.02095400063803864, "occupation_educational_instruction,_and_library_occupations": 0.06303013101020358, "occupation_legal_occupations": 0.0074021373703805566, "occupation_health_diagnosing_and_treating_practitioners_and_other_technical_occupations": 0.03189830232765729, "occupation_health_technologists_and_technicians": 0.023473986846788295, "occupation_business_and_financial_operations_occupations": 0.0285928542309342, "occupation_management_occupations": 0.08796486027417881, "occupation_construction_and_extraction_occupations": 0.09097625166394822, "occupation_farming,_fishing,_and_forestry_occupations": 0.0052435858953015675, "occupation_installation,_maintenance,_and_repair_occupations": 0.04120034663131352, "occupation_material_moving_occupations": 0.03145930374860878, "occupation_transportation_occupations": 0.04269614041394473, "occupation_office_and_administrative_support_occupations": 0.10541447313357058, "occupation_sales_and_related_occupations": 0.10781271595431485, "occupation_building_and_grounds_cleaning_and_maintenance_occupations": 0.04307334641033972, "occupation_food_preparation_and_serving_related_occupations": 0.0681207024622238, "occupation_healthcare_support_occupations": 0.04479573933863763, "occupation_personal_care_and_service_occupations": 0.0185277536591034, "occupation_firefighting_and_prevention,_and_other_protective_service_workers_including_supervisors": 0.013249250523868855, "occupation_law_enforcement_workers_including_supervisors": 0.019118449214489807, "2020 Presidential Election-margin": -0.11623958537745714, "2016 Presidential Election-margin": -0.0609238858534791, "2016-2020 Swing-margin": -0.055315699523978044, "park_percent_1km_v2": 0.018882206976577953, "mean_dist_Hospital_updated": 9.075426905965365, "mean_dist_Active Superfund Site_updated": 28.776633386930722, "mean_dist_Airport_updated": 30.23793298741373, "mean_dist_Public School_updated": 1.7048886156747227, "mean_high_temp_4": 80.06340041731383, "mean_high_temp_winter_4": 69.22962065323384, "mean_high_temp_spring_4": 83.02573726369683, "mean_high_temp_summer_4": 90.11397679814318, "mean_high_temp_fall_4": 77.37483734365836, "mean_high_heat_index_4": 85.54676853878486, "days_above_90_4": 0.1844318961233441, "days_below_40_4": 0.001132171051226668, "wind_speed_over_10mph_4": 0.48412799879684404, "snowfall_4": 0.000655561422366307, "rainfall_4": 0.8205592635290219, "hours_sunny_4": 5.976312371848458, "internet_no_access": 0.16387412377434438, "insurance_coverage_none": 0.25925249269689843, "insurance_coverage_govt": 0.139220002112568, "insurance_coverage_private": 0.6015275051905334, "marriage_divorced": 0.1166863300141172}