{"population": 394530.0, "ad_1": 1524.1988631012982, "population_change_2010": 0.08339740773286468, "ad_1_change_2010": -0.03575257240424189, "gpw_population": NaN, "gpw_pw_density_4": NaN, "white": 0.7460421260740628, "hispanic": 0.1406458317491699, "black": 0.046133373887917266, "asian": 0.032565330900058295, "citizenship_citizen_by_birth": 0.9309239995947097, "citizenship_citizen_by_naturalization": 0.041723942008672306, "citizenship_not_citizen": 0.02735205839661803, "birthplace_non_us": 0.06907600040529033, "birthplace_us_not_state": 0.2283680203056406, "birthplace_us_state": 0.7025559792890691, "language_english_only": 0.8397506067362829, "language_spanish": 0.0887111623017775, "education_high_school": 0.8973644719796363, "education_ugrad": 0.3160458129094599, "education_grad": 0.11746209846597573, "education_field_stem": 0.12443187082164167, "education_field_humanities": 0.13274512140957628, "education_field_business": 0.05886882067824197, "generation_silent": 0.0834597058247525, "generation_boomer": 0.23083738870447165, "generation_genx": 0.176970613410591, "generation_millenial": 0.19804694532150385, "generation_genz": 0.1925036859741077, "generation_genalpha": 0.11818166076457333, "poverty_below_line": 0.09100643750655713, "household_income_under_50k": 0.3245940497119406, "household_income_over_100k": 0.3298817698501472, "individual_income_under_50k": 0.6509841999760009, "individual_income_over_100k": 0.0927650365994759, "housing_per_pop": 0.5221962729407532, "vacancy": 0.04810064285933992, "rent_or_own_rent": 0.3333577427986765, "rent_burden_under_20": 0.27556292306318264, "rent_burden_over_40": 0.32029245776215653, "rent_1br_under_750": 0.30338160169454376, "rent_1br_over_1500": 0.10181608894191509, "rent_2br_under_750": 0.07662588299410278, "rent_2br_over_1500": 0.18920325534002366, "year_built_1969_or_earlier": 0.44520554488519715, "year_built_2010_or_later": 0.06641084246624408, "transportation_means_car": 0.8621055209353551, "transportation_means_bike": 0.005737095070072195, "transportation_means_walk": 0.03473999467618715, "transportation_means_transit": 0.012332992362051128, "transportation_means_worked_at_home": 0.07612890248256518, "transportation_commute_time_under_15": 0.30980485765499843, "transportation_commute_time_over_60": 0.05107537956752058, "vehicle_ownership_at_least_1": 0.9186077631269954, "GHLTH_cdc_2": 0.16277792335874275, "ARTHRITIS_cdc_2": 0.27791659397508434, "CASTHMA_cdc_2": 0.10698629956527468, "BPHIGH_cdc_2": 0.30018715975888943, "CANCER_cdc_2": 0.07142968380051769, "KIDNEY_cdc_2": 0.029500019582222193, "COPD_cdc_2": 0.06831159587990046, "CHD_cdc_2": 0.06186057457800311, "DIABETES_cdc_2": 0.09216726778154785, "OBESITY_cdc_2": 0.3507065443786561, "STROKE_cdc_2": 0.030743804006878702, "DISABILITY_cdc_2": 0.2920605055061648, "HEARING_cdc_2": 0.07229644992113705, "VISION_cdc_2": 0.04795478286875995, "COGNITION_cdc_2": 0.13885982689315585, "MOBILITY_cdc_2": 0.1320374234068082, "SELFCARE_cdc_2": 0.0354794902925584, "INDEPLIVE_cdc_2": 0.07745816347239085, "BINGE_cdc_2": 0.1624283700114289, "CSMOKING_cdc_2": 0.1650955185194416, "LPA_cdc_2": 0.2450022715377741, "SLEEP_cdc_2": 0.35870950307440885, "heating_utility_gas": 0.4098431651783409, "heating_electricity": 0.3547258502122083, "industry_agriculture,_forestry,_fishing_and_hunting": 0.01206241943830901, "industry_mining,_quarrying,_and_oil_and_gas_extraction": 0.00115344991742903, "industry_accommodation_and_food_services": 0.06381352254078858, "industry_arts,_entertainment,_and_recreation": 0.020132811737953227, "industry_construction": 0.06348580114506647, "industry_educational_services": 0.08847816031751063, "industry_health_care_and_social_assistance": 0.16179253743113303, "industry_finance_and_insurance": 0.0404154622214933, "industry_real_estate_and_rental_and_leasing": 0.01696194349232871, "industry_information": 0.015265858435171314, "industry_manufacturing": 0.15217947724613362, "industry_other_services,_except_public_administration": 0.046271619559293854, "industry_administrative_and_support_and_waste_management_services": 0.03344241134091687, "industry_management_of_companies_and_enterprises": 0.0011964914449629305, "industry_professional,_scientific,_and_technical_services": 0.06100226429861155, "industry_public_administration": 0.025012872247993805, "industry_retail_trade": 0.11754686621910167, "industry_transportation_and_warehousing": 0.041443976455763115, "industry_utilities": 0.005323821539168851, "industry_wholesale_trade": 0.03301823297087045, "occupation_architecture_and_engineering_occupations": 0.016226114266258945, "occupation_computer_and_mathematical_occupations": 0.022975284784700775, "occupation_life,_physical,_and_social_science_occupations": 0.009495787287090706, "occupation_arts,_design,_entertainment,_sports,_and_media_occupations": 0.021174087991781203, "occupation_community_and_social_service_occupations": 0.022268371244583633, "occupation_educational_instruction,_and_library_occupations": 0.05726609302181317, "occupation_legal_occupations": 0.006550421188255867, "occupation_health_diagnosing_and_treating_practitioners_and_other_technical_occupations": 0.04765353616050262, "occupation_health_technologists_and_technicians": 0.02435168932467868, "occupation_business_and_financial_operations_occupations": 0.058337526419095495, "occupation_management_occupations": 0.10128873778269802, "occupation_construction_and_extraction_occupations": 0.04252877924264347, "occupation_farming,_fishing,_and_forestry_occupations": 0.005543448020536358, "occupation_installation,_maintenance,_and_repair_occupations": 0.03125099395210822, "occupation_material_moving_occupations": 0.05628167917275492, "occupation_transportation_occupations": 0.03626769627207566, "occupation_office_and_administrative_support_occupations": 0.1076574870380344, "occupation_sales_and_related_occupations": 0.09750951934979693, "occupation_building_and_grounds_cleaning_and_maintenance_occupations": 0.03409070142220221, "occupation_food_preparation_and_serving_related_occupations": 0.05412170351032948, "occupation_healthcare_support_occupations": 0.029560169133188863, "occupation_personal_care_and_service_occupations": 0.02359066345576251, "occupation_firefighting_and_prevention,_and_other_protective_service_workers_including_supervisors": 0.006176836379175523, "occupation_law_enforcement_workers_including_supervisors": 0.0062410566942946175, "2020 Presidential Election-margin": -0.04954159422469588, "2016 Presidential Election-margin": -0.09266969133335512, "2016-2020 Swing-margin": 0.04312809710865924, "park_percent_1km_v2": 0.02021196585892673, "mean_dist_Hospital_updated": 5.896882540493066, "mean_dist_Active Superfund Site_updated": 14.753266414782587, "mean_dist_Airport_updated": 11.329382179012416, "mean_dist_Public School_updated": 1.2383266813690748, "mean_high_temp_4": 63.386665630607105, "mean_high_temp_winter_4": 42.88235618508553, "mean_high_temp_spring_4": 69.31897570979129, "mean_high_temp_summer_4": 83.08704630390963, "mean_high_temp_fall_4": 57.2402739954508, "mean_high_heat_index_4": 62.99630990583397, "days_above_90_4": 0.04286230424234751, "days_below_40_4": 0.12923995039270142, "wind_speed_over_10mph_4": 0.12396640265481328, "snowfall_4": 0.09542945086226434, "rainfall_4": 1.0030652826236885, "hours_sunny_4": 4.711282985326327, "internet_no_access": 0.09622837713516175, "insurance_coverage_none": 0.08733166655208562, "insurance_coverage_govt": 0.1587051338262596, "insurance_coverage_private": 0.7539631996216547, "marriage_divorced": 0.08886670364157302}