{"population": 7122181.0, "ad_1": 1756.9090698631676, "population_change_2010": 0.2029865806727095, "ad_1_change_2010": 0.05152387755854728, "population_change_2000": 0.5175768735855646, "ad_1_change_2000": 0.038544740658479314, "gpw_population": NaN, "gpw_pw_density_4": NaN, "white": 0.33693906403108825, "hispanic": 0.37481454065826186, "black": 0.1697616221772516, "asian": 0.08259085243691504, "homogeneity_250_2020": 0.47034957515818343, "homogeneity_250_diff_2010": -0.06038389999955007, "homogeneity_250_diff_2000": -0.11363404797916576, "citizenship_citizen_by_birth": 0.7650195066174363, "citizenship_citizen_by_naturalization": 0.09785720772864208, "citizenship_not_citizen": 0.13712328565392168, "birthplace_non_us": 0.2349804933825675, "birthplace_us_not_state": 0.22009721340364904, "birthplace_us_state": 0.5449222932137835, "language_english_only": 0.605175314106336, "language_spanish": 0.2960478388639979, "education_high_school": 0.8501349612386432, "education_ugrad": 0.3290377104636196, "education_grad": 0.1207441283365892, "education_field_stem": 0.1610422451974004, "education_field_humanities": 0.08827261801388779, "education_field_business": 0.07972284725233077, "generation_silent": 0.04028131192450965, "generation_boomer": 0.184455929286931, "generation_genx": 0.19803098400842803, "generation_millenial": 0.22115527227824636, "generation_genz": 0.21252832674918806, "generation_genalpha": 0.14354817575269688, "poverty_below_line": 0.13338354234615224, "household_income_under_50k": 0.3476999621724909, "household_income_over_100k": 0.3627882220447403, "individual_income_under_50k": 0.6206099297315189, "individual_income_over_100k": 0.14109806108504305, "housing_per_pop": 0.5183679879211126, "vacancy": 0.08393817295061114, "rent_or_own_rent": 0.3879530363950726, "rent_burden_under_20": 0.24974721676082154, "rent_burden_over_40": 0.34059240665971674, "rent_1br_under_750": 0.15499190189726975, "rent_1br_over_1500": 0.11810697208082654, "rent_2br_under_750": 0.07763937172782716, "rent_2br_over_1500": 0.24399735514704413, "year_built_1969_or_earlier": 0.18705193277950066, "year_built_2010_or_later": 0.16020936222471435, "transportation_means_car": 0.8663249380489825, "transportation_means_bike": 0.0035057076813309706, "transportation_means_walk": 0.011844214242564315, "transportation_means_transit": 0.01845404748025454, "transportation_means_worked_at_home": 0.08685726648941715, "transportation_commute_time_under_15": 0.1758330825182519, "transportation_commute_time_over_60": 0.10536255204103531, "vehicle_ownership_at_least_1": 0.9456117650346076, "traffic_fatalities_last_decade_per_capita": 9.672598885088711e-05, "traffic_fatalities_ped_last_decade_per_capita": 2.566629519805801e-05, "GHLTH_cdc_2": 0.18987207919220847, "ARTHRITIS_cdc_2": 0.18973744817316499, "CASTHMA_cdc_2": 0.09686444158977586, "BPHIGH_cdc_2": 0.3069642914304912, "CANCER_cdc_2": 0.05052915537476567, "KIDNEY_cdc_2": 0.02754940532404248, "COPD_cdc_2": 0.05912513256290298, "CHD_cdc_2": 0.046938321868137366, "DIABETES_cdc_2": 0.10918249167194265, "OBESITY_cdc_2": 0.36302496714756816, "STROKE_cdc_2": 0.0276513302918094, "DISABILITY_cdc_2": 0.2813691276554767, "HEARING_cdc_2": 0.055412899812525125, "VISION_cdc_2": 0.06231782907123179, "COGNITION_cdc_2": 0.14830248543666683, "MOBILITY_cdc_2": 0.12458500202773494, "SELFCARE_cdc_2": 0.04313223154760757, "INDEPLIVE_cdc_2": 0.08339017706928474, "BINGE_cdc_2": 0.18612735008129444, "CSMOKING_cdc_2": 0.16196857913847645, "LPA_cdc_2": 0.26551996570956354, "SLEEP_cdc_2": 0.34235947387268767, "heating_utility_gas": 0.4398372184452416, "heating_electricity": 0.5295523542246822, "industry_agriculture,_forestry,_fishing_and_hunting": 0.002974878129223705, "industry_mining,_quarrying,_and_oil_and_gas_extraction": 0.02973244551074614, "industry_accommodation_and_food_services": 0.07024216262840413, "industry_arts,_entertainment,_and_recreation": 0.013708830236183614, "industry_construction": 0.09803594079355571, "industry_educational_services": 0.09219017812572727, "industry_health_care_and_social_assistance": 0.11412513933036965, "industry_finance_and_insurance": 0.03976297117675659, "industry_real_estate_and_rental_and_leasing": 0.02112031890176032, "industry_information": 0.01267350261423106, "industry_manufacturing": 0.09532311707101825, "industry_other_services,_except_public_administration": 0.05117638447999892, "industry_administrative_and_support_and_waste_management_services": 0.04631244965235464, "industry_management_of_companies_and_enterprises": 0.002979775698128726, "industry_professional,_scientific,_and_technical_services": 0.07826763786848379, "industry_public_administration": 0.029776550780517885, "industry_retail_trade": 0.10485160126393077, "industry_transportation_and_warehousing": 0.05541238810792941, "industry_utilities": 0.010436836145025783, "industry_wholesale_trade": 0.03089689148565368, "occupation_architecture_and_engineering_occupations": 0.03047783841995369, "occupation_computer_and_mathematical_occupations": 0.029467274011496136, "occupation_life,_physical,_and_social_science_occupations": 0.011396809723977276, "occupation_arts,_design,_entertainment,_sports,_and_media_occupations": 0.015927048518403212, "occupation_community_and_social_service_occupations": 0.012790949900975096, "occupation_educational_instruction,_and_library_occupations": 0.061074469717623175, "occupation_legal_occupations": 0.011732608852906678, "occupation_health_diagnosing_and_treating_practitioners_and_other_technical_occupations": 0.03903610595296433, "occupation_health_technologists_and_technicians": 0.017658922656596833, "occupation_business_and_financial_operations_occupations": 0.06151950221866, "occupation_management_occupations": 0.1090116961906892, "occupation_construction_and_extraction_occupations": 0.07192016523533981, "occupation_farming,_fishing,_and_forestry_occupations": 0.0015991470721628677, "occupation_installation,_maintenance,_and_repair_occupations": 0.033625526318046, "occupation_material_moving_occupations": 0.0353756633749605, "occupation_transportation_occupations": 0.0424379862987813, "occupation_office_and_administrative_support_occupations": 0.10326865738750099, "occupation_sales_and_related_occupations": 0.10321288800777854, "occupation_building_and_grounds_cleaning_and_maintenance_occupations": 0.03737639346015864, "occupation_food_preparation_and_serving_related_occupations": 0.05196474734798799, "occupation_healthcare_support_occupations": 0.024320551940798237, "occupation_personal_care_and_service_occupations": 0.024084076527505723, "occupation_firefighting_and_prevention,_and_other_protective_service_workers_including_supervisors": 0.011241956707962283, "occupation_law_enforcement_workers_including_supervisors": 0.008490879798666627, "sors_cohabiting_partnered_gay": 0.005646198948504544, "2020 Presidential Election-margin": 0.010375935186081969, "2016 Presidential Election-margin": -0.010182783517625688, "2016-2020 Swing-margin": 0.020558718703707658, "park_percent_1km_v2": 0.01653198496721073, "mean_dist_Hospital_updated": 5.28333471651035, "mean_dist_Active Superfund Site_updated": 13.237508936365494, "mean_dist_Airport_updated": 26.713203094627406, "mean_dist_Public School_updated": 1.1872886418462087, "lapop1share_usda_fra_1": 0.7035517168781228, "mean_high_temp_4": 79.02828415807353, "mean_high_temp_winter_4": 66.41425372268307, "mean_high_temp_spring_4": 82.78896946278145, "mean_high_temp_summer_4": 91.1607810271649, "mean_high_temp_fall_4": 75.11756216571435, "mean_high_heat_index_4": 83.74947050529086, "days_above_90_4": 0.20803864421469187, "days_below_40_4": 0.0024831599788832357, "wind_speed_over_10mph_4": 0.17611838553197232, "snowfall_4": 0.0008766756940118408, "rainfall_4": 1.1905922724264628, "hours_sunny_4": 5.457211216708834, "internet_no_access": 0.08613477515789167, "insurance_coverage_none": 0.23753127380889108, "insurance_coverage_govt": 0.09239860882399838,