{"population": 267135.0, "ad_1": 609.1854710010699, "population_change_2010": 0.062466938976808564, "ad_1_change_2010": 0.06943511784552267, "gpw_population": NaN, "gpw_pw_density_4": NaN, "white": 0.7975555430774702, "hispanic": 0.09342092949257866, "black": 0.05359836786643457, "asian": 0.01515338686431954, "citizenship_citizen_by_birth": 0.9350344555649438, "citizenship_citizen_by_naturalization": 0.02523928292276487, "citizenship_not_citizen": 0.03972626151229112, "birthplace_non_us": 0.064965544435056, "birthplace_us_not_state": 0.2964727207120753, "birthplace_us_state": 0.6385617348528686, "language_english_only": 0.8958339456494582, "language_spanish": 0.06705607334911783, "education_high_school": 0.8812976637910728, "education_ugrad": 0.2552650343035384, "education_grad": 0.0993178461970222, "education_field_stem": 0.11279111230356907, "education_field_humanities": 0.10505999165440538, "education_field_business": 0.037413930345563985, "generation_silent": 0.07598486478031777, "generation_boomer": 0.23504921179897337, "generation_genx": 0.17406732848487075, "generation_millenial": 0.1872125751316407, "generation_genz": 0.2182421196497683, "generation_genalpha": 0.109443900154429, "poverty_below_line": 0.12520598412962308, "household_income_under_50k": 0.4083484506777937, "household_income_over_100k": 0.25440662864126756, "individual_income_under_50k": 0.7206963386508658, "individual_income_over_100k": 0.05751411320037902, "housing_per_pop": 0.5280655049259929, "vacancy": 0.08365359865799214, "rent_or_own_rent": 0.3267764050490696, "rent_burden_under_20": 0.3026763718114263, "rent_burden_over_40": 0.31004908299871836, "rent_1br_under_750": 0.5655099150141643, "rent_1br_over_1500": 0.0596671388101983, "rent_2br_under_750": 0.2786292405717238, "rent_2br_over_1500": 0.058722231789219904, "year_built_1969_or_earlier": 0.3310134408075108, "year_built_2010_or_later": 0.07535028124187038, "transportation_means_car": 0.8932089696098859, "transportation_means_bike": 0.00642844323301157, "transportation_means_walk": 0.030489639737383292, "transportation_means_transit": 0.004514933685177868, "transportation_means_worked_at_home": 0.06011680011113179, "transportation_commute_time_under_15": 0.33178759685701564, "transportation_commute_time_over_60": 0.04304464410088402, "vehicle_ownership_at_least_1": 0.942600375321113, "GHLTH_cdc_2": 0.16687242007436812, "ARTHRITIS_cdc_2": 0.2784083671636249, "CASTHMA_cdc_2": 0.10846949753862675, "BPHIGH_cdc_2": 0.3354756196086893, "CANCER_cdc_2": 0.06833050145775521, "KIDNEY_cdc_2": 0.02899474104145444, "COPD_cdc_2": 0.07646995418483633, "CHD_cdc_2": 0.05848327721435776, "DIABETES_cdc_2": 0.10321440292253574, "OBESITY_cdc_2": 0.3572301396534507, "STROKE_cdc_2": 0.03045395149513998, "DISABILITY_cdc_2": 0.29338733132944267, "HEARING_cdc_2": 0.06436111180806808, "VISION_cdc_2": 0.04830974663662504, "COGNITION_cdc_2": 0.14575214648808957, "MOBILITY_cdc_2": 0.13000112907029843, "SELFCARE_cdc_2": 0.03640750907019807, "INDEPLIVE_cdc_2": 0.08266086742707461, "BINGE_cdc_2": 0.16913336578365007, "CSMOKING_cdc_2": 0.16701088925576704, "LPA_cdc_2": 0.24049195851043012, "SLEEP_cdc_2": 0.33476304076194685, "heating_utility_gas": 0.1830974682656832, "heating_electricity": 0.5614795178357377, "industry_agriculture,_forestry,_fishing_and_hunting": 0.02726317564859993, "industry_mining,_quarrying,_and_oil_and_gas_extraction": 0.0022661625157148445, "industry_accommodation_and_food_services": 0.07464170633007693, "industry_arts,_entertainment,_and_recreation": 0.015839855118404102, "industry_construction": 0.07078905684616978, "industry_educational_services": 0.12073251331051815, "industry_health_care_and_social_assistance": 0.1347253146856493, "industry_finance_and_insurance": 0.025253240158709465, "industry_real_estate_and_rental_and_leasing": 0.011353233818943459, "industry_information": 0.013449327924994588, "industry_manufacturing": 0.1348341577022774, "industry_other_services,_except_public_administration": 0.057755885515787815, "industry_administrative_and_support_and_waste_management_services": 0.030926072347495732, "industry_management_of_companies_and_enterprises": 0.0012494937158564726, "industry_professional,_scientific,_and_technical_services": 0.04890832339505235, "industry_public_administration": 0.036226743525364445, "industry_retail_trade": 0.11771529665918255, "industry_transportation_and_warehousing": 0.04242826913622483, "industry_utilities": 0.005766033926121392, "industry_wholesale_trade": 0.027876137718856497, "occupation_architecture_and_engineering_occupations": 0.01541300943907425, "occupation_computer_and_mathematical_occupations": 0.02104658292593359, "occupation_life,_physical,_and_social_science_occupations": 0.009623429861254819, "occupation_arts,_design,_entertainment,_sports,_and_media_occupations": 0.017454107869324262, "occupation_community_and_social_service_occupations": 0.023119514158611375, "occupation_educational_instruction,_and_library_occupations": 0.06730848703278615, "occupation_legal_occupations": 0.008692130197262418, "occupation_health_diagnosing_and_treating_practitioners_and_other_technical_occupations": 0.03537386557064473, "occupation_health_technologists_and_technicians": 0.022605289757210885, "occupation_business_and_financial_operations_occupations": 0.03726722113701909, "occupation_management_occupations": 0.08311727490541189, "occupation_construction_and_extraction_occupations": 0.047873381714918666, "occupation_farming,_fishing,_and_forestry_occupations": 0.013681889680894458, "occupation_installation,_maintenance,_and_repair_occupations": 0.043568058584222594, "occupation_material_moving_occupations": 0.047394770051902346, "occupation_transportation_occupations": 0.042023749002683033, "occupation_office_and_administrative_support_occupations": 0.10766449479840141, "occupation_sales_and_related_occupations": 0.09114968666005575, "occupation_building_and_grounds_cleaning_and_maintenance_occupations": 0.04353617793450423, "occupation_food_preparation_and_serving_related_occupations": 0.053595314793305676, "occupation_healthcare_support_occupations": 0.032742944019866195, "occupation_personal_care_and_service_occupations": 0.02858292354122582, "occupation_firefighting_and_prevention,_and_other_protective_service_workers_including_supervisors": 0.010818191061408407, "occupation_law_enforcement_workers_including_supervisors": 0.011509000673450615, "2020 Presidential Election-margin": -0.2556082105351202, "2016 Presidential Election-margin": -0.287129646939598, "2016-2020 Swing-margin": 0.031521436404477854, "park_percent_1km_v2": 0.015388351509472238, "mean_dist_Hospital_updated": 9.800698067057684, "mean_dist_Active Superfund Site_updated": 36.04238629851273, "mean_dist_Airport_updated": 22.972618454520216, "mean_dist_Public School_updated": 2.7502333574495137, "mean_high_temp_4": 63.84688167659665, "mean_high_temp_winter_4": 45.5931440503794, "mean_high_temp_spring_4": 69.61605867493545, "mean_high_temp_summer_4": 81.4491893985485, "mean_high_temp_fall_4": 57.80481270849908, "mean_high_heat_index_4": 63.28787445029449, "days_above_90_4": 0.02045200505142698, "days_below_40_4": 0.1090427551745738, "wind_speed_over_10mph_4": 0.03853656936894646, "snowfall_4": 0.08955071889595048, "rainfall_4": 0.900006024075741, "hours_sunny_4": 4.968186637800171, "internet_no_access": 0.15091588139432555, "insurance_coverage_none": 0.12591916305929235, "insurance_coverage_govt": 0.13211127961725547, "insurance_coverage_private": 0.7419695573234522, "marriage_divorced": 0.10751375371300866}