{"population": 918715.0, "ad_1": 1718.1054759363683, "population_change_2010": 0.23434919943946655, "ad_1_change_2010": 0.08333133274588372, "population_change_2000": 0.6780734343777512, "ad_1_change_2000": 0.08641200071179368, "gpw_population": NaN, "gpw_pw_density_4": NaN, "white": 0.36631273028088146, "hispanic": 0.3480763893046266, "black": 0.1921531704609155, "asian": 0.05113119955590145, "homogeneity_250_2020": 0.4541201106350196, "homogeneity_250_diff_2010": -0.06770610353096757, "homogeneity_250_diff_2000": -0.12624924910167995, "citizenship_citizen_by_birth": 0.834456619212031, "citizenship_citizen_by_naturalization": 0.06138393005025564, "citizenship_not_citizen": 0.10415945073771339, "birthplace_non_us": 0.16554338078796976, "birthplace_us_not_state": 0.2677513140106894, "birthplace_us_state": 0.5667053052013408, "language_english_only": 0.6814631599743046, "language_spanish": 0.2526357543714707, "education_high_school": 0.841441196469554, "education_ugrad": 0.2983423895922437, "education_grad": 0.10090025813776504, "education_field_stem": 0.12592218970006844, "education_field_humanities": 0.09858391848037211, "education_field_business": 0.07383628141180171, "generation_silent": 0.037035477312039225, "generation_boomer": 0.16590789879805495, "generation_genx": 0.18973586030034656, "generation_millenial": 0.23650248595341783, "generation_genz": 0.21984297285790863, "generation_genalpha": 0.15097530477823284, "poverty_below_line": 0.1329268915709438, "household_income_under_50k": 0.35922187413818246, "household_income_over_100k": 0.3210190156748279, "individual_income_under_50k": 0.6483345003680185, "individual_income_over_100k": 0.10353113365644592, "housing_per_pop": 0.5159083770373932, "vacancy": 0.06803957721972628, "rent_or_own_rent": 0.43250868020509525, "rent_burden_under_20": 0.23793617523926153, "rent_burden_over_40": 0.3500032308358465, "rent_1br_under_750": 0.1469901932162967, "rent_1br_over_1500": 0.09665669520224797, "rent_2br_under_750": 0.0935748449820577, "rent_2br_over_1500": 0.23690770922183427, "year_built_1969_or_earlier": 0.28520104305005867, "year_built_2010_or_later": 0.14874448943652738, "transportation_means_car": 0.8845573523334875, "transportation_means_bike": 0.0024641788651408843, "transportation_means_walk": 0.012847692867909394, "transportation_means_transit": 0.006507028211797377, "transportation_means_worked_at_home": 0.08555833733244499, "transportation_commute_time_under_15": 0.2065992437238442, "transportation_commute_time_over_60": 0.07841948534201701, "vehicle_ownership_at_least_1": 0.9447693067120106, "GHLTH_cdc_2": 0.20826188519600777, "ARTHRITIS_cdc_2": 0.1942805747047718, "CASTHMA_cdc_2": 0.10236110413623045, "BPHIGH_cdc_2": 0.31015160472972964, "CANCER_cdc_2": 0.04961445398100811, "KIDNEY_cdc_2": 0.02828633468772821, "COPD_cdc_2": 0.06484945862247371, "CHD_cdc_2": 0.04778654393413696, "DIABETES_cdc_2": 0.11188045562454352, "OBESITY_cdc_2": 0.3663405941837111, "STROKE_cdc_2": 0.02889093506513281, "DISABILITY_cdc_2": 0.32553528655344327, "HEARING_cdc_2": 0.0578182086224737, "VISION_cdc_2": 0.06575556975894842, "COGNITION_cdc_2": 0.15878521807280174, "MOBILITY_cdc_2": 0.14191934502069609, "SELFCARE_cdc_2": 0.04669876887022167, "INDEPLIVE_cdc_2": 0.09325775162831795, "BINGE_cdc_2": 0.17275137722181597, "CSMOKING_cdc_2": 0.16934255349099078, "LPA_cdc_2": 0.2772873657018516, "SLEEP_cdc_2": 0.3533571607925493, "heating_utility_gas": 0.3097515593492097, "heating_electricity": 0.6728165380940009, "industry_agriculture,_forestry,_fishing_and_hunting": 0.001493055669973625, "industry_mining,_quarrying,_and_oil_and_gas_extraction": 0.008293751218943279, "industry_accommodation_and_food_services": 0.07411855477840817, "industry_arts,_entertainment,_and_recreation": 0.013488365902004158, "industry_construction": 0.08802907957362856, "industry_educational_services": 0.08389986179314082, "industry_health_care_and_social_assistance": 0.11676568622675974, "industry_finance_and_insurance": 0.05648545856011005, "industry_real_estate_and_rental_and_leasing": 0.01919942071327174, "industry_information": 0.013503779917574206, "industry_manufacturing": 0.10398393095350356, "industry_other_services,_except_public_administration": 0.05150241876342872, "industry_administrative_and_support_and_waste_management_services": 0.04909994098767175, "industry_management_of_companies_and_enterprises": 0.0018468105145075854, "industry_professional,_scientific,_and_technical_services": 0.05834429919304806, "industry_public_administration": 0.02996585143429088, "industry_retail_trade": 0.11361201105097447, "industry_transportation_and_warehousing": 0.08202587463820214, "industry_utilities": 0.006815442137254678, "industry_wholesale_trade": 0.02752640597330394, "occupation_architecture_and_engineering_occupations": 0.02195596204263295, "occupation_computer_and_mathematical_occupations": 0.0314078351448668, "occupation_life,_physical,_and_social_science_occupations": 0.0057543575815159394, "occupation_arts,_design,_entertainment,_sports,_and_media_occupations": 0.014256342049512923, "occupation_community_and_social_service_occupations": 0.014642714815009367, "occupation_educational_instruction,_and_library_occupations": 0.06021611335303924, "occupation_legal_occupations": 0.009444479870542278, "occupation_health_diagnosing_and_treating_practitioners_and_other_technical_occupations": 0.03191547102323588, "occupation_health_technologists_and_technicians": 0.01812436186267864, "occupation_business_and_financial_operations_occupations": 0.05641015345997512, "occupation_management_occupations": 0.10629882245865747, "occupation_construction_and_extraction_occupations": 0.06807376606953391, "occupation_farming,_fishing,_and_forestry_occupations": 0.0008746967705116588, "occupation_installation,_maintenance,_and_repair_occupations": 0.031226435806297186, "occupation_material_moving_occupations": 0.052251478991226216, "occupation_transportation_occupations": 0.04419409098495141, "occupation_office_and_administrative_support_occupations": 0.11826003234447632, "occupation_sales_and_related_occupations": 0.09695739286182634, "occupation_building_and_grounds_cleaning_and_maintenance_occupations": 0.036895486220385694, "occupation_food_preparation_and_serving_related_occupations": 0.051781917993055024, "occupation_healthcare_support_occupations": 0.02641287758801623, "occupation_personal_care_and_service_occupations": 0.026018486124018716, "occupation_firefighting_and_prevention,_and_other_protective_service_workers_including_supervisors": 0.00978392450965348, "occupation_law_enforcement_workers_including_supervisors": 0.007373644070577266, "sors_cohabiting_partnered_gay": 0.006166517448900616, "2020 Presidential Election-margin": 0.11337534287540008, "2016 Presidential Election-margin": 0.05266533380611382, "2016-2020 Swing-margin": 0.06071000906928625, "park_percent_1km_v2": 0.03276061935806441, "mean_dist_Hospital_updated": 4.881773410248902, "mean_dist_Active Superfund Site_updated": 15.510209469577838, "mean_dist_Airport_updated": 32.664499909903505, "mean_dist_Public School_updated": 0.787695695981308, "lapop1share_usda_fra_1": 0.6794557653277069, "mean_high_temp_4": 77.0187892535006, "mean_high_temp_winter_4": 61.36208554505729, "mean_high_temp_spring_4": 81.38691077830593, "mean_high_temp_summer_4": 93.21125616952523, "mean_high_temp_fall_4": 71.27710472861142, "mean_high_heat_index_4": 79.17335224382218, "days_above_90_4": 0.24459145288075718, "days_below_40_4": 0.014742923547631724, "wind_speed_over_10mph_4": 0.2983741590140337, "snowfall_4": 0.008671111581640436, "rainfall_4": 0.9217602523665426, "hours_sunny_4": 6.545046505149137, "internet_no_access": 0.0803823125927958, "insurance_coverage_none": 0.2358022474723345, "insurance_coverage_govt": 0.09574283615777801, "insurance_coverage_private": 0.6684549163698875, "marriage_divorced": 0.1102855900873808}