{"population": 418199.0, "ad_1": 663.2717630280289, "population_change_2010": 0.017280677215728724, "ad_1_change_2010": 0.03400978659980821, "population_change_2000": 0.0006101295867388932, "ad_1_change_2000": 0.027926346430445847, "gpw_population": NaN, "gpw_pw_density_4": NaN, "white": 0.7795260151267698, "hispanic": 0.12819255904485663, "black": 0.022704501923725307, "asian": 0.017097123618181775, "homogeneity_250_2020": 0.7276925444715228, "homogeneity_250_diff_2010": -0.08527821411397529, "homogeneity_250_diff_2000": -0.14120294836409442, "citizenship_citizen_by_birth": 0.9317813541311064, "citizenship_citizen_by_naturalization": 0.030066691990709278, "citizenship_not_citizen": 0.03815195387818434, "birthplace_non_us": 0.06821864586889449, "birthplace_us_not_state": 0.2833928768914906, "birthplace_us_state": 0.6483884772396149, "language_english_only": 0.8771649326608434, "language_spanish": 0.09139124681069051, "education_high_school": 0.9076682982194806, "education_ugrad": 0.22755905511811053, "education_grad": 0.06721997588139288, "education_field_stem": 0.08230119883663145, "education_field_humanities": 0.09778321628715245, "education_field_business": 0.047474639994325024, "generation_silent": 0.07717662558722153, "generation_boomer": 0.2339821417409147, "generation_genx": 0.16805468070067672, "generation_millenial": 0.17405792153713864, "generation_genz": 0.2109524885681153, "generation_genalpha": 0.13577614186593304, "poverty_below_line": 0.10728176398408343, "household_income_under_50k": 0.3925355355169992, "household_income_over_100k": 0.2686380160596492, "individual_income_under_50k": 0.7010311321970281, "individual_income_over_100k": 0.06642063982397041, "housing_per_pop": 0.574148900546936, "vacancy": 0.11132403503802081, "rent_or_own_rent": 0.27389042161200805, "rent_burden_under_20": 0.38761560112585963, "rent_burden_over_40": 0.25374447125050353, "rent_1br_under_750": 0.7242031872509939, "rent_1br_over_1500": 0.05727091633466152, "rent_2br_under_750": 0.41589453392201886, "rent_2br_over_1500": 0.015546296872085346, "year_built_1969_or_earlier": 0.55372991844639, "year_built_2010_or_later": 0.050895998690777614, "transportation_means_car": 0.8876586822907682, "transportation_means_bike": 0.002886438049284831, "transportation_means_walk": 0.028275604572347866, "transportation_means_transit": 0.005638845807723958, "transportation_means_worked_at_home": 0.07002604017079356, "transportation_commute_time_under_15": 0.5123816778962207, "transportation_commute_time_over_60": 0.033575425033070566, "vehicle_ownership_at_least_1": 0.9474327402003428, "traffic_fatalities_last_decade_per_capita": 0.00013582050650527618, "traffic_fatalities_ped_last_decade_per_capita": 1.2912512942403018e-05, "GHLTH_cdc_2": 0.1494770579484156, "ARTHRITIS_cdc_2": 0.25462413122950833, "CASTHMA_cdc_2": 0.09409410554483331, "BPHIGH_cdc_2": 0.31677955772866534, "CANCER_cdc_2": 0.07538823257494488, "KIDNEY_cdc_2": 0.031130497058794858, "COPD_cdc_2": 0.0708578422915026, "CHD_cdc_2": 0.06219606623977932, "DIABETES_cdc_2": 0.10092520191284143, "OBESITY_cdc_2": 0.37677731479521237, "STROKE_cdc_2": 0.03185551797439274, "DISABILITY_cdc_2": 0.26250207853847995, "HEARING_cdc_2": 0.07425187589318587, "VISION_cdc_2": 0.04451727123869378, "COGNITION_cdc_2": 0.11614329707962665, "MOBILITY_cdc_2": 0.1192830751301386, "SELFCARE_cdc_2": 0.03574449439592301, "INDEPLIVE_cdc_2": 0.06933861784515749, "BINGE_cdc_2": 0.1958458723839177, "CSMOKING_cdc_2": 0.16715928733963362, "LPA_cdc_2": 0.270541800271496, "SLEEP_cdc_2": 0.2974118208127348, "heating_utility_gas": 0.5220989871683174, "heating_electricity": 0.31855129890570766, "industry_agriculture,_forestry,_fishing_and_hunting": 0.06173065978052617, "industry_mining,_quarrying,_and_oil_and_gas_extraction": 0.0013969830809826703, "industry_accommodation_and_food_services": 0.05587932323930673, "industry_arts,_entertainment,_and_recreation": 0.014727117934534626, "industry_construction": 0.07177764921143368, "industry_educational_services": 0.09337679502918675, "industry_health_care_and_social_assistance": 0.13968419715805794, "industry_finance_and_insurance": 0.04268089049440006, "industry_real_estate_and_rental_and_leasing": 0.007450576431907613, "industry_information": 0.010771351028452352, "industry_manufacturing": 0.17711581789361516, "industry_other_services,_except_public_administration": 0.0449433445750488, "industry_administrative_and_support_and_waste_management_services": 0.024647108903532732, "industry_management_of_companies_and_enterprises": 0.0002257750433911398, "industry_professional,_scientific,_and_technical_services": 0.02780325586427132, "industry_public_administration": 0.034054402378163165, "industry_retail_trade": 0.11136824379941809, "industry_transportation_and_warehousing": 0.041058132370026215, "industry_utilities": 0.008922817860687438, "industry_wholesale_trade": 0.030385557923057326, "occupation_architecture_and_engineering_occupations": 0.010597316099171682, "occupation_computer_and_mathematical_occupations": 0.008217270850089999, "occupation_life,_physical,_and_social_science_occupations": 0.007304763383050876, "occupation_arts,_design,_entertainment,_sports,_and_media_occupations": 0.013000879581939847, "occupation_community_and_social_service_occupations": 0.016142915602466477, "occupation_educational_instruction,_and_library_occupations": 0.06158955037840813, "occupation_legal_occupations": 0.004774201438375193, "occupation_health_diagnosing_and_treating_practitioners_and_other_technical_occupations": 0.037535100963777435, "occupation_health_technologists_and_technicians": 0.017539898683449278, "occupation_business_and_financial_operations_occupations": 0.033334744427354915, "occupation_management_occupations": 0.11446324335257275, "occupation_construction_and_extraction_occupations": 0.05413427029976332, "occupation_farming,_fishing,_and_forestry_occupations": 0.018654662960193177, "occupation_installation,_maintenance,_and_repair_occupations": 0.041189834478671424, "occupation_material_moving_occupations": 0.055192590815659644, "occupation_transportation_occupations": 0.044487090841529235, "occupation_office_and_administrative_support_occupations": 0.10855075940376438, "occupation_sales_and_related_occupations": 0.0907192346226028, "occupation_building_and_grounds_cleaning_and_maintenance_occupations": 0.0369988852357227, "occupation_food_preparation_and_serving_related_occupations": 0.05140615519212019, "occupation_healthcare_support_occupations": 0.02969412185267259, "occupation_personal_care_and_service_occupations": 0.026227534207270975, "occupation_firefighting_and_prevention,_and_other_protective_service_workers_including_supervisors": 0.006293479334528088, "occupation_law_enforcement_workers_including_supervisors": 0.006194702753044433, "sors_cohabiting_partnered_gay": 0.0037360978213308543, "2020 Presidential Election-margin": -0.39868378891326506, "2016 Presidential Election-margin": -0.4166609785935811, "2016-2020 Swing-margin": 0.01797718968031603, "park_percent_1km_v2": 0.01679080435230655, "mean_dist_Hospital_updated": 7.899119639034628, "mean_dist_Active Superfund Site_updated": 54.666695083423626, "mean_dist_Airport_updated": 57.873919260494, "mean_dist_Public School_updated": 2.387938237517171, "lapop1share_usda_fra_1": 0.5215865398938555, "mean_high_temp_4": 59.31290423189017, "mean_high_temp_winter_4": 34.41629695931325, "mean_high_temp_spring_4": 67.82652238770444, "mean_high_temp_summer_4": 82.00752990185336, "mean_high_temp_fall_4": 51.79201482073317, "mean_high_heat_index_4": 58.59173647178808, "days_above_90_4": 0.03716459485000493, "days_below_40_4": 0.23858218717533836, "wind_speed_over_10mph_4": 0.4057946100551992, "snowfall_4": 0.11291983415784772, "rainfall_4": 0.7243946343901004, "hours_sunny_4": 5.480948073704907, "internet_no_access": 0.12752667864042752, "insurance_coverage_none": 0.0872736356711681, "insurance_coverage_govt": 0.15784279197006035,