{"population": 766987.0, "ad_1": 1378.8050847123072, "population_change_2010": 0.11849707610867251, "ad_1_change_2010": -0.01864174923399728, "population_change_2000": 0.36924310100436664, "ad_1_change_2000": 0.015531231231282833, "gpw_population": NaN, "gpw_pw_density_4": NaN, "white": 0.17231452423574323, "hispanic": 0.7530231933526904, "black": 0.04354571850631106, "asian": 0.00906143128892667, "homogeneity_250_2020": 0.7149877528252904, "homogeneity_250_diff_2010": -0.033408341591645185, "homogeneity_250_diff_2000": -0.02698898702250585, "citizenship_citizen_by_birth": 0.834482908081305, "citizenship_citizen_by_naturalization": 0.057372978511042574, "citizenship_not_citizen": 0.10814411340765234, "birthplace_non_us": 0.16551709191869662, "birthplace_us_not_state": 0.15252493024883615, "birthplace_us_state": 0.6819579778324673, "language_english_only": 0.40343259380554114, "language_spanish": 0.584687599649593, "education_high_school": 0.7737420194444763, "education_ugrad": 0.18355849303119876, "education_grad": 0.058002072787178144, "education_field_stem": 0.06982131576128658, "education_field_humanities": 0.065518266912126, "education_field_business": 0.04821891035778588, "generation_silent": 0.04505647059135294, "generation_boomer": 0.17902973553507714, "generation_genx": 0.1788225849382528, "generation_millenial": 0.20276313265888338, "generation_genz": 0.23541278385989006, "generation_genalpha": 0.15891529241654362, "poverty_below_line": 0.19977130506994567, "household_income_under_50k": 0.4523166781607753, "household_income_over_100k": 0.24036244592275877, "individual_income_under_50k": 0.7341283842530673, "individual_income_over_100k": 0.06509177516513362, "housing_per_pop": 0.49733007380975214, "vacancy": 0.09470861546410132, "rent_or_own_rent": 0.32289552953063105, "rent_burden_under_20": 0.2601554431381946, "rent_burden_over_40": 0.3406762159078676, "rent_1br_under_750": 0.47066670392944165, "rent_1br_over_1500": 0.017101050867630193, "rent_2br_under_750": 0.2940125252390896, "rent_2br_over_1500": 0.03709253973427873, "year_built_1969_or_earlier": 0.23724942876313784, "year_built_2010_or_later": 0.14480059089916847, "transportation_means_car": 0.8977221960973019, "transportation_means_bike": 0.001953338936913899, "transportation_means_walk": 0.015693138654001033, "transportation_means_transit": 0.01203246269452899, "transportation_means_worked_at_home": 0.05765533014486106, "transportation_commute_time_under_15": 0.25927488644588803, "transportation_commute_time_over_60": 0.07135359622929845, "vehicle_ownership_at_least_1": 0.9319174072476589, "traffic_fatalities_last_decade_per_capita": 0.00012047140303551431, "traffic_fatalities_ped_last_decade_per_capita": 2.5815300650467347e-05, "GHLTH_cdc_2": 0.2712339152010956, "ARTHRITIS_cdc_2": 0.22008454178543968, "CASTHMA_cdc_2": 0.09942982719889842, "BPHIGH_cdc_2": 0.32951649847733694, "CANCER_cdc_2": 0.049008673919898535, "KIDNEY_cdc_2": 0.03530631091299666, "COPD_cdc_2": 0.06817572407951177, "CHD_cdc_2": 0.0606706872957154, "DIABETES_cdc_2": 0.15176991099016454, "OBESITY_cdc_2": 0.42363346888787135, "STROKE_cdc_2": 0.03337527900914088, "DISABILITY_cdc_2": 0.36622951923298447, "HEARING_cdc_2": 0.07278350956277356, "VISION_cdc_2": 0.09888821853224117, "COGNITION_cdc_2": 0.1846746028802441, "MOBILITY_cdc_2": 0.17858299401675098, "SELFCARE_cdc_2": 0.0644309977264036, "INDEPLIVE_cdc_2": 0.11097365796529587, "BINGE_cdc_2": 0.1640328523358838, "CSMOKING_cdc_2": 0.17008468661298146, "LPA_cdc_2": 0.33654991883952046, "SLEEP_cdc_2": 0.37148357626617867, "heating_utility_gas": 0.18419544256241338, "heating_electricity": 0.7834419158468108, "industry_agriculture,_forestry,_fishing_and_hunting": 0.005829041655097863, "industry_mining,_quarrying,_and_oil_and_gas_extraction": 0.028388462298834006, "industry_accommodation_and_food_services": 0.07848051893139074, "industry_arts,_entertainment,_and_recreation": 0.01095909188405621, "industry_construction": 0.08457995255073132, "industry_educational_services": 0.1057271648082849, "industry_health_care_and_social_assistance": 0.1312146698900332, "industry_finance_and_insurance": 0.03761195181704002, "industry_real_estate_and_rental_and_leasing": 0.01662336343628511, "industry_information": 0.010471426065630677, "industry_manufacturing": 0.05408723066643138, "industry_other_services,_except_public_administration": 0.052223054312454054, "industry_administrative_and_support_and_waste_management_services": 0.04277691065322824, "industry_management_of_companies_and_enterprises": 0.0006774784142469485, "industry_professional,_scientific,_and_technical_services": 0.03857777941277539, "industry_public_administration": 0.06220148495583952, "industry_retail_trade": 0.12101316664796581, "industry_transportation_and_warehousing": 0.08352399198651492, "industry_utilities": 0.009304225668206491, "industry_wholesale_trade": 0.025729033944953024, "occupation_architecture_and_engineering_occupations": 0.00865458782068642, "occupation_computer_and_mathematical_occupations": 0.016716746244028392, "occupation_life,_physical,_and_social_science_occupations": 0.0041470101868260395, "occupation_arts,_design,_entertainment,_sports,_and_media_occupations": 0.010313178345357062, "occupation_community_and_social_service_occupations": 0.012507329868170748, "occupation_educational_instruction,_and_library_occupations": 0.06330895774109267, "occupation_legal_occupations": 0.006118511949987553, "occupation_health_diagnosing_and_treating_practitioners_and_other_technical_occupations": 0.029082705680298377, "occupation_health_technologists_and_technicians": 0.019882455359864437, "occupation_business_and_financial_operations_occupations": 0.03769065585864664, "occupation_management_occupations": 0.07660863451365987, "occupation_construction_and_extraction_occupations": 0.08000234858088229, "occupation_farming,_fishing,_and_forestry_occupations": 0.002841737353628764, "occupation_installation,_maintenance,_and_repair_occupations": 0.03866384898275776, "occupation_material_moving_occupations": 0.04598263760238747, "occupation_transportation_occupations": 0.060107278868251644, "occupation_office_and_administrative_support_occupations": 0.12283548083557537, "occupation_sales_and_related_occupations": 0.10793230925764732, "occupation_building_and_grounds_cleaning_and_maintenance_occupations": 0.04993162231411405, "occupation_food_preparation_and_serving_related_occupations": 0.06138859455868262, "occupation_healthcare_support_occupations": 0.04560808918489694, "occupation_personal_care_and_service_occupations": 0.022055570422985674, "occupation_firefighting_and_prevention,_and_other_protective_service_workers_including_supervisors": 0.013750074091267056, "occupation_law_enforcement_workers_including_supervisors": 0.018014043026601326, "sors_cohabiting_partnered_gay": 0.003218862418312585, "2020 Presidential Election-margin": 0.07037333271297977, "2016 Presidential Election-margin": 0.1918030396904402, "2016-2020 Swing-margin": -0.12142970697746044, "park_percent_1km_v2": 0.021655330051651156, "mean_dist_Hospital_updated": 8.51381690784431, "mean_dist_Active Superfund Site_updated": 97.64613852264526, "mean_dist_Airport_updated": 24.540085028114838, "mean_dist_Public School_updated": 1.46025856903426, "lapop1share_usda_fra_1": 0.5806731029009402, "mean_high_temp_4": 84.07404896453745, "mean_high_temp_winter_4": 71.33457122922297, "mean_high_temp_spring_4": 88.94896759273128, "mean_high_temp_summer_4": 96.40964449929771, "mean_high_temp_fall_4": 78.92669667980087, "mean_high_heat_index_4": 88.62181898280654, "days_above_90_4": 0.38806882517098135, "days_below_40_4": 0.0021137555997394397, "wind_speed_over_10mph_4": 0.32924665274731874, "snowfall_4": 0.0005400712379246338, "rainfall_4": 0.6720456068985152, "hours_sunny_4": 6.182620292297371, "internet_no_access": 0.17911015565743754, "insurance_coverage_none": 0.31141059574165963, "insurance_coverage_govt": 0.13425625870238891,