{"population": 285776.0, "ad_1": 575.2216262778206, "population_change_2010": 0.13720871004711574, "ad_1_change_2010": 0.11085350095309957, "population_change_2000": 0.3268887000691823, "ad_1_change_2000": 0.1957488570221625, "gpw_population": NaN, "gpw_pw_density_4": NaN, "white": 0.771257908291809, "hispanic": 0.10563868204467836, "black": 0.0584093835731482, "asian": 0.01365405072504339, "homogeneity_250_2020": 0.6705626842203336, "homogeneity_250_diff_2010": -0.0713816002398987, "homogeneity_250_diff_2000": -0.14367357701812156, "citizenship_citizen_by_birth": 0.9303197074128555, "citizenship_citizen_by_naturalization": 0.030495887917126457, "citizenship_not_citizen": 0.03918440467001805, "birthplace_non_us": 0.06968029258714456, "birthplace_us_not_state": 0.45021452816587404, "birthplace_us_state": 0.4801051792469814, "language_english_only": 0.9062872023789088, "language_spanish": 0.06414251792269719, "education_high_school": 0.9254710749610422, "education_ugrad": 0.4078644842014214, "education_grad": 0.16112214047640677, "education_field_stem": 0.17531181741485502, "education_field_humanities": 0.16662470670766968, "education_field_business": 0.06592796007889636, "generation_silent": 0.09135227104010975, "generation_boomer": 0.2596649000175222, "generation_genx": 0.1913197849774849, "generation_millenial": 0.20091029093966606, "generation_genz": 0.15873275626959565, "generation_genalpha": 0.09801999675562154, "poverty_below_line": 0.10993755436265462, "household_income_under_50k": 0.42481675403470975, "household_income_over_100k": 0.2630993609073415, "individual_income_under_50k": 0.7172893681266399, "individual_income_over_100k": 0.08644908354137434, "housing_per_pop": 0.5927457365669723, "vacancy": 0.09853616221491307, "rent_or_own_rent": 0.36257600351631347, "rent_burden_under_20": 0.216024362239484, "rent_burden_over_40": 0.3180420114634509, "rent_1br_under_750": 0.3362081256752919, "rent_1br_over_1500": 0.09691086350466824, "rent_2br_under_750": 0.17038969200486503, "rent_2br_over_1500": 0.14444028115724855, "year_built_1969_or_earlier": 0.3050899792460414, "year_built_2010_or_later": 0.10617389049600617, "transportation_means_car": 0.844415746392261, "transportation_means_bike": 0.0033303236721176, "transportation_means_walk": 0.017758408170215383, "transportation_means_transit": 0.00646304638434217, "transportation_means_worked_at_home": 0.1198942784463888, "transportation_commute_time_under_15": 0.3002608181749444, "transportation_commute_time_over_60": 0.028872914364623026, "vehicle_ownership_at_least_1": 0.9450596412513741, "GHLTH_cdc_2": 0.14136138621271135, "ARTHRITIS_cdc_2": 0.2787816355753355, "CASTHMA_cdc_2": 0.09370110910986826, "BPHIGH_cdc_2": 0.3232305930719298, "CANCER_cdc_2": 0.07778799686675192, "KIDNEY_cdc_2": 0.03177010043356558, "COPD_cdc_2": 0.0697023813681515, "CHD_cdc_2": 0.06467655701962262, "DIABETES_cdc_2": 0.10423894008411852, "OBESITY_cdc_2": 0.320827401948801, "STROKE_cdc_2": 0.03250947208765099, "DISABILITY_cdc_2": 0.29564115830385607, "HEARING_cdc_2": 0.08150729178620082, "VISION_cdc_2": 0.047415898738219095, "COGNITION_cdc_2": 0.12696571887582284, "MOBILITY_cdc_2": 0.13718052596654265, "SELFCARE_cdc_2": 0.036921299599363265, "INDEPLIVE_cdc_2": 0.0739190993409202, "BINGE_cdc_2": 0.17137794552738816, "CSMOKING_cdc_2": 0.14368332742938997, "LPA_cdc_2": 0.1986720367607806, "SLEEP_cdc_2": 0.30058424594997846, "heating_utility_gas": 0.2579780331919866, "heating_electricity": 0.6176861860455681, "industry_agriculture,_forestry,_fishing_and_hunting": 0.006157658310167164, "industry_mining,_quarrying,_and_oil_and_gas_extraction": 0.0007892916489819506, "industry_accommodation_and_food_services": 0.11459610394265457, "industry_arts,_entertainment,_and_recreation": 0.027927023588457393, "industry_construction": 0.0722957737733287, "industry_educational_services": 0.07689911758495534, "industry_health_care_and_social_assistance": 0.16813395856496996, "industry_finance_and_insurance": 0.02606638560528591, "industry_real_estate_and_rental_and_leasing": 0.025272057695639564, "industry_information": 0.01303616418185608, "industry_manufacturing": 0.10807643184147414, "industry_other_services,_except_public_administration": 0.0550737194482668, "industry_administrative_and_support_and_waste_management_services": 0.03632021050652493, "industry_management_of_companies_and_enterprises": 0.0005677520298623401, "industry_professional,_scientific,_and_technical_services": 0.07149629650472639, "industry_public_administration": 0.025209990247259766, "industry_retail_trade": 0.1269901874254701, "industry_transportation_and_warehousing": 0.024905044219565235, "industry_utilities": 0.0038232297521085985, "industry_wholesale_trade": 0.016363603128444978, "occupation_architecture_and_engineering_occupations": 0.018629280927800466, "occupation_computer_and_mathematical_occupations": 0.027062830952674397, "occupation_life,_physical,_and_social_science_occupations": 0.009629027675267948, "occupation_arts,_design,_entertainment,_sports,_and_media_occupations": 0.033332414693466164, "occupation_community_and_social_service_occupations": 0.028809484819923983, "occupation_educational_instruction,_and_library_occupations": 0.055545157865589785, "occupation_legal_occupations": 0.00861182024515051, "occupation_health_diagnosing_and_treating_practitioners_and_other_technical_occupations": 0.057494487486481304, "occupation_health_technologists_and_technicians": 0.021790045364006236, "occupation_business_and_financial_operations_occupations": 0.0392606098499119, "occupation_management_occupations": 0.10283728787899887, "occupation_construction_and_extraction_occupations": 0.05046763021238915, "occupation_farming,_fishing,_and_forestry_occupations": 0.00406125424211547, "occupation_installation,_maintenance,_and_repair_occupations": 0.02600235434610781, "occupation_material_moving_occupations": 0.032809461254221746, "occupation_transportation_occupations": 0.022835175223110144, "occupation_office_and_administrative_support_occupations": 0.09139865369675537, "occupation_sales_and_related_occupations": 0.11506000107230306, "occupation_building_and_grounds_cleaning_and_maintenance_occupations": 0.03798834024653218, "occupation_food_preparation_and_serving_related_occupations": 0.092493990118993, "occupation_healthcare_support_occupations": 0.028488910065510773, "occupation_personal_care_and_service_occupations": 0.022337220333378028, "occupation_firefighting_and_prevention,_and_other_protective_service_workers_including_supervisors": 0.008026428291813667, "occupation_law_enforcement_workers_including_supervisors": 0.00488090942378046, "sors_cohabiting_partnered_gay": 0.011968681131207023, "2020 Presidential Election-margin": 0.19004728629678252, "2016 Presidential Election-margin": 0.11358401771777848, "2016-2020 Swing-margin": 0.07646326857900404, "park_percent_1km_v2": 0.007345480111418588, "mean_dist_Hospital_updated": 6.563978665124706, "mean_dist_Active Superfund Site_updated": 9.418142366251796, "mean_dist_Airport_updated": 16.067029737340818, "mean_dist_Public School_updated": 1.5799033126590836, "lapop1share_usda_fra_1": 0.5246327797356296, "mean_high_temp_4": 64.76662790777276, "mean_high_temp_winter_4": 49.65132767093946, "mean_high_temp_spring_4": 69.85422634252701, "mean_high_temp_summer_4": 79.28658673382122, "mean_high_temp_fall_4": 59.50080913034859, "mean_high_heat_index_4": 64.26698727777926, "days_above_90_4": 0.0023073657805873075, "days_below_40_4": 0.06197866801667571, "wind_speed_over_10mph_4": 0.04243554208467328, "snowfall_4": 0.056651445142176154, "rainfall_4": 1.1344499233526786, "hours_sunny_4": 4.771463418030875, "internet_no_access": 0.12265242898918115, "insurance_coverage_none": 0.17144235736287686, "insurance_coverage_govt": 0.13346644530423532, "insurance_coverage_private": 0.6950911973328878, "marriage_divorced": 0.1266903449806543}