{"population": 257400.0, "ad_1": 703.2076419591165, "population_change_2010": -0.04688200073316769, "ad_1_change_2010": -0.0744030754599533, "population_change_2000": 0.005146788919174327, "ad_1_change_2000": -0.15117535799353, "gpw_population": NaN, "gpw_pw_density_4": NaN, "white": 0.5846775446775446, "hispanic": 0.04888111888111888, "black": 0.2953108003108003, "asian": 0.014075369075369075, "homogeneity_250_2020": 0.621205464222407, "homogeneity_250_diff_2010": -0.08937816072126914, "homogeneity_250_diff_2000": -0.15829886716742425, "citizenship_citizen_by_birth": 0.9693963967099386, "citizenship_citizen_by_naturalization": 0.016423237701906797, "citizenship_not_citizen": 0.014180365588154484, "birthplace_non_us": 0.030603603290061274, "birthplace_us_not_state": 0.39442452928688315, "birthplace_us_state": 0.5749718674230555, "language_english_only": 0.9522135491794496, "language_spanish": 0.024212626008687708, "education_high_school": 0.9264390022773639, "education_ugrad": 0.28215021964144926, "education_grad": 0.11691185200375606, "education_field_stem": 0.10965882721179505, "education_field_humanities": 0.10449428500501826, "education_field_business": 0.06799710742463652, "generation_silent": 0.06339594040147417, "generation_boomer": 0.23549383790221814, "generation_genx": 0.19006020951519062, "generation_millenial": 0.1933549113098765, "generation_genz": 0.19283673051118205, "generation_genalpha": 0.12485837036005841, "poverty_below_line": 0.13622531130296475, "household_income_under_50k": 0.41276391650595956, "household_income_over_100k": 0.28354599866105884, "individual_income_under_50k": 0.6638698704337642, "individual_income_over_100k": 0.09130844563851433, "housing_per_pop": 0.5806407420186317, "vacancy": 0.09985581334381964, "rent_or_own_rent": 0.33417600095924055, "rent_burden_under_20": 0.2708859121206247, "rent_burden_over_40": 0.3248883711900595, "rent_1br_under_750": 0.6157090909090902, "rent_1br_over_1500": 0.020363636363636372, "rent_2br_under_750": 0.21902998889300154, "rent_2br_over_1500": 0.042650870048130125, "year_built_1969_or_earlier": 0.44550705754614406, "year_built_2010_or_later": 0.06128990228013029, "transportation_means_car": 0.8853603695678834, "transportation_means_bike": 0.003319569927639921, "transportation_means_walk": 0.011921017129307898, "transportation_means_transit": 0.022051428805036563, "transportation_means_worked_at_home": 0.07039777605167416, "transportation_commute_time_under_15": 0.26173534456220515, "transportation_commute_time_over_60": 0.05199876863538425, "vehicle_ownership_at_least_1": 0.9245895742363537, "traffic_fatalities_last_decade_per_capita": 0.00014219114219114222, "traffic_fatalities_ped_last_decade_per_capita": 2.5252525252525253e-05, "GHLTH_cdc_2": 0.17181292282340624, "ARTHRITIS_cdc_2": 0.24595061372987884, "CASTHMA_cdc_2": 0.10658006283720413, "BPHIGH_cdc_2": 0.33803284311049064, "CANCER_cdc_2": 0.06448860145031877, "KIDNEY_cdc_2": 0.0311099353263213, "COPD_cdc_2": 0.0700572781464516, "CHD_cdc_2": 0.057533014349317665, "DIABETES_cdc_2": 0.12340225241099353, "OBESITY_cdc_2": 0.4407612732227153, "STROKE_cdc_2": 0.03412538156477551, "DISABILITY_cdc_2": 0.34077619333607995, "HEARING_cdc_2": 0.07050612737190567, "VISION_cdc_2": 0.05830840857087589, "COGNITION_cdc_2": 0.15260834454244435, "MOBILITY_cdc_2": 0.1639218902781014, "SELFCARE_cdc_2": 0.04575252763397566, "INDEPLIVE_cdc_2": 0.09401201649848893, "BINGE_cdc_2": 0.1594801040337907, "CSMOKING_cdc_2": 0.17363550450928913, "LPA_cdc_2": 0.29529272905054393, "SLEEP_cdc_2": 0.3471511914747878, "heating_utility_gas": 0.6132555281327763, "heating_electricity": 0.3336264351162567, "industry_agriculture,_forestry,_fishing_and_hunting": 0.0070218917802561025, "industry_mining,_quarrying,_and_oil_and_gas_extraction": 0.0024039653035935597, "industry_accommodation_and_food_services": 0.07957042544403127, "industry_arts,_entertainment,_and_recreation": 0.024469227591904227, "industry_construction": 0.052036348616274195, "industry_educational_services": 0.0824535315985128, "industry_health_care_and_social_assistance": 0.14589012804626225, "industry_finance_and_insurance": 0.04624535315985136, "industry_real_estate_and_rental_and_leasing": 0.018025609252375077, "industry_information": 0.014911193721602663, "industry_manufacturing": 0.08444444444444418, "industry_other_services,_except_public_administration": 0.04361833952912029, "industry_administrative_and_support_and_waste_management_services": 0.047872779843040135, "industry_management_of_companies_and_enterprises": 0.0007434944237918221, "industry_professional,_scientific,_and_technical_services": 0.06735233374638594, "industry_public_administration": 0.06639405204460948, "industry_retail_trade": 0.11538207352333749, "industry_transportation_and_warehousing": 0.06961586121437423, "industry_utilities": 0.012308963238331324, "industry_wholesale_trade": 0.01923998347790176, "occupation_architecture_and_engineering_occupations": 0.01790995456422965, "occupation_computer_and_mathematical_occupations": 0.03676992978108235, "occupation_life,_physical,_and_social_science_occupations": 0.006551011978521273, "occupation_arts,_design,_entertainment,_sports,_and_media_occupations": 0.015142503097893454, "occupation_community_and_social_service_occupations": 0.020603056588186706, "occupation_educational_instruction,_and_library_occupations": 0.05666253614209015, "occupation_legal_occupations": 0.010309789343246589, "occupation_health_diagnosing_and_treating_practitioners_and_other_technical_occupations": 0.04009087154068562, "occupation_health_technologists_and_technicians": 0.02375051631557204, "occupation_business_and_financial_operations_occupations": 0.05041718298223872, "occupation_management_occupations": 0.09282114828583232, "occupation_construction_and_extraction_occupations": 0.040983064849235716, "occupation_farming,_fishing,_and_forestry_occupations": 0.0034861627426683163, "occupation_installation,_maintenance,_and_repair_occupations": 0.03176373399421717, "occupation_material_moving_occupations": 0.0492275919041717, "occupation_transportation_occupations": 0.04299049979347368, "occupation_office_and_administrative_support_occupations": 0.12241222635274718, "occupation_sales_and_related_occupations": 0.09553077240809574, "occupation_building_and_grounds_cleaning_and_maintenance_occupations": 0.037381247418421935, "occupation_food_preparation_and_serving_related_occupations": 0.06262701363073114, "occupation_healthcare_support_occupations": 0.03493597686906236, "occupation_personal_care_and_service_occupations": 0.027765386204047976, "occupation_firefighting_and_prevention,_and_other_protective_service_workers_including_supervisors": 0.017339942172655907, "occupation_law_enforcement_workers_including_supervisors": 0.008426270136307323, "sors_cohabiting_partnered_gay": 0.0030472124579944923, "2020 Presidential Election-margin": 0.08724334452338216, "2016 Presidential Election-margin": 0.056674607738435856, "2016-2020 Swing-margin": 0.0305687367849463, "park_percent_1km_v2": 0.017794617373002697, "mean_dist_Hospital_updated": 5.600503115548552, "mean_dist_Active Superfund Site_updated": 23.15733676430652, "mean_dist_Airport_updated": 15.855299655003803, "mean_dist_Public School_updated": 1.2343243881790635, "lapop1share_usda_fra_1": 0.47213673782992605, "mean_high_temp_4": 66.82071414261254, "mean_high_temp_winter_4": 45.874288667927196, "mean_high_temp_spring_4": 74.07747762216172, "mean_high_temp_summer_4": 86.34322532192986, "mean_high_temp_fall_4": 59.93953693031441, "mean_high_heat_index_4": 67.32536975827799, "days_above_90_4": 0.09042790730561594, "days_below_40_4": 0.11097578522491515, "wind_speed_over_10mph_4": 0.15255407334905777, "snowfall_4": 0.04802122216771511, "rainfall_4": 1.0318377986925082, "hours_sunny_4": 5.221420019868639, "internet_no_access": 0.12538094905025066, "insurance_coverage_none": 0.08760356747057946, "insurance_coverage_govt": 0.220005013457175,