{"population": 257400.0, "ad_1": 703.2076419591165, "population_change_2010": -0.04688200073316769, "ad_1_change_2010": -0.07440307545995357, "gpw_population": NaN, "gpw_pw_density_4": NaN, "white": 0.5846775446775446, "hispanic": 0.04888111888111888, "black": 0.2953108003108003, "asian": 0.014075369075369075, "citizenship_citizen_by_birth": 0.9693963967099386, "citizenship_citizen_by_naturalization": 0.016423237701906828, "citizenship_not_citizen": 0.014180365588154541, "birthplace_non_us": 0.03060360329006137, "birthplace_us_not_state": 0.39442452928688265, "birthplace_us_state": 0.574971867423056, "language_english_only": 0.9522135491794496, "language_spanish": 0.024212626008687697, "education_high_school": 0.9264390022773634, "education_ugrad": 0.28215021964145015, "education_grad": 0.11691185200375603, "education_field_stem": 0.1096588272117948, "education_field_humanities": 0.10449428500501884, "education_field_business": 0.06799710742463654, "generation_silent": 0.0633959404014741, "generation_boomer": 0.2354938379022185, "generation_genx": 0.1900602095151916, "generation_millenial": 0.19335491130987598, "generation_genz": 0.1928367305111815, "generation_genalpha": 0.12485837036005831, "poverty_below_line": 0.1362253113029648, "household_income_under_50k": 0.4127639165059603, "household_income_over_100k": 0.2835459986610578, "individual_income_under_50k": 0.6638698704337652, "individual_income_over_100k": 0.09130844563851453, "housing_per_pop": 0.5806407420186317, "vacancy": 0.09985581334381964, "rent_or_own_rent": 0.3341760009592422, "rent_burden_under_20": 0.27088591212062385, "rent_burden_over_40": 0.3248883711900602, "rent_1br_under_750": 0.6157090909090909, "rent_1br_over_1500": 0.020363636363636365, "rent_2br_under_750": 0.2190299888930026, "rent_2br_over_1500": 0.04265087004813032, "year_built_1969_or_earlier": 0.4455070575461455, "year_built_2010_or_later": 0.061289902280130294, "transportation_means_car": 0.8853603695678836, "transportation_means_bike": 0.0033195699276399168, "transportation_means_walk": 0.011921017129307878, "transportation_means_transit": 0.022051428805036587, "transportation_means_worked_at_home": 0.07039777605167409, "transportation_commute_time_under_15": 0.26173534456220593, "transportation_commute_time_over_60": 0.05199876863538414, "vehicle_ownership_at_least_1": 0.9245895742363532, "GHLTH_cdc_2": 0.17181292282340563, "ARTHRITIS_cdc_2": 0.24595061372987945, "CASTHMA_cdc_2": 0.106580062837204, "BPHIGH_cdc_2": 0.3380328431104912, "CANCER_cdc_2": 0.0644886014503184, "KIDNEY_cdc_2": 0.03110993532632164, "COPD_cdc_2": 0.07005727814645138, "CHD_cdc_2": 0.05753301434931728, "DIABETES_cdc_2": 0.12340225241099305, "OBESITY_cdc_2": 0.4407612732227147, "STROKE_cdc_2": 0.03412538156477543, "DISABILITY_cdc_2": 0.3407761933360798, "HEARING_cdc_2": 0.07050612737190591, "VISION_cdc_2": 0.0583084085708755, "COGNITION_cdc_2": 0.1526083445424449, "MOBILITY_cdc_2": 0.16392189027810178, "SELFCARE_cdc_2": 0.04575252763397577, "INDEPLIVE_cdc_2": 0.09401201649848864, "BINGE_cdc_2": 0.15948010403379115, "CSMOKING_cdc_2": 0.1736355045092891, "LPA_cdc_2": 0.29529272905054277, "SLEEP_cdc_2": 0.3471511914747882, "heating_utility_gas": 0.6132555281327751, "heating_electricity": 0.33362643511625817, "industry_agriculture,_forestry,_fishing_and_hunting": 0.007021891780256092, "industry_mining,_quarrying,_and_oil_and_gas_extraction": 0.002403965303593556, "industry_accommodation_and_food_services": 0.0795704254440314, "industry_arts,_entertainment,_and_recreation": 0.02446922759190417, "industry_construction": 0.052036348616274264, "industry_educational_services": 0.08245353159851301, "industry_health_care_and_social_assistance": 0.14589012804626186, "industry_finance_and_insurance": 0.0462453531598513, "industry_real_estate_and_rental_and_leasing": 0.018025609252375053, "industry_information": 0.014911193721602644, "industry_manufacturing": 0.08444444444444445, "industry_other_services,_except_public_administration": 0.0436183395291202, "industry_administrative_and_support_and_waste_management_services": 0.047872779843040066, "industry_management_of_companies_and_enterprises": 0.0007434944237918215, "industry_professional,_scientific,_and_technical_services": 0.06735233374638579, "industry_public_administration": 0.06639405204460967, "industry_retail_trade": 0.11538207352333746, "industry_transportation_and_warehousing": 0.06961586121437423, "industry_utilities": 0.012308963238331269, "industry_wholesale_trade": 0.019239983477901693, "occupation_architecture_and_engineering_occupations": 0.01790995456422966, "occupation_computer_and_mathematical_occupations": 0.0367699297810822, "occupation_life,_physical,_and_social_science_occupations": 0.0065510119785212725, "occupation_arts,_design,_entertainment,_sports,_and_media_occupations": 0.015142503097893433, "occupation_community_and_social_service_occupations": 0.0206030565881867, "occupation_educational_instruction,_and_library_occupations": 0.05666253614209005, "occupation_legal_occupations": 0.010309789343246592, "occupation_health_diagnosing_and_treating_practitioners_and_other_technical_occupations": 0.04009087154068567, "occupation_health_technologists_and_technicians": 0.023750516315572078, "occupation_business_and_financial_operations_occupations": 0.05041718298223875, "occupation_management_occupations": 0.0928211482858323, "occupation_construction_and_extraction_occupations": 0.040983064849235855, "occupation_farming,_fishing,_and_forestry_occupations": 0.003486162742668319, "occupation_installation,_maintenance,_and_repair_occupations": 0.031763733994217266, "occupation_material_moving_occupations": 0.04922759190417183, "occupation_transportation_occupations": 0.042990499793473774, "occupation_office_and_administrative_support_occupations": 0.1224122263527468, "occupation_sales_and_related_occupations": 0.09553077240809583, "occupation_building_and_grounds_cleaning_and_maintenance_occupations": 0.03738124741842214, "occupation_food_preparation_and_serving_related_occupations": 0.0626270136307311, "occupation_healthcare_support_occupations": 0.03493597686906237, "occupation_personal_care_and_service_occupations": 0.027765386204047914, "occupation_firefighting_and_prevention,_and_other_protective_service_workers_including_supervisors": 0.01733994217265593, "occupation_law_enforcement_workers_including_supervisors": 0.00842627013630731, "2020 Presidential Election-margin": 0.08724334452338199, "2016 Presidential Election-margin": 0.05667460773843753, "2016-2020 Swing-margin": 0.030568736784944463, "park_percent_1km_v2": 0.017794617373002697, "mean_dist_Hospital_updated": 5.600503115548552, "mean_dist_Active Superfund Site_updated": 23.15733676430652, "mean_dist_Airport_updated": 15.855299655003803, "mean_dist_Public School_updated": 1.2343243881790635, "mean_high_temp_4": 66.82071414261254, "mean_high_temp_winter_4": 45.874288667927196, "mean_high_temp_spring_4": 74.07747762216172, "mean_high_temp_summer_4": 86.34322532192986, "mean_high_temp_fall_4": 59.93953693031441, "mean_high_heat_index_4": 67.32536975827799, "days_above_90_4": 0.09042790730561594, "days_below_40_4": 0.11097578522491515, "wind_speed_over_10mph_4": 0.15255407334905777, "snowfall_4": 0.04802122216771511, "rainfall_4": 1.0318377986925082, "hours_sunny_4": 5.221420019868639, "internet_no_access": 0.1253809490502503, "insurance_coverage_none": 0.08760356747057892, "insurance_coverage_govt": 0.22000501345717452, "insurance_coverage_private": 0.6923914190722466, "marriage_divorced": 0.12016387294076916}