{"population": 260924.0, "ad_1": 930.6026323843284, "population_change_2010": 0.0657528203703855, "ad_1_change_2010": 0.024183179849568828, "population_change_2000": 0.1936685118257926, "ad_1_change_2000": 0.13929714037732388, "gpw_population": NaN, "gpw_pw_density_4": NaN, "white": 0.7166224647790161, "hispanic": 0.05368229829375604, "black": 0.1411790406401864, "asian": 0.03102052705002223, "homogeneity_250_2020": 0.618504381797181, "homogeneity_250_diff_2010": -0.09051110001247553, "homogeneity_250_diff_2000": -0.16840349392988185, "citizenship_citizen_by_birth": 0.9502743457760011, "citizenship_citizen_by_naturalization": 0.034758182140900255, "citizenship_not_citizen": 0.014967472083098586, "birthplace_non_us": 0.049725654223998744, "birthplace_us_not_state": 0.3062678942128864, "birthplace_us_state": 0.6440064515631148, "language_english_only": 0.9241730363059224, "language_spanish": 0.028842107843337402, "education_high_school": 0.939612132097459, "education_ugrad": 0.3631985203716173, "education_grad": 0.1541101382340674, "education_field_stem": 0.17538514170862848, "education_field_humanities": 0.11085452815463381, "education_field_business": 0.07695885050835492, "generation_silent": 0.06304936680531865, "generation_boomer": 0.24367769966275926, "generation_genx": 0.197575261805357, "generation_millenial": 0.19114685023267353, "generation_genz": 0.1844637716949241, "generation_genalpha": 0.12008704979896746, "poverty_below_line": 0.06771442447790203, "household_income_under_50k": 0.2366725489391397, "household_income_over_100k": 0.49206919193991777, "individual_income_under_50k": 0.5314465077576127, "individual_income_over_100k": 0.1729215601596814, "housing_per_pop": 0.5105160917210801, "vacancy": 0.04843051064076993, "rent_or_own_rent": 0.20490827758854194, "rent_burden_under_20": 0.2888684949255019, "rent_burden_over_40": 0.33027423882530776, "rent_1br_under_750": 0.2964763061968411, "rent_1br_over_1500": 0.11980558930741193, "rent_2br_under_750": 0.1368030724407364, "rent_2br_over_1500": 0.2672493709442461, "year_built_1969_or_earlier": 0.25184543170441925, "year_built_2010_or_later": 0.06397171961124197, "transportation_means_car": 0.8746498390749791, "transportation_means_bike": 0.003009893908689949, "transportation_means_walk": 0.008694421265943478, "transportation_means_transit": 0.00897753009893907, "transportation_means_worked_at_home": 0.09686792227917522, "transportation_commute_time_under_15": 0.19230832687135987, "transportation_commute_time_over_60": 0.13445579185296377, "vehicle_ownership_at_least_1": 0.957298805761891, "traffic_fatalities_last_decade_per_capita": 7.435115205960356e-05, "traffic_fatalities_ped_last_decade_per_capita": 1.4946881084147108e-05, "GHLTH_cdc_2": 0.13402645106715239, "ARTHRITIS_cdc_2": 0.2521356281450636, "CASTHMA_cdc_2": 0.1009645204320664, "BPHIGH_cdc_2": 0.3275634272514314, "CANCER_cdc_2": 0.06873188335068554, "KIDNEY_cdc_2": 0.026724123720284574, "COPD_cdc_2": 0.05687373112962003, "CHD_cdc_2": 0.04965179810862392, "DIABETES_cdc_2": 0.09945117018046104, "OBESITY_cdc_2": 0.3272522069668585, "STROKE_cdc_2": 0.026907724926253672, "DISABILITY_cdc_2": 0.2516490868471292, "HEARING_cdc_2": 0.054966998525073904, "VISION_cdc_2": 0.03759880921395093, "COGNITION_cdc_2": 0.11281680548325489, "MOBILITY_cdc_2": 0.10999483233558935, "SELFCARE_cdc_2": 0.029010194343223952, "INDEPLIVE_cdc_2": 0.061429040864133456, "BINGE_cdc_2": 0.15525041753427063, "CSMOKING_cdc_2": 0.14221436860142295, "LPA_cdc_2": 0.2190533901613738, "SLEEP_cdc_2": 0.3227440081120945, "heating_utility_gas": 0.3875220585217715, "heating_electricity": 0.40991915295276354, "industry_agriculture,_forestry,_fishing_and_hunting": 0.002866049136491898, "industry_mining,_quarrying,_and_oil_and_gas_extraction": 0.0013517705978814871, "industry_accommodation_and_food_services": 0.05169229860095435, "industry_arts,_entertainment,_and_recreation": 0.017942354001388723, "industry_construction": 0.07071311439081672, "industry_educational_services": 0.08672753327719425, "industry_health_care_and_social_assistance": 0.1376516125219758, "industry_finance_and_insurance": 0.04869328842204792, "industry_real_estate_and_rental_and_leasing": 0.017270162064737228, "industry_information": 0.012114228308883273, "industry_manufacturing": 0.06678337691500845, "industry_other_services,_except_public_administration": 0.04568689151856289, "industry_administrative_and_support_and_waste_management_services": 0.035131262095761506, "industry_management_of_companies_and_enterprises": 0.00036933622892936825, "industry_professional,_scientific,_and_technical_services": 0.10384996085035954, "industry_public_administration": 0.11364475764156631, "industry_retail_trade": 0.11513687600644143, "industry_transportation_and_warehousing": 0.0445345624843032, "industry_utilities": 0.007992435994031516, "industry_wholesale_trade": 0.01984812894266427, "occupation_architecture_and_engineering_occupations": 0.029709406255078393, "occupation_computer_and_mathematical_occupations": 0.048338725642275655, "occupation_life,_physical,_and_social_science_occupations": 0.015113238487789738, "occupation_arts,_design,_entertainment,_sports,_and_media_occupations": 0.016184313551684926, "occupation_community_and_social_service_occupations": 0.017211068268108545, "occupation_educational_instruction,_and_library_occupations": 0.056375481983778675, "occupation_legal_occupations": 0.011648864660432271, "occupation_health_diagnosing_and_treating_practitioners_and_other_technical_occupations": 0.05402650356778808, "occupation_health_technologists_and_technicians": 0.018998655616126705, "occupation_business_and_financial_operations_occupations": 0.07527072345580517, "occupation_management_occupations": 0.12257530765707846, "occupation_construction_and_extraction_occupations": 0.04218558406831241, "occupation_farming,_fishing,_and_forestry_occupations": 0.0010267547164236437, "occupation_installation,_maintenance,_and_repair_occupations": 0.03351356941305089, "occupation_material_moving_occupations": 0.03183678293371157, "occupation_transportation_occupations": 0.02979804695002143, "occupation_office_and_administrative_support_occupations": 0.1168875297315665, "occupation_sales_and_related_occupations": 0.09768204582723938, "occupation_building_and_grounds_cleaning_and_maintenance_occupations": 0.02671039607617193, "occupation_food_preparation_and_serving_related_occupations": 0.04399533159006635, "occupation_healthcare_support_occupations": 0.020003250158814594, "occupation_personal_care_and_service_occupations": 0.02394037435920166, "occupation_firefighting_and_prevention,_and_other_protective_service_workers_including_supervisors": 0.0159553250897487, "occupation_law_enforcement_workers_including_supervisors": 0.015290519877675837, "sors_cohabiting_partnered_gay": 0.0067834018876224205, "2020 Presidential Election-margin": -0.1203554991699636, "2016 Presidential Election-margin": -0.23028756957328336, "2016-2020 Swing-margin": 0.10993207040331976, "park_percent_1km_v2": 0.02057217699607197, "mean_dist_Hospital_updated": 7.77273654169151, "mean_dist_Active Superfund Site_updated": 9.699359810250531, "mean_dist_Airport_updated": 47.50250063411185, "mean_dist_Public School_updated": 1.625255297728805, "lapop1share_usda_fra_1": 0.5400387421304855, "mean_high_temp_4": 63.53935907463321, "mean_high_temp_winter_4": 43.903490214560996, "mean_high_temp_spring_4": 68.7771505466088, "mean_high_temp_summer_4": 82.51076282386389, "mean_high_temp_fall_4": 58.00161601306819, "mean_high_heat_index_4": 63.63265021769292, "days_above_90_4": 0.02965035180160655, "days_below_40_4": 0.1075475720534837, "wind_speed_over_10mph_4": 0.15348078128680465, "snowfall_4": 0.06915478504570588, "rainfall_4": 1.04266303318549, "hours_sunny_4": 4.9687868297835, "internet_no_access": 0.06343620470308196, "insurance_coverage_none": 0.04127852637703406, "insurance_coverage_govt": 0.1409808060113515,