{"population": 782969.0, "ad_1": 1430.391912104896, "population_change_2010": 0.056501451903667003, "ad_1_change_2010": 0.014057485123485437, "population_change_2000": 0.12884478418459, "ad_1_change_2000": -0.017679021802477938, "gpw_population": NaN, "gpw_pw_density_4": NaN, "white": 0.6261435637937134, "hispanic": 0.07538101763926797, "black": 0.2133762639389299, "asian": 0.03441260126518419, "homogeneity_250_2020": 0.5785742526072798, "homogeneity_250_diff_2010": -0.11580597845993978, "homogeneity_250_diff_2000": -0.21057244351628468, "citizenship_citizen_by_birth": 0.9150412134553314, "citizenship_citizen_by_naturalization": 0.037852569482439015, "citizenship_not_citizen": 0.0471062170622295, "birthplace_non_us": 0.08495878654466853, "birthplace_us_not_state": 0.2506339299557039, "birthplace_us_state": 0.6644072834996275, "language_english_only": 0.8965014437944143, "language_spanish": 0.04706291940009172, "education_high_school": 0.9165648482965137, "education_ugrad": 0.3337723882705244, "education_grad": 0.13555144358438387, "education_field_stem": 0.14300772642522186, "education_field_humanities": 0.12106439629357585, "education_field_business": 0.0697002655517262, "generation_silent": 0.06320848639693269, "generation_boomer": 0.23264044159195565, "generation_genx": 0.18312407345002688, "generation_millenial": 0.21324391472088478, "generation_genz": 0.18663871694370793, "generation_genalpha": 0.12114436689649219, "poverty_below_line": 0.1373760853574579, "household_income_under_50k": 0.4077353979207719, "household_income_over_100k": 0.283751890699766, "individual_income_under_50k": 0.6676182045789043, "individual_income_over_100k": 0.09720003422044636, "housing_per_pop": 0.5808495123507429, "vacancy": 0.08043770666367764, "rent_or_own_rent": 0.3842242176601412, "rent_burden_under_20": 0.3152752578812431, "rent_burden_over_40": 0.2870041482465776, "rent_1br_under_750": 0.44853048477950025, "rent_1br_over_1500": 0.02638414616349993, "rent_2br_under_750": 0.1915791165304026, "rent_2br_over_1500": 0.06564753620859357, "year_built_1969_or_earlier": 0.50270009207427, "year_built_2010_or_later": 0.0614581626946693, "transportation_means_car": 0.8526028740067153, "transportation_means_bike": 0.00298506684464096, "transportation_means_walk": 0.017670552902162774, "transportation_means_transit": 0.023359125701295193, "transportation_means_worked_at_home": 0.09082685048073962, "transportation_commute_time_under_15": 0.23174770672455128, "transportation_commute_time_over_60": 0.03235389419533916, "vehicle_ownership_at_least_1": 0.9077740625376989, "traffic_fatalities_last_decade_per_capita": 0.00012874072919872947, "traffic_fatalities_ped_last_decade_per_capita": 3.6272189575832504e-05, "GHLTH_cdc_2": 0.20709646242945157, "ARTHRITIS_cdc_2": 0.2599636933086705, "CASTHMA_cdc_2": 0.1110548491188127, "BPHIGH_cdc_2": 0.3578078410086991, "CANCER_cdc_2": 0.0667302020590597, "KIDNEY_cdc_2": 0.030842615964826438, "COPD_cdc_2": 0.08191821552849216, "CHD_cdc_2": 0.061879744734221614, "DIABETES_cdc_2": 0.11809343233401659, "OBESITY_cdc_2": 0.3747061861374449, "STROKE_cdc_2": 0.03230325897742645, "DISABILITY_cdc_2": 0.3448594791046372, "HEARING_cdc_2": 0.07505230910837944, "VISION_cdc_2": 0.05826475656476779, "COGNITION_cdc_2": 0.16595048911888355, "MOBILITY_cdc_2": 0.16544632866610856, "SELFCARE_cdc_2": 0.04248068907005063, "INDEPLIVE_cdc_2": 0.0960130267755036, "BINGE_cdc_2": 0.15654111707761872, "CSMOKING_cdc_2": 0.19171977150445688, "LPA_cdc_2": 0.29032358960036314, "SLEEP_cdc_2": 0.3518171649197516, "heating_utility_gas": 0.6123114326632483, "heating_electricity": 0.3662683695595032, "industry_agriculture,_forestry,_fishing_and_hunting": 0.0021823726714748776, "industry_mining,_quarrying,_and_oil_and_gas_extraction": 0.000217469726934777, "industry_accommodation_and_food_services": 0.07197480421328406, "industry_arts,_entertainment,_and_recreation": 0.02011467050777896, "industry_construction": 0.05048111979000093, "industry_educational_services": 0.08945425332408896, "industry_health_care_and_social_assistance": 0.14214588892669683, "industry_finance_and_insurance": 0.061556725059420524, "industry_real_estate_and_rental_and_leasing": 0.018147209095863228, "industry_information": 0.01789136235829286, "industry_manufacturing": 0.11864636608086271, "industry_other_services,_except_public_administration": 0.04609078977329418, "industry_administrative_and_support_and_waste_management_services": 0.04238868748065166, "industry_management_of_companies_and_enterprises": 0.001842096510506346, "industry_professional,_scientific,_and_technical_services": 0.06465758751877272, "industry_public_administration": 0.0280459193724592, "industry_retail_trade": 0.10837667803479036, "industry_transportation_and_warehousing": 0.08189398222888568, "industry_utilities": 0.00825617422139442, "industry_wholesale_trade": 0.025635843104546602, "occupation_architecture_and_engineering_occupations": 0.01790159622779573, "occupation_computer_and_mathematical_occupations": 0.030954896778633712, "occupation_life,_physical,_and_social_science_occupations": 0.00683622482787912, "occupation_arts,_design,_entertainment,_sports,_and_media_occupations": 0.01742060436116346, "occupation_community_and_social_service_occupations": 0.018886606167441485, "occupation_educational_instruction,_and_library_occupations": 0.054566992188999186, "occupation_legal_occupations": 0.013715943601145123, "occupation_health_diagnosing_and_treating_practitioners_and_other_technical_occupations": 0.0511079442970483, "occupation_health_technologists_and_technicians": 0.022279133907623955, "occupation_business_and_financial_operations_occupations": 0.05783415502777203, "occupation_management_occupations": 0.10048892311549676, "occupation_construction_and_extraction_occupations": 0.03531708365420791, "occupation_farming,_fishing,_and_forestry_occupations": 0.0013815723828797591, "occupation_installation,_maintenance,_and_repair_occupations": 0.02504227867338345, "occupation_material_moving_occupations": 0.06379794248053655, "occupation_transportation_occupations": 0.04263430034871916, "occupation_office_and_administrative_support_occupations": 0.11669425547320138, "occupation_sales_and_related_occupations": 0.0974571392752884, "occupation_building_and_grounds_cleaning_and_maintenance_occupations": 0.028294090707902335, "occupation_food_preparation_and_serving_related_occupations": 0.05235647637639141, "occupation_healthcare_support_occupations": 0.023924228430201158, "occupation_personal_care_and_service_occupations": 0.02488365369608982, "occupation_firefighting_and_prevention,_and_other_protective_service_workers_including_supervisors": 0.011234230246713035, "occupation_law_enforcement_workers_including_supervisors": 0.005979138257018514, "sors_cohabiting_partnered_gay": 0.007723759015643589, "2020 Presidential Election-margin": 0.2012247698701432, "2016 Presidential Election-margin": 0.13335335465793616, "2016-2020 Swing-margin": 0.06787141521220705, "park_percent_1km_v2": 0.021632491741295643, "mean_dist_Hospital_updated": 5.3696185463440225, "mean_dist_Active Superfund Site_updated": 20.13577486408106, "mean_dist_Airport_updated": 11.432517094254624, "mean_dist_Public School_updated": 1.1048931343721138, "lapop1share_usda_fra_1": 0.7649571933115124, "mean_high_temp_4": 66.41372587783466, "mean_high_temp_winter_4": 46.6389929660134, "mean_high_temp_spring_4": 72.92409765356454, "mean_high_temp_summer_4": 85.12181262882936, "mean_high_temp_fall_4": 59.97604357866136, "mean_high_heat_index_4": 66.93560612443234, "days_above_90_4": 0.06109618648848011, "days_below_40_4": 0.10287584637439223, "wind_speed_over_10mph_4": 0.07785282888943201, "snowfall_4": 0.0541728808210337, "rainfall_4": 1.142925582487954, "hours_sunny_4": 4.8357689804651445, "internet_no_access": 0.09711933138051211, "insurance_coverage_none": 0.06934599424761177, "insurance_coverage_govt": 0.22398944115322547,