{"population": 782969.0, "ad_1": 1430.391912104896, "population_change_2010": 0.056501451903667003, "ad_1_change_2010": 0.014057485123484946, "gpw_population": NaN, "gpw_pw_density_4": NaN, "white": 0.6261435637937134, "hispanic": 0.07538101763926797, "black": 0.2133762639389299, "asian": 0.03441260126518419, "citizenship_citizen_by_birth": 0.9150412134553315, "citizenship_citizen_by_naturalization": 0.03785256948243895, "citizenship_not_citizen": 0.04710621706222956, "birthplace_non_us": 0.08495878654466851, "birthplace_us_not_state": 0.250633929955705, "birthplace_us_state": 0.6644072834996265, "language_english_only": 0.8965014437944145, "language_spanish": 0.047062919400091476, "education_high_school": 0.916564848296514, "education_ugrad": 0.33377238827052375, "education_grad": 0.13555144358438329, "education_field_stem": 0.14300772642522178, "education_field_humanities": 0.1210643962935759, "education_field_business": 0.06970026555172609, "generation_silent": 0.06320848639693305, "generation_boomer": 0.2326404415919554, "generation_genx": 0.18312407345002685, "generation_millenial": 0.21324391472088502, "generation_genz": 0.18663871694370804, "generation_genalpha": 0.12114436689649163, "poverty_below_line": 0.1373760853574579, "household_income_under_50k": 0.40773539792077157, "household_income_over_100k": 0.2837518906997677, "individual_income_under_50k": 0.6676182045789052, "individual_income_over_100k": 0.09720003422044601, "housing_per_pop": 0.5808495123507429, "vacancy": 0.08043770666367764, "rent_or_own_rent": 0.3842242176601411, "rent_burden_under_20": 0.3152752578812426, "rent_burden_over_40": 0.2870041482465779, "rent_1br_under_750": 0.44853048477949975, "rent_1br_over_1500": 0.026384146163499985, "rent_2br_under_750": 0.19157911653040316, "rent_2br_over_1500": 0.06564753620859363, "year_built_1969_or_earlier": 0.5027000920742695, "year_built_2010_or_later": 0.0614581626946693, "transportation_means_car": 0.8526028740067157, "transportation_means_bike": 0.0029850668446409576, "transportation_means_walk": 0.017670552902162805, "transportation_means_transit": 0.02335912570129518, "transportation_means_worked_at_home": 0.09082685048073914, "transportation_commute_time_under_15": 0.23174770672455175, "transportation_commute_time_over_60": 0.03235389419533918, "vehicle_ownership_at_least_1": 0.907774062537698, "GHLTH_cdc_2": 0.20709646242945146, "ARTHRITIS_cdc_2": 0.259963693308671, "CASTHMA_cdc_2": 0.11105484911881312, "BPHIGH_cdc_2": 0.35780784100869684, "CANCER_cdc_2": 0.06673020205905963, "KIDNEY_cdc_2": 0.030842615964826302, "COPD_cdc_2": 0.08191821552849256, "CHD_cdc_2": 0.06187974473422111, "DIABETES_cdc_2": 0.11809343233401665, "OBESITY_cdc_2": 0.3747061861374451, "STROKE_cdc_2": 0.032303258977426225, "DISABILITY_cdc_2": 0.34485947910463755, "HEARING_cdc_2": 0.07505230910837904, "VISION_cdc_2": 0.05826475656476763, "COGNITION_cdc_2": 0.16595048911888338, "MOBILITY_cdc_2": 0.16544632866610806, "SELFCARE_cdc_2": 0.04248068907005054, "INDEPLIVE_cdc_2": 0.09601302677550419, "BINGE_cdc_2": 0.15654111707761786, "CSMOKING_cdc_2": 0.19171977150445554, "LPA_cdc_2": 0.2903235896003612, "SLEEP_cdc_2": 0.3518171649197508, "heating_utility_gas": 0.6123114326632497, "heating_electricity": 0.36626836955950176, "industry_agriculture,_forestry,_fishing_and_hunting": 0.0021823726714748797, "industry_mining,_quarrying,_and_oil_and_gas_extraction": 0.000217469726934777, "industry_accommodation_and_food_services": 0.07197480421328407, "industry_arts,_entertainment,_and_recreation": 0.02011467050777902, "industry_construction": 0.050481119790001, "industry_educational_services": 0.08945425332408874, "industry_health_care_and_social_assistance": 0.14214588892669736, "industry_finance_and_insurance": 0.061556725059420406, "industry_real_estate_and_rental_and_leasing": 0.018147209095863214, "industry_information": 0.01789136235829289, "industry_manufacturing": 0.11864636608086292, "industry_other_services,_except_public_administration": 0.046090789773294207, "industry_administrative_and_support_and_waste_management_services": 0.04238868748065159, "industry_management_of_companies_and_enterprises": 0.0018420965105063463, "industry_professional,_scientific,_and_technical_services": 0.06465758751877275, "industry_public_administration": 0.02804591937245912, "industry_retail_trade": 0.10837667803479004, "industry_transportation_and_warehousing": 0.08189398222888561, "industry_utilities": 0.008256174221394416, "industry_wholesale_trade": 0.02563584310454665, "occupation_architecture_and_engineering_occupations": 0.0179015962277957, "occupation_computer_and_mathematical_occupations": 0.030954896778633726, "occupation_life,_physical,_and_social_science_occupations": 0.006836224827879107, "occupation_arts,_design,_entertainment,_sports,_and_media_occupations": 0.017420604361163487, "occupation_community_and_social_service_occupations": 0.018886606167441457, "occupation_educational_instruction,_and_library_occupations": 0.0545669921889991, "occupation_legal_occupations": 0.01371594360114517, "occupation_health_diagnosing_and_treating_practitioners_and_other_technical_occupations": 0.0511079442970483, "occupation_health_technologists_and_technicians": 0.022279133907623976, "occupation_business_and_financial_operations_occupations": 0.057834155027772165, "occupation_management_occupations": 0.1004889231154969, "occupation_construction_and_extraction_occupations": 0.035317083654207784, "occupation_farming,_fishing,_and_forestry_occupations": 0.0013815723828797598, "occupation_installation,_maintenance,_and_repair_occupations": 0.025042278673383496, "occupation_material_moving_occupations": 0.06379794248053645, "occupation_transportation_occupations": 0.0426343003487191, "occupation_office_and_administrative_support_occupations": 0.11669425547320134, "occupation_sales_and_related_occupations": 0.09745713927528853, "occupation_building_and_grounds_cleaning_and_maintenance_occupations": 0.02829409070790234, "occupation_food_preparation_and_serving_related_occupations": 0.052356476376391486, "occupation_healthcare_support_occupations": 0.023924228430201172, "occupation_personal_care_and_service_occupations": 0.024883653696089893, "occupation_firefighting_and_prevention,_and_other_protective_service_workers_including_supervisors": 0.011234230246713009, "occupation_law_enforcement_workers_including_supervisors": 0.005979138257018516, "2020 Presidential Election-margin": 0.20122476987014332, "2016 Presidential Election-margin": 0.13335335465793283, "2016-2020 Swing-margin": 0.06787141521221049, "park_percent_1km_v2": 0.021632491741295643, "mean_dist_Hospital_updated": 5.3696185463440225, "mean_dist_Active Superfund Site_updated": 20.13577486408106, "mean_dist_Airport_updated": 11.432517094254624, "mean_dist_Public School_updated": 1.1048931343721138, "mean_high_temp_4": 66.41372587783466, "mean_high_temp_winter_4": 46.6389929660134, "mean_high_temp_spring_4": 72.92409765356454, "mean_high_temp_summer_4": 85.12181262882936, "mean_high_temp_fall_4": 59.97604357866136, "mean_high_heat_index_4": 66.93560612443234, "days_above_90_4": 0.06109618648848011, "days_below_40_4": 0.10287584637439223, "wind_speed_over_10mph_4": 0.07785282888943201, "snowfall_4": 0.0541728808210337, "rainfall_4": 1.142925582487954, "hours_sunny_4": 4.8357689804651445, "internet_no_access": 0.09711933138051242, "insurance_coverage_none": 0.06934599424761143, "insurance_coverage_govt": 0.22398944115322658, "insurance_coverage_private": 0.706664564599162, "marriage_divorced": 0.1287179148546794}