{"population": 1604252.0, "ad_1": 7197.11558476889, "population_change_2010": 0.05126676094253148, "ad_1_change_2010": 0.07391713480699869, "population_change_2000": 0.057132878653092155, "ad_1_change_2000": 0.07951619873785519, "gpw_population": NaN, "gpw_pw_density_4": NaN, "white": 0.3434348219606396, "hispanic": 0.14861193877271153, "black": 0.3826699296619234, "asian": 0.0826073459780633, "homogeneity_250_2020": 0.5324179221458397, "homogeneity_250_diff_2010": -0.08475717557144202, "homogeneity_250_diff_2000": -0.1599649428443768, "citizenship_citizen_by_birth": 0.8566597754404426, "citizenship_citizen_by_naturalization": 0.07467933117651215, "citizenship_not_citizen": 0.06866089338304517, "birthplace_non_us": 0.1433402245595573, "birthplace_us_not_state": 0.2134850467143434, "birthplace_us_state": 0.6431747287260993, "language_english_only": 0.7627469511090278, "language_spanish": 0.10998366048388429, "education_high_school": 0.8707509960161867, "education_ugrad": 0.3124289548326951, "education_grad": 0.13578701004057764, "education_field_stem": 0.14208232013045652, "education_field_humanities": 0.11352503985900501, "education_field_business": 0.05682159484323471, "generation_silent": 0.05593704156786962, "generation_boomer": 0.19812376205855992, "generation_genx": 0.17153819873753803, "generation_millenial": 0.2600594954891055, "generation_genz": 0.191061879649291, "generation_genalpha": 0.12327962249763594, "poverty_below_line": 0.2281548478947957, "household_income_under_50k": 0.48086049706904893, "household_income_over_100k": 0.2419141084451514, "individual_income_under_50k": 0.6916410441795465, "individual_income_over_100k": 0.08750504158066433, "housing_per_pop": 0.5685407686388348, "vacancy": 0.09453665635501074, "rent_or_own_rent": 0.476120707510312, "rent_burden_under_20": 0.2528382028680065, "rent_burden_over_40": 0.3763792473263809, "rent_1br_under_750": 0.23655755928864933, "rent_1br_over_1500": 0.22053593225237744, "rent_2br_under_750": 0.12314072441172146, "rent_2br_over_1500": 0.265013627973322, "year_built_1969_or_earlier": 0.7878221272654505, "year_built_2010_or_later": 0.03681198678474895, "transportation_means_car": 0.5668054562112796, "transportation_means_bike": 0.020671806172626383, "transportation_means_walk": 0.07634137047107448, "transportation_means_transit": 0.21382001261631584, "transportation_means_worked_at_home": 0.10749307824766292, "transportation_commute_time_under_15": 0.13856663377182174, "transportation_commute_time_over_60": 0.1350388756063156, "vehicle_ownership_at_least_1": 0.7143535924045227, "traffic_fatalities_last_decade_per_capita": 6.944046197230859e-05, "traffic_fatalities_ped_last_decade_per_capita": 2.7863452873987383e-05, "GHLTH_cdc_2": 0.21464296474968722, "ARTHRITIS_cdc_2": 0.23499383400163829, "CASTHMA_cdc_2": 0.12327412412549263, "BPHIGH_cdc_2": 0.31553278392959705, "CANCER_cdc_2": 0.05618389349216871, "KIDNEY_cdc_2": 0.03271606570047207, "COPD_cdc_2": 0.06911572899266637, "CHD_cdc_2": 0.05704146415350205, "DIABETES_cdc_2": 0.12070936087689783, "OBESITY_cdc_2": 0.3105878164213836, "STROKE_cdc_2": 0.03724628591656868, "DISABILITY_cdc_2": 0.3328900120517138, "HEARING_cdc_2": 0.05719717781172895, "VISION_cdc_2": 0.07679718810989737, "COGNITION_cdc_2": 0.17405588336365632, "MOBILITY_cdc_2": 0.16121957055167327, "SELFCARE_cdc_2": 0.054880684239822515, "INDEPLIVE_cdc_2": 0.11009478308899591, "BINGE_cdc_2": 0.17436977554009003, "CSMOKING_cdc_2": 0.19489853371730206, "LPA_cdc_2": 0.3076773435033866, "SLEEP_cdc_2": 0.3845338650770773, "heating_utility_gas": 0.7156986381664512, "heating_electricity": 0.22463478972759823, "industry_agriculture,_forestry,_fishing_and_hunting": 0.001266768727219188, "industry_mining,_quarrying,_and_oil_and_gas_extraction": 0.0004500722583748511, "industry_accommodation_and_food_services": 0.06452810968013692, "industry_arts,_entertainment,_and_recreation": 0.02132601049741322, "industry_construction": 0.04015873040282661, "industry_educational_services": 0.10649475713588709, "industry_health_care_and_social_assistance": 0.21186870703834323, "industry_finance_and_insurance": 0.046051010436694885, "industry_real_estate_and_rental_and_leasing": 0.016480998649923598, "industry_information": 0.02026282763236565, "industry_manufacturing": 0.06434834952535619, "industry_other_services,_except_public_administration": 0.047914227506319636, "industry_administrative_and_support_and_waste_management_services": 0.046476486614318926, "industry_management_of_companies_and_enterprises": 0.001213416696591164, "industry_professional,_scientific,_and_technical_services": 0.07838774022659827, "industry_public_administration": 0.056182757248232726, "industry_retail_trade": 0.09286879964780662, "industry_transportation_and_warehousing": 0.05749078946609356, "industry_utilities": 0.006388563667509281, "industry_wholesale_trade": 0.019840876941988467, "occupation_architecture_and_engineering_occupations": 0.01414512812035243, "occupation_computer_and_mathematical_occupations": 0.02756512026289699, "occupation_life,_physical,_and_social_science_occupations": 0.016166896554506333, "occupation_arts,_design,_entertainment,_sports,_and_media_occupations": 0.02258706096664794, "occupation_community_and_social_service_occupations": 0.028591216413478344, "occupation_educational_instruction,_and_library_occupations": 0.06339178839158713, "occupation_legal_occupations": 0.018306586509338148, "occupation_health_diagnosing_and_treating_practitioners_and_other_technical_occupations": 0.05282940875250107, "occupation_health_technologists_and_technicians": 0.022197180742827765, "occupation_business_and_financial_operations_occupations": 0.06263409384807088, "occupation_management_occupations": 0.09006950470173808, "occupation_construction_and_extraction_occupations": 0.032732150380149524, "occupation_farming,_fishing,_and_forestry_occupations": 0.0010437845992097613, "occupation_installation,_maintenance,_and_repair_occupations": 0.018438562198213253, "occupation_material_moving_occupations": 0.04046140039280917, "occupation_transportation_occupations": 0.041615951890642426, "occupation_office_and_administrative_support_occupations": 0.11166920209673066, "occupation_sales_and_related_occupations": 0.07979789837089987, "occupation_building_and_grounds_cleaning_and_maintenance_occupations": 0.03555799821410988, "occupation_food_preparation_and_serving_related_occupations": 0.052954823036212365, "occupation_healthcare_support_occupations": 0.06425761012882651, "occupation_personal_care_and_service_occupations": 0.030056345254570987, "occupation_firefighting_and_prevention,_and_other_protective_service_workers_including_supervisors": 0.02080502566528256, "occupation_law_enforcement_workers_including_supervisors": 0.013753879895746916, "sors_cohabiting_partnered_gay": 0.009216911498644113, "2020 Presidential Election-margin": 0.6351856051822491, "2016 Presidential Election-margin": 0.6715853516448252, "2016-2020 Swing-margin": -0.036399746462576155, "park_percent_1km_v2": 0.06485937752562355, "mean_dist_Hospital_updated": 1.551646646319391, "mean_dist_Active Superfund Site_updated": 6.043147710834605, "mean_dist_Airport_updated": 10.129284653392784, "mean_dist_Public School_updated": 0.4495563190364213, "lapop1share_usda_fra_1": 0.98923757350716, "mean_high_temp_4": 64.5157293070465, "mean_high_temp_winter_4": 44.54871531015239, "mean_high_temp_spring_4": 69.88967628613693, "mean_high_temp_summer_4": 83.78718066109452, "mean_high_temp_fall_4": 58.857090132772285, "mean_high_heat_index_4": 64.39503409122243, "days_above_90_4": 0.05042782611027166, "days_below_40_4": 0.10703924268462109, "wind_speed_over_10mph_4": 0.14582281484822152, "snowfall_4": 0.07878570234646359, "rainfall_4": 1.0297284119375272, "hours_sunny_4": 4.892544304770124, "internet_no_access": 0.13480066996466925, "insurance_coverage_none": 0.09249830928474909, "insurance_coverage_govt": 0.28946669446959383,