{"population": 334728.0, "ad_1": 752.3883775022077, "population_change_2010": 0.047888276341369496, "ad_1_change_2010": -0.012869299097476078, "population_change_2000": 0.10484778669342461, "ad_1_change_2000": -0.023617225028928754, "gpw_population": NaN, "gpw_pw_density_4": NaN, "white": 0.39793802729380273, "hispanic": 0.11800028680002868, "black": 0.3709668745966875, "asian": 0.026717215171721518, "homogeneity_250_2020": 0.4125260374440293, "homogeneity_250_diff_2010": -0.05625688321216876, "homogeneity_250_diff_2000": -0.10648097743007717, "citizenship_citizen_by_birth": 0.9344149264648572, "citizenship_citizen_by_naturalization": 0.03579329819954306, "citizenship_not_citizen": 0.02979177533559967, "birthplace_non_us": 0.06558507353514273, "birthplace_us_not_state": 0.48655502994765865, "birthplace_us_state": 0.44785989651719854, "language_english_only": 0.8803405236782516, "language_spanish": 0.07572375858840784, "education_high_school": 0.922438682550806, "education_ugrad": 0.250287316047652, "education_grad": 0.08683017986451737, "education_field_stem": 0.10064470918009838, "education_field_humanities": 0.10511562718990908, "education_field_business": 0.04452697967764546, "generation_silent": 0.04719379343010107, "generation_boomer": 0.17913736352680923, "generation_genx": 0.1614385668291456, "generation_millenial": 0.23260247855100108, "generation_genz": 0.23393048785605933, "generation_genalpha": 0.14569730980688378, "poverty_below_line": 0.1804264642739882, "household_income_under_50k": 0.4921938669521724, "household_income_over_100k": 0.19225299221783643, "individual_income_under_50k": 0.7386766365064269, "individual_income_over_100k": 0.05620423423224121, "housing_per_pop": 0.5585525049021342, "vacancy": 0.09280221751640977, "rent_or_own_rent": 0.48294955176656734, "rent_burden_under_20": 0.24560274560274553, "rent_burden_over_40": 0.35186972686972573, "rent_1br_under_750": 0.46595479129108314, "rent_1br_over_1500": 0.010262099570101244, "rent_2br_under_750": 0.261308411214953, "rent_2br_over_1500": 0.022196261682243056, "year_built_1969_or_earlier": 0.21132906774428883, "year_built_2010_or_later": 0.0925520570241907, "transportation_means_car": 0.8835924232527756, "transportation_means_bike": 0.002710646636185507, "transportation_means_walk": 0.04807968647942526, "transportation_means_transit": 0.004728935336381463, "transportation_means_worked_at_home": 0.04964075767472255, "transportation_commute_time_under_15": 0.31260481099656356, "transportation_commute_time_over_60": 0.04520274914089359, "vehicle_ownership_at_least_1": 0.9318461464708605, "traffic_fatalities_last_decade_per_capita": 0.00014071126407112642, "traffic_fatalities_ped_last_decade_per_capita": 3.346000334600033e-05, "GHLTH_cdc_2": 0.1704575569712262, "ARTHRITIS_cdc_2": 0.2503087776305105, "CASTHMA_cdc_2": 0.1086886228568978, "BPHIGH_cdc_2": 0.34232584548292067, "CANCER_cdc_2": 0.05211585788191051, "KIDNEY_cdc_2": 0.029129530976099903, "COPD_cdc_2": 0.06508544187438532, "CHD_cdc_2": 0.05225651374577794, "DIABETES_cdc_2": 0.1160207191414756, "OBESITY_cdc_2": 0.3937905126341443, "STROKE_cdc_2": 0.031247398349651585, "DISABILITY_cdc_2": 0.3133591602890255, "HEARING_cdc_2": 0.06176786523579464, "VISION_cdc_2": 0.06074484159220133, "COGNITION_cdc_2": 0.15588523664970613, "MOBILITY_cdc_2": 0.14193405874556383, "SELFCARE_cdc_2": 0.04504514942921891, "INDEPLIVE_cdc_2": 0.09082750010688778, "BINGE_cdc_2": 0.17993905254606904, "CSMOKING_cdc_2": 0.17371541750395514, "LPA_cdc_2": 0.2385441617854539, "SLEEP_cdc_2": 0.41160471589208764, "heating_utility_gas": 0.17120759360168783, "heating_electricity": 0.7714728583070994, "industry_agriculture,_forestry,_fishing_and_hunting": 0.006362293285040269, "industry_mining,_quarrying,_and_oil_and_gas_extraction": 0.0002541740138842557, "industry_accommodation_and_food_services": 0.09419530095791788, "industry_arts,_entertainment,_and_recreation": 0.013558595053138304, "industry_construction": 0.05976266501453554, "industry_educational_services": 0.09448124672353808, "industry_health_care_and_social_assistance": 0.15613433096633775, "industry_finance_and_insurance": 0.020397464614211505, "industry_real_estate_and_rental_and_leasing": 0.02046100811768263, "industry_information": 0.013312363977187897, "industry_manufacturing": 0.08901650542502644, "industry_other_services,_except_public_administration": 0.05110486266660311, "industry_administrative_and_support_and_waste_management_services": 0.04318575354652197, "industry_management_of_companies_and_enterprises": 0.0002303452000826066, "industry_professional,_scientific,_and_technical_services": 0.044281878981397724, "industry_public_administration": 0.08313078841601916, "industry_retail_trade": 0.1410427488919606, "industry_transportation_and_warehousing": 0.04520325978172806, "industry_utilities": 0.005544170677850323, "industry_wholesale_trade": 0.018340243689335813, "occupation_architecture_and_engineering_occupations": 0.013788940253220871, "occupation_computer_and_mathematical_occupations": 0.018618246517021684, "occupation_life,_physical,_and_social_science_occupations": 0.005472684236445386, "occupation_arts,_design,_entertainment,_sports,_and_media_occupations": 0.012518070183799586, "occupation_community_and_social_service_occupations": 0.0229392047530541, "occupation_educational_instruction,_and_library_occupations": 0.07309091486759131, "occupation_legal_occupations": 0.005933374636610591, "occupation_health_diagnosing_and_treating_practitioners_and_other_technical_occupations": 0.03854707779313413, "occupation_health_technologists_and_technicians": 0.029325326851896028, "occupation_business_and_financial_operations_occupations": 0.037784555751481465, "occupation_management_occupations": 0.07938966464916052, "occupation_construction_and_extraction_occupations": 0.041017331490571726, "occupation_farming,_fishing,_and_forestry_occupations": 0.0029071152838011727, "occupation_installation,_maintenance,_and_repair_occupations": 0.04035012470412552, "occupation_material_moving_occupations": 0.04664887448569472, "occupation_transportation_occupations": 0.03935725746239037, "occupation_office_and_administrative_support_occupations": 0.11535528761378248, "occupation_sales_and_related_occupations": 0.1144577356272535, "occupation_building_and_grounds_cleaning_and_maintenance_occupations": 0.038181702648175574, "occupation_food_preparation_and_serving_related_occupations": 0.0696754515560217, "occupation_healthcare_support_occupations": 0.03217684157015992, "occupation_personal_care_and_service_occupations": 0.030715340990325465, "occupation_firefighting_and_prevention,_and_other_protective_service_workers_including_supervisors": 0.011985893342229461, "occupation_law_enforcement_workers_including_supervisors": 0.012978760583964816, "sors_cohabiting_partnered_gay": 0.00392707040547751, "2020 Presidential Election-margin": 0.1660686374447829, "2016 Presidential Election-margin": 0.15943617307307859, "2016-2020 Swing-margin": 0.006632464371704311, "park_percent_1km_v2": 0.009060146254027469, "mean_dist_Hospital_updated": 6.4072348945972015, "mean_dist_Active Superfund Site_updated": 8.406943723071894, "mean_dist_Airport_updated": 12.948634052611729, "mean_dist_Public School_updated": 1.6733546668194863, "lapop1share_usda_fra_1": 0.5609519202511151, "mean_high_temp_4": 72.85286370475853, "mean_high_temp_winter_4": 57.3810746394128, "mean_high_temp_spring_4": 78.34553561816693, "mean_high_temp_summer_4": 87.53592275938583, "mean_high_temp_fall_4": 67.35739908830986, "mean_high_heat_index_4": 74.65841114730591, "days_above_90_4": 0.11135334528565076, "days_below_40_4": 0.01796254781460951, "wind_speed_over_10mph_4": 0.1374271403375399, "snowfall_4": 0.012025208009695544, "rainfall_4": 1.1774196594956736, "hours_sunny_4": 5.384697813055334, "internet_no_access": 0.1017593761485481, "insurance_coverage_none": 0.17764397839533466, "insurance_coverage_govt": 0.22497691539016132,