{"population": 262223.0, "ad_1": 1388.804967676617, "population_change_2010": 0.1339765267555202, "ad_1_change_2010": 0.03247814184550391, "population_change_2000": 0.3343799137970516, "ad_1_change_2000": 0.02538715333028948, "gpw_population": NaN, "gpw_pw_density_4": NaN, "white": 0.7394050102393764, "hispanic": 0.18587995713572036, "black": 0.01223767556621654, "asian": 0.013740213482417636, "homogeneity_250_2020": 0.6299173005040073, "homogeneity_250_diff_2010": -0.06631727974093726, "homogeneity_250_diff_2000": -0.12650451969818965, "citizenship_citizen_by_birth": 0.9370908670341956, "citizenship_citizen_by_naturalization": 0.02913759204286988, "citizenship_not_citizen": 0.03377154092293448, "birthplace_non_us": 0.06290913296580433, "birthplace_us_not_state": 0.2833648174563392, "birthplace_us_state": 0.6537260495778564, "language_english_only": 0.8578755797749537, "language_spanish": 0.11650408702344071, "education_high_school": 0.9214366680316436, "education_ugrad": 0.2525207565533736, "education_grad": 0.07566127203992844, "education_field_stem": 0.10472341410436722, "education_field_humanities": 0.09516263998433251, "education_field_business": 0.0526347024646737, "generation_silent": 0.044161301515093315, "generation_boomer": 0.17844558386984857, "generation_genx": 0.17549250163845972, "generation_millenial": 0.22574116195689783, "generation_genz": 0.22469254790084436, "generation_genalpha": 0.15146690311885608, "poverty_below_line": 0.08362581309373372, "household_income_under_50k": 0.30788592514976976, "household_income_over_100k": 0.3317692079907066, "individual_income_under_50k": 0.6703996374656589, "individual_income_over_100k": 0.0832752711926812, "housing_per_pop": 0.5036868644246593, "vacancy": 0.06189852871878109, "rent_or_own_rent": 0.25940183594906835, "rent_burden_under_20": 0.30799391115826347, "rent_burden_over_40": 0.27279856081922554, "rent_1br_under_750": 0.5630596060373498, "rent_1br_over_1500": 0.00460475825019187, "rent_2br_under_750": 0.1740067017711825, "rent_2br_over_1500": 0.06570129248444248, "year_built_1969_or_earlier": 0.3411525108951433, "year_built_2010_or_later": 0.09259552375827067, "transportation_means_car": 0.8563264096806381, "transportation_means_bike": 0.005208333333333333, "transportation_means_walk": 0.012576409680638738, "transportation_means_transit": 0.014400885728542949, "transportation_means_worked_at_home": 0.10415107285429195, "transportation_commute_time_under_15": 0.2905707671151796, "transportation_commute_time_over_60": 0.06563212588556792, "vehicle_ownership_at_least_1": 0.9549668572469874, "GHLTH_cdc_2": 0.14584456960063252, "ARTHRITIS_cdc_2": 0.223161939344535, "CASTHMA_cdc_2": 0.10569362259233826, "BPHIGH_cdc_2": 0.2729798926703366, "CANCER_cdc_2": 0.05929493426212398, "KIDNEY_cdc_2": 0.025739864510192605, "COPD_cdc_2": 0.05354694283367597, "CHD_cdc_2": 0.04612412076748705, "DIABETES_cdc_2": 0.0858936522345936, "OBESITY_cdc_2": 0.33007996615842605, "STROKE_cdc_2": 0.024835911591974225, "DISABILITY_cdc_2": 0.2976679079360964, "HEARING_cdc_2": 0.06144441768407546, "VISION_cdc_2": 0.042009294082047226, "COGNITION_cdc_2": 0.1526530744576395, "MOBILITY_cdc_2": 0.11146138169961266, "SELFCARE_cdc_2": 0.030590893652234528, "INDEPLIVE_cdc_2": 0.07342022219340316, "BINGE_cdc_2": 0.13169454891280882, "CSMOKING_cdc_2": 0.11425512718379999, "LPA_cdc_2": 0.21485340669791506, "SLEEP_cdc_2": 0.36385819268700875, "heating_utility_gas": 0.8638527596182322, "heating_electricity": 0.11131864877793193, "industry_agriculture,_forestry,_fishing_and_hunting": 0.005301365198278792, "industry_mining,_quarrying,_and_oil_and_gas_extraction": 0.004914404234900779, "industry_accommodation_and_food_services": 0.05494845679967807, "industry_arts,_entertainment,_and_recreation": 0.016120793734328096, "industry_construction": 0.07693557873881672, "industry_educational_services": 0.08387765842181825, "industry_health_care_and_social_assistance": 0.11586385165464493, "industry_finance_and_insurance": 0.04351762994149151, "industry_real_estate_and_rental_and_leasing": 0.014541993003745765, "industry_information": 0.012723276475869098, "industry_manufacturing": 0.1464724638578461, "industry_other_services,_except_public_administration": 0.03964802030771142, "industry_administrative_and_support_and_waste_management_services": 0.04430703030678256, "industry_management_of_companies_and_enterprises": 0.0005030492523914187, "industry_professional,_scientific,_and_technical_services": 0.05213912020555371, "industry_public_administration": 0.09317246076215863, "industry_retail_trade": 0.11910658452775268, "industry_transportation_and_warehousing": 0.040592205058353786, "industry_utilities": 0.00783982911803857, "industry_wholesale_trade": 0.027474228399839044, "occupation_architecture_and_engineering_occupations": 0.021747206141844427, "occupation_computer_and_mathematical_occupations": 0.03253567780082352, "occupation_life,_physical,_and_social_science_occupations": 0.005935981178218743, "occupation_arts,_design,_entertainment,_sports,_and_media_occupations": 0.01728167662446213, "occupation_community_and_social_service_occupations": 0.013326935578738824, "occupation_educational_instruction,_and_library_occupations": 0.05162059251462719, "occupation_legal_occupations": 0.006098504782837519, "occupation_health_diagnosing_and_treating_practitioners_and_other_technical_occupations": 0.031452187103365004, "occupation_health_technologists_and_technicians": 0.014619385196421399, "occupation_business_and_financial_operations_occupations": 0.05659691050366835, "occupation_management_occupations": 0.09563353248924247, "occupation_construction_and_extraction_occupations": 0.05703804600191948, "occupation_farming,_fishing,_and_forestry_occupations": 0.002995077856545833, "occupation_installation,_maintenance,_and_repair_occupations": 0.044957124725257695, "occupation_material_moving_occupations": 0.04279014333034096, "occupation_transportation_occupations": 0.03488840045816189, "occupation_office_and_administrative_support_occupations": 0.1351577252886727, "occupation_sales_and_related_occupations": 0.10204934526204973, "occupation_building_and_grounds_cleaning_and_maintenance_occupations": 0.03496579265083741, "occupation_food_preparation_and_serving_related_occupations": 0.04278240411107318, "occupation_healthcare_support_occupations": 0.02904528991115375, "occupation_personal_care_and_service_occupations": 0.023178961706343027, "occupation_firefighting_and_prevention,_and_other_protective_service_workers_including_supervisors": 0.008242268519951709, "occupation_law_enforcement_workers_including_supervisors": 0.005502584899235372, "sors_cohabiting_partnered_gay": 0.00733258799491115, "2020 Presidential Election-margin": -0.2266777981256085, "2016 Presidential Election-margin": -0.20112421651751572, "2016-2020 Swing-margin": -0.02555358160809279, "park_percent_1km_v2": 0.021150435941707384, "mean_dist_Hospital_updated": 8.155314515593005, "mean_dist_Active Superfund Site_updated": 6.825325245293393, "mean_dist_Airport_updated": 7.699970619113564, "mean_dist_Public School_updated": 0.9589528291124427, "lapop1share_usda_fra_1": 0.6658547602010487, "mean_high_temp_4": 59.503570881533705, "mean_high_temp_winter_4": 37.71076009089732, "mean_high_temp_spring_4": 64.09381785705664, "mean_high_temp_summer_4": 84.10053525861555, "mean_high_temp_fall_4": 50.88296256313526, "mean_high_heat_index_4": 57.15281596386854, "days_above_90_4": 0.05636863546385652, "days_below_40_4": 0.22369345610926142, "wind_speed_over_10mph_4": 0.008523037366478326, "snowfall_4": 0.21576820896055604, "rainfall_4": 0.30783712917670314, "hours_sunny_4": 6.806616799961058, "internet_no_access": 0.0548620760347141, "insurance_coverage_none": 0.10977563591102031, "insurance_coverage_govt": 0.10633517377844467, "insurance_coverage_private": 0.7838891903105351, "marriage_divorced": 0.12150547362706934}