{"population": 542439.0, "ad_1": 2350.7509114829777, "population_change_2010": 0.09254108315726506, "ad_1_change_2010": 0.023626693507132875, "gpw_population": NaN, "gpw_pw_density_4": NaN, "white": 0.23950527156048884, "hispanic": 0.5048309579510323, "black": 0.06929811462671379, "asian": 0.14247869345677577, "citizenship_citizen_by_birth": 0.8112040547256503, "citizenship_citizen_by_naturalization": 0.09884514989776581, "citizenship_not_citizen": 0.08995079537658399, "birthplace_non_us": 0.1887959452743498, "birthplace_us_not_state": 0.10982706430149983, "birthplace_us_state": 0.7013769904241504, "language_english_only": 0.5694554060185146, "language_spanish": 0.3000862335457148, "education_high_school": 0.795388078488542, "education_ugrad": 0.22917281940800824, "education_grad": 0.07666070293625778, "education_field_stem": 0.10522198493591135, "education_field_humanities": 0.08586753563545824, "education_field_business": 0.038083298836638656, "generation_silent": 0.04743628602249333, "generation_boomer": 0.1697041743930032, "generation_genx": 0.16777289446455218, "generation_millenial": 0.23141016930510197, "generation_genz": 0.22957020484874094, "generation_genalpha": 0.15410627096610832, "poverty_below_line": 0.22774430150260302, "household_income_under_50k": 0.444447085679065, "household_income_over_100k": 0.26563326559696926, "individual_income_under_50k": 0.7263018563076908, "individual_income_over_100k": 0.08042016044997972, "housing_per_pop": 0.4702338595108564, "vacancy": 0.0449594827679724, "rent_or_own_rent": 0.5142150601622886, "rent_burden_under_20": 0.20622012984540947, "rent_burden_over_40": 0.4030991797342162, "rent_1br_under_750": 0.32782106417564155, "rent_1br_over_1500": 0.07912277177238224, "rent_2br_under_750": 0.1361083950275944, "rent_2br_over_1500": 0.13207315900309743, "year_built_1969_or_earlier": 0.35663047241526696, "year_built_2010_or_later": 0.06132256368639165, "transportation_means_car": 0.8837795372068236, "transportation_means_bike": 0.0048313140710628776, "transportation_means_walk": 0.014655559545371896, "transportation_means_transit": 0.014113916239007863, "transportation_means_worked_at_home": 0.07217458303515302, "transportation_commute_time_under_15": 0.2574864591304134, "transportation_commute_time_over_60": 0.04464855330046965, "vehicle_ownership_at_least_1": 0.9149584858995461, "GHLTH_cdc_2": 0.22365723625471615, "ARTHRITIS_cdc_2": 0.1946257538665361, "CASTHMA_cdc_2": 0.10556192217966072, "BPHIGH_cdc_2": 0.295489991647706, "CANCER_cdc_2": 0.04948661616888914, "KIDNEY_cdc_2": 0.03085113908009562, "COPD_cdc_2": 0.06419798680913569, "CHD_cdc_2": 0.05370925664583393, "DIABETES_cdc_2": 0.11931457331298062, "OBESITY_cdc_2": 0.36415234584257367, "STROKE_cdc_2": 0.0312511563607039, "DISABILITY_cdc_2": 0.31204416635465565, "HEARING_cdc_2": 0.06471452435125716, "VISION_cdc_2": 0.08246100342732064, "COGNITION_cdc_2": 0.17670301258604304, "MOBILITY_cdc_2": 0.14413999884795944, "SELFCARE_cdc_2": 0.05508201952708735, "INDEPLIVE_cdc_2": 0.10267952535929264, "BINGE_cdc_2": 0.14300430575156245, "CSMOKING_cdc_2": 0.15067098297860085, "LPA_cdc_2": 0.2573000892831428, "SLEEP_cdc_2": 0.33299482157771954, "heating_utility_gas": 0.5589594023801053, "heating_electricity": 0.38785491838918834, "industry_agriculture,_forestry,_fishing_and_hunting": 0.045467785100836, "industry_mining,_quarrying,_and_oil_and_gas_extraction": 0.00048301709502948203, "industry_accommodation_and_food_services": 0.07534693891220276, "industry_arts,_entertainment,_and_recreation": 0.017252989096604048, "industry_construction": 0.0630864524662875, "industry_educational_services": 0.09118623382945007, "industry_health_care_and_social_assistance": 0.163451868958648, "industry_finance_and_insurance": 0.03194835742785514, "industry_real_estate_and_rental_and_leasing": 0.01614747726369721, "industry_information": 0.014446512154431566, "industry_manufacturing": 0.06279864637486407, "industry_other_services,_except_public_administration": 0.05260772613357578, "industry_administrative_and_support_and_waste_management_services": 0.05325916370192105, "industry_management_of_companies_and_enterprises": 0.00039966026380433903, "industry_professional,_scientific,_and_technical_services": 0.04786227767475822, "industry_public_administration": 0.06283411680691761, "industry_retail_trade": 0.10760377136816951, "industry_transportation_and_warehousing": 0.05768865704367367, "industry_utilities": 0.007015470615106603, "industry_wholesale_trade": 0.029112877712167376, "occupation_architecture_and_engineering_occupations": 0.011774936958473821, "occupation_computer_and_mathematical_occupations": 0.017855079871416237, "occupation_life,_physical,_and_social_science_occupations": 0.008270778832516267, "occupation_arts,_design,_entertainment,_sports,_and_media_occupations": 0.015183878438487841, "occupation_community_and_social_service_occupations": 0.02480241069317033, "occupation_educational_instruction,_and_library_occupations": 0.057909148284379146, "occupation_legal_occupations": 0.011109209611165132, "occupation_health_diagnosing_and_treating_practitioners_and_other_technical_occupations": 0.037303673211449374, "occupation_health_technologists_and_technicians": 0.018894716952569737, "occupation_business_and_financial_operations_occupations": 0.04121342439832297, "occupation_management_occupations": 0.08219170917100513, "occupation_construction_and_extraction_occupations": 0.04678439012899247, "occupation_farming,_fishing,_and_forestry_occupations": 0.0356568311827819, "occupation_installation,_maintenance,_and_repair_occupations": 0.02770770054821607, "occupation_material_moving_occupations": 0.04519141463687015, "occupation_transportation_occupations": 0.041681780431703924, "occupation_office_and_administrative_support_occupations": 0.11911873295018267, "occupation_sales_and_related_occupations": 0.09853261593771574, "occupation_building_and_grounds_cleaning_and_maintenance_occupations": 0.04371478909792283, "occupation_food_preparation_and_serving_related_occupations": 0.05886995934112163, "occupation_healthcare_support_occupations": 0.056792970700573465, "occupation_personal_care_and_service_occupations": 0.02696992337755739, "occupation_firefighting_and_prevention,_and_other_protective_service_workers_including_supervisors": 0.013850859070880675, "occupation_law_enforcement_workers_including_supervisors": 0.009652603611602494, "2020 Presidential Election-margin": 0.21138391622315014, "2016 Presidential Election-margin": 0.19792635756681612, "2016-2020 Swing-margin": 0.013457558656334023, "park_percent_1km_v2": 0.011951372289987211, "mean_dist_Hospital_updated": 3.9892093925503858, "mean_dist_Active Superfund Site_updated": 6.240964802844907, "mean_dist_Airport_updated": 8.734171471502187, "mean_dist_Public School_updated": 0.6285482436794528, "mean_high_temp_4": 77.94363562446692, "mean_high_temp_winter_4": 62.32915658405872, "mean_high_temp_spring_4": 81.01173249094347, "mean_high_temp_summer_4": 95.63093742214268, "mean_high_temp_fall_4": 71.9201573596854, "mean_high_heat_index_4": 76.80688480719337, "days_above_90_4": 0.28871590584365614, "days_below_40_4": 1.4616236077031923e-05, "wind_speed_over_10mph_4": 0.01454139666261582, "snowfall_4": 0.00024313379942613041, "rainfall_4": 0.43947032505426864, "hours_sunny_4": 8.403844512683573, "internet_no_access": 0.12558281442578853, "insurance_coverage_none": 0.09847519325009743, "insurance_coverage_govt": 0.35155194046424226, "insurance_coverage_private": 0.5499728662856603, "marriage_divorced": 0.09978447695184654}