{"population": 542439.0, "ad_1": 2350.7509114829777, "population_change_2010": 0.09254108315726506, "ad_1_change_2010": 0.023626693507135105, "population_change_2000": 0.25391879240398063, "ad_1_change_2000": 0.04008288564844019, "gpw_population": NaN, "gpw_pw_density_4": NaN, "white": 0.23950527156048884, "hispanic": 0.5048309579510323, "black": 0.06929811462671379, "asian": 0.14247869345677577, "homogeneity_250_2020": 0.42271686833877115, "homogeneity_250_diff_2010": -0.014063568827210493, "homogeneity_250_diff_2000": -0.01979645683891168, "citizenship_citizen_by_birth": 0.8112040547256505, "citizenship_citizen_by_naturalization": 0.09884514989776602, "citizenship_not_citizen": 0.08995079537658353, "birthplace_non_us": 0.18879594527435006, "birthplace_us_not_state": 0.1098270643015001, "birthplace_us_state": 0.7013769904241498, "language_english_only": 0.5694554060185159, "language_spanish": 0.30008623354571345, "education_high_school": 0.7953880784885419, "education_ugrad": 0.22917281940800846, "education_grad": 0.07666070293625778, "education_field_stem": 0.10522198493591135, "education_field_humanities": 0.08586753563545822, "education_field_business": 0.038083298836638566, "generation_silent": 0.04743628602249319, "generation_boomer": 0.16970417439300337, "generation_genx": 0.1677728944645524, "generation_millenial": 0.23141016930510205, "generation_genz": 0.2295702048487408, "generation_genalpha": 0.15410627096610824, "poverty_below_line": 0.22774430150260322, "household_income_under_50k": 0.4444470856790658, "household_income_over_100k": 0.2656332655969678, "individual_income_under_50k": 0.726301856307691, "individual_income_over_100k": 0.08042016044997961, "housing_per_pop": 0.4702338595108564, "vacancy": 0.0449594827679724, "rent_or_own_rent": 0.5142150601622881, "rent_burden_under_20": 0.20622012984540958, "rent_burden_over_40": 0.4030991797342155, "rent_1br_under_750": 0.32782106417564144, "rent_1br_over_1500": 0.07912277177238237, "rent_2br_under_750": 0.13610839502759436, "rent_2br_over_1500": 0.13207315900309743, "year_built_1969_or_earlier": 0.35663047241526646, "year_built_2010_or_later": 0.06132256368639163, "transportation_means_car": 0.8837795372068239, "transportation_means_bike": 0.004831314071062869, "transportation_means_walk": 0.014655559545371857, "transportation_means_transit": 0.014113916239007845, "transportation_means_worked_at_home": 0.07217458303515281, "transportation_commute_time_under_15": 0.2574864591304138, "transportation_commute_time_over_60": 0.04464855330046964, "vehicle_ownership_at_least_1": 0.9149584858995461, "GHLTH_cdc_2": 0.22365723625471662, "ARTHRITIS_cdc_2": 0.19462575386653594, "CASTHMA_cdc_2": 0.10556192217966015, "BPHIGH_cdc_2": 0.29548999164770606, "CANCER_cdc_2": 0.04948661616888912, "KIDNEY_cdc_2": 0.03085113908009568, "COPD_cdc_2": 0.06419798680913574, "CHD_cdc_2": 0.05370925664583385, "DIABETES_cdc_2": 0.11931457331298086, "OBESITY_cdc_2": 0.36415234584257417, "STROKE_cdc_2": 0.0312511563607039, "DISABILITY_cdc_2": 0.31204416635465493, "HEARING_cdc_2": 0.06471452435125716, "VISION_cdc_2": 0.08246100342732086, "COGNITION_cdc_2": 0.17670301258604326, "MOBILITY_cdc_2": 0.14413999884795894, "SELFCARE_cdc_2": 0.055082019527087106, "INDEPLIVE_cdc_2": 0.10267952535929255, "BINGE_cdc_2": 0.143004305751563, "CSMOKING_cdc_2": 0.15067098297860054, "LPA_cdc_2": 0.2573000892831423, "SLEEP_cdc_2": 0.3329948215777186, "heating_utility_gas": 0.5589594023801054, "heating_electricity": 0.3878549183891882, "industry_agriculture,_forestry,_fishing_and_hunting": 0.04546778510083604, "industry_mining,_quarrying,_and_oil_and_gas_extraction": 0.00048301709502948214, "industry_accommodation_and_food_services": 0.07534693891220257, "industry_arts,_entertainment,_and_recreation": 0.017252989096604065, "industry_construction": 0.06308645246628748, "industry_educational_services": 0.09118623382945008, "industry_health_care_and_social_assistance": 0.16345186895864805, "industry_finance_and_insurance": 0.031948357427855116, "industry_real_estate_and_rental_and_leasing": 0.016147477263697172, "industry_information": 0.014446512154431568, "industry_manufacturing": 0.06279864637486404, "industry_other_services,_except_public_administration": 0.0526077261335758, "industry_administrative_and_support_and_waste_management_services": 0.05325916370192111, "industry_management_of_companies_and_enterprises": 0.000399660263804339, "industry_professional,_scientific,_and_technical_services": 0.04786227767475828, "industry_public_administration": 0.06283411680691779, "industry_retail_trade": 0.10760377136816938, "industry_transportation_and_warehousing": 0.057688657043673784, "industry_utilities": 0.007015470615106599, "industry_wholesale_trade": 0.029112877712167314, "occupation_architecture_and_engineering_occupations": 0.01177493695847383, "occupation_computer_and_mathematical_occupations": 0.017855079871416296, "occupation_life,_physical,_and_social_science_occupations": 0.008270778832516262, "occupation_arts,_design,_entertainment,_sports,_and_media_occupations": 0.015183878438487793, "occupation_community_and_social_service_occupations": 0.024802410693170313, "occupation_educational_instruction,_and_library_occupations": 0.05790914828437924, "occupation_legal_occupations": 0.01110920961116514, "occupation_health_diagnosing_and_treating_practitioners_and_other_technical_occupations": 0.0373036732114494, "occupation_health_technologists_and_technicians": 0.01889471695256969, "occupation_business_and_financial_operations_occupations": 0.041213424398322894, "occupation_management_occupations": 0.08219170917100524, "occupation_construction_and_extraction_occupations": 0.04678439012899255, "occupation_farming,_fishing,_and_forestry_occupations": 0.03565683118278185, "occupation_installation,_maintenance,_and_repair_occupations": 0.027707700548216068, "occupation_material_moving_occupations": 0.04519141463687005, "occupation_transportation_occupations": 0.04168178043170384, "occupation_office_and_administrative_support_occupations": 0.11911873295018277, "occupation_sales_and_related_occupations": 0.09853261593771563, "occupation_building_and_grounds_cleaning_and_maintenance_occupations": 0.04371478909792295, "occupation_food_preparation_and_serving_related_occupations": 0.05886995934112142, "occupation_healthcare_support_occupations": 0.05679297070057352, "occupation_personal_care_and_service_occupations": 0.026969923377557395, "occupation_firefighting_and_prevention,_and_other_protective_service_workers_including_supervisors": 0.013850859070880637, "occupation_law_enforcement_workers_including_supervisors": 0.009652603611602499, "sors_cohabiting_partnered_gay": 0.005004385475651319, "2020 Presidential Election-margin": 0.21138391622315034, "2016 Presidential Election-margin": 0.1979263575668146, "2016-2020 Swing-margin": 0.013457558656335744, "park_percent_1km_v2": 0.011951372289987211, "mean_dist_Hospital_updated": 3.9892093925503858, "mean_dist_Active Superfund Site_updated": 6.240964802844907, "mean_dist_Airport_updated": 8.734171471502187, "mean_dist_Public School_updated": 0.6285482436794528, "lapop1share_usda_fra_1": 0.8474562746234037, "mean_high_temp_4": 77.94363562446692, "mean_high_temp_winter_4": 62.32915658405872, "mean_high_temp_spring_4": 81.01173249094347, "mean_high_temp_summer_4": 95.63093742214268, "mean_high_temp_fall_4": 71.9201573596854, "mean_high_heat_index_4": 76.80688480719337, "days_above_90_4": 0.28871590584365614, "days_below_40_4": 1.4616236077031923e-05, "wind_speed_over_10mph_4": 0.01454139666261582, "snowfall_4": 0.00024313379942613041, "rainfall_4": 0.43947032505426864, "hours_sunny_4": 8.403844512683573, "internet_no_access": 0.1255828144257883, "insurance_coverage_none": 0.09847519325009702, "insurance_coverage_govt": 0.3515519404642422, "insurance_coverage_private": 0.5499728662856608, "marriage_divorced": 0.09978447695184667}