{"population": 1128715.0, "ad_1": 529.2499992966079, "population_change_2010": -0.04214278137265302, "ad_1_change_2010": -0.11537960656918496, "population_change_2000": -0.06182543884657679, "ad_1_change_2000": -0.23188421957974648, "gpw_population": NaN, "gpw_pw_density_4": NaN, "white": 0.7840057056032745, "hispanic": 0.048172479323832854, "black": 0.10681438627111361, "asian": 0.009614473095511267, "homogeneity_250_2020": 0.7425913492395632, "homogeneity_250_diff_2010": -0.06518849385228531, "homogeneity_250_diff_2000": -0.09979222958408618, "citizenship_citizen_by_birth": 0.9778432500797604, "citizenship_citizen_by_naturalization": 0.012901104711030812, "citizenship_not_citizen": 0.009255645209208936, "birthplace_non_us": 0.02215674992023923, "birthplace_us_not_state": 0.12801109719713008, "birthplace_us_state": 0.8498321528826307, "language_english_only": 0.9635634058256041, "language_spanish": 0.013999135038808836, "education_high_school": 0.915478153861742, "education_ugrad": 0.20892170427003892, "education_grad": 0.0759212531219365, "education_field_stem": 0.08552229023728634, "education_field_humanities": 0.07711515352316517, "education_field_business": 0.04628426050958736, "generation_silent": 0.07730802017093702, "generation_boomer": 0.2586755054649056, "generation_genx": 0.18147619152104097, "generation_millenial": 0.17771336142524086, "generation_genz": 0.1933637511826213, "generation_genalpha": 0.11146317023525429, "poverty_below_line": 0.1595934100283686, "household_income_under_50k": 0.46691954380126055, "household_income_over_100k": 0.21842491697647, "individual_income_under_50k": 0.732490196319022, "individual_income_over_100k": 0.06299226491163927, "housing_per_pop": 0.5996832045578973, "vacancy": 0.1262246034215785, "rent_or_own_rent": 0.26009171822630595, "rent_burden_under_20": 0.26433434122230864, "rent_burden_over_40": 0.351968089746042, "rent_1br_under_750": 0.7386282878752853, "rent_1br_over_1500": 0.033394834464108444, "rent_2br_under_750": 0.3892000791025156, "rent_2br_over_1500": 0.024970763000212427, "year_built_1969_or_earlier": 0.5007921683425319, "year_built_2010_or_later": 0.02408303157426118, "transportation_means_car": 0.9046166789957402, "transportation_means_bike": 0.003480907941276767, "transportation_means_walk": 0.018967405825141677, "transportation_means_transit": 0.007511920241415638, "transportation_means_worked_at_home": 0.05931160121264389, "transportation_commute_time_under_15": 0.3334943129413868, "transportation_commute_time_over_60": 0.08219429176941866, "vehicle_ownership_at_least_1": 0.9254311249265531, "GHLTH_cdc_2": 0.18521369363007345, "ARTHRITIS_cdc_2": 0.31543371152701927, "CASTHMA_cdc_2": 0.11585539977469073, "BPHIGH_cdc_2": 0.35853077131842787, "CANCER_cdc_2": 0.07248262705828729, "KIDNEY_cdc_2": 0.03321831992440438, "COPD_cdc_2": 0.08564638259184565, "CHD_cdc_2": 0.0681870447788537, "DIABETES_cdc_2": 0.11380608193590354, "OBESITY_cdc_2": 0.4019316828561479, "STROKE_cdc_2": 0.03551836303608419, "DISABILITY_cdc_2": 0.31448288862867363, "HEARING_cdc_2": 0.07307432949337304, "VISION_cdc_2": 0.05660986571891342, "COGNITION_cdc_2": 0.14405437019687942, "MOBILITY_cdc_2": 0.15220172363350984, "SELFCARE_cdc_2": 0.0453820541742353, "INDEPLIVE_cdc_2": 0.09344178953425318, "BINGE_cdc_2": 0.16535612057433965, "CSMOKING_cdc_2": 0.19961960211093668, "LPA_cdc_2": 0.2585291658170104, "SLEEP_cdc_2": 0.36048914234952406, "heating_utility_gas": 0.7016844357034803, "heating_electricity": 0.11008673901371828, "industry_agriculture,_forestry,_fishing_and_hunting": 0.014320644632879263, "industry_mining,_quarrying,_and_oil_and_gas_extraction": 0.0014257263674183327, "industry_accommodation_and_food_services": 0.081691567491845, "industry_arts,_entertainment,_and_recreation": 0.016206954493999507, "industry_construction": 0.0626308620386568, "industry_educational_services": 0.07919044074738583, "industry_health_care_and_social_assistance": 0.16996191175494185, "industry_finance_and_insurance": 0.03402348336176707, "industry_real_estate_and_rental_and_leasing": 0.012757111828058111, "industry_information": 0.011629378904369866, "industry_manufacturing": 0.1726459281916459, "industry_other_services,_except_public_administration": 0.048301526924869116, "industry_administrative_and_support_and_waste_management_services": 0.03652051788994343, "industry_management_of_companies_and_enterprises": 0.0010687819243524529, "industry_professional,_scientific,_and_technical_services": 0.03662615416478642, "industry_public_administration": 0.03285559986522318, "industry_retail_trade": 0.12225031604483945, "industry_transportation_and_warehousing": 0.03768698467063493, "industry_utilities": 0.0073039088030565445, "industry_wholesale_trade": 0.020902199899327074, "occupation_architecture_and_engineering_occupations": 0.021499140217574365, "occupation_computer_and_mathematical_occupations": 0.01848049894484518, "occupation_life,_physical,_and_social_science_occupations": 0.007471574469321874, "occupation_arts,_design,_entertainment,_sports,_and_media_occupations": 0.012824093804799815, "occupation_community_and_social_service_occupations": 0.01749826024564698, "occupation_educational_instruction,_and_library_occupations": 0.04728888689263709, "occupation_legal_occupations": 0.005838387812094931, "occupation_health_diagnosing_and_treating_practitioners_and_other_technical_occupations": 0.04451940733090089, "occupation_health_technologists_and_technicians": 0.026545997832245354, "occupation_business_and_financial_operations_occupations": 0.03759969803565989, "occupation_management_occupations": 0.08595327018833698, "occupation_construction_and_extraction_occupations": 0.04960865859152951, "occupation_farming,_fishing,_and_forestry_occupations": 0.005732361082138296, "occupation_installation,_maintenance,_and_repair_occupations": 0.036993786598788145, "occupation_material_moving_occupations": 0.04298848120537341, "occupation_transportation_occupations": 0.040559342454269745, "occupation_office_and_administrative_support_occupations": 0.11420236863343762, "occupation_sales_and_related_occupations": 0.09413405559283314, "occupation_building_and_grounds_cleaning_and_maintenance_occupations": 0.03923429804457583, "occupation_food_preparation_and_serving_related_occupations": 0.06235746804367181, "occupation_healthcare_support_occupations": 0.046818474216812456, "occupation_personal_care_and_service_occupations": 0.027128516900099164, "occupation_firefighting_and_prevention,_and_other_protective_service_workers_including_supervisors": 0.00819127709535353, "occupation_law_enforcement_workers_including_supervisors": 0.008241961206742764, "sors_cohabiting_partnered_gay": 0.005452474046367081, "2020 Presidential Election-margin": -0.07027442144484208, "2016 Presidential Election-margin": -0.07242068009396026, "2016-2020 Swing-margin": 0.002146258649118174, "park_percent_1km_v2": 0.02101666369683959, "mean_dist_Hospital_updated": 9.151146847705165, "mean_dist_Active Superfund Site_updated": 31.78480670733157, "mean_dist_Airport_updated": 28.225663304146057, "mean_dist_Public School_updated": 2.60772384699009, "lapop1share_usda_fra_1": 0.40769419361447057, "mean_high_temp_4": 57.077961437664335, "mean_high_temp_winter_4": 33.93095443004135, "mean_high_temp_spring_4": 63.9882370022621, "mean_high_temp_summer_4": 78.84809175151545, "mean_high_temp_fall_4": 50.41692993872352, "mean_high_heat_index_4": 55.90551092005079, "days_above_90_4": 0.016689672459405964, "days_below_40_4": 0.26189364625679734, "wind_speed_over_10mph_4": 0.25243739018493727, "snowfall_4": 0.13251540581674928, "rainfall_4": 0.743700894626142, "hours_sunny_4": 4.176757452800285, "internet_no_access": 0.1342347352393399, "insurance_coverage_none": 0.07252912627229857, "insurance_coverage_govt": 0.2844570258452653, "insurance_coverage_private": 0.6430138478824362, "marriage_divorced": 0.1306804972859608}