{"population": 794611.0, "ad_1": 1473.2534915255712, "population_change_2010": 0.030352579022643843, "ad_1_change_2010": 0.021251625191327547, "gpw_population": NaN, "gpw_pw_density_4": NaN, "white": 0.2845543290993958, "hispanic": 0.5981127872632017, "black": 0.03855345571606736, "asian": 0.01920310692905082, "citizenship_citizen_by_birth": 0.8030731739219356, "citizenship_citizen_by_naturalization": 0.09603798839010243, "citizenship_not_citizen": 0.10088883768796199, "birthplace_non_us": 0.19692682607806442, "birthplace_us_not_state": 0.30920245052226664, "birthplace_us_state": 0.493870723399669, "language_english_only": 0.5188598699455773, "language_spanish": 0.4453573954865292, "education_high_school": 0.8034311723578778, "education_ugrad": 0.19190824931287612, "education_grad": 0.07172344344595823, "education_field_stem": 0.08608189902656806, "education_field_humanities": 0.07307812595105048, "education_field_business": 0.03274822433525758, "generation_silent": 0.055990448508027896, "generation_boomer": 0.19038155909081494, "generation_genx": 0.16781243949599478, "generation_millenial": 0.2071178896138024, "generation_genz": 0.24747123033400237, "generation_genalpha": 0.13122643295735759, "poverty_below_line": 0.20432781538099395, "household_income_under_50k": 0.502435452847269, "household_income_over_100k": 0.1914519351479661, "individual_income_under_50k": 0.7833322899960212, "individual_income_over_100k": 0.04586865861003353, "housing_per_pop": 0.5142529213623321, "vacancy": 0.09675697706012498, "rent_or_own_rent": 0.38610750151730533, "rent_burden_under_20": 0.25505722020227317, "rent_burden_over_40": 0.3383860201524946, "rent_1br_under_750": 0.5945774709890602, "rent_1br_over_1500": 0.020501180770927652, "rent_2br_under_750": 0.2800463748150982, "rent_2br_over_1500": 0.046420392233228525, "year_built_1969_or_earlier": 0.2693829602968665, "year_built_2010_or_later": 0.05327244891486307, "transportation_means_car": 0.8549409007825263, "transportation_means_bike": 0.015529367821868754, "transportation_means_walk": 0.02456192852317367, "transportation_means_transit": 0.0181899272229156, "transportation_means_worked_at_home": 0.07676381837876972, "transportation_commute_time_under_15": 0.27044645991231087, "transportation_commute_time_over_60": 0.062150115192763734, "vehicle_ownership_at_least_1": 0.9172131679179116, "GHLTH_cdc_2": 0.22276199887030879, "ARTHRITIS_cdc_2": 0.22013383331665418, "CASTHMA_cdc_2": 0.10982205583728212, "BPHIGH_cdc_2": 0.2908423499968808, "CANCER_cdc_2": 0.05367518180449585, "KIDNEY_cdc_2": 0.03417312385453901, "COPD_cdc_2": 0.06598158345667016, "CHD_cdc_2": 0.05749992865032289, "DIABETES_cdc_2": 0.11577027600548392, "OBESITY_cdc_2": 0.36297051862803537, "STROKE_cdc_2": 0.03185235983686182, "DISABILITY_cdc_2": 0.3343541881059193, "HEARING_cdc_2": 0.06988824164582748, "VISION_cdc_2": 0.08055420348182475, "COGNITION_cdc_2": 0.17859847389266914, "MOBILITY_cdc_2": 0.15182143433967793, "SELFCARE_cdc_2": 0.053719099647168436, "INDEPLIVE_cdc_2": 0.09970417558562657, "BINGE_cdc_2": 0.1662947515709223, "CSMOKING_cdc_2": 0.1783616444528131, "LPA_cdc_2": 0.29785202256072274, "SLEEP_cdc_2": 0.35366865398367325, "heating_utility_gas": 0.4172191808011962, "heating_electricity": 0.5116329986977882, "industry_agriculture,_forestry,_fishing_and_hunting": 0.025760304981627156, "industry_mining,_quarrying,_and_oil_and_gas_extraction": 0.00554978335929691, "industry_accommodation_and_food_services": 0.08906179901372441, "industry_arts,_entertainment,_and_recreation": 0.023248636758768756, "industry_construction": 0.07826566869435665, "industry_educational_services": 0.09938427304331016, "industry_health_care_and_social_assistance": 0.1309860017959424, "industry_finance_and_insurance": 0.035548389596258834, "industry_real_estate_and_rental_and_leasing": 0.015717401655453572, "industry_information": 0.014854258401328521, "industry_manufacturing": 0.058586487054160426, "industry_other_services,_except_public_administration": 0.045951379126896764, "industry_administrative_and_support_and_waste_management_services": 0.0645284251153371, "industry_management_of_companies_and_enterprises": 0.0011910060485925335, "industry_professional,_scientific,_and_technical_services": 0.04027562996152664, "industry_public_administration": 0.0637428349736688, "industry_retail_trade": 0.12054450526032956, "industry_transportation_and_warehousing": 0.053615332299207716, "industry_utilities": 0.00924313425840445, "industry_wholesale_trade": 0.02394474860180887, "occupation_architecture_and_engineering_occupations": 0.01682223223957301, "occupation_computer_and_mathematical_occupations": 0.020854090061747217, "occupation_life,_physical,_and_social_science_occupations": 0.006098831462303027, "occupation_arts,_design,_entertainment,_sports,_and_media_occupations": 0.016173521918299332, "occupation_community_and_social_service_occupations": 0.01699695532311218, "occupation_educational_instruction,_and_library_occupations": 0.05705375482981576, "occupation_legal_occupations": 0.006698234432982919, "occupation_health_diagnosing_and_treating_practitioners_and_other_technical_occupations": 0.026003859904911993, "occupation_health_technologists_and_technicians": 0.01714251206847396, "occupation_business_and_financial_operations_occupations": 0.03510355222321697, "occupation_management_occupations": 0.06856304552370246, "occupation_construction_and_extraction_occupations": 0.06419601846491144, "occupation_farming,_fishing,_and_forestry_occupations": 0.018638068941076908, "occupation_installation,_maintenance,_and_repair_occupations": 0.03517628410999619, "occupation_material_moving_occupations": 0.050095019130151845, "occupation_transportation_occupations": 0.04043862347943015, "occupation_office_and_administrative_support_occupations": 0.13978585306190172, "occupation_sales_and_related_occupations": 0.09098958381245716, "occupation_building_and_grounds_cleaning_and_maintenance_occupations": 0.05675984696855833, "occupation_food_preparation_and_serving_related_occupations": 0.06986883617430516, "occupation_healthcare_support_occupations": 0.04242823768548789, "occupation_personal_care_and_service_occupations": 0.025019530397726975, "occupation_firefighting_and_prevention,_and_other_protective_service_workers_including_supervisors": 0.016137976707875444, "occupation_law_enforcement_workers_including_supervisors": 0.01813316015675485, "2020 Presidential Election-margin": 0.32765758304415044, "2016 Presidential Election-margin": 0.3362903051911124, "2016-2020 Swing-margin": -0.00863272214696198, "park_percent_1km_v2": 0.013235594247604506, "mean_dist_Hospital_updated": 7.505861274607736, "mean_dist_Active Superfund Site_updated": 20.507245690297378, "mean_dist_Airport_updated": 21.96094768516943, "mean_dist_Public School_updated": 1.3292458198444264, "mean_high_temp_4": 83.51452756370921, "mean_high_temp_winter_4": 68.51051154346794, "mean_high_temp_spring_4": 88.4665857687937, "mean_high_temp_summer_4": 98.30845906316101, "mean_high_temp_fall_4": 77.98677062587217, "mean_high_heat_index_4": 82.32707415959761, "days_above_90_4": 0.3808554582400137, "days_below_40_4": 0.00016688784586747836, "wind_speed_over_10mph_4": 0.04882606934009997, "snowfall_4": 0.0018327706284805784, "rainfall_4": 0.20704171654365275, "hours_sunny_4": 8.808549516978774, "internet_no_access": 0.12812550221649827, "insurance_coverage_none": 0.16683052344930302, "insurance_coverage_govt": 0.279406165866136, "insurance_coverage_private": 0.553763310684561, "marriage_divorced": 0.12198517088236373}