{"population": 769221.0, "ad_1": 961.5295320580652, "population_change_2010": 0.13949550702610458, "ad_1_change_2010": 0.11413368802063763, "population_change_2000": 0.4866098606003096, "ad_1_change_2000": 0.23736933734353494, "gpw_population": NaN, "gpw_pw_density_4": NaN, "white": 0.6393494197376307, "hispanic": 0.17510052377665197, "black": 0.12073643335270358, "asian": 0.022018379633421344, "homogeneity_250_2020": 0.5630145722437088, "homogeneity_250_diff_2010": -0.08255316492758491, "homogeneity_250_diff_2000": -0.22031314597944351, "citizenship_citizen_by_birth": 0.845658944675803, "citizenship_citizen_by_naturalization": 0.09754935868332484, "citizenship_not_citizen": 0.056791696640872115, "birthplace_non_us": 0.15434105532419728, "birthplace_us_not_state": 0.523864000996649, "birthplace_us_state": 0.32179494367915373, "language_english_only": 0.8003999153598276, "language_spanish": 0.12673308403588732, "education_high_school": 0.9149476784805997, "education_ugrad": 0.32621292928467904, "education_grad": 0.12004821157849528, "education_field_stem": 0.13447368489434627, "education_field_humanities": 0.1102776700229816, "education_field_business": 0.08146157436735044, "generation_silent": 0.12475132585423318, "generation_boomer": 0.2872075927414092, "generation_genx": 0.18035474912549757, "generation_millenial": 0.1581632219554265, "generation_genz": 0.15726183701548976, "generation_genalpha": 0.09226127330794377, "poverty_below_line": 0.09953433016409882, "household_income_under_50k": 0.35546865882661777, "household_income_over_100k": 0.3373133881403928, "individual_income_under_50k": 0.6568478806010215, "individual_income_over_100k": 0.12660853486945434, "housing_per_pop": 0.5905490554772158, "vacancy": 0.14191830917744494, "rent_or_own_rent": 0.23265912101114214, "rent_burden_under_20": 0.1881061723419385, "rent_burden_over_40": 0.3940944515405445, "rent_1br_under_750": 0.17600654547608635, "rent_1br_over_1500": 0.2752712189755117, "rent_2br_under_750": 0.08363469502155796, "rent_2br_over_1500": 0.4092991909693342, "year_built_1969_or_earlier": 0.10896124387608197, "year_built_2010_or_later": 0.06810585844237624, "transportation_means_car": 0.8677979907688501, "transportation_means_bike": 0.006831744512522511, "transportation_means_walk": 0.011966614805919956, "transportation_means_transit": 0.0037845227120721792, "transportation_means_worked_at_home": 0.09890434716393305, "transportation_commute_time_under_15": 0.22325579628060294, "transportation_commute_time_over_60": 0.08505966340314476, "vehicle_ownership_at_least_1": 0.9549620388529256, "traffic_fatalities_last_decade_per_capita": 0.00012610160149033895, "traffic_fatalities_ped_last_decade_per_capita": 2.7950354969508108e-05, "GHLTH_cdc_2": 0.17895230729347086, "ARTHRITIS_cdc_2": 0.2682640394241159, "CASTHMA_cdc_2": 0.10427776663481145, "BPHIGH_cdc_2": 0.33952163909326283, "CANCER_cdc_2": 0.06957067636566727, "KIDNEY_cdc_2": 0.03160970520184968, "COPD_cdc_2": 0.07570033914847668, "CHD_cdc_2": 0.06344030106627144, "DIABETES_cdc_2": 0.1132906419090009, "OBESITY_cdc_2": 0.3592584343269423, "STROKE_cdc_2": 0.033198565310702324, "DISABILITY_cdc_2": 0.3082986938889599, "HEARING_cdc_2": 0.07226797181784311, "VISION_cdc_2": 0.05478410305238322, "COGNITION_cdc_2": 0.14369272355477694, "MOBILITY_cdc_2": 0.14800279890634732, "SELFCARE_cdc_2": 0.042378652452576056, "INDEPLIVE_cdc_2": 0.08501597775378118, "BINGE_cdc_2": 0.1655545366605516, "CSMOKING_cdc_2": 0.17630184278568334, "LPA_cdc_2": 0.26107542037798565, "SLEEP_cdc_2": 0.3322520192019324, "heating_utility_gas": 0.03649651095742641, "heating_electricity": 0.9307284218558008, "industry_agriculture,_forestry,_fishing_and_hunting": 0.008296791451874364, "industry_mining,_quarrying,_and_oil_and_gas_extraction": 0.0004832254649009463, "industry_accommodation_and_food_services": 0.07664756702161205, "industry_arts,_entertainment,_and_recreation": 0.03453139965916327, "industry_construction": 0.08337158628663396, "industry_educational_services": 0.07114238361232716, "industry_health_care_and_social_assistance": 0.14797768567955627, "industry_finance_and_insurance": 0.03896714562188214, "industry_real_estate_and_rental_and_leasing": 0.030763821311537265, "industry_information": 0.015971909179033787, "industry_manufacturing": 0.05672245960984344, "industry_other_services,_except_public_administration": 0.06103289370451704, "industry_administrative_and_support_and_waste_management_services": 0.0546775411105055, "industry_management_of_companies_and_enterprises": 0.00198759381300882, "industry_professional,_scientific,_and_technical_services": 0.0763757578201151, "industry_public_administration": 0.037199987094340956, "industry_retail_trade": 0.11973747950156932, "industry_transportation_and_warehousing": 0.04226302435562266, "industry_utilities": 0.017176134503715076, "industry_wholesale_trade": 0.024673613198240733, "occupation_architecture_and_engineering_occupations": 0.016949212130237472, "occupation_computer_and_mathematical_occupations": 0.01946001586927997, "occupation_life,_physical,_and_social_science_occupations": 0.008204892673853102, "occupation_arts,_design,_entertainment,_sports,_and_media_occupations": 0.018631091657107673, "occupation_community_and_social_service_occupations": 0.0130724192544018, "occupation_educational_instruction,_and_library_occupations": 0.04913297170357667, "occupation_legal_occupations": 0.014840008356108865, "occupation_health_diagnosing_and_treating_practitioners_and_other_technical_occupations": 0.049894360366087465, "occupation_health_technologists_and_technicians": 0.02196547743978975, "occupation_business_and_financial_operations_occupations": 0.05332872526433364, "occupation_management_occupations": 0.12236287841527399, "occupation_construction_and_extraction_occupations": 0.05081336067004537, "occupation_farming,_fishing,_and_forestry_occupations": 0.0030246815117714885, "occupation_installation,_maintenance,_and_repair_occupations": 0.037912439247491915, "occupation_material_moving_occupations": 0.02482353988751902, "occupation_transportation_occupations": 0.036259335026788304, "occupation_office_and_administrative_support_occupations": 0.106912204774825, "occupation_sales_and_related_occupations": 0.12887181342907986, "occupation_building_and_grounds_cleaning_and_maintenance_occupations": 0.039598140128878224, "occupation_food_preparation_and_serving_related_occupations": 0.061140825745113155, "occupation_healthcare_support_occupations": 0.0344821424807243, "occupation_personal_care_and_service_occupations": 0.033438836243821594, "occupation_firefighting_and_prevention,_and_other_protective_service_workers_including_supervisors": 0.013478567448510849, "occupation_law_enforcement_workers_including_supervisors": 0.008357756970348702, "sors_cohabiting_partnered_gay": 0.007160226745530554, "2020 Presidential Election-margin": -0.09421715568330219, "2016 Presidential Election-margin": -0.10269039779876749, "2016-2020 Swing-margin": 0.008473242115465296, "park_percent_1km_v2": 0.035927554628487963, "mean_dist_Hospital_updated": 5.199594949451281, "mean_dist_Active Superfund Site_updated": 15.943393518395572, "mean_dist_Airport_updated": 49.83429497287033, "mean_dist_Public School_updated": 1.7404642266743056, "lapop1share_usda_fra_1": 0.5307073515339045, "mean_high_temp_4": 80.42867775170737, "mean_high_temp_winter_4": 73.9117835232035, "mean_high_temp_spring_4": 81.61324203115885, "mean_high_temp_summer_4": 86.61607247309065, "mean_high_temp_fall_4": 79.27918643560491, "mean_high_heat_index_4": 85.12749792262493, "days_above_90_4": 0.04009836369088904, "days_below_40_4": 0.0, "wind_speed_over_10mph_4": 0.2814606183155707, "snowfall_4": 4.4913224079940467e-08, "rainfall_4": 1.1091172148739656, "hours_sunny_4": 5.362382507768026, "internet_no_access": 0.07275320525280388, "insurance_coverage_none": 0.16474737000866688, "insurance_coverage_govt": 0.12257952020772249,