{"population": 372406.0, "ad_1": 2383.611789785072, "population_change_2010": -0.06232044254539137, "ad_1_change_2010": -0.050901813928673996, "gpw_population": NaN, "gpw_pw_density_4": NaN, "white": 0.32055874502559034, "hispanic": 0.13071755020058753, "black": 0.4748231768553675, "asian": 0.027794933486571107, "citizenship_citizen_by_birth": 0.9404957345841735, "citizenship_citizen_by_naturalization": 0.029177603486863764, "citizenship_not_citizen": 0.030326661928962738, "birthplace_non_us": 0.059504265415826506, "birthplace_us_not_state": 0.2135576368391026, "birthplace_us_state": 0.7269380977450709, "language_english_only": 0.8536202967889706, "language_spanish": 0.09207174804236516, "education_high_school": 0.8361713929710632, "education_ugrad": 0.18017340732785883, "education_grad": 0.07252686901275965, "education_field_stem": 0.07739610937884496, "education_field_humanities": 0.06844612547298806, "education_field_business": 0.03433117247602582, "generation_silent": 0.05726053079369162, "generation_boomer": 0.22408141837283663, "generation_genx": 0.17370550586080877, "generation_millenial": 0.22945759397286716, "generation_genz": 0.19721194420543, "generation_genalpha": 0.11828300679436592, "poverty_below_line": 0.3137000011156135, "household_income_under_50k": 0.6531341559002583, "household_income_over_100k": 0.1126147484980309, "individual_income_under_50k": 0.8097525265209995, "individual_income_over_100k": 0.03598028664177009, "housing_per_pop": 0.6790645666491133, "vacancy": 0.15661649554099716, "rent_or_own_rent": 0.5869508122919002, "rent_burden_under_20": 0.24407688917612438, "rent_burden_over_40": 0.3618304753177101, "rent_1br_under_750": 0.66087293420198, "rent_1br_over_1500": 0.065116259622623, "rent_2br_under_750": 0.4334655708905389, "rent_2br_over_1500": 0.07514459049454543, "year_built_1969_or_earlier": 0.8174316055834849, "year_built_2010_or_later": 0.03033820414838416, "transportation_means_car": 0.789192414150478, "transportation_means_bike": 0.005661107227159028, "transportation_means_walk": 0.04651154917728655, "transportation_means_transit": 0.07941909362542382, "transportation_means_worked_at_home": 0.06872746667210347, "transportation_commute_time_under_15": 0.24501555433588265, "transportation_commute_time_over_60": 0.050646728871517444, "vehicle_ownership_at_least_1": 0.7757970296451205, "GHLTH_cdc_2": 0.28876873627144295, "ARTHRITIS_cdc_2": 0.32025512964374037, "CASTHMA_cdc_2": 0.1259057426025139, "BPHIGH_cdc_2": 0.4103016150226764, "CANCER_cdc_2": 0.0582410353407808, "KIDNEY_cdc_2": 0.040176861651041125, "COPD_cdc_2": 0.11008468786645897, "CHD_cdc_2": 0.07724507645646503, "DIABETES_cdc_2": 0.17679306687144497, "OBESITY_cdc_2": 0.41891868886213407, "STROKE_cdc_2": 0.04918352382699927, "DISABILITY_cdc_2": 0.3901830164624533, "HEARING_cdc_2": 0.064657320778823, "VISION_cdc_2": 0.10206721595278083, "COGNITION_cdc_2": 0.2028138137303302, "MOBILITY_cdc_2": 0.22600511708072718, "SELFCARE_cdc_2": 0.07932577700875931, "INDEPLIVE_cdc_2": 0.1408125722835691, "BINGE_cdc_2": 0.1461220733976975, "CSMOKING_cdc_2": 0.26606448545991107, "LPA_cdc_2": 0.3491075389138594, "SLEEP_cdc_2": 0.4297015733484949, "heating_utility_gas": 0.7968700801779051, "heating_electricity": 0.17214259921542477, "industry_agriculture,_forestry,_fishing_and_hunting": 0.0019819505938147137, "industry_mining,_quarrying,_and_oil_and_gas_extraction": 0.0003430299104679312, "industry_accommodation_and_food_services": 0.08619606756228722, "industry_arts,_entertainment,_and_recreation": 0.02440952781277307, "industry_construction": 0.044609316978355955, "industry_educational_services": 0.0643688979126591, "industry_health_care_and_social_assistance": 0.20116534992762383, "industry_finance_and_insurance": 0.04414580255950467, "industry_real_estate_and_rental_and_leasing": 0.017000916459765907, "industry_information": 0.014111798938151785, "industry_manufacturing": 0.12116397872975518, "industry_other_services,_except_public_administration": 0.04654035883692531, "industry_administrative_and_support_and_waste_management_services": 0.052932794824716106, "industry_management_of_companies_and_enterprises": 0.0010608517601508243, "industry_professional,_scientific,_and_technical_services": 0.04946116764696652, "industry_public_administration": 0.043933622909117336, "industry_retail_trade": 0.10265744858614084, "industry_transportation_and_warehousing": 0.052442735579442505, "industry_utilities": 0.006835188586361, "industry_wholesale_trade": 0.0246391938850202, "occupation_architecture_and_engineering_occupations": 0.009633187136921184, "occupation_computer_and_mathematical_occupations": 0.0241366828003853, "occupation_life,_physical,_and_social_science_occupations": 0.00958111493335244, "occupation_arts,_design,_entertainment,_sports,_and_media_occupations": 0.01597630045975643, "occupation_community_and_social_service_occupations": 0.02345008524525473, "occupation_educational_instruction,_and_library_occupations": 0.04150605779122788, "occupation_legal_occupations": 0.010548415329585385, "occupation_health_diagnosing_and_treating_practitioners_and_other_technical_occupations": 0.036770957840592554, "occupation_health_technologists_and_technicians": 0.024933640426124143, "occupation_business_and_financial_operations_occupations": 0.046023428472978405, "occupation_management_occupations": 0.0712613828697416, "occupation_construction_and_extraction_occupations": 0.033585169197110236, "occupation_farming,_fishing,_and_forestry_occupations": 0.0014928153511104417, "occupation_installation,_maintenance,_and_repair_occupations": 0.022586601685949108, "occupation_material_moving_occupations": 0.05586049895271414, "occupation_transportation_occupations": 0.042313234430476944, "occupation_office_and_administrative_support_occupations": 0.1304881362055252, "occupation_sales_and_related_occupations": 0.0806461280968654, "occupation_building_and_grounds_cleaning_and_maintenance_occupations": 0.05128786034825354, "occupation_food_preparation_and_serving_related_occupations": 0.06957381717341891, "occupation_healthcare_support_occupations": 0.0649812997489888, "occupation_personal_care_and_service_occupations": 0.027278906198377886, "occupation_firefighting_and_prevention,_and_other_protective_service_workers_including_supervisors": 0.01568940545825506, "occupation_law_enforcement_workers_including_supervisors": 0.008810786774426309, "2020 Presidential Election-margin": 0.609877518623231, "2016 Presidential Election-margin": 0.690177287954552, "2016-2020 Swing-margin": -0.08029976933132099, "park_percent_1km_v2": 0.03820741172141479, "mean_dist_Hospital_updated": 2.445768754848062, "mean_dist_Active Superfund Site_updated": 43.64565293112473, "mean_dist_Airport_updated": 16.599635541403025, "mean_dist_Public School_updated": 0.5401252314817603, "mean_high_temp_4": 58.245777082690964, "mean_high_temp_winter_4": 36.806452213952014, "mean_high_temp_spring_4": 63.577339312072134, "mean_high_temp_summer_4": 78.50020544387104, "mean_high_temp_fall_4": 53.082125131625375, "mean_high_heat_index_4": 57.51406361677485, "days_above_90_4": 0.006708531900601687, "days_below_40_4": 0.21611018420982275, "wind_speed_over_10mph_4": 0.38084636278698814, "snowfall_4": 0.15260383012278608, "rainfall_4": 0.9951223755895807, "hours_sunny_4": 4.339796252482543, "internet_no_access": 0.21299043092310055, "insurance_coverage_none": 0.09762252451046392, "insurance_coverage_govt": 0.41294048166225744, "insurance_coverage_private": 0.4894369938272786, "marriage_divorced": 0.14108455836016578}