{"population": 794612.0, "ad_1": 633.6359578824057, "population_change_2010": 0.07336485208699176, "ad_1_change_2010": 0.12759565006113657, "population_change_2000": 0.3617819091050866, "ad_1_change_2000": 0.4602569017076665, "gpw_population": NaN, "gpw_pw_density_4": NaN, "white": 0.552800612122646, "hispanic": 0.16855270245100754, "black": 0.020627677407338424, "asian": 0.0120197026976688, "homogeneity_250_2020": 0.636086274887126, "homogeneity_250_diff_2010": -0.04548833132207808, "homogeneity_250_diff_2000": -0.11231093732559838, "citizenship_citizen_by_birth": 0.9444937365523653, "citizenship_citizen_by_naturalization": 0.02689899569813867, "citizenship_not_citizen": 0.028607267749495888, "birthplace_non_us": 0.05550626344763321, "birthplace_us_not_state": 0.4650089879710637, "birthplace_us_state": 0.47948474858130313, "language_english_only": 0.7668888727903578, "language_spanish": 0.09482463561635883, "education_high_school": 0.8867219359306244, "education_ugrad": 0.23352035366747617, "education_grad": 0.09236457103328512, "education_field_stem": 0.10202501362305436, "education_field_humanities": 0.09209237221415265, "education_field_business": 0.03940296783027073, "generation_silent": 0.08156715270660748, "generation_boomer": 0.2731723936487201, "generation_genx": 0.16198330399313332, "generation_millenial": 0.17330044230927535, "generation_genz": 0.20060515723342995, "generation_genalpha": 0.10937155010883381, "poverty_below_line": 0.17826395705807474, "household_income_under_50k": 0.44793834416777567, "household_income_over_100k": 0.23287061746060023, "individual_income_under_50k": 0.735678254507694, "individual_income_over_100k": 0.06660263405520384, "housing_per_pop": 0.5934315430400672, "vacancy": 0.20955914880839074, "rent_or_own_rent": 0.28110350146649776, "rent_burden_under_20": 0.3079231180003982, "rent_burden_over_40": 0.3028359319939465, "rent_1br_under_750": 0.38325226432564635, "rent_1br_over_1500": 0.08791191328585311, "rent_2br_under_750": 0.26267312871012877, "rent_2br_over_1500": 0.17964212813974856, "year_built_1969_or_earlier": 0.12274956121155016, "year_built_2010_or_later": 0.07957823940218817, "transportation_means_car": 0.8442999298544847, "transportation_means_bike": 0.007789308646877441, "transportation_means_walk": 0.040341454763147135, "transportation_means_transit": 0.0072976509354712475, "transportation_means_worked_at_home": 0.09017723865383809, "transportation_commute_time_under_15": 0.38869037394020395, "transportation_commute_time_over_60": 0.09315261132454215, "vehicle_ownership_at_least_1": 0.9435027510822395, "traffic_fatalities_last_decade_per_capita": 0.00026641933421594436, "traffic_fatalities_ped_last_decade_per_capita": 3.2972066870371953e-05, "GHLTH_cdc_2": 0.1930505917900381, "ARTHRITIS_cdc_2": 0.2594439962812078, "CASTHMA_cdc_2": 0.11489345455195718, "BPHIGH_cdc_2": 0.30876864049202674, "CANCER_cdc_2": 0.07131070049345842, "KIDNEY_cdc_2": 0.03653200314667809, "COPD_cdc_2": 0.08323786741042705, "CHD_cdc_2": 0.06948149359937023, "DIABETES_cdc_2": 0.11334922763355491, "OBESITY_cdc_2": 0.32430820281770933, "STROKE_cdc_2": 0.03772120074376278, "DISABILITY_cdc_2": 0.32507903168132907, "HEARING_cdc_2": 0.08224543016519821, "VISION_cdc_2": 0.06613858971608147, "COGNITION_cdc_2": 0.1646184170063637, "MOBILITY_cdc_2": 0.1532653704498279, "SELFCARE_cdc_2": 0.048830318958736275, "INDEPLIVE_cdc_2": 0.0964630229564493, "BINGE_cdc_2": 0.15976552957162038, "CSMOKING_cdc_2": 0.19282119180432508, "LPA_cdc_2": 0.23350428734892342, "SLEEP_cdc_2": 0.3330016019452214, "heating_utility_gas": 0.40835782325317094, "heating_electricity": 0.33039938793629287, "industry_agriculture,_forestry,_fishing_and_hunting": 0.013145973602952438, "industry_mining,_quarrying,_and_oil_and_gas_extraction": 0.013576438754117381, "industry_accommodation_and_food_services": 0.09269033121110175, "industry_arts,_entertainment,_and_recreation": 0.031903253436787314, "industry_construction": 0.07861026832437938, "industry_educational_services": 0.11506175330553316, "industry_health_care_and_social_assistance": 0.14741469020515569, "industry_finance_and_insurance": 0.026428487649754438, "industry_real_estate_and_rental_and_leasing": 0.019263853133057313, "industry_information": 0.013081343091567221, "industry_manufacturing": 0.06292550773559101, "industry_other_services,_except_public_administration": 0.044187771266519224, "industry_administrative_and_support_and_waste_management_services": 0.04078489785123696, "industry_management_of_companies_and_enterprises": 0.0011056359957906077, "industry_professional,_scientific,_and_technical_services": 0.04390809293996344, "industry_public_administration": 0.06968313730898706, "industry_retail_trade": 0.12269431336584379, "industry_transportation_and_warehousing": 0.03728936730462673, "industry_utilities": 0.012387469806327055, "industry_wholesale_trade": 0.013857413710708184, "occupation_architecture_and_engineering_occupations": 0.015468002344853618, "occupation_computer_and_mathematical_occupations": 0.01999234264799118, "occupation_life,_physical,_and_social_science_occupations": 0.010029814896467128, "occupation_arts,_design,_entertainment,_sports,_and_media_occupations": 0.015039649497053784, "occupation_community_and_social_service_occupations": 0.017769056918960326, "occupation_educational_instruction,_and_library_occupations": 0.06819733107738252, "occupation_legal_occupations": 0.007098767574158993, "occupation_health_diagnosing_and_treating_practitioners_and_other_technical_occupations": 0.03424987402708627, "occupation_health_technologists_and_technicians": 0.02391818631497308, "occupation_business_and_financial_operations_occupations": 0.039525665750644715, "occupation_management_occupations": 0.09096319597844739, "occupation_construction_and_extraction_occupations": 0.06428571293402639, "occupation_farming,_fishing,_and_forestry_occupations": 0.0071314212403082965, "occupation_installation,_maintenance,_and_repair_occupations": 0.03679779415566142, "occupation_material_moving_occupations": 0.029016694830797905, "occupation_transportation_occupations": 0.03851073827677611, "occupation_office_and_administrative_support_occupations": 0.12248811408606115, "occupation_sales_and_related_occupations": 0.10191687909075274, "occupation_building_and_grounds_cleaning_and_maintenance_occupations": 0.049472421562499196, "occupation_food_preparation_and_serving_related_occupations": 0.064863375707053, "occupation_healthcare_support_occupations": 0.03921998887171485, "occupation_personal_care_and_service_occupations": 0.029390744619785858, "occupation_firefighting_and_prevention,_and_other_protective_service_workers_including_supervisors": 0.016687776013570327, "occupation_law_enforcement_workers_including_supervisors": 0.015796877099985094, "sors_cohabiting_partnered_gay": 0.005318656376974366, "2020 Presidential Election-margin": -0.0787909016923463, "2016 Presidential Election-margin": -0.10161593557747156, "2016-2020 Swing-margin": 0.02282503388512526, "park_percent_1km_v2": 0.0058814235652942665, "mean_dist_Hospital_updated": 15.716526032068511, "mean_dist_Active Superfund Site_updated": 79.31303870052686, "mean_dist_Airport_updated": 69.16434696841145, "mean_dist_Public School_updated": 3.1576490492774636, "lapop1share_usda_fra_1": 0.3087218359768258, "mean_high_temp_4": 72.78468711358109, "mean_high_temp_winter_4": 56.09138181987369, "mean_high_temp_spring_4": 77.6749705751472, "mean_high_temp_summer_4": 90.05448597349333, "mean_high_temp_fall_4": 66.41795343660463, "mean_high_heat_index_4": 70.64038600708803, "days_above_90_4": 0.18388539246073826, "days_below_40_4": 0.035992189966712995, "wind_speed_over_10mph_4": 0.07799888874176988, "snowfall_4": 0.05838568663894543, "rainfall_4": 0.28018806339323027, "hours_sunny_4": 8.102916944920244, "internet_no_access": 0.17444832400491922, "insurance_coverage_none": 0.1630324798886767, "insurance_coverage_govt": 0.2570779018055699,