{"population": 843835.0, "ad_1": 2232.0311198074455, "population_change_2010": 0.025227471263110958, "ad_1_change_2010": 0.00013806388231509597, "population_change_2000": 0.12028862366076763, "ad_1_change_2000": 0.05890365559021343, "gpw_population": NaN, "gpw_pw_density_4": NaN, "white": 0.4276274390135512, "hispanic": 0.4328820207742035, "black": 0.016240141733869774, "asian": 0.07495659696504649, "homogeneity_250_2020": 0.5359634445817182, "homogeneity_250_diff_2010": -0.046012026399191885, "homogeneity_250_diff_2000": -0.07904703991559725, "citizenship_citizen_by_birth": 0.7888477752015207, "citizenship_citizen_by_naturalization": 0.11147628231255911, "citizenship_not_citizen": 0.09967594248592014, "birthplace_non_us": 0.2111522247984789, "birthplace_us_not_state": 0.1821229483392592, "birthplace_us_state": 0.606724826862262, "language_english_only": 0.6231953147187966, "language_spanish": 0.29758837273534944, "education_high_school": 0.8590803613238571, "education_ugrad": 0.3336091512693605, "education_grad": 0.12204393160909986, "education_field_stem": 0.16163391190594006, "education_field_humanities": 0.10776716387060231, "education_field_business": 0.06420807549281705, "generation_silent": 0.06414767546392763, "generation_boomer": 0.22566429034534477, "generation_genx": 0.1940869003149522, "generation_millenial": 0.19617582748469423, "generation_genz": 0.2019435034525371, "generation_genalpha": 0.11798180293854399, "poverty_below_line": 0.08855055014243586, "household_income_under_50k": 0.2552283191925907, "household_income_over_100k": 0.47138419204791066, "individual_income_under_50k": 0.6051049458241962, "individual_income_over_100k": 0.16135933884733175, "housing_per_pop": 0.44659930812721926, "vacancy": 0.04559227992110669, "rent_or_own_rent": 0.3646177556760871, "rent_burden_under_20": 0.1784458971557336, "rent_burden_over_40": 0.4058441509298588, "rent_1br_under_750": 0.12936143410503864, "rent_1br_over_1500": 0.5509821656567228, "rent_2br_under_750": 0.041366212668438346, "rent_2br_over_1500": 0.7325340338088134, "year_built_1969_or_earlier": 0.3480588651494141, "year_built_2010_or_later": 0.03684917059792472, "transportation_means_car": 0.8573212539332556, "transportation_means_bike": 0.005920364436857862, "transportation_means_walk": 0.015964687635190072, "transportation_means_transit": 0.008385191075679262, "transportation_means_worked_at_home": 0.10708196695101464, "transportation_commute_time_under_15": 0.23446411750665866, "transportation_commute_time_over_60": 0.08327438268518655, "vehicle_ownership_at_least_1": 0.9577003536633959, "GHLTH_cdc_2": 0.15950314224615436, "ARTHRITIS_cdc_2": 0.20471676589979884, "CASTHMA_cdc_2": 0.09424591000790235, "BPHIGH_cdc_2": 0.28247929193520116, "CANCER_cdc_2": 0.05942120823904957, "KIDNEY_cdc_2": 0.027492778805832008, "COPD_cdc_2": 0.04968620242249907, "CHD_cdc_2": 0.046483143456912616, "DIABETES_cdc_2": 0.09467779746624203, "OBESITY_cdc_2": 0.2686776125801111, "STROKE_cdc_2": 0.025524319070922685, "DISABILITY_cdc_2": 0.256187813222468, "HEARING_cdc_2": 0.05751768771259882, "VISION_cdc_2": 0.048376827386708315, "COGNITION_cdc_2": 0.1264100643501906, "MOBILITY_cdc_2": 0.11049649779854576, "SELFCARE_cdc_2": 0.03400527007282543, "INDEPLIVE_cdc_2": 0.06695018873110842, "BINGE_cdc_2": 0.16672977010309495, "CSMOKING_cdc_2": 0.11059967080451606, "LPA_cdc_2": 0.1913735452488354, "SLEEP_cdc_2": 0.29886292738556564, "heating_utility_gas": 0.7553514964998552, "heating_electricity": 0.1706707446375313, "industry_agriculture,_forestry,_fishing_and_hunting": 0.04731629531380157, "industry_mining,_quarrying,_and_oil_and_gas_extraction": 0.0015921915738285218, "industry_accommodation_and_food_services": 0.07327007165933716, "industry_arts,_entertainment,_and_recreation": 0.023682865891728903, "industry_construction": 0.06328500099882375, "industry_educational_services": 0.08614238891448504, "industry_health_care_and_social_assistance": 0.11307328755317239, "industry_finance_and_insurance": 0.05036250682607681, "industry_real_estate_and_rental_and_leasing": 0.019603428692789387, "industry_information": 0.0248020095710881, "industry_manufacturing": 0.0979786633099388, "industry_other_services,_except_public_administration": 0.05124504557170753, "industry_administrative_and_support_and_waste_management_services": 0.04594649554405655, "industry_management_of_companies_and_enterprises": 0.0013288582048032861, "industry_professional,_scientific,_and_technical_services": 0.08068671641192639, "industry_public_administration": 0.054027136989018704, "industry_retail_trade": 0.09946343208461889, "industry_transportation_and_warehousing": 0.030238962624102635, "industry_utilities": 0.006407778646280799, "industry_wholesale_trade": 0.02954686361841489, "occupation_architecture_and_engineering_occupations": 0.027015960488448166, "occupation_computer_and_mathematical_occupations": 0.030356485595964898, "occupation_life,_physical,_and_social_science_occupations": 0.010567401151110793, "occupation_arts,_design,_entertainment,_sports,_and_media_occupations": 0.025152519115835034, "occupation_community_and_social_service_occupations": 0.018586784990710672, "occupation_educational_instruction,_and_library_occupations": 0.05325056328564871, "occupation_legal_occupations": 0.01042361252391566, "occupation_health_diagnosing_and_treating_practitioners_and_other_technical_occupations": 0.033264487871986194, "occupation_health_technologists_and_technicians": 0.015246352439186775, "occupation_business_and_financial_operations_occupations": 0.05783804032908714, "occupation_management_occupations": 0.10649557031935515, "occupation_construction_and_extraction_occupations": 0.047182653137317426, "occupation_farming,_fishing,_and_forestry_occupations": 0.040174596814959586, "occupation_installation,_maintenance,_and_repair_occupations": 0.031906786905925494, "occupation_material_moving_occupations": 0.030724664658213188, "occupation_transportation_occupations": 0.02663812089445125, "occupation_office_and_administrative_support_occupations": 0.11225246919286834, "occupation_sales_and_related_occupations": 0.09872270647421252, "occupation_building_and_grounds_cleaning_and_maintenance_occupations": 0.03807826142545451, "occupation_food_preparation_and_serving_related_occupations": 0.05457827900241608, "occupation_healthcare_support_occupations": 0.03330644755284876, "occupation_personal_care_and_service_occupations": 0.028917812598074993, "occupation_firefighting_and_prevention,_and_other_protective_service_workers_including_supervisors": 0.012847254827722025, "occupation_law_enforcement_workers_including_supervisors": 0.007451359034640075, "sors_cohabiting_partnered_gay": 0.004011129218251785, "2020 Presidential Election-margin": 0.2109943534348812, "2016 Presidential Election-margin": 0.17826169600677189, "2016-2020 Swing-margin": 0.032732657428109324, "park_percent_1km_v2": 0.026299052873421755, "mean_dist_Hospital_updated": 4.327114849657615, "mean_dist_Active Superfund Site_updated": 15.679626118570509, "mean_dist_Airport_updated": 17.0369037788208, "mean_dist_Public School_updated": 0.8138908021748206, "lapop1share_usda_fra_1": 0.8071494846269441, "mean_high_temp_4": 69.75277475791748, "mean_high_temp_winter_4": 62.53803524443633, "mean_high_temp_spring_4": 68.69794736950242, "mean_high_temp_summer_4": 78.0510369540588, "mean_high_temp_fall_4": 69.3972385320926, "mean_high_heat_index_4": 69.18153172307157, "days_above_90_4": 0.018670957760089556, "days_below_40_4": 1.191601707812992e-05, "wind_speed_over_10mph_4": 0.023145430234483, "snowfall_4": 8.304046009225708e-05, "rainfall_4": 0.38903548023945367, "hours_sunny_4": 8.088211498978826, "internet_no_access": 0.07001487722425705, "insurance_coverage_none": 0.12042845047248724, "insurance_coverage_govt": 0.1736033892067302, "insurance_coverage_private": 0.7059681603207826, "marriage_divorced": 0.09669003871896822}