{"population": 4420573.0, "ad_1": 1936.6451954138292, "population_change_2010": 0.1580920888723086, "ad_1_change_2010": 0.07850911477441856, "population_change_2000": 0.43891881546109907, "ad_1_change_2000": -0.004913987307380046, "gpw_population": NaN, "gpw_pw_density_4": NaN, "white": 0.5333188706531936, "hispanic": 0.30571036831650555, "black": 0.05547674475684487, "asian": 0.044770214178116725, "homogeneity_250_2020": 0.5157726998880929, "homogeneity_250_diff_2010": -0.06725070509374109, "homogeneity_250_diff_2000": -0.12923345233182826, "citizenship_citizen_by_birth": 0.8550925872029183, "citizenship_citizen_by_naturalization": 0.06350220464532119, "citizenship_not_citizen": 0.08140520815176051, "birthplace_non_us": 0.14490741279708175, "birthplace_us_not_state": 0.4687424448341719, "birthplace_us_state": 0.38635014236874643, "language_english_only": 0.7350386041239102, "language_spanish": 0.20143682093278878, "education_high_school": 0.8922507630053479, "education_ugrad": 0.3317839669755119, "education_grad": 0.12367963772502771, "education_field_stem": 0.14365177516874567, "education_field_humanities": 0.11098465924623944, "education_field_business": 0.07714753256052415, "generation_silent": 0.06215283094228932, "generation_boomer": 0.2061977198808377, "generation_genx": 0.19029024464859803, "generation_millenial": 0.21190730240324224, "generation_genz": 0.20411818050653935, "generation_genalpha": 0.12533372161849324, "poverty_below_line": 0.12044157760477309, "household_income_under_50k": 0.33435019186337694, "household_income_over_100k": 0.3486748468738492, "individual_income_under_50k": 0.636271155214462, "individual_income_over_100k": 0.1221729591673908, "housing_per_pop": 0.5358061797113344, "vacancy": 0.09318956070332493, "rent_or_own_rent": 0.3618409081022515, "rent_burden_under_20": 0.24670132375797257, "rent_burden_over_40": 0.3234060417671516, "rent_1br_under_750": 0.15262346460910445, "rent_1br_over_1500": 0.12553109867759124, "rent_2br_under_750": 0.06890470311777618, "rent_2br_over_1500": 0.26956534173510677, "year_built_1969_or_earlier": 0.14396945217088403, "year_built_2010_or_later": 0.09666500437899941, "transportation_means_car": 0.8174493566749723, "transportation_means_bike": 0.008819919229836135, "transportation_means_walk": 0.014497032706124423, "transportation_means_transit": 0.015289163544355756, "transportation_means_worked_at_home": 0.13167466291850707, "transportation_commute_time_under_15": 0.21419790938591066, "transportation_commute_time_over_60": 0.0704614715759937, "vehicle_ownership_at_least_1": 0.9470024525917022, "traffic_fatalities_last_decade_per_capita": 0.00010521260479127931, "traffic_fatalities_ped_last_decade_per_capita": 3.402273868116192e-05, "GHLTH_cdc_2": 0.15423014046149086, "ARTHRITIS_cdc_2": 0.2151499176273337, "CASTHMA_cdc_2": 0.10200332248881273, "BPHIGH_cdc_2": 0.27569358849705095, "CANCER_cdc_2": 0.06367996481838933, "KIDNEY_cdc_2": 0.02995540965806488, "COPD_cdc_2": 0.056561362908177724, "CHD_cdc_2": 0.052288431647367614, "DIABETES_cdc_2": 0.09344256749973173, "OBESITY_cdc_2": 0.30802570278287145, "STROKE_cdc_2": 0.027165107958819705, "DISABILITY_cdc_2": 0.28284298541349745, "HEARING_cdc_2": 0.060767007422073804, "VISION_cdc_2": 0.04996534689521394, "COGNITION_cdc_2": 0.14277264966750855, "MOBILITY_cdc_2": 0.12035964082602103, "SELFCARE_cdc_2": 0.03565426969581304, "INDEPLIVE_cdc_2": 0.07267387623157881, "BINGE_cdc_2": 0.176232674199305, "CSMOKING_cdc_2": 0.14592936065551396, "LPA_cdc_2": 0.22275221339645349, "SLEEP_cdc_2": 0.31776878446631635, "heating_utility_gas": 0.27320327592238713, "heating_electricity": 0.697111970644873, "industry_agriculture,_forestry,_fishing_and_hunting": 0.0036503828408201316, "industry_mining,_quarrying,_and_oil_and_gas_extraction": 0.0016896751679245587, "industry_accommodation_and_food_services": 0.07275653669028188, "industry_arts,_entertainment,_and_recreation": 0.021371887251256057, "industry_construction": 0.07453754177319111, "industry_educational_services": 0.0836034720248284, "industry_health_care_and_social_assistance": 0.1238843925634545, "industry_finance_and_insurance": 0.07835664135583797, "industry_real_estate_and_rental_and_leasing": 0.025535736386221992, "industry_information": 0.018952716170317865, "industry_manufacturing": 0.07635691288650642, "industry_other_services,_except_public_administration": 0.04528016986545632, "industry_administrative_and_support_and_waste_management_services": 0.05734445661689694, "industry_management_of_companies_and_enterprises": 0.0018892076032263668, "industry_professional,_scientific,_and_technical_services": 0.07557467529457851, "industry_public_administration": 0.03780996283989269, "industry_retail_trade": 0.11925458766861631, "industry_transportation_and_warehousing": 0.04908108434796747, "industry_utilities": 0.008547054201817112, "industry_wholesale_trade": 0.02452290645090714, "occupation_architecture_and_engineering_occupations": 0.02340797449313609, "occupation_computer_and_mathematical_occupations": 0.03948025447845363, "occupation_life,_physical,_and_social_science_occupations": 0.007552588189292333, "occupation_arts,_design,_entertainment,_sports,_and_media_occupations": 0.01906897798435099, "occupation_community_and_social_service_occupations": 0.01549059443526454, "occupation_educational_instruction,_and_library_occupations": 0.05231729063985602, "occupation_legal_occupations": 0.010636758824562975, "occupation_health_diagnosing_and_treating_practitioners_and_other_technical_occupations": 0.041072503466021454, "occupation_health_technologists_and_technicians": 0.017940838121754187, "occupation_business_and_financial_operations_occupations": 0.06696269323183938, "occupation_management_occupations": 0.11060020770655618, "occupation_construction_and_extraction_occupations": 0.05002914408257055, "occupation_farming,_fishing,_and_forestry_occupations": 0.002576823885184395, "occupation_installation,_maintenance,_and_repair_occupations": 0.030857952972929707, "occupation_material_moving_occupations": 0.035827507792589065, "occupation_transportation_occupations": 0.03409132370888727, "occupation_office_and_administrative_support_occupations": 0.12948236934522261, "occupation_sales_and_related_occupations": 0.10987303966243175, "occupation_building_and_grounds_cleaning_and_maintenance_occupations": 0.03798498852965595, "occupation_food_preparation_and_serving_related_occupations": 0.05380801512807738, "occupation_healthcare_support_occupations": 0.027699826366312234, "occupation_personal_care_and_service_occupations": 0.025399745248483093, "occupation_firefighting_and_prevention,_and_other_protective_service_workers_including_supervisors": 0.012328282743634053, "occupation_law_enforcement_workers_including_supervisors": 0.007302213616089038, "sors_cohabiting_partnered_gay": 0.00796713487119427, "2020 Presidential Election-margin": 0.021810978999321967, "2016 Presidential Election-margin": -0.028354090641829754, "2016-2020 Swing-margin": 0.05016506964115172, "park_percent_1km_v2": 0.02212425950506723, "mean_dist_Hospital_updated": 4.6957503998378645, "mean_dist_Active Superfund Site_updated": 16.168002991316833, "mean_dist_Airport_updated": 21.2602001477348, "mean_dist_Public School_updated": 0.9393990051307215, "lapop1share_usda_fra_1": 0.7633587813075136, "mean_high_temp_4": 86.27563835719873, "mean_high_temp_winter_4": 69.55720705974929, "mean_high_temp_spring_4": 91.18409816966631, "mean_high_temp_summer_4": 103.64382781972532, "mean_high_temp_fall_4": 79.8140611960118, "mean_high_heat_index_4": 84.96345776444798, "days_above_90_4": 0.4563916196070585, "days_below_40_4": 5.40641875227654e-06, "wind_speed_over_10mph_4": 0.013274648843786149, "snowfall_4": 0.00023109478291072905, "rainfall_4": 0.2359736594563634, "hours_sunny_4": 8.848778223126262, "internet_no_access": 0.07431542792303052, "insurance_coverage_none": 0.13862385677273875, "insurance_coverage_govt": 0.16197115403199155,