{"population": 713312.0, "ad_1": 631.084660947567, "population_change_2010": 0.11854355001842516, "ad_1_change_2010": 0.053107549063893186, "gpw_population": NaN, "gpw_pw_density_4": NaN, "white": 0.8405312121484007, "hispanic": 0.037135222735633217, "black": 0.04581165044188237, "asian": 0.029855098470234622, "citizenship_citizen_by_birth": 0.9447037101907647, "citizenship_citizen_by_naturalization": 0.03233504077725277, "citizenship_not_citizen": 0.022961249031982624, "birthplace_non_us": 0.055296289809235386, "birthplace_us_not_state": 0.18881724945120587, "birthplace_us_state": 0.7558864607395587, "language_english_only": 0.9228630719343195, "language_spanish": 0.022734045468851608, "education_high_school": 0.9468828194885229, "education_ugrad": 0.33162802554196186, "education_grad": 0.10099809413432526, "education_field_stem": 0.1357619012896525, "education_field_humanities": 0.11706928908002188, "education_field_business": 0.07879683517228747, "generation_silent": 0.046009670859891334, "generation_boomer": 0.21161252156978033, "generation_genx": 0.20256281286402336, "generation_millenial": 0.1896947804723105, "generation_genz": 0.21437002218833065, "generation_genalpha": 0.13575019204566371, "poverty_below_line": 0.06357004364356929, "household_income_under_50k": 0.24248770281926793, "household_income_over_100k": 0.4486607268235312, "individual_income_under_50k": 0.5697668029448173, "individual_income_over_100k": 0.12834324080115506, "housing_per_pop": 0.5110000795186471, "vacancy": 0.047628927858198805, "rent_or_own_rent": 0.19438738642935124, "rent_burden_under_20": 0.29796599142510316, "rent_burden_over_40": 0.28417735343394923, "rent_1br_under_750": 0.456387950650981, "rent_1br_over_1500": 0.056608012244959455, "rent_2br_under_750": 0.13092199064886834, "rent_2br_over_1500": 0.1412310424104292, "year_built_1969_or_earlier": 0.1853042246499929, "year_built_2010_or_later": 0.09893680571586558, "transportation_means_car": 0.8597513414439303, "transportation_means_bike": 0.0023658209745411013, "transportation_means_walk": 0.015912889547978235, "transportation_means_transit": 0.012614267905194753, "transportation_means_worked_at_home": 0.10387946480608792, "transportation_commute_time_under_15": 0.2479412378766225, "transportation_commute_time_over_60": 0.08270316075963427, "vehicle_ownership_at_least_1": 0.9637864669603249, "GHLTH_cdc_2": 0.11350773785434959, "ARTHRITIS_cdc_2": 0.19853839494978132, "CASTHMA_cdc_2": 0.09383945602375351, "BPHIGH_cdc_2": 0.2551236000770431, "CANCER_cdc_2": 0.058961201439580675, "KIDNEY_cdc_2": 0.02272276385639685, "COPD_cdc_2": 0.04566991142207285, "CHD_cdc_2": 0.04223058394776651, "DIABETES_cdc_2": 0.07274947790312912, "OBESITY_cdc_2": 0.36275413078715973, "STROKE_cdc_2": 0.021872195014272452, "DISABILITY_cdc_2": 0.22314452074212418, "HEARING_cdc_2": 0.05495692295040458, "VISION_cdc_2": 0.031134254099407246, "COGNITION_cdc_2": 0.11118578208488158, "MOBILITY_cdc_2": 0.08600098684424091, "SELFCARE_cdc_2": 0.02580605264467764, "INDEPLIVE_cdc_2": 0.05619760906684788, "BINGE_cdc_2": 0.21437631227560655, "CSMOKING_cdc_2": 0.16192555385550955, "LPA_cdc_2": 0.19448127917520597, "SLEEP_cdc_2": 0.28489558711822005, "heating_utility_gas": 0.7299690135929542, "heating_electricity": 0.16390295900261104, "industry_agriculture,_forestry,_fishing_and_hunting": 0.010436860242172146, "industry_mining,_quarrying,_and_oil_and_gas_extraction": 0.0015243496373877374, "industry_accommodation_and_food_services": 0.05074147097985473, "industry_arts,_entertainment,_and_recreation": 0.014623401737992925, "industry_construction": 0.08554185693997549, "industry_educational_services": 0.0871908433532726, "industry_health_care_and_social_assistance": 0.1475410959102155, "industry_finance_and_insurance": 0.05770530000748144, "industry_real_estate_and_rental_and_leasing": 0.01406586331487491, "industry_information": 0.011332879965524078, "industry_manufacturing": 0.15598343500677803, "industry_other_services,_except_public_administration": 0.04497419232194526, "industry_administrative_and_support_and_waste_management_services": 0.03050471131032575, "industry_management_of_companies_and_enterprises": 0.0021137996051762684, "industry_professional,_scientific,_and_technical_services": 0.05740151834093032, "industry_public_administration": 0.033015250240567305, "industry_retail_trade": 0.11139540250257927, "industry_transportation_and_warehousing": 0.04524049558352057, "industry_utilities": 0.007992053388494244, "industry_wholesale_trade": 0.030675219610931434, "occupation_architecture_and_engineering_occupations": 0.022909682177873567, "occupation_computer_and_mathematical_occupations": 0.032827885220489184, "occupation_life,_physical,_and_social_science_occupations": 0.006957378253845859, "occupation_arts,_design,_entertainment,_sports,_and_media_occupations": 0.015146016671486516, "occupation_community_and_social_service_occupations": 0.014754010017364951, "occupation_educational_instruction,_and_library_occupations": 0.060655058436853176, "occupation_legal_occupations": 0.0075964891573867726, "occupation_health_diagnosing_and_treating_practitioners_and_other_technical_occupations": 0.04398807130078349, "occupation_health_technologists_and_technicians": 0.021451541892316007, "occupation_business_and_financial_operations_occupations": 0.06360233530063665, "occupation_management_occupations": 0.11588366758275877, "occupation_construction_and_extraction_occupations": 0.059720379950739144, "occupation_farming,_fishing,_and_forestry_occupations": 0.0032935861768964834, "occupation_installation,_maintenance,_and_repair_occupations": 0.034774538088512504, "occupation_material_moving_occupations": 0.034599100829304445, "occupation_transportation_occupations": 0.03560213336724059, "occupation_office_and_administrative_support_occupations": 0.11252878561799787, "occupation_sales_and_related_occupations": 0.09564405883241445, "occupation_building_and_grounds_cleaning_and_maintenance_occupations": 0.026847836097865764, "occupation_food_preparation_and_serving_related_occupations": 0.04460810195136867, "occupation_healthcare_support_occupations": 0.029631335262688564, "occupation_personal_care_and_service_occupations": 0.02571420053518904, "occupation_firefighting_and_prevention,_and_other_protective_service_workers_including_supervisors": 0.006878217966951187, "occupation_law_enforcement_workers_including_supervisors": 0.007499006518335715, "2020 Presidential Election-margin": -0.17594751237628525, "2016 Presidential Election-margin": -0.23661185976692933, "2016-2020 Swing-margin": 0.06066434739064408, "park_percent_1km_v2": 0.02796750171819771, "mean_dist_Hospital_updated": 10.472816300885395, "mean_dist_Active Superfund Site_updated": 19.84515805048608, "mean_dist_Airport_updated": 33.81128786578487, "mean_dist_Public School_updated": 2.092590513888403, "mean_high_temp_4": 54.58745900534186, "mean_high_temp_winter_4": 27.85013054141107, "mean_high_temp_spring_4": 63.89016585430253, "mean_high_temp_summer_4": 79.15144474053707, "mean_high_temp_fall_4": 46.142282604234374, "mean_high_heat_index_4": 53.13499711671858, "days_above_90_4": 0.01656238973408854, "days_below_40_4": 0.3221083869784103, "wind_speed_over_10mph_4": 0.22054309224637852, "snowfall_4": 0.14133715882125644, "rainfall_4": 0.6798116906929812, "hours_sunny_4": 4.712074259945693, "internet_no_access": 0.06298235878987352, "insurance_coverage_none": 0.04563571582933707, "insurance_coverage_govt": 0.1265594244334633, "insurance_coverage_private": 0.8278048597371996, "marriage_divorced": 0.0968419145417751}