{"population": 783688.0, "ad_1": 1045.2885257608757, "population_change_2010": 0.1640475072930468, "ad_1_change_2010": 0.1491409881108868, "gpw_population": NaN, "gpw_pw_density_4": NaN, "white": 0.5075884790886169, "hispanic": 0.17429512765284144, "black": 0.19863261910352079, "asian": 0.051923724747603636, "citizenship_citizen_by_birth": 0.8533882894460203, "citizenship_citizen_by_naturalization": 0.08209739413026056, "citizenship_not_citizen": 0.06451431642371927, "birthplace_non_us": 0.1466117105539798, "birthplace_us_not_state": 0.4158247197280582, "birthplace_us_state": 0.43756356971796195, "language_english_only": 0.7959352019769538, "language_spanish": 0.11902572001981553, "education_high_school": 0.9069569547345547, "education_ugrad": 0.35094570507338657, "education_grad": 0.14075343825351253, "education_field_stem": 0.16426243015382366, "education_field_humanities": 0.11429717075862555, "education_field_business": 0.07238610416093734, "generation_silent": 0.04465113274166058, "generation_boomer": 0.20314084086299974, "generation_genx": 0.2027904036006834, "generation_millenial": 0.20415157857101734, "generation_genz": 0.21138503934008482, "generation_genalpha": 0.13388100488355412, "poverty_below_line": 0.07213036180810173, "household_income_under_50k": 0.2149552098884556, "household_income_over_100k": 0.4928494762018458, "individual_income_under_50k": 0.5578363075308589, "individual_income_over_100k": 0.18040600101289447, "housing_per_pop": 0.4804096125323801, "vacancy": 0.05176896565215381, "rent_or_own_rent": 0.257759704204677, "rent_burden_under_20": 0.25833204770669, "rent_burden_over_40": 0.29694527332862647, "rent_1br_under_750": 0.1214034554793591, "rent_1br_over_1500": 0.2784326703326386, "rent_2br_under_750": 0.0677748480511746, "rent_2br_over_1500": 0.46821006462537273, "year_built_1969_or_earlier": 0.142893546078397, "year_built_2010_or_later": 0.1191787100811146, "transportation_means_car": 0.836428777590084, "transportation_means_bike": 0.0023564472861215247, "transportation_means_walk": 0.016230137788839544, "transportation_means_transit": 0.030347445009588577, "transportation_means_worked_at_home": 0.10219602374324686, "transportation_commute_time_under_15": 0.15976221880221622, "transportation_commute_time_over_60": 0.2239760910908366, "vehicle_ownership_at_least_1": 0.9717427519650127, "GHLTH_cdc_2": 0.14679647900987472, "ARTHRITIS_cdc_2": 0.24031798993127534, "CASTHMA_cdc_2": 0.10441916529659849, "BPHIGH_cdc_2": 0.3182007189028562, "CANCER_cdc_2": 0.056223174405424445, "KIDNEY_cdc_2": 0.025173308689125574, "COPD_cdc_2": 0.056762927486801396, "CHD_cdc_2": 0.04337635177223851, "DIABETES_cdc_2": 0.0932830108141779, "OBESITY_cdc_2": 0.37675027928967497, "STROKE_cdc_2": 0.025364796225760006, "DISABILITY_cdc_2": 0.2381204305247787, "HEARING_cdc_2": 0.04651286162141187, "VISION_cdc_2": 0.0401580994005739, "COGNITION_cdc_2": 0.12061481103270803, "MOBILITY_cdc_2": 0.1045502976707139, "SELFCARE_cdc_2": 0.030779407109377394, "INDEPLIVE_cdc_2": 0.0660696069521174, "BINGE_cdc_2": 0.17310891786739102, "CSMOKING_cdc_2": 0.14613159598476416, "LPA_cdc_2": 0.21414706260786096, "SLEEP_cdc_2": 0.3554545059074617, "heating_utility_gas": 0.33958664437698427, "heating_electricity": 0.5429454568963307, "industry_agriculture,_forestry,_fishing_and_hunting": 0.005678859391965451, "industry_mining,_quarrying,_and_oil_and_gas_extraction": 0.0006088734994973783, "industry_accommodation_and_food_services": 0.06610006098779289, "industry_arts,_entertainment,_and_recreation": 0.016094602303048326, "industry_construction": 0.08216301996683043, "industry_educational_services": 0.08540119051625758, "industry_health_care_and_social_assistance": 0.11641651306555026, "industry_finance_and_insurance": 0.03391475771439781, "industry_real_estate_and_rental_and_leasing": 0.018246627515318317, "industry_information": 0.016352508023971726, "industry_manufacturing": 0.03516887660678022, "industry_other_services,_except_public_administration": 0.05016292527742908, "industry_administrative_and_support_and_waste_management_services": 0.043033800046769696, "industry_management_of_companies_and_enterprises": 0.0012590265582827142, "industry_professional,_scientific,_and_technical_services": 0.11152264628897694, "industry_public_administration": 0.1408155959364515, "industry_retail_trade": 0.11130850364170723, "industry_transportation_and_warehousing": 0.03986178885360046, "industry_utilities": 0.007873083859452354, "industry_wholesale_trade": 0.01801673994591993, "occupation_architecture_and_engineering_occupations": 0.02322564279018114, "occupation_computer_and_mathematical_occupations": 0.0679580621851266, "occupation_life,_physical,_and_social_science_occupations": 0.010079285140923598, "occupation_arts,_design,_entertainment,_sports,_and_media_occupations": 0.01532501477550445, "occupation_community_and_social_service_occupations": 0.018101682270473728, "occupation_educational_instruction,_and_library_occupations": 0.060097467635164686, "occupation_legal_occupations": 0.01001452542287282, "occupation_health_diagnosing_and_treating_practitioners_and_other_technical_occupations": 0.029185703769428376, "occupation_health_technologists_and_technicians": 0.018353026046945834, "occupation_business_and_financial_operations_occupations": 0.07271922433374756, "occupation_management_occupations": 0.11787559026948495, "occupation_construction_and_extraction_occupations": 0.05467012075578488, "occupation_farming,_fishing,_and_forestry_occupations": 0.002539749588851095, "occupation_installation,_maintenance,_and_repair_occupations": 0.032874818693140934, "occupation_material_moving_occupations": 0.028323329865655965, "occupation_transportation_occupations": 0.03872556336375411, "occupation_office_and_administrative_support_occupations": 0.1093570023564123, "occupation_sales_and_related_occupations": 0.09251861116365512, "occupation_building_and_grounds_cleaning_and_maintenance_occupations": 0.032435781112093255, "occupation_food_preparation_and_serving_related_occupations": 0.045707574857097324, "occupation_healthcare_support_occupations": 0.026739987890895243, "occupation_personal_care_and_service_occupations": 0.026085584938112447, "occupation_firefighting_and_prevention,_and_other_protective_service_workers_including_supervisors": 0.021181300386182794, "occupation_law_enforcement_workers_including_supervisors": 0.01714998280501222, "2020 Presidential Election-margin": 0.06729719423043506, "2016 Presidential Election-margin": 0.021667611584788037, "2016-2020 Swing-margin": 0.045629582645647024, "park_percent_1km_v2": 0.01572822294500108, "mean_dist_Hospital_updated": 9.22389932208247, "mean_dist_Active Superfund Site_updated": 14.49986693161463, "mean_dist_Airport_updated": 50.62767394268961, "mean_dist_Public School_updated": 2.192629593589137, "mean_high_temp_4": 67.3646441038392, "mean_high_temp_winter_4": 48.62738454296899, "mean_high_temp_spring_4": 73.01804132205373, "mean_high_temp_summer_4": 85.62041869657088, "mean_high_temp_fall_4": 61.241855762644846, "mean_high_heat_index_4": 67.86497322644549, "days_above_90_4": 0.08231368018505071, "days_below_40_4": 0.07099788062660975, "wind_speed_over_10mph_4": 0.07234902269022482, "snowfall_4": 0.05509147187615049, "rainfall_4": 0.9845682704835259, "hours_sunny_4": 5.07987693580932, "internet_no_access": 0.05575074834106832, "insurance_coverage_none": 0.11760510574965388, "insurance_coverage_govt": 0.09908280949670209, "insurance_coverage_private": 0.783312084753644, "marriage_divorced": 0.09670811559205321}