{"population": 597257.0, "ad_1": 784.8837625588609, "population_change_2010": 0.11285078378433773, "ad_1_change_2010": 0.07105485118200949, "gpw_population": NaN, "gpw_pw_density_4": NaN, "white": 0.7834014502969409, "hispanic": 0.06474934575902835, "black": 0.07596059987576538, "asian": 0.023020240867834114, "citizenship_citizen_by_birth": 0.9456967377550766, "citizenship_citizen_by_naturalization": 0.022599404845317785, "citizenship_not_citizen": 0.03170385739960576, "birthplace_non_us": 0.054303262244923545, "birthplace_us_not_state": 0.37050418816321357, "birthplace_us_state": 0.575192549591863, "language_english_only": 0.9337942384407479, "language_spanish": 0.03383364067020409, "education_high_school": 0.9196495245615807, "education_ugrad": 0.3492642581004396, "education_grad": 0.14013288705195492, "education_field_stem": 0.16219774470186912, "education_field_humanities": 0.11945369293733009, "education_field_business": 0.06761282046124042, "generation_silent": 0.0663426567833401, "generation_boomer": 0.2253831210520419, "generation_genx": 0.18424823903390422, "generation_millenial": 0.2005928362851657, "generation_genz": 0.20997049993004122, "generation_genalpha": 0.1134626469155068, "poverty_below_line": 0.12905427481258386, "household_income_under_50k": 0.4070238857034326, "household_income_over_100k": 0.28633034276546004, "individual_income_under_50k": 0.6840094797760063, "individual_income_over_100k": 0.09917502919802242, "housing_per_pop": 0.5607144071109298, "vacancy": 0.07345369124973952, "rent_or_own_rent": 0.3532218266196475, "rent_burden_under_20": 0.28029302598865996, "rent_burden_over_40": 0.3117635910970873, "rent_1br_under_750": 0.502505284090602, "rent_1br_over_1500": 0.042605786524297216, "rent_2br_under_750": 0.22794394841629806, "rent_2br_over_1500": 0.0561507828019487, "year_built_1969_or_earlier": 0.32602276791221013, "year_built_2010_or_later": 0.08709032120066802, "transportation_means_car": 0.881007811677476, "transportation_means_bike": 0.002042230705165658, "transportation_means_walk": 0.014936585904784158, "transportation_means_transit": 0.006004550131218532, "transportation_means_worked_at_home": 0.08993908158563459, "transportation_commute_time_under_15": 0.25814423795337077, "transportation_commute_time_over_60": 0.031567482570314775, "vehicle_ownership_at_least_1": 0.9445251204060807, "GHLTH_cdc_2": 0.17605921138340802, "ARTHRITIS_cdc_2": 0.27897650880268976, "CASTHMA_cdc_2": 0.10371485765532744, "BPHIGH_cdc_2": 0.338643831659551, "CANCER_cdc_2": 0.06732689404095818, "KIDNEY_cdc_2": 0.029234377728083155, "COPD_cdc_2": 0.07848640100366035, "CHD_cdc_2": 0.061714260842320214, "DIABETES_cdc_2": 0.11437505128824592, "OBESITY_cdc_2": 0.3591546886122493, "STROKE_cdc_2": 0.03020948255187828, "DISABILITY_cdc_2": 0.31411409331819706, "HEARING_cdc_2": 0.06907744655977846, "VISION_cdc_2": 0.04995302361007992, "COGNITION_cdc_2": 0.15483574732326777, "MOBILITY_cdc_2": 0.14731291967098561, "SELFCARE_cdc_2": 0.037864970365043625, "INDEPLIVE_cdc_2": 0.08591146591694337, "BINGE_cdc_2": 0.15442837670420326, "CSMOKING_cdc_2": 0.18082650910293507, "LPA_cdc_2": 0.2681190641999124, "SLEEP_cdc_2": 0.3390384945741497, "heating_utility_gas": 0.36353212660912115, "heating_electricity": 0.6147383824457304, "industry_agriculture,_forestry,_fishing_and_hunting": 0.004300536621062093, "industry_mining,_quarrying,_and_oil_and_gas_extraction": 0.0009512645850276357, "industry_accommodation_and_food_services": 0.08375112363159869, "industry_arts,_entertainment,_and_recreation": 0.014562409705964976, "industry_construction": 0.06917959674751074, "industry_educational_services": 0.09974988502809572, "industry_health_care_and_social_assistance": 0.1442892194395761, "industry_finance_and_insurance": 0.04998538527809382, "industry_real_estate_and_rental_and_leasing": 0.016871865740388726, "industry_information": 0.01929812101809262, "industry_manufacturing": 0.09248055521421086, "industry_other_services,_except_public_administration": 0.04094494061128453, "industry_administrative_and_support_and_waste_management_services": 0.04806374917351352, "industry_management_of_companies_and_enterprises": 0.0018295428228479811, "industry_professional,_scientific,_and_technical_services": 0.07883711767226795, "industry_public_administration": 0.03208871983358913, "industry_retail_trade": 0.12703087502700808, "industry_transportation_and_warehousing": 0.04059842205959187, "industry_utilities": 0.009402176529448896, "industry_wholesale_trade": 0.025784493260826047, "occupation_architecture_and_engineering_occupations": 0.025926823223101123, "occupation_computer_and_mathematical_occupations": 0.02981318406685216, "occupation_life,_physical,_and_social_science_occupations": 0.016376870380960556, "occupation_arts,_design,_entertainment,_sports,_and_media_occupations": 0.02073632471126517, "occupation_community_and_social_service_occupations": 0.018632223262870073, "occupation_educational_instruction,_and_library_occupations": 0.06483189119806373, "occupation_legal_occupations": 0.0112920901850536, "occupation_health_diagnosing_and_treating_practitioners_and_other_technical_occupations": 0.05249788489711226, "occupation_health_technologists_and_technicians": 0.022856944183843157, "occupation_business_and_financial_operations_occupations": 0.05218540123632131, "occupation_management_occupations": 0.10153560481566293, "occupation_construction_and_extraction_occupations": 0.04595945323809674, "occupation_farming,_fishing,_and_forestry_occupations": 0.0030165467209573213, "occupation_installation,_maintenance,_and_repair_occupations": 0.028667732832752736, "occupation_material_moving_occupations": 0.03415028639164618, "occupation_transportation_occupations": 0.03260465714750514, "occupation_office_and_administrative_support_occupations": 0.11469898215968663, "occupation_sales_and_related_occupations": 0.10836665020051509, "occupation_building_and_grounds_cleaning_and_maintenance_occupations": 0.03391992931508151, "occupation_food_preparation_and_serving_related_occupations": 0.06341854528846053, "occupation_healthcare_support_occupations": 0.02633517769882186, "occupation_personal_care_and_service_occupations": 0.02242121122159152, "occupation_firefighting_and_prevention,_and_other_protective_service_workers_including_supervisors": 0.009975484053678934, "occupation_law_enforcement_workers_including_supervisors": 0.007464258549494362, "2020 Presidential Election-margin": -0.17481995703353084, "2016 Presidential Election-margin": -0.25321242767947677, "2016-2020 Swing-margin": 0.07839247064594593, "park_percent_1km_v2": 0.017329356216513377, "mean_dist_Hospital_updated": 5.012637620749287, "mean_dist_Active Superfund Site_updated": 14.513827542491992, "mean_dist_Airport_updated": 19.7798851656108, "mean_dist_Public School_updated": 1.5620343787059163, "mean_high_temp_4": 68.84188798489564, "mean_high_temp_winter_4": 52.15047684004384, "mean_high_temp_spring_4": 74.38632398285922, "mean_high_temp_summer_4": 84.89203992444001, "mean_high_temp_fall_4": 63.088859273317105, "mean_high_heat_index_4": 69.46437993154272, "days_above_90_4": 0.047434612280164004, "days_below_40_4": 0.044005035048391504, "wind_speed_over_10mph_4": 0.0324293886987225, "snowfall_4": 0.03205982798533786, "rainfall_4": 1.2218399792685475, "hours_sunny_4": 5.022924773595713, "internet_no_access": 0.11665580618874903, "insurance_coverage_none": 0.11606736618925644, "insurance_coverage_govt": 0.1441506265175995, "insurance_coverage_private": 0.739782007293144, "marriage_divorced": 0.12318006974584238}