{"population": 957424.0, "ad_1": 1974.366662845928, "population_change_2010": 0.04427419636312869, "ad_1_change_2010": 0.08440424746638142, "gpw_population": NaN, "gpw_pw_density_4": NaN, "white": 0.576677626631461, "hispanic": 0.2144859539765036, "black": 0.10444066578652718, "asian": 0.05300786276508632, "citizenship_citizen_by_birth": 0.7767280851229049, "citizenship_citizen_by_naturalization": 0.11195490561680556, "citizenship_not_citizen": 0.11131700926028948, "birthplace_non_us": 0.22327191487709505, "birthplace_us_not_state": 0.35352757391946876, "birthplace_us_state": 0.42320051120343616, "language_english_only": 0.700890681119808, "language_spanish": 0.16235367696821626, "education_high_school": 0.9042239713334975, "education_ugrad": 0.48067594503748134, "education_grad": 0.2166336607111263, "education_field_stem": 0.20771129951414025, "education_field_humanities": 0.15602021356480017, "education_field_business": 0.11694443195854104, "generation_silent": 0.0687222494070381, "generation_boomer": 0.23183704886461623, "generation_genx": 0.20894958343643388, "generation_millenial": 0.17527927552773542, "generation_genz": 0.2015864093622862, "generation_genalpha": 0.1136254334018901, "poverty_below_line": 0.09194712740469214, "household_income_under_50k": 0.2645721952868361, "household_income_over_100k": 0.5049891007530152, "individual_income_under_50k": 0.5423557467784632, "individual_income_over_100k": 0.22845138844326068, "housing_per_pop": 0.5092743970128166, "vacancy": 0.06445254703022617, "rent_or_own_rent": 0.3337032145907583, "rent_burden_under_20": 0.22205954324281713, "rent_burden_over_40": 0.3803317758459566, "rent_1br_under_750": 0.21452604117538074, "rent_1br_over_1500": 0.3951203933118348, "rent_2br_under_750": 0.08600202058597978, "rent_2br_over_1500": 0.5943634060027976, "year_built_1969_or_earlier": 0.5670654073541009, "year_built_2010_or_later": 0.05367793931862599, "transportation_means_car": 0.7572049777492496, "transportation_means_bike": 0.0016961115789546335, "transportation_means_walk": 0.02493452369607128, "transportation_means_transit": 0.08046268075554484, "transportation_means_worked_at_home": 0.1258385859093108, "transportation_commute_time_under_15": 0.24588076814978094, "transportation_commute_time_over_60": 0.15704262123766627, "vehicle_ownership_at_least_1": 0.9259310756123252, "GHLTH_cdc_2": 0.12075948154140102, "ARTHRITIS_cdc_2": 0.21069166036061895, "CASTHMA_cdc_2": 0.10377947678649609, "BPHIGH_cdc_2": 0.264514579292389, "CANCER_cdc_2": 0.06783777511039207, "KIDNEY_cdc_2": 0.027011024711009052, "COPD_cdc_2": 0.049039285952445145, "CHD_cdc_2": 0.04763756751820056, "DIABETES_cdc_2": 0.08102362955811278, "OBESITY_cdc_2": 0.2533790224611272, "STROKE_cdc_2": 0.02609788290756639, "DISABILITY_cdc_2": 0.2115299544514898, "HEARING_cdc_2": 0.05431286549707603, "VISION_cdc_2": 0.042094231198554974, "COGNITION_cdc_2": 0.10258481996596185, "MOBILITY_cdc_2": 0.09940540058624497, "SELFCARE_cdc_2": 0.03126831725653582, "INDEPLIVE_cdc_2": 0.06224231894394721, "BINGE_cdc_2": 0.15843991423775103, "CSMOKING_cdc_2": 0.11934575262317089, "LPA_cdc_2": 0.20498679644077966, "SLEEP_cdc_2": 0.31350153374677814, "heating_utility_gas": 0.4112480224823231, "heating_electricity": 0.16970109962143462, "industry_agriculture,_forestry,_fishing_and_hunting": 0.0018603897413554558, "industry_mining,_quarrying,_and_oil_and_gas_extraction": 0.0005115040530556021, "industry_accommodation_and_food_services": 0.05365231298247167, "industry_arts,_entertainment,_and_recreation": 0.024274099310738904, "industry_construction": 0.0687254084755488, "industry_educational_services": 0.08941155823135546, "industry_health_care_and_social_assistance": 0.14035470002090591, "industry_finance_and_insurance": 0.09668084110570443, "industry_real_estate_and_rental_and_leasing": 0.023073564093345548, "industry_information": 0.026082581673149773, "industry_manufacturing": 0.07986741240712691, "industry_other_services,_except_public_administration": 0.04911690413248358, "industry_administrative_and_support_and_waste_management_services": 0.051521658247294114, "industry_management_of_companies_and_enterprises": 0.0029927112136438655, "industry_professional,_scientific,_and_technical_services": 0.10166616916533418, "industry_public_administration": 0.02574643887392223, "industry_retail_trade": 0.10305831387334094, "industry_transportation_and_warehousing": 0.03262706444107116, "industry_utilities": 0.005067602654667799, "industry_wholesale_trade": 0.023708765303483738, "occupation_architecture_and_engineering_occupations": 0.016902461371695487, "occupation_computer_and_mathematical_occupations": 0.03706348327129595, "occupation_life,_physical,_and_social_science_occupations": 0.009683514230226016, "occupation_arts,_design,_entertainment,_sports,_and_media_occupations": 0.026576039784674335, "occupation_community_and_social_service_occupations": 0.017288011986742166, "occupation_educational_instruction,_and_library_occupations": 0.06595440915701453, "occupation_legal_occupations": 0.01848014643297659, "occupation_health_diagnosing_and_treating_practitioners_and_other_technical_occupations": 0.04072031398267583, "occupation_health_technologists_and_technicians": 0.017748114601709754, "occupation_business_and_financial_operations_occupations": 0.0862737065800696, "occupation_management_occupations": 0.14180135285915405, "occupation_construction_and_extraction_occupations": 0.051107253932844064, "occupation_farming,_fishing,_and_forestry_occupations": 0.0011055087598298497, "occupation_installation,_maintenance,_and_repair_occupations": 0.02005604886009071, "occupation_material_moving_occupations": 0.020656359527583695, "occupation_transportation_occupations": 0.025798191241200124, "occupation_office_and_administrative_support_occupations": 0.0944912130431088, "occupation_sales_and_related_occupations": 0.11153552516040867, "occupation_building_and_grounds_cleaning_and_maintenance_occupations": 0.04743800506461008, "occupation_food_preparation_and_serving_related_occupations": 0.04232703574324461, "occupation_healthcare_support_occupations": 0.03155443753103894, "occupation_personal_care_and_service_occupations": 0.030554386222177262, "occupation_firefighting_and_prevention,_and_other_protective_service_workers_including_supervisors": 0.009004946353390157, "occupation_law_enforcement_workers_including_supervisors": 0.0053996677858853485, "2020 Presidential Election-margin": 0.2732010577603389, "2016 Presidential Election-margin": 0.19888919596745286, "2016-2020 Swing-margin": 0.07431186179288601, "park_percent_1km_v2": 0.022792181672526498, "mean_dist_Hospital_updated": 4.5961065937867, "mean_dist_Active Superfund Site_updated": 10.323780551337634, "mean_dist_Airport_updated": 18.46272658965585, "mean_dist_Public School_updated": 1.0781833141929729, "mean_high_temp_4": 59.774487011953376, "mean_high_temp_winter_4": 39.83620179120462, "mean_high_temp_spring_4": 63.52757192755779, "mean_high_temp_summer_4": 79.48908217062343, "mean_high_temp_fall_4": 55.29536377907223, "mean_high_heat_index_4": 59.085733181094845, "days_above_90_4": 0.0133966684989858, "days_below_40_4": 0.1583994703269834, "wind_speed_over_10mph_4": 0.20673923521819584, "snowfall_4": 0.10148478678753023, "rainfall_4": 1.0889087201487138, "hours_sunny_4": 4.901311011334952, "internet_no_access": 0.06831968446239928, "insurance_coverage_none": 0.10220886433779415, "insurance_coverage_govt": 0.16674098518370678, "insurance_coverage_private": 0.7310501504784991, "marriage_divorced": 0.09056958665652569}