{"population": 937570.0, "ad_1": 869.9386215086417, "population_change_2010": -0.03338814687279307, "ad_1_change_2010": -0.01634286050018464, "gpw_population": NaN, "gpw_pw_density_4": NaN, "white": 0.7760113911494608, "hispanic": 0.04540247661507941, "black": 0.09668931386456478, "asian": 0.03523470247554849, "citizenship_citizen_by_birth": 0.9544317585831282, "citizenship_citizen_by_naturalization": 0.01772045193469412, "citizenship_not_citizen": 0.027847789482177625, "birthplace_non_us": 0.04556824141687175, "birthplace_us_not_state": 0.17080579166073898, "birthplace_us_state": 0.7836259669223893, "language_english_only": 0.9257403342900558, "language_spanish": 0.02812876357701615, "education_high_school": 0.9229386525290277, "education_ugrad": 0.2711371190317051, "education_grad": 0.11163702885272636, "education_field_stem": 0.11890590922386969, "education_field_humanities": 0.10954851401714764, "education_field_business": 0.04268269579068777, "generation_silent": 0.07340647580544131, "generation_boomer": 0.2369918017296843, "generation_genx": 0.17108925943777828, "generation_millenial": 0.1861502103182271, "generation_genz": 0.2170545680779186, "generation_genalpha": 0.11530768463095044, "poverty_below_line": 0.14545297049494924, "household_income_under_50k": 0.4318606598386047, "household_income_over_100k": 0.26228934495711076, "individual_income_under_50k": 0.6787068511267009, "individual_income_over_100k": 0.0802646164109997, "housing_per_pop": 0.5827654506978521, "vacancy": 0.09856748312224516, "rent_or_own_rent": 0.3213077527277252, "rent_burden_under_20": 0.3053654861939395, "rent_burden_over_40": 0.31000188325606004, "rent_1br_under_750": 0.6712571111419453, "rent_1br_over_1500": 0.033960038851116967, "rent_2br_under_750": 0.3813482216708023, "rent_2br_over_1500": 0.03329197684036394, "year_built_1969_or_earlier": 0.4980006187461617, "year_built_2010_or_later": 0.05081106539777529, "transportation_means_car": 0.8648634859381124, "transportation_means_bike": 0.008497197362714835, "transportation_means_walk": 0.03464741501063309, "transportation_means_transit": 0.015083452960452317, "transportation_means_worked_at_home": 0.07005317705663948, "transportation_commute_time_under_15": 0.4079362783483045, "transportation_commute_time_over_60": 0.038015531404459915, "vehicle_ownership_at_least_1": 0.9170470835569173, "GHLTH_cdc_2": 0.1622066648978509, "ARTHRITIS_cdc_2": 0.24946286415494826, "CASTHMA_cdc_2": 0.10370929954895199, "BPHIGH_cdc_2": 0.3246454842133192, "CANCER_cdc_2": 0.06942704563544708, "KIDNEY_cdc_2": 0.029630309100557178, "COPD_cdc_2": 0.07311199655080924, "CHD_cdc_2": 0.06003786813478376, "DIABETES_cdc_2": 0.10223023215707085, "OBESITY_cdc_2": 0.35055793711859906, "STROKE_cdc_2": 0.031211579994693553, "DISABILITY_cdc_2": 0.3449128256832051, "HEARING_cdc_2": 0.07870457548421332, "VISION_cdc_2": 0.0513239586097108, "COGNITION_cdc_2": 0.15664666755107456, "MOBILITY_cdc_2": 0.1560961329265057, "SELFCARE_cdc_2": 0.03908417617405147, "INDEPLIVE_cdc_2": 0.08952362430352878, "BINGE_cdc_2": 0.1657769554258424, "CSMOKING_cdc_2": 0.17087751923587158, "LPA_cdc_2": 0.2847188896258954, "SLEEP_cdc_2": 0.3183366489785089, "heating_utility_gas": 0.6295089446574433, "heating_electricity": 0.2669424851138399, "industry_agriculture,_forestry,_fishing_and_hunting": 0.02511353979147058, "industry_mining,_quarrying,_and_oil_and_gas_extraction": 0.001299882119653121, "industry_accommodation_and_food_services": 0.06900569298109345, "industry_arts,_entertainment,_and_recreation": 0.012039330001005181, "industry_construction": 0.053080423638207856, "industry_educational_services": 0.13471027934900806, "industry_health_care_and_social_assistance": 0.155745981559493, "industry_finance_and_insurance": 0.0447556952655963, "industry_real_estate_and_rental_and_leasing": 0.012366013908053329, "industry_information": 0.016060055010828543, "industry_manufacturing": 0.11290241517640931, "industry_other_services,_except_public_administration": 0.04873758372702933, "industry_administrative_and_support_and_waste_management_services": 0.027091919256531392, "industry_management_of_companies_and_enterprises": 0.0010348797894602177, "industry_professional,_scientific,_and_technical_services": 0.04180411758793051, "industry_public_administration": 0.05871629216050003, "industry_retail_trade": 0.10764120512094158, "industry_transportation_and_warehousing": 0.04280472983469338, "industry_utilities": 0.009928449370847916, "industry_wholesale_trade": 0.02516151435124688, "occupation_architecture_and_engineering_occupations": 0.014755603885482442, "occupation_computer_and_mathematical_occupations": 0.024174609121562964, "occupation_life,_physical,_and_social_science_occupations": 0.012528213610154158, "occupation_arts,_design,_entertainment,_sports,_and_media_occupations": 0.014239306242175578, "occupation_community_and_social_service_occupations": 0.01963987097127923, "occupation_educational_instruction,_and_library_occupations": 0.0779106850767136, "occupation_legal_occupations": 0.007959207917173064, "occupation_health_diagnosing_and_treating_practitioners_and_other_technical_occupations": 0.04448383942686392, "occupation_health_technologists_and_technicians": 0.025127246808549525, "occupation_business_and_financial_operations_occupations": 0.044639185620425285, "occupation_management_occupations": 0.09632606252227391, "occupation_construction_and_extraction_occupations": 0.04243007136786892, "occupation_farming,_fishing,_and_forestry_occupations": 0.0074680398051775974, "occupation_installation,_maintenance,_and_repair_occupations": 0.03356163131779262, "occupation_material_moving_occupations": 0.044687160180201586, "occupation_transportation_occupations": 0.04234554476254877, "occupation_office_and_administrative_support_occupations": 0.11615097822411886, "occupation_sales_and_related_occupations": 0.08638847514004003, "occupation_building_and_grounds_cleaning_and_maintenance_occupations": 0.035857556678515624, "occupation_food_preparation_and_serving_related_occupations": 0.059273710855043724, "occupation_healthcare_support_occupations": 0.03451198450193269, "occupation_personal_care_and_service_occupations": 0.025871994736505442, "occupation_firefighting_and_prevention,_and_other_protective_service_workers_including_supervisors": 0.009366461670611241, "occupation_law_enforcement_workers_including_supervisors": 0.010846819515137116, "2020 Presidential Election-margin": -0.17578260047096272, "2016 Presidential Election-margin": -0.18753585493009575, "2016-2020 Swing-margin": 0.011753254459133028, "park_percent_1km_v2": 0.02072942234299116, "mean_dist_Hospital_updated": 8.931133232780162, "mean_dist_Active Superfund Site_updated": 47.179233830250546, "mean_dist_Airport_updated": 31.041915305189438, "mean_dist_Public School_updated": 2.034871266947668, "mean_high_temp_4": 63.36510993064642, "mean_high_temp_winter_4": 41.26477864262861, "mean_high_temp_spring_4": 70.96977282578021, "mean_high_temp_summer_4": 83.30763075540908, "mean_high_temp_fall_4": 56.85522153032557, "mean_high_heat_index_4": 63.36068689527285, "days_above_90_4": 0.04191382758250658, "days_below_40_4": 0.15928617342064946, "wind_speed_over_10mph_4": 0.2746183390767969, "snowfall_4": 0.06742654824962648, "rainfall_4": 0.977510755526009, "hours_sunny_4": 4.969271462995229, "internet_no_access": 0.1269438849443049, "insurance_coverage_none": 0.06772500850946926, "insurance_coverage_govt": 0.1988330364378066, "insurance_coverage_private": 0.7334419550527241, "marriage_divorced": 0.12034229803615984}