{"population": 1274395.0, "ad_1": 1127.3669919744184, "population_change_2010": 0.059915748676555594, "ad_1_change_2010": 0.04164548302050554, "population_change_2000": 0.06719306355283565, "ad_1_change_2000": -0.028027696073286205, "gpw_population": NaN, "gpw_pw_density_4": NaN, "white": 0.6898465546396525, "hispanic": 0.04773873092722429, "black": 0.13245265400444917, "asian": 0.08291385324016494, "homogeneity_250_2020": 0.6349079811565246, "homogeneity_250_diff_2010": -0.07734675615095166, "homogeneity_250_diff_2000": -0.1405368418799271, "citizenship_citizen_by_birth": 0.8698512480119623, "citizenship_citizen_by_naturalization": 0.0690701054966929, "citizenship_not_citizen": 0.06107864649134485, "birthplace_non_us": 0.13014875198803788, "birthplace_us_not_state": 0.1649778338232514, "birthplace_us_state": 0.7048734141887106, "language_english_only": 0.844595806444113, "language_spanish": 0.026550164241516478, "education_high_school": 0.9475804354609437, "education_ugrad": 0.479140302673092, "education_grad": 0.20814517387234271, "education_field_stem": 0.2347449987865356, "education_field_humanities": 0.13840663245848225, "education_field_business": 0.10598867142807608, "generation_silent": 0.06684759151655267, "generation_boomer": 0.24612750327637958, "generation_genx": 0.20045550923243535, "generation_millenial": 0.19701285315920095, "generation_genz": 0.18069266649004045, "generation_genalpha": 0.10886387632539096, "poverty_below_line": 0.07566607938876575, "household_income_under_50k": 0.2866852551821437, "household_income_over_100k": 0.4326422530664312, "individual_income_under_50k": 0.5544763683836236, "individual_income_over_100k": 0.18408567455979255, "housing_per_pop": 0.5470509699516776, "vacancy": 0.05474925232060204, "rent_or_own_rent": 0.28266905972985823, "rent_burden_under_20": 0.33123120973514636, "rent_burden_over_40": 0.29175375805297127, "rent_1br_under_750": 0.2696097662289713, "rent_1br_over_1500": 0.08979299840768004, "rent_2br_under_750": 0.06996126881404136, "rent_2br_over_1500": 0.25225931918092515, "year_built_1969_or_earlier": 0.4167974882260584, "year_built_2010_or_later": 0.04559478792405216, "transportation_means_car": 0.8548859245801894, "transportation_means_bike": 0.002112277339837103, "transportation_means_walk": 0.01136398987102349, "transportation_means_transit": 0.003356623342686641, "transportation_means_worked_at_home": 0.12209989609710824, "transportation_commute_time_under_15": 0.20845167245738402, "transportation_commute_time_over_60": 0.06334059166313756, "vehicle_ownership_at_least_1": 0.9454623717075363, "traffic_fatalities_last_decade_per_capita": 5.1789280403642513e-05, "traffic_fatalities_ped_last_decade_per_capita": 1.4830566661043083e-05, "GHLTH_cdc_2": 0.12123014724259687, "ARTHRITIS_cdc_2": 0.24643961314859877, "CASTHMA_cdc_2": 0.10458396414017977, "BPHIGH_cdc_2": 0.3040470317848402, "CANCER_cdc_2": 0.06880685465905968, "KIDNEY_cdc_2": 0.02754848791089372, "COPD_cdc_2": 0.05436513773431135, "CHD_cdc_2": 0.0518769367019827, "DIABETES_cdc_2": 0.07993476337951601, "OBESITY_cdc_2": 0.3092385286606898, "STROKE_cdc_2": 0.027172895408856472, "DISABILITY_cdc_2": 0.21520659929366964, "HEARING_cdc_2": 0.055734952458570824, "VISION_cdc_2": 0.036759782667753545, "COGNITION_cdc_2": 0.09848780114099427, "MOBILITY_cdc_2": 0.10139036892148835, "SELFCARE_cdc_2": 0.029556587883727288, "INDEPLIVE_cdc_2": 0.061786981798424435, "BINGE_cdc_2": 0.17292841401792966, "CSMOKING_cdc_2": 0.13131728878022292, "LPA_cdc_2": 0.19000187231730478, "SLEEP_cdc_2": 0.3359072447704409, "heating_utility_gas": 0.8541928888359379, "heating_electricity": 0.11519947424350405, "industry_agriculture,_forestry,_fishing_and_hunting": 0.00245198077403398, "industry_mining,_quarrying,_and_oil_and_gas_extraction": 0.0003761734479418588, "industry_accommodation_and_food_services": 0.05530815763342724, "industry_arts,_entertainment,_and_recreation": 0.01996308322114141, "industry_construction": 0.04704300256468058, "industry_educational_services": 0.07399499247653055, "industry_health_care_and_social_assistance": 0.13905472333737393, "industry_finance_and_insurance": 0.05978111883425816, "industry_real_estate_and_rental_and_leasing": 0.02085249736526293, "industry_information": 0.016763324459498224, "industry_manufacturing": 0.20063446906239926, "industry_other_services,_except_public_administration": 0.041208506698019814, "industry_administrative_and_support_and_waste_management_services": 0.03592075685488563, "industry_management_of_companies_and_enterprises": 0.0021778462775581286, "industry_professional,_scientific,_and_technical_services": 0.10823134514751459, "industry_public_administration": 0.027166728600756668, "industry_retail_trade": 0.09574908774131471, "industry_transportation_and_warehousing": 0.02578234939355358, "industry_utilities": 0.005168958227994624, "industry_wholesale_trade": 0.022370897881854302, "occupation_architecture_and_engineering_occupations": 0.06445968090744605, "occupation_computer_and_mathematical_occupations": 0.05112151468447125, "occupation_life,_physical,_and_social_science_occupations": 0.0076483524516761745, "occupation_arts,_design,_entertainment,_sports,_and_media_occupations": 0.0245883413644588, "occupation_community_and_social_service_occupations": 0.01496317459930684, "occupation_educational_instruction,_and_library_occupations": 0.05129665616833091, "occupation_legal_occupations": 0.018522354145218294, "occupation_health_diagnosing_and_treating_practitioners_and_other_technical_occupations": 0.056450384702076646, "occupation_health_technologists_and_technicians": 0.01688211607463769, "occupation_business_and_financial_operations_occupations": 0.07629315333865286, "occupation_management_occupations": 0.13628748789239312, "occupation_construction_and_extraction_occupations": 0.0324392487496422, "occupation_farming,_fishing,_and_forestry_occupations": 0.0010401881171833607, "occupation_installation,_maintenance,_and_repair_occupations": 0.01945593440266086, "occupation_material_moving_occupations": 0.026182890352293382, "occupation_transportation_occupations": 0.02123628566032909, "occupation_office_and_administrative_support_occupations": 0.10143890151261285, "occupation_sales_and_related_occupations": 0.09975602029813646, "occupation_building_and_grounds_cleaning_and_maintenance_occupations": 0.026237717251588525, "occupation_food_preparation_and_serving_related_occupations": 0.04377318720949363, "occupation_healthcare_support_occupations": 0.0230684178784428, "occupation_personal_care_and_service_occupations": 0.024521330709764828, "occupation_firefighting_and_prevention,_and_other_protective_service_workers_including_supervisors": 0.00798949760284618, "occupation_law_enforcement_workers_including_supervisors": 0.0053212551704812225, "sors_cohabiting_partnered_gay": 0.005309819392240298, "2020 Presidential Election-margin": 0.14045148784291117, "2016 Presidential Election-margin": 0.08105349058091438, "2016-2020 Swing-margin": 0.05939799726199679, "park_percent_1km_v2": 0.03962778008485915, "mean_dist_Hospital_updated": 5.636770027470144, "mean_dist_Active Superfund Site_updated": 15.526448810961105, "mean_dist_Airport_updated": 37.321459706457645, "mean_dist_Public School_updated": 1.1265329150402914, "lapop1share_usda_fra_1": 0.6449801068917335, "mean_high_temp_4": 57.911322083977744, "mean_high_temp_winter_4": 35.13146921342536, "mean_high_temp_spring_4": 64.79466039668696, "mean_high_temp_summer_4": 79.3558654088574, "mean_high_temp_fall_4": 51.249180712982046, "mean_high_heat_index_4": 56.86470880568229, "days_above_90_4": 0.016293453983222596, "days_below_40_4": 0.24508908763393286, "wind_speed_over_10mph_4": 0.2322862720028523, "snowfall_4": 0.12629036692399281, "rainfall_4": 0.7776766405123533, "hours_sunny_4": 4.1921852703673, "internet_no_access": 0.06412461351324847, "insurance_coverage_none": 0.05425645709596805, "insurance_coverage_govt": 0.1342448323694904,