{"population": 781101.0, "ad_1": 1752.5589817138982, "population_change_2010": 0.06977715629463961, "ad_1_change_2010": 0.11322053304968817, "gpw_population": NaN, "gpw_pw_density_4": NaN, "white": 0.7667676779315351, "hispanic": 0.1085429413097666, "black": 0.031127856704830745, "asian": 0.04902054919914326, "citizenship_citizen_by_birth": 0.858315263698994, "citizenship_citizen_by_naturalization": 0.08295692775944279, "citizenship_not_citizen": 0.0587278085415632, "birthplace_non_us": 0.14168473630100598, "birthplace_us_not_state": 0.18526642944358052, "birthplace_us_state": 0.6730488342554135, "language_english_only": 0.816820947401546, "language_spanish": 0.07621447671894452, "education_high_school": 0.9334755489466442, "education_ugrad": 0.4728236738888426, "education_grad": 0.19829515302009385, "education_field_stem": 0.21994157937875172, "education_field_humanities": 0.15653658506300205, "education_field_business": 0.09634550944708889, "generation_silent": 0.07570368902681045, "generation_boomer": 0.25814894748167894, "generation_genx": 0.1994918928348922, "generation_millenial": 0.17780240568593936, "generation_genz": 0.18094171390757066, "generation_genalpha": 0.10791135106310853, "poverty_below_line": 0.07271031330257714, "household_income_under_50k": 0.2534992538057763, "household_income_over_100k": 0.5081601780515201, "individual_income_under_50k": 0.5222566215613303, "individual_income_over_100k": 0.20511656121312916, "housing_per_pop": 0.5106017825609009, "vacancy": 0.05519098415448203, "rent_or_own_rent": 0.2928132293161286, "rent_burden_under_20": 0.22757528014149134, "rent_burden_over_40": 0.37051153572757234, "rent_1br_under_750": 0.3017852233008467, "rent_1br_over_1500": 0.31701317407128893, "rent_2br_under_750": 0.09330898086701832, "rent_2br_over_1500": 0.6031766703976399, "year_built_1969_or_earlier": 0.5910250318141717, "year_built_2010_or_later": 0.04704480396410723, "transportation_means_car": 0.7861683213637907, "transportation_means_bike": 0.0014924369253410978, "transportation_means_walk": 0.02718358689349986, "transportation_means_transit": 0.04951262399469529, "transportation_means_worked_at_home": 0.12322724354462854, "transportation_commute_time_under_15": 0.2311730157418907, "transportation_commute_time_over_60": 0.15630700779381476, "vehicle_ownership_at_least_1": 0.9218844817303515, "GHLTH_cdc_2": 0.11844688189625728, "ARTHRITIS_cdc_2": 0.2444892394053137, "CASTHMA_cdc_2": 0.10877760847751876, "BPHIGH_cdc_2": 0.287515466198053, "CANCER_cdc_2": 0.07448612298277563, "KIDNEY_cdc_2": 0.027731488609395987, "COPD_cdc_2": 0.05798948804663485, "CHD_cdc_2": 0.05287511834795981, "DIABETES_cdc_2": 0.08279339410445767, "OBESITY_cdc_2": 0.2807958380451306, "STROKE_cdc_2": 0.02636021137166834, "DISABILITY_cdc_2": 0.2438695261303447, "HEARING_cdc_2": 0.0602673274685836, "VISION_cdc_2": 0.03633878043644073, "COGNITION_cdc_2": 0.11532614131675488, "MOBILITY_cdc_2": 0.10809229813598646, "SELFCARE_cdc_2": 0.028853756430607835, "INDEPLIVE_cdc_2": 0.061284640337231966, "BINGE_cdc_2": 0.17091343565675818, "CSMOKING_cdc_2": 0.1170076503660602, "LPA_cdc_2": 0.20415130134089343, "SLEEP_cdc_2": 0.28705821569324913, "heating_utility_gas": 0.5266982197991096, "heating_electricity": 0.13868041082037155, "industry_agriculture,_forestry,_fishing_and_hunting": 0.003211537369134717, "industry_mining,_quarrying,_and_oil_and_gas_extraction": 7.474298681920137e-05, "industry_accommodation_and_food_services": 0.05556570747009402, "industry_arts,_entertainment,_and_recreation": 0.02030077716828034, "industry_construction": 0.061565922552906514, "industry_educational_services": 0.10196015737847866, "industry_health_care_and_social_assistance": 0.15222649887937933, "industry_finance_and_insurance": 0.058476002521777114, "industry_real_estate_and_rental_and_leasing": 0.018635024771694937, "industry_information": 0.023941469949432134, "industry_manufacturing": 0.09695036037913456, "industry_other_services,_except_public_administration": 0.04155923327517801, "industry_administrative_and_support_and_waste_management_services": 0.03657016862929705, "industry_management_of_companies_and_enterprises": 0.0017040989576638623, "industry_professional,_scientific,_and_technical_services": 0.12206465795857412, "industry_public_administration": 0.04140918702893088, "industry_retail_trade": 0.10176924955403498, "industry_transportation_and_warehousing": 0.03422890017406373, "industry_utilities": 0.006502152966337777, "industry_wholesale_trade": 0.02128415002878811, "occupation_architecture_and_engineering_occupations": 0.029155950183129848, "occupation_computer_and_mathematical_occupations": 0.04770228155891435, "occupation_life,_physical,_and_social_science_occupations": 0.01584790849096826, "occupation_arts,_design,_entertainment,_sports,_and_media_occupations": 0.023919823396317836, "occupation_community_and_social_service_occupations": 0.01892018260042407, "occupation_educational_instruction,_and_library_occupations": 0.06833186541468748, "occupation_legal_occupations": 0.01562408370872388, "occupation_health_diagnosing_and_treating_practitioners_and_other_technical_occupations": 0.052441505433299083, "occupation_health_technologists_and_technicians": 0.017467250436004722, "occupation_business_and_financial_operations_occupations": 0.0755010960981461, "occupation_management_occupations": 0.1439960936364005, "occupation_construction_and_extraction_occupations": 0.041623715263751346, "occupation_farming,_fishing,_and_forestry_occupations": 0.0019336734009354672, "occupation_installation,_maintenance,_and_repair_occupations": 0.022107282527417924, "occupation_material_moving_occupations": 0.019854343394542857, "occupation_transportation_occupations": 0.026666660143032615, "occupation_office_and_administrative_support_occupations": 0.10120876706566523, "occupation_sales_and_related_occupations": 0.09939771184099519, "occupation_building_and_grounds_cleaning_and_maintenance_occupations": 0.02620280720001835, "occupation_food_preparation_and_serving_related_occupations": 0.04359462192875266, "occupation_healthcare_support_occupations": 0.026069809864575674, "occupation_personal_care_and_service_occupations": 0.02794855818589141, "occupation_firefighting_and_prevention,_and_other_protective_service_workers_including_supervisors": 0.01132106822530165, "occupation_law_enforcement_workers_including_supervisors": 0.00866054221466359, "2020 Presidential Election-margin": 0.2747944350383947, "2016 Presidential Election-margin": 0.18182279010793384, "2016-2020 Swing-margin": 0.09297164493046084, "park_percent_1km_v2": 0.01887875589148756, "mean_dist_Hospital_updated": 3.863397532744375, "mean_dist_Active Superfund Site_updated": 7.938587070469172, "mean_dist_Airport_updated": 24.203314769538526, "mean_dist_Public School_updated": 1.0031225025154824, "mean_high_temp_4": 56.84610089348579, "mean_high_temp_winter_4": 38.00900340205646, "mean_high_temp_spring_4": 59.54772466141043, "mean_high_temp_summer_4": 75.77487874980461, "mean_high_temp_fall_4": 53.16519898562918, "mean_high_heat_index_4": 55.712729097461455, "days_above_90_4": 0.007781033464870158, "days_below_40_4": 0.19058779010584145, "wind_speed_over_10mph_4": 0.34328120124976036, "snowfall_4": 0.16604959228066002, "rainfall_4": 0.9959326486522024, "hours_sunny_4": 4.911643810176526, "internet_no_access": 0.07044855511857775, "insurance_coverage_none": 0.028482414589796702, "insurance_coverage_govt": 0.1747484786331008, "insurance_coverage_private": 0.7967691067771024, "marriage_divorced": 0.09662479776702496}