{"population": 570020.0, "ad_1": 714.2772850339521, "population_change_2010": 0.23060249911486083, "ad_1_change_2010": 0.19979160720203343, "gpw_population": NaN, "gpw_pw_density_4": NaN, "white": 0.6720185256657661, "hispanic": 0.17367811655731377, "black": 0.023350057892705518, "asian": 0.03457948843900214, "citizenship_citizen_by_birth": 0.889692900872926, "citizenship_citizen_by_naturalization": 0.032198875711146525, "citizenship_not_citizen": 0.07810822341592757, "birthplace_non_us": 0.11030709912707408, "birthplace_us_not_state": 0.4314734000403071, "birthplace_us_state": 0.4582195008326187, "language_english_only": 0.8474499079327141, "language_spanish": 0.10977991001886392, "education_high_school": 0.8827847214543612, "education_ugrad": 0.31060630387697924, "education_grad": 0.11582152815745898, "education_field_stem": 0.1278218438753714, "education_field_humanities": 0.10987707984675063, "education_field_business": 0.07290738015485718, "generation_silent": 0.05087361819644546, "generation_boomer": 0.18568445087765795, "generation_genx": 0.18625952579967792, "generation_millenial": 0.21595878700818458, "generation_genz": 0.22059871750438712, "generation_genalpha": 0.14062490061364702, "poverty_below_line": 0.11841459533680067, "household_income_under_50k": 0.3801317292320337, "household_income_over_100k": 0.3013481645416317, "individual_income_under_50k": 0.6762315305044587, "individual_income_over_100k": 0.10646418103408224, "housing_per_pop": 0.5416704795290352, "vacancy": 0.08370658511440131, "rent_or_own_rent": 0.38218838848163034, "rent_burden_under_20": 0.3577687105758219, "rent_burden_over_40": 0.23467139677483917, "rent_1br_under_750": 0.5916263579414797, "rent_1br_over_1500": 0.025295377051780192, "rent_2br_under_750": 0.32948653621006857, "rent_2br_over_1500": 0.030607124937280482, "year_built_1969_or_earlier": 0.13928301064308524, "year_built_2010_or_later": 0.14620218066677873, "transportation_means_car": 0.8853178009024788, "transportation_means_bike": 0.00470664429994894, "transportation_means_walk": 0.01337403047513225, "transportation_means_transit": 0.0029276670170046894, "transportation_means_worked_at_home": 0.08961241860286451, "transportation_commute_time_under_15": 0.33011234619886426, "transportation_commute_time_over_60": 0.02969843382180107, "vehicle_ownership_at_least_1": 0.9628304448500222, "GHLTH_cdc_2": 0.18890780810139107, "ARTHRITIS_cdc_2": 0.2392955835757783, "CASTHMA_cdc_2": 0.09549820080330747, "BPHIGH_cdc_2": 0.3216339415069671, "CANCER_cdc_2": 0.06066756675579218, "KIDNEY_cdc_2": 0.02693679843107693, "COPD_cdc_2": 0.07059944463421242, "CHD_cdc_2": 0.0591456730939116, "DIABETES_cdc_2": 0.09414800527685839, "OBESITY_cdc_2": 0.34443763471890126, "STROKE_cdc_2": 0.027528807759808715, "DISABILITY_cdc_2": 0.3007942378591032, "HEARING_cdc_2": 0.06365614435976867, "VISION_cdc_2": 0.05038473951401077, "COGNITION_cdc_2": 0.16313613234549287, "MOBILITY_cdc_2": 0.13419312064924205, "SELFCARE_cdc_2": 0.03673389851470571, "INDEPLIVE_cdc_2": 0.08352579830151122, "BINGE_cdc_2": 0.1587094518192205, "CSMOKING_cdc_2": 0.1804275668735792, "LPA_cdc_2": 0.26497887195373326, "SLEEP_cdc_2": 0.31035547827418464, "heating_utility_gas": 0.4494958198968346, "heating_electricity": 0.4354943619365867, "industry_agriculture,_forestry,_fishing_and_hunting": 0.012673584635253272, "industry_mining,_quarrying,_and_oil_and_gas_extraction": 0.0019368649480571525, "industry_accommodation_and_food_services": 0.06758114157692997, "industry_arts,_entertainment,_and_recreation": 0.014609495608202521, "industry_construction": 0.0812177514202241, "industry_educational_services": 0.09396193021346214, "industry_health_care_and_social_assistance": 0.11786790480591383, "industry_finance_and_insurance": 0.027651052925120684, "industry_real_estate_and_rental_and_leasing": 0.01660907808791105, "industry_information": 0.010178686460361302, "industry_manufacturing": 0.13466487377879363, "industry_other_services,_except_public_administration": 0.046034465617926644, "industry_administrative_and_support_and_waste_management_services": 0.03007121179355019, "industry_management_of_companies_and_enterprises": 0.004689057807582173, "industry_professional,_scientific,_and_technical_services": 0.06059251410836319, "industry_public_administration": 0.025212447723852536, "industry_retail_trade": 0.17196013383612266, "industry_transportation_and_warehousing": 0.048210828971612794, "industry_utilities": 0.006415634561278835, "industry_wholesale_trade": 0.027861341119481173, "occupation_architecture_and_engineering_occupations": 0.013214209926933273, "occupation_computer_and_mathematical_occupations": 0.034586874072449154, "occupation_life,_physical,_and_social_science_occupations": 0.007562996463842214, "occupation_arts,_design,_entertainment,_sports,_and_media_occupations": 0.02081115270855314, "occupation_community_and_social_service_occupations": 0.014996868597813953, "occupation_educational_instruction,_and_library_occupations": 0.06681261754155245, "occupation_legal_occupations": 0.007186691273933968, "occupation_health_diagnosing_and_treating_practitioners_and_other_technical_occupations": 0.037489854094825865, "occupation_health_technologists_and_technicians": 0.017745372190771245, "occupation_business_and_financial_operations_occupations": 0.05774808958464497, "occupation_management_occupations": 0.11107122894821761, "occupation_construction_and_extraction_occupations": 0.06027892645010632, "occupation_farming,_fishing,_and_forestry_occupations": 0.0037247071650993555, "occupation_installation,_maintenance,_and_repair_occupations": 0.030134950838370204, "occupation_material_moving_occupations": 0.043152878276288206, "occupation_transportation_occupations": 0.0343576330097945, "occupation_office_and_administrative_support_occupations": 0.09991958918488719, "occupation_sales_and_related_occupations": 0.1093237660492382, "occupation_building_and_grounds_cleaning_and_maintenance_occupations": 0.031984083845530725, "occupation_food_preparation_and_serving_related_occupations": 0.055548003487125144, "occupation_healthcare_support_occupations": 0.023201797444440824, "occupation_personal_care_and_service_occupations": 0.023201797444440824, "occupation_firefighting_and_prevention,_and_other_protective_service_workers_including_supervisors": 0.008706669099837867, "occupation_law_enforcement_workers_including_supervisors": 0.007275233671559438, "2020 Presidential Election-margin": -0.19739378953661724, "2016 Presidential Election-margin": -0.2559100129458612, "2016-2020 Swing-margin": 0.05851622340924395, "park_percent_1km_v2": 0.018413648330899885, "mean_dist_Hospital_updated": 7.6137205269141, "mean_dist_Active Superfund Site_updated": 65.48029088117073, "mean_dist_Airport_updated": 22.300742886572127, "mean_dist_Public School_updated": 2.4253631515046363, "mean_high_temp_4": 68.83899581699747, "mean_high_temp_winter_4": 51.10474542101648, "mean_high_temp_spring_4": 73.87283626004708, "mean_high_temp_summer_4": 86.97583749543935, "mean_high_temp_fall_4": 62.46405657328347, "mean_high_heat_index_4": 69.74615352038151, "days_above_90_4": 0.08913400411738383, "days_below_40_4": 0.06387493446608032, "wind_speed_over_10mph_4": 0.13469314078033748, "snowfall_4": 0.036676939130716554, "rainfall_4": 1.098709378461692, "hours_sunny_4": 5.7568731018772015, "internet_no_access": 0.10947649315045842, "insurance_coverage_none": 0.13745477728034763, "insurance_coverage_govt": 0.1503124181119102, "insurance_coverage_private": 0.7122328046077422, "marriage_divorced": 0.1029090383224575}