{"population": 786630.0, "ad_1": 2149.3562431914793, "population_change_2010": -0.02771151350349175, "ad_1_change_2010": -0.03849556464332367, "population_change_2000": -0.15027448133721344, "ad_1_change_2000": -0.19012383972632657, "gpw_population": NaN, "gpw_pw_density_4": NaN, "white": 0.40747746717008, "hispanic": 0.07857442507913505, "black": 0.43993236972909755, "asian": 0.029339079363868655, "homogeneity_250_2020": 0.5866769193236105, "homogeneity_250_diff_2010": -0.06428661541772229, "homogeneity_250_diff_2000": -0.14151832995020086, "citizenship_citizen_by_birth": 0.9342894942418742, "citizenship_citizen_by_naturalization": 0.036281728998017064, "citizenship_not_citizen": 0.029428776760108744, "birthplace_non_us": 0.06571050575812591, "birthplace_us_not_state": 0.21079820330329682, "birthplace_us_state": 0.7234912909385773, "language_english_only": 0.8815377718658038, "language_spanish": 0.056223191668701926, "education_high_school": 0.8886592897237252, "education_ugrad": 0.29543306459107666, "education_grad": 0.13151464201317198, "education_field_stem": 0.1312635439307505, "education_field_humanities": 0.10886235831319793, "education_field_business": 0.05530716234712775, "generation_silent": 0.07018980933289262, "generation_boomer": 0.2338658199674073, "generation_genx": 0.173623100251941, "generation_millenial": 0.21713846210542756, "generation_genz": 0.19043555805739695, "generation_genalpha": 0.11474725028493447, "poverty_below_line": 0.22519845763662008, "household_income_under_50k": 0.5441197963105662, "household_income_over_100k": 0.19250419415352965, "individual_income_under_50k": 0.7262480736084506, "individual_income_over_100k": 0.07319516970349718, "housing_per_pop": 0.6485970135823675, "vacancy": 0.12366501096233169, "rent_or_own_rent": 0.5130061983930313, "rent_burden_under_20": 0.2644338608782902, "rent_burden_over_40": 0.3434365364865911, "rent_1br_under_750": 0.5894341944792613, "rent_1br_over_1500": 0.055607579077788336, "rent_2br_under_750": 0.3039404555289852, "rent_2br_over_1500": 0.08252750569497966, "year_built_1969_or_earlier": 0.8018636994924091, "year_built_2010_or_later": 0.021656572886979593, "transportation_means_car": 0.8120380658488598, "transportation_means_bike": 0.005197095847134539, "transportation_means_walk": 0.032935782649862175, "transportation_means_transit": 0.05486069109434146, "transportation_means_worked_at_home": 0.08549861916358553, "transportation_commute_time_under_15": 0.24131587349783143, "transportation_commute_time_over_60": 0.04356606969090264, "vehicle_ownership_at_least_1": 0.8322189925681074, "GHLTH_cdc_2": 0.23649466431872251, "ARTHRITIS_cdc_2": 0.31732824332168735, "CASTHMA_cdc_2": 0.11665718141662304, "BPHIGH_cdc_2": 0.38815937702083375, "CANCER_cdc_2": 0.06612888286296195, "KIDNEY_cdc_2": 0.03754523910169786, "COPD_cdc_2": 0.0944619357539348, "CHD_cdc_2": 0.07186660898843066, "DIABETES_cdc_2": 0.15311644987248427, "OBESITY_cdc_2": 0.38089092376026834, "STROKE_cdc_2": 0.04352174919847431, "DISABILITY_cdc_2": 0.34233260799226817, "HEARING_cdc_2": 0.06264392787574495, "VISION_cdc_2": 0.07866617114596637, "COGNITION_cdc_2": 0.16708747889907738, "MOBILITY_cdc_2": 0.1942246518514928, "SELFCARE_cdc_2": 0.06187267838088676, "INDEPLIVE_cdc_2": 0.11358060507169154, "BINGE_cdc_2": 0.15296729854309082, "CSMOKING_cdc_2": 0.21867990293626416, "LPA_cdc_2": 0.29606324993696626, "SLEEP_cdc_2": 0.39961573171782194, "heating_utility_gas": 0.7977249706867166, "heating_electricity": 0.16699901838981557, "industry_agriculture,_forestry,_fishing_and_hunting": 0.0018819982480818836, "industry_mining,_quarrying,_and_oil_and_gas_extraction": 0.0003819349385813237, "industry_accommodation_and_food_services": 0.07392128958547481, "industry_arts,_entertainment,_and_recreation": 0.023154113740372073, "industry_construction": 0.03882241956042652, "industry_educational_services": 0.08225297015056456, "industry_health_care_and_social_assistance": 0.20296676919786266, "industry_finance_and_insurance": 0.05476813625006267, "industry_real_estate_and_rental_and_leasing": 0.018249396825723723, "industry_information": 0.014423558482419016, "industry_manufacturing": 0.11293664887266874, "industry_other_services,_except_public_administration": 0.04670754213629712, "industry_administrative_and_support_and_waste_management_services": 0.043219186670319466, "industry_management_of_companies_and_enterprises": 0.0014917603760531413, "industry_professional,_scientific,_and_technical_services": 0.0687703907460988, "industry_public_administration": 0.042064471854193125, "industry_retail_trade": 0.09970892965916629, "industry_transportation_and_warehousing": 0.04450790684386489, "industry_utilities": 0.005313877406348841, "industry_wholesale_trade": 0.02445669845542057, "occupation_architecture_and_engineering_occupations": 0.015091172850570392, "occupation_computer_and_mathematical_occupations": 0.030620822620922458, "occupation_life,_physical,_and_social_science_occupations": 0.01072260225608744, "occupation_arts,_design,_entertainment,_sports,_and_media_occupations": 0.019789254294637366, "occupation_community_and_social_service_occupations": 0.022864256479115535, "occupation_educational_instruction,_and_library_occupations": 0.05807714767084681, "occupation_legal_occupations": 0.014333549405351765, "occupation_health_diagnosing_and_treating_practitioners_and_other_technical_occupations": 0.052703080392332714, "occupation_health_technologists_and_technicians": 0.02454525098010572, "occupation_business_and_financial_operations_occupations": 0.05823851120513708, "occupation_management_occupations": 0.0890672744559561, "occupation_construction_and_extraction_occupations": 0.027861426113353616, "occupation_farming,_fishing,_and_forestry_occupations": 0.0012897223288325867, "occupation_installation,_maintenance,_and_repair_occupations": 0.019459963802930965, "occupation_material_moving_occupations": 0.042998096147288715, "occupation_transportation_occupations": 0.036077661750251, "occupation_office_and_administrative_support_occupations": 0.12978892184602636, "occupation_sales_and_related_occupations": 0.08701377359650991, "occupation_building_and_grounds_cleaning_and_maintenance_occupations": 0.03857032149400888, "occupation_food_preparation_and_serving_related_occupations": 0.05876875855505164, "occupation_healthcare_support_occupations": 0.048296025147950984, "occupation_personal_care_and_service_occupations": 0.02792007169901119, "occupation_firefighting_and_prevention,_and_other_protective_service_workers_including_supervisors": 0.012542964794569277, "occupation_law_enforcement_workers_including_supervisors": 0.008062148377444905, "sors_cohabiting_partnered_gay": 0.007746125687201312, "2020 Presidential Election-margin": 0.5759822396749195, "2016 Presidential Election-margin": 0.6056343288976873, "2016-2020 Swing-margin": -0.029652089222767852, "park_percent_1km_v2": 0.029902708704737067, "mean_dist_Hospital_updated": 2.6789351190315127, "mean_dist_Active Superfund Site_updated": 44.548248103354, "mean_dist_Airport_updated": 21.82353936478487, "mean_dist_Public School_updated": 0.663218581971378, "lapop1share_usda_fra_1": 0.919241321307939, "mean_high_temp_4": 58.12824088660596, "mean_high_temp_winter_4": 36.73050137598137, "mean_high_temp_spring_4": 63.41019857573104, "mean_high_temp_summer_4": 78.37197836423796, "mean_high_temp_fall_4": 52.98430484178637, "mean_high_heat_index_4": 57.38051933619546, "days_above_90_4": 0.006267869550658239, "days_below_40_4": 0.2174609850016279, "wind_speed_over_10mph_4": 0.3786448770474992, "snowfall_4": 0.1566980923888622, "rainfall_4": 1.0071135058582943, "hours_sunny_4": 4.329968322600057, "internet_no_access": 0.16383653008969215, "insurance_coverage_none": 0.08296853940803983, "insurance_coverage_govt": 0.3126666364893526, "insurance_coverage_private": 0.6043648241026076, "marriage_divorced": 0.13279889719400573}