{"population": 7708190.0, "ad_1": 1650.3712524937134, "population_change_2010": 0.19949201800376334, "ad_1_change_2010": 0.05453417948482421, "population_change_2000": 0.48116357249846037, "ad_1_change_2000": 0.005495850600141599, "gpw_population": NaN, "gpw_pw_density_4": NaN, "white": 0.4311258544483206, "hispanic": 0.291232961304794, "black": 0.15534321286839065, "asian": 0.07806514888709282, "homogeneity_250_2020": 0.47713593402821536, "homogeneity_250_diff_2010": -0.07163275617211079, "homogeneity_250_diff_2000": -0.13836425614948594, "citizenship_citizen_by_birth": 0.8146354585972356, "citizenship_citizen_by_naturalization": 0.07170113979570165, "citizenship_not_citizen": 0.1136634016070628, "birthplace_non_us": 0.18536454140276223, "birthplace_us_not_state": 0.2765076091244058, "birthplace_us_state": 0.538127849472832, "language_english_only": 0.6860693842565923, "language_spanish": 0.2224096314322045, "education_high_school": 0.8709091377571705, "education_ugrad": 0.35490095339748, "education_grad": 0.1251189258047433, "education_field_stem": 0.15339271848090633, "education_field_humanities": 0.10756475478348186, "education_field_business": 0.09394348013309553, "generation_silent": 0.042136305500398125, "generation_boomer": 0.18667991763070307, "generation_genx": 0.20231547723896043, "generation_millenial": 0.2192392228535518, "generation_genz": 0.2120885886317815, "generation_genalpha": 0.137540488144605, "poverty_below_line": 0.10870722329388241, "household_income_under_50k": 0.3164520576696635, "household_income_over_100k": 0.3784524994955073, "individual_income_under_50k": 0.6056084203633376, "individual_income_over_100k": 0.14059341028217515, "housing_per_pop": 0.5168190684225829, "vacancy": 0.06383924270848124, "rent_or_own_rent": 0.39931645646857417, "rent_burden_under_20": 0.25674595637892994, "rent_burden_over_40": 0.31124578332534764, "rent_1br_under_750": 0.09059627848158469, "rent_1br_over_1500": 0.14084693900593978, "rent_2br_under_750": 0.06264333904834027, "rent_2br_over_1500": 0.32240987731290693, "year_built_1969_or_earlier": 0.2023540866451565, "year_built_2010_or_later": 0.14346951105725517, "transportation_means_car": 0.8541800959676974, "transportation_means_bike": 0.0023619731820488108, "transportation_means_walk": 0.012227197112839086, "transportation_means_transit": 0.010289946198326653, "transportation_means_worked_at_home": 0.11123420753793715, "transportation_commute_time_under_15": 0.19918811106626477, "transportation_commute_time_over_60": 0.08764426576710271, "vehicle_ownership_at_least_1": 0.9545875085323472, "GHLTH_cdc_2": 0.1762663530102439, "ARTHRITIS_cdc_2": 0.198940626348792, "CASTHMA_cdc_2": 0.09839265530123292, "BPHIGH_cdc_2": 0.3040440390925949, "CANCER_cdc_2": 0.05270752146610241, "KIDNEY_cdc_2": 0.026628131919622634, "COPD_cdc_2": 0.05946852493267995, "CHD_cdc_2": 0.046188410105886014, "DIABETES_cdc_2": 0.09993619170401907, "OBESITY_cdc_2": 0.3435364287867994, "STROKE_cdc_2": 0.026684200255561768, "DISABILITY_cdc_2": 0.2830721058338264, "HEARING_cdc_2": 0.05545380317620897, "VISION_cdc_2": 0.054401627425053105, "COGNITION_cdc_2": 0.1416166134105799, "MOBILITY_cdc_2": 0.1221032271782457, "SELFCARE_cdc_2": 0.03899362543965684, "INDEPLIVE_cdc_2": 0.08014589716753219, "BINGE_cdc_2": 0.18403536969885098, "CSMOKING_cdc_2": 0.15697049255522047, "LPA_cdc_2": 0.2499153938040948, "SLEEP_cdc_2": 0.3433005415057115, "heating_utility_gas": 0.3508574986702972, "heating_electricity": 0.6209285032433014, "industry_agriculture,_forestry,_fishing_and_hunting": 0.0026688328866673037, "industry_mining,_quarrying,_and_oil_and_gas_extraction": 0.006752043357630659, "industry_accommodation_and_food_services": 0.06899504163041896, "industry_arts,_entertainment,_and_recreation": 0.015976910960932945, "industry_construction": 0.08279275188603026, "industry_educational_services": 0.08355575770839697, "industry_health_care_and_social_assistance": 0.11071502654164696, "industry_finance_and_insurance": 0.06784495119384841, "industry_real_estate_and_rental_and_leasing": 0.023329701332157476, "industry_information": 0.02107988559326113, "industry_manufacturing": 0.09008738870019241, "industry_other_services,_except_public_administration": 0.04918207281604233, "industry_administrative_and_support_and_waste_management_services": 0.04609240548294567, "industry_management_of_companies_and_enterprises": 0.0023453537255011822, "industry_professional,_scientific,_and_technical_services": 0.08746398827998192, "industry_public_administration": 0.02890179863240494, "industry_retail_trade": 0.1119593568943507, "industry_transportation_and_warehousing": 0.06348031904495216, "industry_utilities": 0.006428304582370478, "industry_wholesale_trade": 0.03034810875026719, "occupation_architecture_and_engineering_occupations": 0.02160820027461974, "occupation_computer_and_mathematical_occupations": 0.0455498120264157, "occupation_life,_physical,_and_social_science_occupations": 0.006154152099070797, "occupation_arts,_design,_entertainment,_sports,_and_media_occupations": 0.017598979820455992, "occupation_community_and_social_service_occupations": 0.013385962302475915, "occupation_educational_instruction,_and_library_occupations": 0.05868524672814794, "occupation_legal_occupations": 0.010874455556793016, "occupation_health_diagnosing_and_treating_practitioners_and_other_technical_occupations": 0.03501882591602883, "occupation_health_technologists_and_technicians": 0.016229515474427903, "occupation_business_and_financial_operations_occupations": 0.07032478502005915, "occupation_management_occupations": 0.11862910258417249, "occupation_construction_and_extraction_occupations": 0.05939918548674089, "occupation_farming,_fishing,_and_forestry_occupations": 0.001352070201727931, "occupation_installation,_maintenance,_and_repair_occupations": 0.03048778113285747, "occupation_material_moving_occupations": 0.04327663101905543, "occupation_transportation_occupations": 0.03909191143732499, "occupation_office_and_administrative_support_occupations": 0.11594910629146414, "occupation_sales_and_related_occupations": 0.10386355098600017, "occupation_building_and_grounds_cleaning_and_maintenance_occupations": 0.031847120529218204, "occupation_food_preparation_and_serving_related_occupations": 0.04886456477903863, "occupation_healthcare_support_occupations": 0.02349896972146764, "occupation_personal_care_and_service_occupations": 0.025219172708535607, "occupation_firefighting_and_prevention,_and_other_protective_service_workers_including_supervisors": 0.010681302670831904, "occupation_law_enforcement_workers_including_supervisors": 0.007002051730185216, "sors_cohabiting_partnered_gay": 0.006291318135969731, "2020 Presidential Election-margin": 0.0050283917744154225, "2016 Presidential Election-margin": -0.07096832814336011, "2016-2020 Swing-margin": 0.07599671991777554, "park_percent_1km_v2": 0.028307827390613285, "mean_dist_Hospital_updated": 4.9082487243382555, "mean_dist_Active Superfund Site_updated": 25.09597796682481, "mean_dist_Airport_updated": 28.788659334185382, "mean_dist_Public School_updated": 1.1035052267161154, "lapop1share_usda_fra_1": 0.6820191656865003, "mean_high_temp_4": 76.73551892219338, "mean_high_temp_winter_4": 60.959182426765636, "mean_high_temp_spring_4": 81.0327745028117, "mean_high_temp_summer_4": 93.02370654366264, "mean_high_temp_fall_4": 71.08980367704933, "mean_high_heat_index_4": 79.06796287028213, "days_above_90_4": 0.23783256242510625, "days_below_40_4": 0.014658808693194669, "wind_speed_over_10mph_4": 0.30137352082868274, "snowfall_4": 0.00814601103062903, "rainfall_4": 0.9792356526261904, "hours_sunny_4": 6.422360126644919, "internet_no_access": 0.07564705246663342, "insurance_coverage_none": 0.20669834762717387, "insurance_coverage_govt": 0.07814578984814591, "insurance_coverage_private": 0.7151558625246802, "marriage_divorced": 0.10260889446893422}