{"population": 463955.0, "ad_1": 5637.9861012124675, "population_change_2010": 0.0062266311561450845, "ad_1_change_2010": -0.03266785657348495, "gpw_population": NaN, "gpw_pw_density_4": NaN, "white": 0.25941093425008893, "hispanic": 0.43437617872422973, "black": 0.11995775452360681, "asian": 0.127193370046664, "citizenship_citizen_by_birth": 0.7485790028638829, "citizenship_citizen_by_naturalization": 0.1269432589758085, "citizenship_not_citizen": 0.12447773816030851, "birthplace_non_us": 0.25142099713611704, "birthplace_us_not_state": 0.15758046974620754, "birthplace_us_state": 0.5909985331176755, "language_english_only": 0.5380076821362463, "language_spanish": 0.34462267826330634, "education_high_school": 0.8090206771161377, "education_ugrad": 0.3205826716626224, "education_grad": 0.11195866191299798, "education_field_stem": 0.14029924185315504, "education_field_humanities": 0.1228358406139027, "education_field_business": 0.057447589195564634, "generation_silent": 0.04427811977537431, "generation_boomer": 0.1983924705482284, "generation_genx": 0.1965944305604999, "generation_millenial": 0.24730410222216875, "generation_genz": 0.19785933187525445, "generation_genalpha": 0.11557154501847418, "poverty_below_line": 0.15438441099650665, "household_income_under_50k": 0.3517042231603921, "household_income_over_100k": 0.3401621546925423, "individual_income_under_50k": 0.6458393254910534, "individual_income_over_100k": 0.1291188369295758, "housing_per_pop": 0.4812913507902219, "vacancy": 0.048183543484014844, "rent_or_own_rent": 0.5949822810150904, "rent_burden_under_20": 0.19619919347725526, "rent_burden_over_40": 0.37985622742907577, "rent_1br_under_750": 0.08542192511402762, "rent_1br_over_1500": 0.35635805399188997, "rent_2br_under_750": 0.03253542466030249, "rent_2br_over_1500": 0.6554475853065576, "year_built_1969_or_earlier": 0.6829788821507963, "year_built_2010_or_later": 0.020064114799201085, "transportation_means_car": 0.8046825132388992, "transportation_means_bike": 0.007940727955885225, "transportation_means_walk": 0.025173302050045487, "transportation_means_transit": 0.04740424232057326, "transportation_means_worked_at_home": 0.10539140647855953, "transportation_commute_time_under_15": 0.16047207333380792, "transportation_commute_time_over_60": 0.12680267309676246, "vehicle_ownership_at_least_1": 0.9094385899991237, "GHLTH_cdc_2": 0.1826123652095834, "ARTHRITIS_cdc_2": 0.1699034237637093, "CASTHMA_cdc_2": 0.09937929978573119, "BPHIGH_cdc_2": 0.26138855817089013, "CANCER_cdc_2": 0.04652968085332622, "KIDNEY_cdc_2": 0.027044174452806068, "COPD_cdc_2": 0.04813877184815193, "CHD_cdc_2": 0.04106805374917573, "DIABETES_cdc_2": 0.10649093536573158, "OBESITY_cdc_2": 0.2917728392968277, "STROKE_cdc_2": 0.02599922307906837, "DISABILITY_cdc_2": 0.2681966232407196, "HEARING_cdc_2": 0.05211436477506646, "VISION_cdc_2": 0.059705366402693354, "COGNITION_cdc_2": 0.13984327175821804, "MOBILITY_cdc_2": 0.11540035493882332, "SELFCARE_cdc_2": 0.040880307352246945, "INDEPLIVE_cdc_2": 0.07973094347403703, "BINGE_cdc_2": 0.15589651674948382, "CSMOKING_cdc_2": 0.1205895963149715, "LPA_cdc_2": 0.21484966046141105, "SLEEP_cdc_2": 0.34106996599487804, "heating_utility_gas": 0.6465614503885109, "heating_electricity": 0.26470461119878536, "industry_agriculture,_forestry,_fishing_and_hunting": 0.0026755394057053957, "industry_mining,_quarrying,_and_oil_and_gas_extraction": 0.0015479370052815511, "industry_accommodation_and_food_services": 0.07897575264863628, "industry_arts,_entertainment,_and_recreation": 0.02775706585100814, "industry_construction": 0.05642761979806008, "industry_educational_services": 0.09130447242303841, "industry_health_care_and_social_assistance": 0.13644696722395522, "industry_finance_and_insurance": 0.03126009361739392, "industry_real_estate_and_rental_and_leasing": 0.022323625022451776, "industry_information": 0.024865159602483797, "industry_manufacturing": 0.09097947097874286, "industry_other_services,_except_public_administration": 0.047812990991120456, "industry_administrative_and_support_and_waste_management_services": 0.05418436086820496, "industry_management_of_companies_and_enterprises": 0.0009562048536780773, "industry_professional,_scientific,_and_technical_services": 0.07860532966593697, "industry_public_administration": 0.04178435013147556, "industry_retail_trade": 0.10049468613805823, "industry_transportation_and_warehousing": 0.07695379892974485, "industry_utilities": 0.007321889551202251, "industry_wholesale_trade": 0.027322685293821373, "occupation_architecture_and_engineering_occupations": 0.020981560003632507, "occupation_computer_and_mathematical_occupations": 0.027440284133070907, "occupation_life,_physical,_and_social_science_occupations": 0.009750716759031155, "occupation_arts,_design,_entertainment,_sports,_and_media_occupations": 0.034976808211717274, "occupation_community_and_social_service_occupations": 0.01978565837962647, "occupation_educational_instruction,_and_library_occupations": 0.05841097072274358, "occupation_legal_occupations": 0.01065055040825558, "occupation_health_diagnosing_and_treating_practitioners_and_other_technical_occupations": 0.031898696519595066, "occupation_health_technologists_and_technicians": 0.01726633754381304, "occupation_business_and_financial_operations_occupations": 0.05658189823698958, "occupation_management_occupations": 0.09739585533189239, "occupation_construction_and_extraction_occupations": 0.04338440838009777, "occupation_farming,_fishing,_and_forestry_occupations": 0.002184532548317557, "occupation_installation,_maintenance,_and_repair_occupations": 0.02380428067085103, "occupation_material_moving_occupations": 0.0458285796413168, "occupation_transportation_occupations": 0.04209613209885291, "occupation_office_and_administrative_support_occupations": 0.11920462327199359, "occupation_sales_and_related_occupations": 0.09625070763409128, "occupation_building_and_grounds_cleaning_and_maintenance_occupations": 0.039748203495750645, "occupation_food_preparation_and_serving_related_occupations": 0.061797253839293784, "occupation_healthcare_support_occupations": 0.04144803282263815, "occupation_personal_care_and_service_occupations": 0.027699011649048644, "occupation_firefighting_and_prevention,_and_other_protective_service_workers_including_supervisors": 0.014988660788208662, "occupation_law_enforcement_workers_including_supervisors": 0.007658214657708726, "2020 Presidential Election-margin": 0.47354046310560355, "2016 Presidential Election-margin": 0.48108417409259463, "2016-2020 Swing-margin": -0.007543710986991081, "park_percent_1km_v2": 0.03299470949067662, "mean_dist_Hospital_updated": 1.8662024253577856, "mean_dist_Active Superfund Site_updated": 12.169553309506634, "mean_dist_Airport_updated": 5.058761562046774, "mean_dist_Public School_updated": 0.5188128762454788, "mean_high_temp_4": 71.72826740650055, "mean_high_temp_winter_4": 64.93521881800169, "mean_high_temp_spring_4": 70.4317437841662, "mean_high_temp_summer_4": 79.49700040093886, "mean_high_temp_fall_4": 71.75445569898687, "mean_high_heat_index_4": 71.47632610583877, "days_above_90_4": 0.021453111017382013, "days_below_40_4": 0.0, "wind_speed_over_10mph_4": 0.020896403937080907, "snowfall_4": 0.0, "rainfall_4": 0.3191378689180889, "hours_sunny_4": 7.851974994380717, "internet_no_access": 0.08044309284642442, "insurance_coverage_none": 0.1134772725062497, "insurance_coverage_govt": 0.24155919568802733, "insurance_coverage_private": 0.644963531805723, "marriage_divorced": 0.08991611441951951}