{"population": 552984.0, "ad_1": 1136.8686783432206, "population_change_2010": 0.06456698976792538, "ad_1_change_2010": -0.015524927431593403, "gpw_population": NaN, "gpw_pw_density_4": NaN, "white": 0.7967915889067315, "hispanic": 0.11061983710197763, "black": 0.03532832776355193, "asian": 0.02520687759501179, "citizenship_citizen_by_birth": 0.94470643801773, "citizenship_citizen_by_naturalization": 0.03340720825461416, "citizenship_not_citizen": 0.021886353727655863, "birthplace_non_us": 0.05529356198227002, "birthplace_us_not_state": 0.20485939543670978, "birthplace_us_state": 0.7398470425810202, "language_english_only": 0.8299889956118304, "language_spanish": 0.06901517518714252, "education_high_school": 0.8699783707318073, "education_ugrad": 0.2833075353910182, "education_grad": 0.10276208830071859, "education_field_stem": 0.11287710270314598, "education_field_humanities": 0.11866113804803542, "education_field_business": 0.05176929463983681, "generation_silent": 0.07909097514896091, "generation_boomer": 0.2319593809039384, "generation_genx": 0.17468391222206076, "generation_millenial": 0.18973804679552392, "generation_genz": 0.19616879813980526, "generation_genalpha": 0.1283588867897108, "poverty_below_line": 0.08597996554489559, "household_income_under_50k": 0.31471216791853, "household_income_over_100k": 0.33720711463594655, "individual_income_under_50k": 0.6492313297085266, "individual_income_over_100k": 0.09017434505198911, "housing_per_pop": 0.5089298729879571, "vacancy": 0.04631909634797071, "rent_or_own_rent": 0.302685596576793, "rent_burden_under_20": 0.29588981417871685, "rent_burden_over_40": 0.3133660629010908, "rent_1br_under_750": 0.3111520611520612, "rent_1br_over_1500": 0.0978023478023478, "rent_2br_under_750": 0.09203166681008519, "rent_2br_over_1500": 0.17326391876774805, "year_built_1969_or_earlier": 0.4236696889747687, "year_built_2010_or_later": 0.06665954442421315, "transportation_means_car": 0.8578237364020104, "transportation_means_bike": 0.008288646821709962, "transportation_means_walk": 0.03446774889716372, "transportation_means_transit": 0.009649360245221042, "transportation_means_worked_at_home": 0.07981023168706518, "transportation_commute_time_under_15": 0.3031399189877846, "transportation_commute_time_over_60": 0.05671252588773567, "vehicle_ownership_at_least_1": 0.9063586938169048, "GHLTH_cdc_2": 0.16528403042798964, "ARTHRITIS_cdc_2": 0.2812526752554875, "CASTHMA_cdc_2": 0.10789069487488155, "BPHIGH_cdc_2": 0.3009804881796993, "CANCER_cdc_2": 0.07134812386343263, "KIDNEY_cdc_2": 0.029457887457418744, "COPD_cdc_2": 0.07123263837307584, "CHD_cdc_2": 0.06270960735599211, "DIABETES_cdc_2": 0.09185812053377045, "OBESITY_cdc_2": 0.35147671029377864, "STROKE_cdc_2": 0.03111803908511129, "DISABILITY_cdc_2": 0.2950372845324386, "HEARING_cdc_2": 0.07297649770765566, "VISION_cdc_2": 0.04762582537202571, "COGNITION_cdc_2": 0.14137699203442358, "MOBILITY_cdc_2": 0.13394766283328638, "SELFCARE_cdc_2": 0.035799738749583795, "INDEPLIVE_cdc_2": 0.07843735624823912, "BINGE_cdc_2": 0.16411847962502882, "CSMOKING_cdc_2": 0.1729998130266629, "LPA_cdc_2": 0.24710295827677176, "SLEEP_cdc_2": 0.3602541736034629, "heating_utility_gas": 0.33070900328523667, "heating_electricity": 0.343772763892306, "industry_agriculture,_forestry,_fishing_and_hunting": 0.022068055127092197, "industry_mining,_quarrying,_and_oil_and_gas_extraction": 0.0014743125255583375, "industry_accommodation_and_food_services": 0.06187449331716731, "industry_arts,_entertainment,_and_recreation": 0.018692560999232354, "industry_construction": 0.08261530845774713, "industry_educational_services": 0.08166471765659639, "industry_health_care_and_social_assistance": 0.15041933609303593, "industry_finance_and_insurance": 0.03757882729379354, "industry_real_estate_and_rental_and_leasing": 0.0157798072991025, "industry_information": 0.013509150781636737, "industry_manufacturing": 0.15168200764777204, "industry_other_services,_except_public_administration": 0.04776270383895198, "industry_administrative_and_support_and_waste_management_services": 0.03367602430642743, "industry_management_of_companies_and_enterprises": 0.0011299475560848573, "industry_professional,_scientific,_and_technical_services": 0.056142251429473336, "industry_public_administration": 0.022832114903111482, "industry_retail_trade": 0.12006499888798812, "industry_transportation_and_warehousing": 0.043232152209316504, "industry_utilities": 0.006029974100884588, "industry_wholesale_trade": 0.03177125556902724, "occupation_architecture_and_engineering_occupations": 0.01667659107377302, "occupation_computer_and_mathematical_occupations": 0.020170460659889373, "occupation_life,_physical,_and_social_science_occupations": 0.008379547590521353, "occupation_arts,_design,_entertainment,_sports,_and_media_occupations": 0.018226233436403682, "occupation_community_and_social_service_occupations": 0.019876315581797442, "occupation_educational_instruction,_and_library_occupations": 0.054233895556974464, "occupation_legal_occupations": 0.005929534318121489, "occupation_health_diagnosing_and_treating_practitioners_and_other_technical_occupations": 0.04250755091938273, "occupation_health_technologists_and_technicians": 0.02302223306334163, "occupation_business_and_financial_operations_occupations": 0.051123849426417095, "occupation_management_occupations": 0.10342069203010323, "occupation_construction_and_extraction_occupations": 0.05839138513634701, "occupation_farming,_fishing,_and_forestry_occupations": 0.008239649321672753, "occupation_installation,_maintenance,_and_repair_occupations": 0.036004074985472104, "occupation_material_moving_occupations": 0.053527229942534095, "occupation_transportation_occupations": 0.04149956595665306, "occupation_office_and_administrative_support_occupations": 0.1074131733949364, "occupation_sales_and_related_occupations": 0.09745887349609361, "occupation_building_and_grounds_cleaning_and_maintenance_occupations": 0.0352436023445515, "occupation_food_preparation_and_serving_related_occupations": 0.05324384626973821, "occupation_healthcare_support_occupations": 0.029009161543042034, "occupation_personal_care_and_service_occupations": 0.022807004957420707, "occupation_firefighting_and_prevention,_and_other_protective_service_workers_including_supervisors": 0.005803984589667616, "occupation_law_enforcement_workers_including_supervisors": 0.005649737780424286, "2020 Presidential Election-margin": -0.15830059342204333, "2016 Presidential Election-margin": -0.19418776336308438, "2016-2020 Swing-margin": 0.03588716994104105, "park_percent_1km_v2": 0.015555888767956685, "mean_dist_Hospital_updated": 8.174805888005706, "mean_dist_Active Superfund Site_updated": 14.991417791932246, "mean_dist_Airport_updated": 14.221891418667873, "mean_dist_Public School_updated": 1.8669090233535273, "mean_high_temp_4": 63.37911215573451, "mean_high_temp_winter_4": 42.88736914177713, "mean_high_temp_spring_4": 69.30111706033155, "mean_high_temp_summer_4": 83.07496691264693, "mean_high_temp_fall_4": 57.23536772584435, "mean_high_heat_index_4": 63.0028311921891, "days_above_90_4": 0.042869902855225864, "days_below_40_4": 0.12909728219208225, "wind_speed_over_10mph_4": 0.12192818229105874, "snowfall_4": 0.09504941290188615, "rainfall_4": 1.009634628218481, "hours_sunny_4": 4.714184834416863, "internet_no_access": 0.1267107592707836, "insurance_coverage_none": 0.11590329792170072, "insurance_coverage_govt": 0.1476984447403783, "insurance_coverage_private": 0.736398257337921, "marriage_divorced": 0.08205618546447495}