{"population": 314052.0, "ad_1": 404.57112037454016, "population_change_2010": 0.06377890611503846, "ad_1_change_2010": 0.03934603661065983, "population_change_2000": 0.13019570020944746, "ad_1_change_2000": 0.014589729879791374, "gpw_population": NaN, "gpw_pw_density_4": NaN, "white": 0.9010068396316534, "hispanic": 0.03266338058665444, "black": 0.006610370257154866, "asian": 0.019891610306573434, "homogeneity_250_2020": 0.8267689689975584, "homogeneity_250_diff_2010": -0.06692133796763233, "homogeneity_250_diff_2000": -0.09976746422499783, "citizenship_citizen_by_birth": 0.951032461147006, "citizenship_citizen_by_naturalization": 0.031574470858383885, "citizenship_not_citizen": 0.01739306799461007, "birthplace_non_us": 0.04896753885299367, "birthplace_us_not_state": 0.6621892035916833, "birthplace_us_state": 0.2888432575553231, "language_english_only": 0.9379764117160903, "language_spanish": 0.020690732765882482, "education_high_school": 0.95650557194701, "education_ugrad": 0.4155734197071785, "education_grad": 0.15408367503542586, "education_field_stem": 0.1935513743191991, "education_field_humanities": 0.1335676738093825, "education_field_business": 0.08845437157859604, "generation_silent": 0.06737816986776352, "generation_boomer": 0.2801632619795491, "generation_genx": 0.2047774556125439, "generation_millenial": 0.18036152258779448, "generation_genz": 0.16944406605950252, "generation_genalpha": 0.09787552389284655, "poverty_below_line": 0.049043659002290664, "household_income_under_50k": 0.2196799660814436, "household_income_over_100k": 0.5068094958958075, "individual_income_under_50k": 0.5243246868626946, "individual_income_over_100k": 0.17970231667471817, "housing_per_pop": 0.5322827700534338, "vacancy": 0.07012235718829987, "rent_or_own_rent": 0.22199677857817865, "rent_burden_under_20": 0.2570456833273969, "rent_burden_over_40": 0.28196515140812767, "rent_1br_under_750": 0.17202977133581265, "rent_1br_over_1500": 0.15574292907916779, "rent_2br_under_750": 0.03931432766910908, "rent_2br_over_1500": 0.45768665053605423, "year_built_1969_or_earlier": 0.31639256673855337, "year_built_2010_or_later": 0.0735364596868536, "transportation_means_car": 0.8444754037738608, "transportation_means_bike": 0.0021860595719232377, "transportation_means_walk": 0.01630038455711024, "transportation_means_transit": 0.006976115761129651, "transportation_means_worked_at_home": 0.12249925305455169, "transportation_commute_time_under_15": 0.23245161930899746, "transportation_commute_time_over_60": 0.11343095801135418, "vehicle_ownership_at_least_1": 0.9719118133806943, "GHLTH_cdc_2": 0.11288267884189025, "ARTHRITIS_cdc_2": 0.26068930350988934, "CASTHMA_cdc_2": 0.10358837500274369, "BPHIGH_cdc_2": 0.27042231051210547, "CANCER_cdc_2": 0.07058064841846486, "KIDNEY_cdc_2": 0.02541805650064738, "COPD_cdc_2": 0.058672129420286434, "CHD_cdc_2": 0.048240086046051886, "DIABETES_cdc_2": 0.0774944092016595, "OBESITY_cdc_2": 0.29690832144346735, "STROKE_cdc_2": 0.024744965647430603, "DISABILITY_cdc_2": 0.2402309809688963, "HEARING_cdc_2": 0.061802155541409595, "VISION_cdc_2": 0.030970687270891698, "COGNITION_cdc_2": 0.10574432908224822, "MOBILITY_cdc_2": 0.09967974625194816, "SELFCARE_cdc_2": 0.025458212788374925, "INDEPLIVE_cdc_2": 0.0565429769299999, "BINGE_cdc_2": 0.17820863094584802, "CSMOKING_cdc_2": 0.13689564282108185, "LPA_cdc_2": 0.1894855982615194, "SLEEP_cdc_2": 0.2973092609258719, "heating_utility_gas": 0.16352903379029984, "heating_electricity": 0.09914322674269468, "industry_agriculture,_forestry,_fishing_and_hunting": 0.004066699289424109, "industry_mining,_quarrying,_and_oil_and_gas_extraction": 0.0004129128344459045, "industry_accommodation_and_food_services": 0.0586536580833887, "industry_arts,_entertainment,_and_recreation": 0.019219075691423334, "industry_construction": 0.06974119577035226, "industry_educational_services": 0.08961185152091129, "industry_health_care_and_social_assistance": 0.1382208305365933, "industry_finance_and_insurance": 0.056759150837479726, "industry_real_estate_and_rental_and_leasing": 0.018162429815141375, "industry_information": 0.021049614140373762, "industry_manufacturing": 0.13020734942588347, "industry_other_services,_except_public_administration": 0.039526861369754564, "industry_administrative_and_support_and_waste_management_services": 0.0395544639698232, "industry_management_of_companies_and_enterprises": 0.001043751887071591, "industry_professional,_scientific,_and_technical_services": 0.09093579332931, "industry_public_administration": 0.03922069085379831, "industry_retail_trade": 0.11373840450337683, "industry_transportation_and_warehousing": 0.03268727543083248, "industry_utilities": 0.009882159962723378, "industry_wholesale_trade": 0.02730583074789249, "occupation_architecture_and_engineering_occupations": 0.03431123493411188, "occupation_computer_and_mathematical_occupations": 0.044705701578857414, "occupation_life,_physical,_and_social_science_occupations": 0.011675944712500773, "occupation_arts,_design,_entertainment,_sports,_and_media_occupations": 0.021149748020940856, "occupation_community_and_social_service_occupations": 0.015758748509016138, "occupation_educational_instruction,_and_library_occupations": 0.05918323682448209, "occupation_legal_occupations": 0.00785681365542901, "occupation_health_diagnosing_and_treating_practitioners_and_other_technical_occupations": 0.04999348484987401, "occupation_health_technologists_and_technicians": 0.017095738326156115, "occupation_business_and_financial_operations_occupations": 0.06253789893541857, "occupation_management_occupations": 0.13797812123765524, "occupation_construction_and_extraction_occupations": 0.05169889007348819, "occupation_farming,_fishing,_and_forestry_occupations": 0.0029133294430349894, "occupation_installation,_maintenance,_and_repair_occupations": 0.0332864531405298, "occupation_material_moving_occupations": 0.02135829645094871, "occupation_transportation_occupations": 0.029757880092864692, "occupation_office_and_administrative_support_occupations": 0.10137422753762204, "occupation_sales_and_related_occupations": 0.10969535468998196, "occupation_building_and_grounds_cleaning_and_maintenance_occupations": 0.02248690911411472, "occupation_food_preparation_and_serving_related_occupations": 0.04590547355407561, "occupation_healthcare_support_occupations": 0.02343514345851467, "occupation_personal_care_and_service_occupations": 0.024599856535987886, "occupation_firefighting_and_prevention,_and_other_protective_service_workers_including_supervisors": 0.011124644819731903, "occupation_law_enforcement_workers_including_supervisors": 0.008494696525101682, "sors_cohabiting_partnered_gay": 0.007083794858493754, "2020 Presidential Election-margin": 0.021226177179718107, "2016 Presidential Election-margin": -0.0575201119239625, "2016-2020 Swing-margin": 0.07874628910368062, "park_percent_1km_v2": 0.004465313256147258, "mean_dist_Hospital_updated": 7.19567256326102, "mean_dist_Active Superfund Site_updated": 6.582570188513958, "mean_dist_Airport_updated": 17.025051807441596, "mean_dist_Public School_updated": 1.9027347152362177, "lapop1share_usda_fra_1": 0.2885033734853134, "mean_high_temp_4": 57.573158999548454, "mean_high_temp_winter_4": 36.622093456591344, "mean_high_temp_spring_4": 61.89565944099349, "mean_high_temp_summer_4": 78.24162246578877, "mean_high_temp_fall_4": 52.52279636005988, "mean_high_heat_index_4": 56.407971476183555, "days_above_90_4": 0.020051374572465218, "days_below_40_4": 0.21432270719325647, "wind_speed_over_10mph_4": 0.1837973956788984, "snowfall_4": 0.18998523929013086, "rainfall_4": 0.9193483764430608, "hours_sunny_4": 4.837610109643888, "internet_no_access": 0.04685459114696705, "insurance_coverage_none": 0.06646997458014027, "insurance_coverage_govt": 0.09640442887105496, "insurance_coverage_private": 0.8371255965488048, "marriage_divorced": 0.10716158174621215}