{"population": 763403.0, "ad_1": 3197.9537808782156, "population_change_2010": 0.08075780162778418, "ad_1_change_2010": 0.030987486360305745, "population_change_2000": 0.1484873695470007, "ad_1_change_2000": -0.003899534712622112, "gpw_population": NaN, "gpw_pw_density_4": NaN, "white": 0.18395919324393536, "hispanic": 0.6532486773041237, "black": 0.018640220172045432, "asian": 0.10921230333126802, "homogeneity_250_2020": 0.5744028972420173, "homogeneity_250_diff_2010": -0.012522117495017082, "homogeneity_250_diff_2000": 0.006984317243372673, "citizenship_citizen_by_birth": 0.6680019566213715, "citizenship_citizen_by_naturalization": 0.12626494706019648, "citizenship_not_citizen": 0.20573309631843206, "birthplace_non_us": 0.33199804337862965, "birthplace_us_not_state": 0.09667637274796463, "birthplace_us_state": 0.5713255838734057, "language_english_only": 0.3844559770123907, "language_spanish": 0.5073428261758051, "education_high_school": 0.7347774999889559, "education_ugrad": 0.2222062725516619, "education_grad": 0.07457753239569923, "education_field_stem": 0.11687328092011665, "education_field_humanities": 0.06579451827438587, "education_field_business": 0.03953847335715924, "generation_silent": 0.043086814196078134, "generation_boomer": 0.17314240945363663, "generation_genx": 0.19283348019175167, "generation_millenial": 0.22512497342992138, "generation_genz": 0.22907175170117158, "generation_genalpha": 0.13674057102744075, "poverty_below_line": 0.1110993293151298, "household_income_under_50k": 0.2686135960007554, "household_income_over_100k": 0.44126430684118173, "individual_income_under_50k": 0.6633873208459213, "individual_income_over_100k": 0.12839925894714546, "housing_per_pop": 0.394750225346086, "vacancy": 0.04189693469569081, "rent_or_own_rent": 0.4749620176516819, "rent_burden_under_20": 0.21309011805134018, "rent_burden_over_40": 0.36183386304765225, "rent_1br_under_750": 0.16638782573843994, "rent_1br_over_1500": 0.4946557954923009, "rent_2br_under_750": 0.05167965016184565, "rent_2br_over_1500": 0.6712578108250915, "year_built_1969_or_earlier": 0.3811170310382325, "year_built_2010_or_later": 0.0638408394942456, "transportation_means_car": 0.8297571710278592, "transportation_means_bike": 0.006645210335220328, "transportation_means_walk": 0.020604562372312177, "transportation_means_transit": 0.023063628328738484, "transportation_means_worked_at_home": 0.07260953154286212, "transportation_commute_time_under_15": 0.1990992979023514, "transportation_commute_time_over_60": 0.12139821947141506, "vehicle_ownership_at_least_1": 0.9468629212336187, "GHLTH_cdc_2": 0.20115120030601813, "ARTHRITIS_cdc_2": 0.15829729347952437, "CASTHMA_cdc_2": 0.09618501896066224, "BPHIGH_cdc_2": 0.24290836114590905, "CANCER_cdc_2": 0.043913378142794925, "KIDNEY_cdc_2": 0.02704700124911946, "COPD_cdc_2": 0.04796581358337209, "CHD_cdc_2": 0.04349925227085553, "DIABETES_cdc_2": 0.10375457907403378, "OBESITY_cdc_2": 0.2704405748803405, "STROKE_cdc_2": 0.025216187072475475, "DISABILITY_cdc_2": 0.28394113834452966, "HEARING_cdc_2": 0.056025421661473895, "VISION_cdc_2": 0.06580866326820553, "COGNITION_cdc_2": 0.15493531527491616, "MOBILITY_cdc_2": 0.11643823283049144, "SELFCARE_cdc_2": 0.041658716138043145, "INDEPLIVE_cdc_2": 0.08086965849963969, "BINGE_cdc_2": 0.1578062859083664, "CSMOKING_cdc_2": 0.12398723596750837, "LPA_cdc_2": 0.24033794299794023, "SLEEP_cdc_2": 0.30978943974234185, "heating_utility_gas": 0.49939575766566136, "heating_electricity": 0.4103119582553334, "industry_agriculture,_forestry,_fishing_and_hunting": 0.10072264424948417, "industry_mining,_quarrying,_and_oil_and_gas_extraction": 0.0006443304769677301, "industry_accommodation_and_food_services": 0.07437607140442193, "industry_arts,_entertainment,_and_recreation": 0.01748056714271835, "industry_construction": 0.08975479422179816, "industry_educational_services": 0.07217454935428683, "industry_health_care_and_social_assistance": 0.11416156299548771, "industry_finance_and_insurance": 0.018713769507341268, "industry_real_estate_and_rental_and_leasing": 0.014761412573391955, "industry_information": 0.018701595551451112, "industry_manufacturing": 0.10237650703888516, "industry_other_services,_except_public_administration": 0.04372355619069792, "industry_administrative_and_support_and_waste_management_services": 0.058296976096159046, "industry_management_of_companies_and_enterprises": 0.001646011021895385, "industry_professional,_scientific,_and_technical_services": 0.06418918762887371, "industry_public_administration": 0.040385677396980686, "industry_retail_trade": 0.0968263427596402, "industry_transportation_and_warehousing": 0.03656945766486698, "industry_utilities": 0.007539120531877275, "industry_wholesale_trade": 0.026955866192774482, "occupation_architecture_and_engineering_occupations": 0.021998472603769758, "occupation_computer_and_mathematical_occupations": 0.02723532049551287, "occupation_life,_physical,_and_social_science_occupations": 0.007872699467550278, "occupation_arts,_design,_entertainment,_sports,_and_media_occupations": 0.01389330223665289, "occupation_community_and_social_service_occupations": 0.014454630861216091, "occupation_educational_instruction,_and_library_occupations": 0.04614695109022557, "occupation_legal_occupations": 0.005598110006061247, "occupation_health_diagnosing_and_treating_practitioners_and_other_technical_occupations": 0.022089434527999465, "occupation_health_technologists_and_technicians": 0.012839592321344205, "occupation_business_and_financial_operations_occupations": 0.04094516263254909, "occupation_management_occupations": 0.09135063300853655, "occupation_construction_and_extraction_occupations": 0.0705513870599905, "occupation_farming,_fishing,_and_forestry_occupations": 0.07389749266288814, "occupation_installation,_maintenance,_and_repair_occupations": 0.029887985123504473, "occupation_material_moving_occupations": 0.04547426258150107, "occupation_transportation_occupations": 0.0355214207762181, "occupation_office_and_administrative_support_occupations": 0.10200199802512838, "occupation_sales_and_related_occupations": 0.08717872305593118, "occupation_building_and_grounds_cleaning_and_maintenance_occupations": 0.05200866502779361, "occupation_food_preparation_and_serving_related_occupations": 0.053938323053549474, "occupation_healthcare_support_occupations": 0.04332451301081333, "occupation_personal_care_and_service_occupations": 0.024114206381306957, "occupation_firefighting_and_prevention,_and_other_protective_service_workers_including_supervisors": 0.012932276321199344, "occupation_law_enforcement_workers_including_supervisors": 0.01055068129520465, "sors_cohabiting_partnered_gay": 0.004601544608754741, "2020 Presidential Election-margin": 0.4404695997608211, "2016 Presidential Election-margin": 0.4879448943701817, "2016-2020 Swing-margin": -0.04747529460936056, "park_percent_1km_v2": 0.02731744030411412, "mean_dist_Hospital_updated": 5.511336633463192, "mean_dist_Active Superfund Site_updated": 15.241719327466937, "mean_dist_Airport_updated": 28.23078667121721, "mean_dist_Public School_updated": 0.7910342014201146, "lapop1share_usda_fra_1": 0.8263199780688878, "mean_high_temp_4": 68.25380808049452, "mean_high_temp_winter_4": 59.41549200376331, "mean_high_temp_spring_4": 68.25211323153229, "mean_high_temp_summer_4": 78.07564193160779, "mean_high_temp_fall_4": 66.84471005627573, "mean_high_heat_index_4": 67.31710272353921, "days_above_90_4": 0.026242431968112146, "days_below_40_4": 3.3958587844130363e-05, "wind_speed_over_10mph_4": 0.010556110517745078, "snowfall_4": 0.0005496062843438077, "rainfall_4": 0.4962567155304636, "hours_sunny_4": 7.607875936569712, "internet_no_access": 0.07809629688686272, "insurance_coverage_none": 0.12168024006471433, "insurance_coverage_govt": 0.2308043137681538, "insurance_coverage_private": 0.6475154461671319, "marriage_divorced": 0.07810476599633247}