{"population": 730395.0, "ad_1": 1426.7971109254065, "population_change_2010": 0.17377218314442608, "ad_1_change_2010": 0.041577691562733554, "population_change_2000": 0.4129503278013035, "ad_1_change_2000": 0.048885048853054516, "gpw_population": NaN, "gpw_pw_density_4": NaN, "white": 0.6578413050472689, "hispanic": 0.17796397839525188, "black": 0.05580405123255225, "asian": 0.029612743789319478, "homogeneity_250_2020": 0.5126635235454391, "homogeneity_250_diff_2010": -0.07452508275338876, "homogeneity_250_diff_2000": -0.1228824959331446, "citizenship_citizen_by_birth": 0.9316845985256026, "citizenship_citizen_by_naturalization": 0.04025951384737993, "citizenship_not_citizen": 0.02805588762701737, "birthplace_non_us": 0.06831540147439719, "birthplace_us_not_state": 0.6171119191516679, "birthplace_us_state": 0.3145726793739349, "language_english_only": 0.8875579895382145, "language_spanish": 0.07175021894009288, "education_high_school": 0.9465984965595441, "education_ugrad": 0.3800938936497379, "education_grad": 0.14861260100093374, "education_field_stem": 0.1782449800343431, "education_field_humanities": 0.1269787209743404, "education_field_business": 0.07487019264105435, "generation_silent": 0.047822441389386745, "generation_boomer": 0.19830477518762063, "generation_genx": 0.17877758960395015, "generation_millenial": 0.22784253171282395, "generation_genz": 0.2152874631954133, "generation_genalpha": 0.1319651989108053, "poverty_below_line": 0.09562321733764395, "household_income_under_50k": 0.31316391416029576, "household_income_over_100k": 0.3648372554390056, "individual_income_under_50k": 0.6255337118190797, "individual_income_over_100k": 0.12523655359014027, "housing_per_pop": 0.5144591747790898, "vacancy": 0.05139962565319343, "rent_or_own_rent": 0.3407198217471466, "rent_burden_under_20": 0.21251693002257344, "rent_burden_over_40": 0.3517832957110613, "rent_1br_under_750": 0.145921065517579, "rent_1br_over_1500": 0.13602977181470943, "rent_2br_under_750": 0.07124390387214284, "rent_2br_over_1500": 0.295640166872318, "year_built_1969_or_earlier": 0.21167605365740097, "year_built_2010_or_later": 0.11212578332616682, "transportation_means_car": 0.8350496868383297, "transportation_means_bike": 0.004981171449423787, "transportation_means_walk": 0.03300893280829848, "transportation_means_transit": 0.006135582214304161, "transportation_means_worked_at_home": 0.11305455423371823, "transportation_commute_time_under_15": 0.2632869966240838, "transportation_commute_time_over_60": 0.057537615333352284, "vehicle_ownership_at_least_1": 0.9614180281147984, "traffic_fatalities_last_decade_per_capita": 9.337413317451515e-05, "traffic_fatalities_ped_last_decade_per_capita": 1.6566378466446236e-05, "GHLTH_cdc_2": 0.13654837495403543, "ARTHRITIS_cdc_2": 0.2533016164512885, "CASTHMA_cdc_2": 0.10620738184500403, "BPHIGH_cdc_2": 0.24151290832856354, "CANCER_cdc_2": 0.058822960614638334, "KIDNEY_cdc_2": 0.024780770561395705, "COPD_cdc_2": 0.052517353624014926, "CHD_cdc_2": 0.04143927917891502, "DIABETES_cdc_2": 0.07167966239253919, "OBESITY_cdc_2": 0.2812045075252362, "STROKE_cdc_2": 0.023718984653613037, "DISABILITY_cdc_2": 0.25047626673513423, "HEARING_cdc_2": 0.05065886110790773, "VISION_cdc_2": 0.03993215865548878, "COGNITION_cdc_2": 0.1291856732240033, "MOBILITY_cdc_2": 0.09899302199583568, "SELFCARE_cdc_2": 0.0302309856458084, "INDEPLIVE_cdc_2": 0.06609742442671342, "BINGE_cdc_2": 0.16495368885542627, "CSMOKING_cdc_2": 0.14328083692532592, "LPA_cdc_2": 0.17248978974600973, "SLEEP_cdc_2": 0.30662835981000214, "heating_utility_gas": 0.6975734515763671, "heating_electricity": 0.24635240471096914, "industry_agriculture,_forestry,_fishing_and_hunting": 0.00474293472435599, "industry_mining,_quarrying,_and_oil_and_gas_extraction": 0.002122857789369631, "industry_accommodation_and_food_services": 0.07433277358962423, "industry_arts,_entertainment,_and_recreation": 0.021365536460752448, "industry_construction": 0.07748877535222173, "industry_educational_services": 0.09376600331082428, "industry_health_care_and_social_assistance": 0.14314254409470392, "industry_finance_and_insurance": 0.05399442638179253, "industry_real_estate_and_rental_and_leasing": 0.020868317315135776, "industry_information": 0.023884383150523394, "industry_manufacturing": 0.05836221372682133, "industry_other_services,_except_public_administration": 0.05703728845856132, "industry_administrative_and_support_and_waste_management_services": 0.046762418569199944, "industry_management_of_companies_and_enterprises": 0.0006103588314456866, "industry_professional,_scientific,_and_technical_services": 0.09707980516155117, "industry_public_administration": 0.05684673740874427, "industry_retail_trade": 0.10824490573677766, "industry_transportation_and_warehousing": 0.034156275679731334, "industry_utilities": 0.008863601176652738, "industry_wholesale_trade": 0.01632784308121044, "occupation_architecture_and_engineering_occupations": 0.025402836828754116, "occupation_computer_and_mathematical_occupations": 0.05276775399859471, "occupation_life,_physical,_and_social_science_occupations": 0.006067859992616132, "occupation_arts,_design,_entertainment,_sports,_and_media_occupations": 0.022937582621744362, "occupation_community_and_social_service_occupations": 0.021758548001000452, "occupation_educational_instruction,_and_library_occupations": 0.0652369383210067, "occupation_legal_occupations": 0.007842366644038723, "occupation_health_diagnosing_and_treating_practitioners_and_other_technical_occupations": 0.045249919611275766, "occupation_health_technologists_and_technicians": 0.020162682958781458, "occupation_business_and_financial_operations_occupations": 0.0604880488763442, "occupation_management_occupations": 0.1100491859897343, "occupation_construction_and_extraction_occupations": 0.05073421701382683, "occupation_farming,_fishing,_and_forestry_occupations": 0.0019114652184786854, "occupation_installation,_maintenance,_and_repair_occupations": 0.03094965879452645, "occupation_material_moving_occupations": 0.02682601498207625, "occupation_transportation_occupations": 0.03590696344992677, "occupation_office_and_administrative_support_occupations": 0.11210654185572927, "occupation_sales_and_related_occupations": 0.09528743434920844, "occupation_building_and_grounds_cleaning_and_maintenance_occupations": 0.032152512296497425, "occupation_food_preparation_and_serving_related_occupations": 0.05518239308299677, "occupation_healthcare_support_occupations": 0.03489466099777304, "occupation_personal_care_and_service_occupations": 0.027760906070241946, "occupation_firefighting_and_prevention,_and_other_protective_service_workers_including_supervisors": 0.014562268510248022, "occupation_law_enforcement_workers_including_supervisors": 0.010102183000464456, "sors_cohabiting_partnered_gay": 0.0071589072635097695, "2020 Presidential Election-margin": -0.1079236955953648, "2016 Presidential Election-margin": -0.22327660407463368, "2016-2020 Swing-margin": 0.11535290847926888, "park_percent_1km_v2": 0.022472129249007544, "mean_dist_Hospital_updated": 6.0311532421654475, "mean_dist_Active Superfund Site_updated": 64.67210552756121, "mean_dist_Airport_updated": 14.163642978876966, "mean_dist_Public School_updated": 1.0926907748805124, "lapop1share_usda_fra_1": 0.6139206300400238, "mean_high_temp_4": 60.078748319077796, "mean_high_temp_winter_4": 42.86171661858415, "mean_high_temp_spring_4": 64.01846827049614, "mean_high_temp_summer_4": 79.11377806012558, "mean_high_temp_fall_4": 53.36148407723861, "mean_high_heat_index_4": 57.528623894948474, "days_above_90_4": 0.014048553910317792, "days_below_40_4": 0.15559416979710336, "wind_speed_over_10mph_4": 0.026739957815892147, "snowfall_4": 0.15822767059932275, "rainfall_4": 0.32057399482620025, "hours_sunny_4": 6.69218295805354, "internet_no_access": 0.0517177564420493, "insurance_coverage_none": 0.1039034969509041, "insurance_coverage_govt": 0.19571388629305106,