{"population": 276278.0, "ad_1": 2568.8374158428032, "population_change_2010": 0.06704825465977646, "ad_1_change_2010": 0.07717742537565053, "population_change_2000": 0.20238494179088237, "ad_1_change_2000": 0.15028325945693383, "gpw_population": NaN, "gpw_pw_density_4": NaN, "white": 0.5596790189591643, "hispanic": 0.3348076936998241, "black": 0.055972607301341404, "asian": 0.017225403398026626, "homogeneity_250_2020": 0.6073475948089564, "homogeneity_250_diff_2010": -0.06923438808776772, "homogeneity_250_diff_2000": -0.13724566963947327, "citizenship_citizen_by_birth": 0.8914767194314238, "citizenship_citizen_by_naturalization": 0.05691656999944516, "citizenship_not_citizen": 0.05160671056913109, "birthplace_non_us": 0.10852328056857627, "birthplace_us_not_state": 0.23361426373747, "birthplace_us_state": 0.6578624556939537, "language_english_only": 0.7328041183383893, "language_spanish": 0.22792222501297807, "education_high_school": 0.8635176011716493, "education_ugrad": 0.24046571072966816, "education_grad": 0.08869550712557732, "education_field_stem": 0.1036231066761539, "education_field_humanities": 0.09411039790169795, "education_field_business": 0.04273220615181641, "generation_silent": 0.06799565080853129, "generation_boomer": 0.21788510899341199, "generation_genx": 0.1894004493947453, "generation_millenial": 0.1907804323780121, "generation_genz": 0.2042317308868624, "generation_genalpha": 0.12970662753843695, "poverty_below_line": 0.14591328349459887, "household_income_under_50k": 0.3898927509921166, "household_income_over_100k": 0.28668412780717184, "individual_income_under_50k": 0.6890115336666562, "individual_income_over_100k": 0.07487568160990843, "housing_per_pop": 0.5245710493885677, "vacancy": 0.05576738890796393, "rent_or_own_rent": 0.34789479341853713, "rent_burden_under_20": 0.27521332905527973, "rent_burden_over_40": 0.3436929265270776, "rent_1br_under_750": 0.48556240577300486, "rent_1br_over_1500": 0.044311146688906386, "rent_2br_under_750": 0.17297456161747807, "rent_2br_over_1500": 0.08832487797972674, "year_built_1969_or_earlier": 0.568590561349881, "year_built_2010_or_later": 0.026010337875424474, "transportation_means_car": 0.8578442977437299, "transportation_means_bike": 0.0025307690505937445, "transportation_means_walk": 0.031438799425957675, "transportation_means_transit": 0.02081296283137894, "transportation_means_worked_at_home": 0.0640071973714294, "transportation_commute_time_under_15": 0.29366570603773623, "transportation_commute_time_over_60": 0.07641648851052195, "vehicle_ownership_at_least_1": 0.8891035508997807, "GHLTH_cdc_2": 0.198920304232804, "ARTHRITIS_cdc_2": 0.2760286975033068, "CASTHMA_cdc_2": 0.10881866939484079, "BPHIGH_cdc_2": 0.3202154482886873, "CANCER_cdc_2": 0.06980362826554236, "KIDNEY_cdc_2": 0.03150877356150784, "COPD_cdc_2": 0.07404543340773809, "CHD_cdc_2": 0.06555795820932495, "DIABETES_cdc_2": 0.11404205935846552, "OBESITY_cdc_2": 0.36819006799768245, "STROKE_cdc_2": 0.03307194010416685, "DISABILITY_cdc_2": 0.3277547484705687, "HEARING_cdc_2": 0.0749092571924602, "VISION_cdc_2": 0.06446913752480131, "COGNITION_cdc_2": 0.15904061776620365, "MOBILITY_cdc_2": 0.15209887049437837, "SELFCARE_cdc_2": 0.04539443824404768, "INDEPLIVE_cdc_2": 0.09185837776951093, "BINGE_cdc_2": 0.15211960048776477, "CSMOKING_cdc_2": 0.19540157903439115, "LPA_cdc_2": 0.2722313316385583, "SLEEP_cdc_2": 0.35181434978505327, "heating_utility_gas": 0.5454795409825104, "heating_electricity": 0.2195701696268833, "industry_agriculture,_forestry,_fishing_and_hunting": 0.015584647902248104, "industry_mining,_quarrying,_and_oil_and_gas_extraction": 0.0016557557017926607, "industry_accommodation_and_food_services": 0.06220530372071414, "industry_arts,_entertainment,_and_recreation": 0.01153462461049075, "industry_construction": 0.044802351164339, "industry_educational_services": 0.0781936567903579, "industry_health_care_and_social_assistance": 0.16098268157593207, "industry_finance_and_insurance": 0.040164822571442466, "industry_real_estate_and_rental_and_leasing": 0.018206124389829416, "industry_information": 0.013056231178958256, "industry_manufacturing": 0.1864846676985551, "industry_other_services,_except_public_administration": 0.043451920023006886, "industry_administrative_and_support_and_waste_management_services": 0.03847324577426601, "industry_management_of_companies_and_enterprises": 0.00047220003269809714, "industry_professional,_scientific,_and_technical_services": 0.05177069260464119, "industry_public_administration": 0.02833898506016521, "industry_retail_trade": 0.11887146159185982, "industry_transportation_and_warehousing": 0.05056576597020642, "industry_utilities": 0.011910009333448105, "industry_wholesale_trade": 0.023274852305048745, "occupation_architecture_and_engineering_occupations": 0.01771232743893231, "occupation_computer_and_mathematical_occupations": 0.023046603549325674, "occupation_life,_physical,_and_social_science_occupations": 0.008971588039955016, "occupation_arts,_design,_entertainment,_sports,_and_media_occupations": 0.014216057853597312, "occupation_community_and_social_service_occupations": 0.021891470434395835, "occupation_educational_instruction,_and_library_occupations": 0.05305898060491547, "occupation_legal_occupations": 0.007130390227906311, "occupation_health_diagnosing_and_treating_practitioners_and_other_technical_occupations": 0.04162083465380681, "occupation_health_technologists_and_technicians": 0.02322851724740622, "occupation_business_and_financial_operations_occupations": 0.04366185643086923, "occupation_management_occupations": 0.0782147750954248, "occupation_construction_and_extraction_occupations": 0.034101484621057394, "occupation_farming,_fishing,_and_forestry_occupations": 0.009812637447226276, "occupation_installation,_maintenance,_and_repair_occupations": 0.030832489661543856, "occupation_material_moving_occupations": 0.06947344388885936, "occupation_transportation_occupations": 0.0424898839618093, "occupation_office_and_administrative_support_occupations": 0.12115719028081734, "occupation_sales_and_related_occupations": 0.08562788043964534, "occupation_building_and_grounds_cleaning_and_maintenance_occupations": 0.0345220692389443, "occupation_food_preparation_and_serving_related_occupations": 0.05515309112311622, "occupation_healthcare_support_occupations": 0.04226149345293765, "occupation_personal_care_and_service_occupations": 0.022307611945021417, "occupation_firefighting_and_prevention,_and_other_protective_service_workers_including_supervisors": 0.00909392485119061, "occupation_law_enforcement_workers_including_supervisors": 0.007049344329661818, "sors_cohabiting_partnered_gay": 0.00614275264975703, "2020 Presidential Election-margin": 0.050742282702682155, "2016 Presidential Election-margin": 0.039736771463660954, "2016-2020 Swing-margin": 0.011005511239021201, "park_percent_1km_v2": 0.02533373559702298, "mean_dist_Hospital_updated": 4.211275925166447, "mean_dist_Active Superfund Site_updated": 15.181182168566439, "mean_dist_Airport_updated": 7.913849142039967, "mean_dist_Public School_updated": 0.9704313641335439, "lapop1share_usda_fra_1": 0.7623385825047163, "mean_high_temp_4": 62.77728165852722, "mean_high_temp_winter_4": 41.82937205700241, "mean_high_temp_spring_4": 68.63600528225292, "mean_high_temp_summer_4": 83.11011773212972, "mean_high_temp_fall_4": 56.490324658478634, "mean_high_heat_index_4": 62.28033965280339, "days_above_90_4": 0.04643084759345996, "days_below_40_4": 0.14304721960796113, "wind_speed_over_10mph_4": 0.09476899768803088, "snowfall_4": 0.10664750153741885, "rainfall_4": 1.0305840581832129, "hours_sunny_4": 4.615547605098676, "internet_no_access": 0.13176175761351608, "insurance_coverage_none": 0.0896472511238331, "insurance_coverage_govt": 0.22920871602567827, "insurance_coverage_private": 0.6811440328504886, "marriage_divorced": 0.11548296687820805}