{"population": 354651.0, "ad_1": 596.1559316364949, "population_change_2010": -0.02877384584207384, "ad_1_change_2010": -0.029082795810972492, "gpw_population": NaN, "gpw_pw_density_4": NaN, "white": 0.9110308444076007, "hispanic": 0.014755351035243098, "black": 0.02533476572743345, "asian": 0.00931056165074961, "citizenship_citizen_by_birth": 0.9838078825820448, "citizenship_citizen_by_naturalization": 0.009953844074763081, "citizenship_not_citizen": 0.0062382733431923035, "birthplace_non_us": 0.016192117417955385, "birthplace_us_not_state": 0.11971760589456165, "birthplace_us_state": 0.864090276687483, "language_english_only": 0.9752148389671227, "language_spanish": 0.007212704417345816, "education_high_school": 0.9506361419858745, "education_ugrad": 0.29743133179664993, "education_grad": 0.10719977394995898, "education_field_stem": 0.13225645012553142, "education_field_humanities": 0.10550566063249264, "education_field_business": 0.05966922103862591, "generation_silent": 0.09562361114131418, "generation_boomer": 0.2941911540416507, "generation_genx": 0.1892810728801913, "generation_millenial": 0.16240617155548692, "generation_genz": 0.16412008081943025, "generation_genalpha": 0.09437790956192663, "poverty_below_line": 0.09890562730367411, "household_income_under_50k": 0.39663124114031073, "household_income_over_100k": 0.29094844713062484, "individual_income_under_50k": 0.6700183879303069, "individual_income_over_100k": 0.08579274890575858, "housing_per_pop": 0.5786322277663634, "vacancy": 0.08888278858261373, "rent_or_own_rent": 0.2210535211734404, "rent_burden_under_20": 0.3322654292431454, "rent_burden_over_40": 0.2829638158624891, "rent_1br_under_750": 0.8054903823884813, "rent_1br_over_1500": 0.01130173020777419, "rent_2br_under_750": 0.4324322624790739, "rent_2br_over_1500": 0.024295219971079727, "year_built_1969_or_earlier": 0.5796118422116622, "year_built_2010_or_later": 0.03234388119947704, "transportation_means_car": 0.8791863120306143, "transportation_means_bike": 0.0008141026443620081, "transportation_means_walk": 0.020114910576040836, "transportation_means_transit": 0.009956938109062037, "transportation_means_worked_at_home": 0.08358746810036394, "transportation_commute_time_under_15": 0.27957919451323393, "transportation_commute_time_over_60": 0.10074458983807162, "vehicle_ownership_at_least_1": 0.9317150454777131, "GHLTH_cdc_2": 0.15816483903386136, "ARTHRITIS_cdc_2": 0.3114246887668948, "CASTHMA_cdc_2": 0.10402224607412168, "BPHIGH_cdc_2": 0.33309523288645204, "CANCER_cdc_2": 0.08361392396409455, "KIDNEY_cdc_2": 0.03196947146773499, "COPD_cdc_2": 0.07406392840784014, "CHD_cdc_2": 0.06849055533146924, "DIABETES_cdc_2": 0.09911972134296829, "OBESITY_cdc_2": 0.3251472588926186, "STROKE_cdc_2": 0.033156566830515544, "DISABILITY_cdc_2": 0.2961104680973249, "HEARING_cdc_2": 0.07794506163133319, "VISION_cdc_2": 0.04357542061761228, "COGNITION_cdc_2": 0.1262023339919192, "MOBILITY_cdc_2": 0.13826990285288468, "SELFCARE_cdc_2": 0.03550819358323136, "INDEPLIVE_cdc_2": 0.07408472855550921, "BINGE_cdc_2": 0.17192228914427132, "CSMOKING_cdc_2": 0.1629074367791732, "LPA_cdc_2": 0.24323679694817227, "SLEEP_cdc_2": 0.32312823966145493, "heating_utility_gas": 0.6573758236054907, "heating_electricity": 0.15555898179372707, "industry_agriculture,_forestry,_fishing_and_hunting": 0.0032713978566472402, "industry_mining,_quarrying,_and_oil_and_gas_extraction": 0.004723459664665827, "industry_accommodation_and_food_services": 0.06061556887149029, "industry_arts,_entertainment,_and_recreation": 0.013534458615674733, "industry_construction": 0.06646311920181891, "industry_educational_services": 0.08219468389914923, "industry_health_care_and_social_assistance": 0.1685534778515681, "industry_finance_and_insurance": 0.041167131590369915, "industry_real_estate_and_rental_and_leasing": 0.0162285775564006, "industry_information": 0.010512419357213214, "industry_manufacturing": 0.14246415143272528, "industry_other_services,_except_public_administration": 0.05289313208810257, "industry_administrative_and_support_and_waste_management_services": 0.03225022780233973, "industry_management_of_companies_and_enterprises": 0.0005856073708000029, "industry_professional,_scientific,_and_technical_services": 0.06150209663642906, "industry_public_administration": 0.027284896282887126, "industry_retail_trade": 0.1251409085283156, "industry_transportation_and_warehousing": 0.03970532581893014, "industry_utilities": 0.018885942236247188, "industry_wholesale_trade": 0.03202341733822521, "occupation_architecture_and_engineering_occupations": 0.02669521277369083, "occupation_computer_and_mathematical_occupations": 0.021860655093563053, "occupation_life,_physical,_and_social_science_occupations": 0.006474698257729729, "occupation_arts,_design,_entertainment,_sports,_and_media_occupations": 0.013459244105962071, "occupation_community_and_social_service_occupations": 0.0224861076873973, "occupation_educational_instruction,_and_library_occupations": 0.05556788233833266, "occupation_legal_occupations": 0.008044972542508222, "occupation_health_diagnosing_and_treating_practitioners_and_other_technical_occupations": 0.054783476039513036, "occupation_health_technologists_and_technicians": 0.022617925407053725, "occupation_business_and_financial_operations_occupations": 0.05226501411764494, "occupation_management_occupations": 0.09974767191733655, "occupation_construction_and_extraction_occupations": 0.0516530878984977, "occupation_farming,_fishing,_and_forestry_occupations": 0.001792308400184392, "occupation_installation,_maintenance,_and_repair_occupations": 0.03801681520601499, "occupation_material_moving_occupations": 0.039857739847017085, "occupation_transportation_occupations": 0.03678517646254825, "occupation_office_and_administrative_support_occupations": 0.11042103117392056, "occupation_sales_and_related_occupations": 0.0993174551302501, "occupation_building_and_grounds_cleaning_and_maintenance_occupations": 0.03159603153642062, "occupation_food_preparation_and_serving_related_occupations": 0.05116371599319976, "occupation_healthcare_support_occupations": 0.03797071364671902, "occupation_personal_care_and_service_occupations": 0.022599396805431323, "occupation_firefighting_and_prevention,_and_other_protective_service_workers_including_supervisors": 0.006961793135056119, "occupation_law_enforcement_workers_including_supervisors": 0.007387657983888405, "2020 Presidential Election-margin": -0.2836721917784978, "2016 Presidential Election-margin": -0.31229752405737676, "2016-2020 Swing-margin": 0.02862533227887898, "park_percent_1km_v2": 0.013657337881863508, "mean_dist_Hospital_updated": 7.005939024940718, "mean_dist_Active Superfund Site_updated": 35.083798186351515, "mean_dist_Airport_updated": 23.265362499323594, "mean_dist_Public School_updated": 2.0618775273477503, "mean_high_temp_4": 60.83919543318256, "mean_high_temp_winter_4": 40.664007414815536, "mean_high_temp_spring_4": 67.20402880128574, "mean_high_temp_summer_4": 79.72879636731048, "mean_high_temp_fall_4": 54.77052880540031, "mean_high_heat_index_4": 60.200315620687256, "days_above_90_4": 0.013446447526621766, "days_below_40_4": 0.16909795131336952, "wind_speed_over_10mph_4": 0.11213119857711676, "snowfall_4": 0.13102236575090576, "rainfall_4": 1.1405390781260716, "hours_sunny_4": 3.9609782786612344, "internet_no_access": 0.12806783314255493, "insurance_coverage_none": 0.04744998486800233, "insurance_coverage_govt": 0.1918399550092809, "insurance_coverage_private": 0.7607100601227168, "marriage_divorced": 0.10303692665288357}