{"population": 441884.0, "ad_1": 1412.9425053036582, "population_change_2010": 0.04662493279235621, "ad_1_change_2010": 0.025406589192583425, "gpw_population": NaN, "gpw_pw_density_4": NaN, "white": 0.3736048374686569, "hispanic": 0.5403341148355677, "black": 0.02315313521195608, "asian": 0.030643788867666628, "citizenship_citizen_by_birth": 0.7530983069958882, "citizenship_citizen_by_naturalization": 0.12292769031615183, "citizenship_not_citizen": 0.12397400268796005, "birthplace_non_us": 0.24690169300411186, "birthplace_us_not_state": 0.24049326250856992, "birthplace_us_state": 0.5126050444873183, "language_english_only": 0.551478178977608, "language_spanish": 0.4047386737664028, "education_high_school": 0.8192100293796573, "education_ugrad": 0.2554298787748908, "education_grad": 0.1012795152460806, "education_field_stem": 0.1024584349349739, "education_field_humanities": 0.09852918115015341, "education_field_business": 0.05444226268976351, "generation_silent": 0.11091669064934366, "generation_boomer": 0.284258539855715, "generation_genx": 0.1781399875539561, "generation_millenial": 0.17699942490530565, "generation_genz": 0.15887016225111106, "generation_genalpha": 0.0908151947845687, "poverty_below_line": 0.1586857955119337, "household_income_under_50k": 0.4516342894244343, "household_income_over_100k": 0.28192355244409306, "individual_income_under_50k": 0.6879020619825248, "individual_income_over_100k": 0.11937942975828084, "housing_per_pop": 0.6411660640606945, "vacancy": 0.24867741430583815, "rent_or_own_rent": 0.31896311797657295, "rent_burden_under_20": 0.18228204098872416, "rent_burden_over_40": 0.43432225784553263, "rent_1br_under_750": 0.253836038075192, "rent_1br_over_1500": 0.12320534112706785, "rent_2br_under_750": 0.13589983015428142, "rent_2br_over_1500": 0.2974460032907569, "year_built_1969_or_earlier": 0.15634607605400164, "year_built_2010_or_later": 0.05096803312665702, "transportation_means_car": 0.87866213452581, "transportation_means_bike": 0.0048162032374974295, "transportation_means_walk": 0.0133174177642803, "transportation_means_transit": 0.009212619620371997, "transportation_means_worked_at_home": 0.0858332359706771, "transportation_commute_time_under_15": 0.29064734850840757, "transportation_commute_time_over_60": 0.056901778361825944, "vehicle_ownership_at_least_1": 0.953046073340771, "GHLTH_cdc_2": 0.21383883586490832, "ARTHRITIS_cdc_2": 0.2584812633985092, "CASTHMA_cdc_2": 0.0940023900256683, "BPHIGH_cdc_2": 0.32647992473155624, "CANCER_cdc_2": 0.07460463860728121, "KIDNEY_cdc_2": 0.03660898296041146, "COPD_cdc_2": 0.07266875885998618, "CHD_cdc_2": 0.07063123829850379, "DIABETES_cdc_2": 0.130463642879018, "OBESITY_cdc_2": 0.36823880050389446, "STROKE_cdc_2": 0.03634846700533257, "DISABILITY_cdc_2": 0.32471817587684265, "HEARING_cdc_2": 0.08258423025071591, "VISION_cdc_2": 0.07161932289972943, "COGNITION_cdc_2": 0.1492783195941061, "MOBILITY_cdc_2": 0.16053008685549028, "SELFCARE_cdc_2": 0.05073610580520502, "INDEPLIVE_cdc_2": 0.09109141453527103, "BINGE_cdc_2": 0.1429133907739326, "CSMOKING_cdc_2": 0.13404463696551985, "LPA_cdc_2": 0.24604411286477884, "SLEEP_cdc_2": 0.33315409193232154, "heating_utility_gas": 0.5670616975470607, "heating_electricity": 0.3789073921657225, "industry_agriculture,_forestry,_fishing_and_hunting": 0.031856161988017814, "industry_mining,_quarrying,_and_oil_and_gas_extraction": 0.00010323000346410717, "industry_accommodation_and_food_services": 0.11318719152522265, "industry_arts,_entertainment,_and_recreation": 0.055547646670019345, "industry_construction": 0.0828740023178257, "industry_educational_services": 0.0650670313841379, "industry_health_care_and_social_assistance": 0.1259200563526171, "industry_finance_and_insurance": 0.022240734856567117, "industry_real_estate_and_rental_and_leasing": 0.029613664918675377, "industry_information": 0.016692572049832807, "industry_manufacturing": 0.03722299808535943, "industry_other_services,_except_public_administration": 0.06753232729849777, "industry_administrative_and_support_and_waste_management_services": 0.0787111589834771, "industry_management_of_companies_and_enterprises": 0.0006776704320904909, "industry_professional,_scientific,_and_technical_services": 0.04933393487489701, "industry_public_administration": 0.03207194077210172, "industry_retail_trade": 0.12381494104539528, "industry_transportation_and_warehousing": 0.03816596928429189, "industry_utilities": 0.008563291021073364, "industry_wholesale_trade": 0.02080347613643612, "occupation_architecture_and_engineering_occupations": 0.008010845378545555, "occupation_computer_and_mathematical_occupations": 0.010321892189785393, "occupation_life,_physical,_and_social_science_occupations": 0.00527138721355636, "occupation_arts,_design,_entertainment,_sports,_and_media_occupations": 0.02318810020396731, "occupation_community_and_social_service_occupations": 0.016668449671699875, "occupation_educational_instruction,_and_library_occupations": 0.045584720499785535, "occupation_legal_occupations": 0.007887566010435085, "occupation_health_diagnosing_and_treating_practitioners_and_other_technical_occupations": 0.03089279092618421, "occupation_health_technologists_and_technicians": 0.01564262650855233, "occupation_business_and_financial_operations_occupations": 0.03725787439367897, "occupation_management_occupations": 0.09659944060610103, "occupation_construction_and_extraction_occupations": 0.06106046298957142, "occupation_farming,_fishing,_and_forestry_occupations": 0.025807343858474274, "occupation_installation,_maintenance,_and_repair_occupations": 0.04196656452563554, "occupation_material_moving_occupations": 0.03167895672700779, "occupation_transportation_occupations": 0.03144538185239339, "occupation_office_and_administrative_support_occupations": 0.0987889953145469, "occupation_sales_and_related_occupations": 0.11986812751123367, "occupation_building_and_grounds_cleaning_and_maintenance_occupations": 0.08040621535885788, "occupation_food_preparation_and_serving_related_occupations": 0.08575155447078173, "occupation_healthcare_support_occupations": 0.03980279856435677, "occupation_personal_care_and_service_occupations": 0.036185614131528425, "occupation_firefighting_and_prevention,_and_other_protective_service_workers_including_supervisors": 0.014513953005181539, "occupation_law_enforcement_workers_including_supervisors": 0.009650750778746995, "2020 Presidential Election-margin": 0.25037232367642753, "2016 Presidential Election-margin": 0.2020472302962538, "2016-2020 Swing-margin": 0.04832509338017374, "park_percent_1km_v2": 0.010097571419870709, "mean_dist_Hospital_updated": 6.643413573102061, "mean_dist_Active Superfund Site_updated": 86.34573074258078, "mean_dist_Airport_updated": 20.13325352674997, "mean_dist_Public School_updated": 1.455806856472024, "mean_high_temp_4": 79.47384904841708, "mean_high_temp_winter_4": 64.47529534046492, "mean_high_temp_spring_4": 82.28036679428769, "mean_high_temp_summer_4": 96.49910335871294, "mean_high_temp_fall_4": 73.80029379521116, "mean_high_heat_index_4": 77.52942022913477, "days_above_90_4": 0.31119136081867776, "days_below_40_4": 0.00022669402304810598, "wind_speed_over_10mph_4": 0.0005872935504072449, "snowfall_4": 0.001541960876152094, "rainfall_4": 0.14921812296381518, "hours_sunny_4": 9.174944212049192, "internet_no_access": 0.08643814797764743, "insurance_coverage_none": 0.11519502316236044, "insurance_coverage_govt": 0.3579734728730783, "insurance_coverage_private": 0.5268315039645614, "marriage_divorced": 0.1030104143052892}