{"population": 753677.0, "ad_1": 5954.6071708955105, "population_change_2010": 0.0557622536316136, "ad_1_change_2010": 0.11257120659017368, "population_change_2000": 0.04630277486242302, "ad_1_change_2000": 0.0840966284522561, "gpw_population": NaN, "gpw_pw_density_4": NaN, "white": 0.7133281233207329, "hispanic": 0.11718547865995646, "black": 0.02447334866262338, "asian": 0.10675130062347664, "homogeneity_250_2020": 0.5738843575200769, "homogeneity_250_diff_2010": -0.07209667988061874, "homogeneity_250_diff_2000": -0.11209251864450609, "citizenship_citizen_by_birth": 0.8004922931008694, "citizenship_citizen_by_naturalization": 0.12398590377685571, "citizenship_not_citizen": 0.07552180312227484, "birthplace_non_us": 0.19950770689913172, "birthplace_us_not_state": 0.24409874286529648, "birthplace_us_state": 0.5563935502355718, "language_english_only": 0.7220813571284334, "language_spanish": 0.07979547247981927, "education_high_school": 0.9509298772577688, "education_ugrad": 0.6318051679023929, "education_grad": 0.2653447053033284, "education_field_stem": 0.27384921106454313, "education_field_humanities": 0.21125497022832576, "education_field_business": 0.14670098660952222, "generation_silent": 0.06403117964738606, "generation_boomer": 0.2061395201071231, "generation_genx": 0.18942343789594618, "generation_millenial": 0.2721464156392632, "generation_genz": 0.15629608429958175, "generation_genalpha": 0.11196336241069972, "poverty_below_line": 0.06974304265907857, "household_income_under_50k": 0.23428149630282968, "household_income_over_100k": 0.5113370405422433, "individual_income_under_50k": 0.4446606727076458, "individual_income_over_100k": 0.25557434776461085, "housing_per_pop": 0.5811681273920795, "vacancy": 0.06647646616750633, "rent_or_own_rent": 0.3981323975743188, "rent_burden_under_20": 0.3190146716861951, "rent_burden_over_40": 0.23933405745892913, "rent_1br_under_750": 0.09049626166173369, "rent_1br_over_1500": 0.43981891983741106, "rent_2br_under_750": 0.02622953972925361, "rent_2br_over_1500": 0.606924923786746, "year_built_1969_or_earlier": 0.5890942231507668, "year_built_2010_or_later": 0.034281256222970145, "transportation_means_car": 0.5616064912017821, "transportation_means_bike": 0.01332250548421697, "transportation_means_walk": 0.04145751915794835, "transportation_means_transit": 0.21104862642391722, "transportation_means_worked_at_home": 0.1635258964251841, "transportation_commute_time_under_15": 0.1286341672590274, "transportation_commute_time_over_60": 0.10883048677876073, "vehicle_ownership_at_least_1": 0.8132046517752772, "traffic_fatalities_last_decade_per_capita": 3.317070840691702e-05, "traffic_fatalities_ped_last_decade_per_capita": 1.0216578189330444e-05, "GHLTH_cdc_2": 0.09879393811720891, "ARTHRITIS_cdc_2": 0.1697849482254856, "CASTHMA_cdc_2": 0.08472133390879633, "BPHIGH_cdc_2": 0.22782619828114814, "CANCER_cdc_2": 0.059450458828727785, "KIDNEY_cdc_2": 0.022702968770873435, "COPD_cdc_2": 0.04115480288690441, "CHD_cdc_2": 0.04035428634063978, "DIABETES_cdc_2": 0.06979989484104539, "OBESITY_cdc_2": 0.25563345082362915, "STROKE_cdc_2": 0.02105832554060963, "DISABILITY_cdc_2": 0.2231363932191322, "HEARING_cdc_2": 0.05539844967613102, "VISION_cdc_2": 0.029514581813324, "COGNITION_cdc_2": 0.10144662754890522, "MOBILITY_cdc_2": 0.0979411366758124, "SELFCARE_cdc_2": 0.022065392085332976, "INDEPLIVE_cdc_2": 0.05303023919380423, "BINGE_cdc_2": 0.19954890062650016, "CSMOKING_cdc_2": 0.09640510003802148, "LPA_cdc_2": 0.18740086798954594, "SLEEP_cdc_2": 0.2896043950962364, "heating_utility_gas": 0.7744328534186362, "heating_electricity": 0.17958088855026846, "industry_agriculture,_forestry,_fishing_and_hunting": 0.0012528408131488875, "industry_mining,_quarrying,_and_oil_and_gas_extraction": 0.0003977765759238685, "industry_accommodation_and_food_services": 0.046687224002308944, "industry_arts,_entertainment,_and_recreation": 0.027160782624128528, "industry_construction": 0.03767523197260638, "industry_educational_services": 0.09702894450478836, "industry_health_care_and_social_assistance": 0.12426196864379738, "industry_finance_and_insurance": 0.08989360302445577, "industry_real_estate_and_rental_and_leasing": 0.028643343666002966, "industry_information": 0.02966302303654385, "industry_manufacturing": 0.0799668091796071, "industry_other_services,_except_public_administration": 0.04327109794416123, "industry_administrative_and_support_and_waste_management_services": 0.02928653584707719, "industry_management_of_companies_and_enterprises": 0.0032821707902688595, "industry_professional,_scientific,_and_technical_services": 0.1764592215084015, "industry_public_administration": 0.03128848865636578, "industry_retail_trade": 0.07625553655583556, "industry_transportation_and_warehousing": 0.04547358274000539, "industry_utilities": 0.004134977378883424, "industry_wholesale_trade": 0.027916840535688922, "occupation_architecture_and_engineering_occupations": 0.022948101232204362, "occupation_computer_and_mathematical_occupations": 0.05689182881619249, "occupation_life,_physical,_and_social_science_occupations": 0.012341453539355965, "occupation_arts,_design,_entertainment,_sports,_and_media_occupations": 0.03676441445391778, "occupation_community_and_social_service_occupations": 0.016178894955706388, "occupation_educational_instruction,_and_library_occupations": 0.06428499406892056, "occupation_legal_occupations": 0.032870871354962056, "occupation_health_diagnosing_and_treating_practitioners_and_other_technical_occupations": 0.05850347251870051, "occupation_health_technologists_and_technicians": 0.011666340434901197, "occupation_business_and_financial_operations_occupations": 0.12053285213198353, "occupation_management_occupations": 0.16225104153350026, "occupation_construction_and_extraction_occupations": 0.021651610549395826, "occupation_farming,_fishing,_and_forestry_occupations": 0.0004723897427077253, "occupation_installation,_maintenance,_and_repair_occupations": 0.012942084882230148, "occupation_material_moving_occupations": 0.01776145667244773, "occupation_transportation_occupations": 0.02488388753027248, "occupation_office_and_administrative_support_occupations": 0.08865280917896988, "occupation_sales_and_related_occupations": 0.10640866651780566, "occupation_building_and_grounds_cleaning_and_maintenance_occupations": 0.012711281755343652, "occupation_food_preparation_and_serving_related_occupations": 0.03215174192731577, "occupation_healthcare_support_occupations": 0.018490968047002607, "occupation_personal_care_and_service_occupations": 0.026127821498025457, "occupation_firefighting_and_prevention,_and_other_protective_service_workers_including_supervisors": 0.00824624303243664, "occupation_law_enforcement_workers_including_supervisors": 0.009709881307682347, "sors_cohabiting_partnered_gay": 0.010903674929753965, "2020 Presidential Election-margin": 0.39758822783262887, "2016 Presidential Election-margin": 0.3822486766085912, "2016-2020 Swing-margin": 0.015339551224037684, "park_percent_1km_v2": 0.05574783731441088, "mean_dist_Hospital_updated": 2.65376065984879, "mean_dist_Active Superfund Site_updated": 28.518442237124386, "mean_dist_Airport_updated": 15.62600489865007, "mean_dist_Public School_updated": 0.5901436274324197, "lapop1share_usda_fra_1": 0.9260829092162439, "mean_high_temp_4": 57.40067614210789, "mean_high_temp_winter_4": 34.92892881054121, "mean_high_temp_spring_4": 62.20036751776856, "mean_high_temp_summer_4": 79.34627104564987, "mean_high_temp_fall_4": 52.04813029248244, "mean_high_heat_index_4": 56.63160868955365, "days_above_90_4": 0.013052790683827442, "days_below_40_4": 0.24310198561603255, "wind_speed_over_10mph_4": 0.4311885272620361, "snowfall_4": 0.1111526447929909, "rainfall_4": 0.8784318464596512, "hours_sunny_4": 4.663101158076765, "internet_no_access": 0.06689258201316536, "insurance_coverage_none": 0.06729871923356302, "insurance_coverage_govt": 0.07007871791434306,