{"population": 745672.0, "ad_1": 471.9050453115713, "population_change_2010": 0.0821488797880029, "ad_1_change_2010": 0.04324134700249434, "gpw_population": NaN, "gpw_pw_density_4": NaN, "white": 0.5560085399478591, "hispanic": 0.12837413769056635, "black": 0.22515931937902992, "asian": 0.01924036305506979, "citizenship_citizen_by_birth": 0.9327246884468896, "citizenship_citizen_by_naturalization": 0.029140268064277802, "citizenship_not_citizen": 0.038135043488832704, "birthplace_non_us": 0.0672753115531105, "birthplace_us_not_state": 0.40720826729849724, "birthplace_us_state": 0.5255164211483923, "language_english_only": 0.8774091299082037, "language_spanish": 0.09312583029991388, "education_high_school": 0.8932224628598902, "education_ugrad": 0.2600918725059068, "education_grad": 0.096356189506813, "education_field_stem": 0.10834485420095828, "education_field_humanities": 0.10264676094097339, "education_field_business": 0.04910025736397514, "generation_silent": 0.0648277114615347, "generation_boomer": 0.21376926950448083, "generation_genx": 0.17625443413776526, "generation_millenial": 0.20816696442544944, "generation_genz": 0.20166861207461684, "generation_genalpha": 0.13531300839615298, "poverty_below_line": 0.15518087700428515, "household_income_under_50k": 0.44790667454496624, "household_income_over_100k": 0.2314658498163431, "individual_income_under_50k": 0.7189240862234998, "individual_income_over_100k": 0.07295602141542423, "housing_per_pop": 0.559613949397869, "vacancy": 0.09237988798832925, "rent_or_own_rent": 0.3590107334759958, "rent_burden_under_20": 0.28446657276666065, "rent_burden_over_40": 0.3250161575245608, "rent_1br_under_750": 0.5569465539772149, "rent_1br_over_1500": 0.01907497871788605, "rent_2br_under_750": 0.36030133423184985, "rent_2br_over_1500": 0.03723912847346604, "year_built_1969_or_earlier": 0.2146142471389017, "year_built_2010_or_later": 0.1109799018953346, "transportation_means_car": 0.8883545625280262, "transportation_means_bike": 0.0025456206973938876, "transportation_means_walk": 0.028590578040188618, "transportation_means_transit": 0.0039079057462161, "transportation_means_worked_at_home": 0.06372043422219638, "transportation_commute_time_under_15": 0.2799144948939494, "transportation_commute_time_over_60": 0.06791509163406369, "vehicle_ownership_at_least_1": 0.9485798837999848, "GHLTH_cdc_2": 0.17097101882282642, "ARTHRITIS_cdc_2": 0.2634760735884833, "CASTHMA_cdc_2": 0.10323808268452286, "BPHIGH_cdc_2": 0.3471313106459594, "CANCER_cdc_2": 0.06372285199310279, "KIDNEY_cdc_2": 0.03157397415693695, "COPD_cdc_2": 0.07313851834927776, "CHD_cdc_2": 0.06122153874994874, "DIABETES_cdc_2": 0.11794594905983508, "OBESITY_cdc_2": 0.380589567088662, "STROKE_cdc_2": 0.03396923007824781, "DISABILITY_cdc_2": 0.31836243167718237, "HEARING_cdc_2": 0.07347622395238346, "VISION_cdc_2": 0.05991814345497187, "COGNITION_cdc_2": 0.15060424221476262, "MOBILITY_cdc_2": 0.1497567756512026, "SELFCARE_cdc_2": 0.04520729909332521, "INDEPLIVE_cdc_2": 0.0884443839083288, "BINGE_cdc_2": 0.1667428835890496, "CSMOKING_cdc_2": 0.17686861319570155, "LPA_cdc_2": 0.243651374462742, "SLEEP_cdc_2": 0.3572035770986016, "heating_utility_gas": 0.1541503213674757, "heating_electricity": 0.7341551761620547, "industry_agriculture,_forestry,_fishing_and_hunting": 0.013208188307561604, "industry_mining,_quarrying,_and_oil_and_gas_extraction": 0.0010127980884042471, "industry_accommodation_and_food_services": 0.079204651945634, "industry_arts,_entertainment,_and_recreation": 0.01749651104357987, "industry_construction": 0.06825891881835894, "industry_educational_services": 0.09046680025154882, "industry_health_care_and_social_assistance": 0.13785303683598438, "industry_finance_and_insurance": 0.02604921313965579, "industry_real_estate_and_rental_and_leasing": 0.01559593188443465, "industry_information": 0.011438776592610334, "industry_manufacturing": 0.14675270377470456, "industry_other_services,_except_public_administration": 0.047946566834201745, "industry_administrative_and_support_and_waste_management_services": 0.041454496781105826, "industry_management_of_companies_and_enterprises": 0.0009324772461199403, "industry_professional,_scientific,_and_technical_services": 0.05189367362826333, "industry_public_administration": 0.06090263937358758, "industry_retail_trade": 0.12087244024544942, "industry_transportation_and_warehousing": 0.04215950751351899, "industry_utilities": 0.00826340635517249, "industry_wholesale_trade": 0.01823726134010369, "occupation_architecture_and_engineering_occupations": 0.013126921807328586, "occupation_computer_and_mathematical_occupations": 0.021012786082221648, "occupation_life,_physical,_and_social_science_occupations": 0.007530924569958349, "occupation_arts,_design,_entertainment,_sports,_and_media_occupations": 0.013987559583552783, "occupation_community_and_social_service_occupations": 0.018761922132664744, "occupation_educational_instruction,_and_library_occupations": 0.06290791496562273, "occupation_legal_occupations": 0.0062768205064468365, "occupation_health_diagnosing_and_treating_practitioners_and_other_technical_occupations": 0.03998680984115381, "occupation_health_technologists_and_technicians": 0.025552206557748196, "occupation_business_and_financial_operations_occupations": 0.04262533451755576, "occupation_management_occupations": 0.09222478360463543, "occupation_construction_and_extraction_occupations": 0.04757187528136519, "occupation_farming,_fishing,_and_forestry_occupations": 0.005923947652948088, "occupation_installation,_maintenance,_and_repair_occupations": 0.03875472739230093, "occupation_material_moving_occupations": 0.043545060004123795, "occupation_transportation_occupations": 0.04131167508660266, "occupation_office_and_administrative_support_occupations": 0.10736776615545088, "occupation_sales_and_related_occupations": 0.0995549482091071, "occupation_building_and_grounds_cleaning_and_maintenance_occupations": 0.03840847736110039, "occupation_food_preparation_and_serving_related_occupations": 0.059984453989982194, "occupation_healthcare_support_occupations": 0.030522035574488578, "occupation_personal_care_and_service_occupations": 0.02945564065400285, "occupation_firefighting_and_prevention,_and_other_protective_service_workers_including_supervisors": 0.01126630737502565, "occupation_law_enforcement_workers_including_supervisors": 0.011493077528147117, "2020 Presidential Election-margin": -0.07962673910034512, "2016 Presidential Election-margin": -0.08242239398316795, "2016-2020 Swing-margin": 0.0027956548828228234, "park_percent_1km_v2": 0.0053683454432847545, "mean_dist_Hospital_updated": 8.914773766847887, "mean_dist_Active Superfund Site_updated": 27.81970468890655, "mean_dist_Airport_updated": 36.31787371285244, "mean_dist_Public School_updated": 2.5695952332450296, "mean_high_temp_4": 71.96734439400937, "mean_high_temp_winter_4": 56.225731536865375, "mean_high_temp_spring_4": 77.45970096231734, "mean_high_temp_summer_4": 87.05929431574744, "mean_high_temp_fall_4": 66.31457159764041, "mean_high_heat_index_4": 73.48263751105975, "days_above_90_4": 0.10114041069342838, "days_below_40_4": 0.022135278949846255, "wind_speed_over_10mph_4": 0.09916456377488207, "snowfall_4": 0.01657409724420189, "rainfall_4": 1.1419508895845465, "hours_sunny_4": 5.36138537257373, "internet_no_access": 0.11847899134991204, "insurance_coverage_none": 0.1781360871992573, "insurance_coverage_govt": 0.1849288295574309, "insurance_coverage_private": 0.6369350832433118, "marriage_divorced": 0.11405742789442119}