{"population": 1686744.0, "ad_1": 1294.2429799207598, "population_change_2010": 0.06095671683755464, "ad_1_change_2010": 0.03214046595996409, "population_change_2000": 0.12081449797897174, "ad_1_change_2000": -0.05363555681504766, "gpw_population": NaN, "gpw_pw_density_4": NaN, "white": 0.7135475211413231, "hispanic": 0.04779029894281527, "black": 0.15205034077488938, "asian": 0.03614241402370484, "homogeneity_250_2020": 0.6586173125405256, "homogeneity_250_diff_2010": -0.09739029660516885, "homogeneity_250_diff_2000": -0.16318831078014717, "citizenship_citizen_by_birth": 0.9384977330749876, "citizenship_citizen_by_naturalization": 0.027772708630716927, "citizenship_not_citizen": 0.03372955829429554, "birthplace_non_us": 0.06150226692501309, "birthplace_us_not_state": 0.27632557114013945, "birthplace_us_state": 0.6621721619348475, "language_english_only": 0.9211276599137739, "language_spanish": 0.0271328582012633, "education_high_school": 0.9267712303292043, "education_ugrad": 0.37610617732881124, "education_grad": 0.14288386269973255, "education_field_stem": 0.1624266819693544, "education_field_humanities": 0.1302516145518192, "education_field_business": 0.08342788080763933, "generation_silent": 0.05799114934238296, "generation_boomer": 0.22411879322760692, "generation_genx": 0.18373398168302088, "generation_millenial": 0.2088030787993172, "generation_genz": 0.196189672164489, "generation_genalpha": 0.12916332478318307, "poverty_below_line": 0.11767072151837633, "household_income_under_50k": 0.3613578970179063, "household_income_over_100k": 0.3425960954403061, "individual_income_under_50k": 0.6272171086096822, "individual_income_over_100k": 0.1228403766935868, "housing_per_pop": 0.562579553556653, "vacancy": 0.06872970795956575, "rent_or_own_rent": 0.35285338965236485, "rent_burden_under_20": 0.31441760594882573, "rent_burden_over_40": 0.2992226964357861, "rent_1br_under_750": 0.5317415893569237, "rent_1br_over_1500": 0.04656599056556815, "rent_2br_under_750": 0.20198062378674053, "rent_2br_over_1500": 0.10128475150273981, "year_built_1969_or_earlier": 0.4685150336106257, "year_built_2010_or_later": 0.05138992168553626, "transportation_means_car": 0.8553225392403723, "transportation_means_bike": 0.0020848810905389798, "transportation_means_walk": 0.019953399280737184, "transportation_means_transit": 0.01794730696417983, "transportation_means_worked_at_home": 0.09683624548277608, "transportation_commute_time_under_15": 0.23986458395667817, "transportation_commute_time_over_60": 0.04231983230271167, "vehicle_ownership_at_least_1": 0.9229564331318607, "GHLTH_cdc_2": 0.16296785878893685, "ARTHRITIS_cdc_2": 0.2536714901612483, "CASTHMA_cdc_2": 0.10553858375134174, "BPHIGH_cdc_2": 0.3388058776825692, "CANCER_cdc_2": 0.06420668358884841, "KIDNEY_cdc_2": 0.028523828988403385, "COPD_cdc_2": 0.07148431249852816, "CHD_cdc_2": 0.05742211675295962, "DIABETES_cdc_2": 0.10861402371123995, "OBESITY_cdc_2": 0.3673072553432708, "STROKE_cdc_2": 0.029842398307109125, "DISABILITY_cdc_2": 0.2869939149113707, "HEARING_cdc_2": 0.05967777374067685, "VISION_cdc_2": 0.047122362847905594, "COGNITION_cdc_2": 0.13779768236762513, "MOBILITY_cdc_2": 0.13525194033164928, "SELFCARE_cdc_2": 0.0367201918968655, "INDEPLIVE_cdc_2": 0.0804566020057662, "BINGE_cdc_2": 0.18739081492247195, "CSMOKING_cdc_2": 0.1775640679511373, "LPA_cdc_2": 0.2574058060240259, "SLEEP_cdc_2": 0.3650034147145607, "heating_utility_gas": 0.5846693461579868, "heating_electricity": 0.3689823349597354, "industry_agriculture,_forestry,_fishing_and_hunting": 0.0018366533006292955, "industry_mining,_quarrying,_and_oil_and_gas_extraction": 0.0007496798793202664, "industry_accommodation_and_food_services": 0.0700037673015679, "industry_arts,_entertainment,_and_recreation": 0.019521014973561752, "industry_construction": 0.050390703736457085, "industry_educational_services": 0.07932169640795243, "industry_health_care_and_social_assistance": 0.15281738202634917, "industry_finance_and_insurance": 0.06519008228470637, "industry_real_estate_and_rental_and_leasing": 0.017121464412719993, "industry_information": 0.01584782117840705, "industry_manufacturing": 0.12913238939570842, "industry_other_services,_except_public_administration": 0.04024018784604981, "industry_administrative_and_support_and_waste_management_services": 0.03963260794643335, "industry_management_of_companies_and_enterprises": 0.001776718605479382, "industry_professional,_scientific,_and_technical_services": 0.08703373472561701, "industry_public_administration": 0.03167442648161065, "industry_retail_trade": 0.11085392283102459, "industry_transportation_and_warehousing": 0.05364212496332931, "industry_utilities": 0.004596323306848213, "industry_wholesale_trade": 0.028617298396227987, "occupation_architecture_and_engineering_occupations": 0.02459601415591863, "occupation_computer_and_mathematical_occupations": 0.04004102360278983, "occupation_life,_physical,_and_social_science_occupations": 0.01238078960693467, "occupation_arts,_design,_entertainment,_sports,_and_media_occupations": 0.019993529051809858, "occupation_community_and_social_service_occupations": 0.019100363555530058, "occupation_educational_instruction,_and_library_occupations": 0.057376855549590655, "occupation_legal_occupations": 0.01090027566099604, "occupation_health_diagnosing_and_treating_practitioners_and_other_technical_occupations": 0.052133268787212896, "occupation_health_technologists_and_technicians": 0.020638067976498895, "occupation_business_and_financial_operations_occupations": 0.06953891534283717, "occupation_management_occupations": 0.11491078046590025, "occupation_construction_and_extraction_occupations": 0.03500485399777767, "occupation_farming,_fishing,_and_forestry_occupations": 0.001171866472941629, "occupation_installation,_maintenance,_and_repair_occupations": 0.022489737857857676, "occupation_material_moving_occupations": 0.04284023711864623, "occupation_transportation_occupations": 0.03181993204539129, "occupation_office_and_administrative_support_occupations": 0.11782773764863023, "occupation_sales_and_related_occupations": 0.09919302875172106, "occupation_building_and_grounds_cleaning_and_maintenance_occupations": 0.02865183661026188, "occupation_food_preparation_and_serving_related_occupations": 0.05565126960564438, "occupation_healthcare_support_occupations": 0.02776203646274114, "occupation_personal_care_and_service_occupations": 0.02118413599210301, "occupation_firefighting_and_prevention,_and_other_protective_service_workers_including_supervisors": 0.011771910428760874, "occupation_law_enforcement_workers_including_supervisors": 0.00694654939630012, "sors_cohabiting_partnered_gay": 0.004889267908831098, "2020 Presidential Election-margin": -0.024975273644597725, "2016 Presidential Election-margin": -0.0817550498577125, "2016-2020 Swing-margin": 0.056779776213114766, "park_percent_1km_v2": 0.03354990299559205, "mean_dist_Hospital_updated": 3.897884337820182, "mean_dist_Active Superfund Site_updated": 13.183928058065964, "mean_dist_Airport_updated": 25.960387960731385, "mean_dist_Public School_updated": 1.1397732344578022, "lapop1share_usda_fra_1": 0.5808770379514707, "mean_high_temp_4": 64.39288439710523, "mean_high_temp_winter_4": 43.79559468224476, "mean_high_temp_spring_4": 71.27896396907073, "mean_high_temp_summer_4": 83.53532278574085, "mean_high_temp_fall_4": 57.943954101758806, "mean_high_heat_index_4": 64.30595561296242, "days_above_90_4": 0.03936596313405138, "days_below_40_4": 0.13292218074204373, "wind_speed_over_10mph_4": 0.12315180216237973, "snowfall_4": 0.06524188401780966, "rainfall_4": 1.052916261239467, "hours_sunny_4": 4.692882246959805, "internet_no_access": 0.08151769923772653, "insurance_coverage_none": 0.07030621745233812, "insurance_coverage_govt": 0.17254500454668087, "insurance_coverage_private": 0.757148778000981, "marriage_divorced": 0.11530523561724569}