{"population": 7168976.0, "ad_1": 2263.387246832984, "population_change_2010": 0.12193497419024475, "ad_1_change_2010": 0.1280222326525506, "population_change_2000": 0.3079344946847765, "ad_1_change_2000": 0.1709745628890184, "gpw_population": NaN, "gpw_pw_density_4": NaN, "white": 0.4629976442939689, "hispanic": 0.15950562535011975, "black": 0.22323453168207008, "asian": 0.098614641756368, "homogeneity_250_2020": 0.48868773976570357, "homogeneity_250_diff_2010": -0.07004261966876713, "homogeneity_250_diff_2000": -0.13926322481085973, "citizenship_citizen_by_birth": 0.7914400928375035, "citizenship_citizen_by_naturalization": 0.1129101382358281, "citizenship_not_citizen": 0.09564976892666839, "birthplace_non_us": 0.2085599071624963, "birthplace_us_not_state": 0.44657629703377294, "birthplace_us_state": 0.34486379580373067, "language_english_only": 0.7329065603933191, "language_spanish": 0.12353113497623318, "education_high_school": 0.9148367682418306, "education_ugrad": 0.4801216497514533, "education_grad": 0.23612101536342345, "education_field_stem": 0.2485667597975478, "education_field_humanities": 0.14641955806445742, "education_field_business": 0.08513533188944696, "generation_silent": 0.053238164081502184, "generation_boomer": 0.2084126701799069, "generation_genx": 0.20497270665118125, "generation_millenial": 0.21842161198260965, "generation_genz": 0.190206782473509, "generation_genalpha": 0.12474806463129107, "poverty_below_line": 0.08092290926980497, "household_income_under_50k": 0.22282323766092715, "household_income_over_100k": 0.5233767864021699, "individual_income_under_50k": 0.4993447376156254, "individual_income_over_100k": 0.23729485298545863, "housing_per_pop": 0.5121100554578187, "vacancy": 0.06248991085681488, "rent_or_own_rent": 0.35446126381628773, "rent_burden_under_20": 0.26351780542674635, "rent_burden_over_40": 0.30878209759804404, "rent_1br_under_750": 0.1187642165524679, "rent_1br_over_1500": 0.5412399392046026, "rent_2br_under_750": 0.06953834834679869, "rent_2br_over_1500": 0.6717033923991799, "year_built_1969_or_earlier": 0.33776912540008514, "year_built_2010_or_later": 0.08959002120503468, "transportation_means_car": 0.7150787486794411, "transportation_means_bike": 0.00786063151705335, "transportation_means_walk": 0.027815422322399568, "transportation_means_transit": 0.09207724187083116, "transportation_means_worked_at_home": 0.14662475436345412, "transportation_commute_time_under_15": 0.15404326535264568, "transportation_commute_time_over_60": 0.16216306061484484, "vehicle_ownership_at_least_1": 0.903863312967436, "GHLTH_cdc_2": 0.132613202671474, "ARTHRITIS_cdc_2": 0.21634185600618236, "CASTHMA_cdc_2": 0.10000249971494203, "BPHIGH_cdc_2": 0.30081000532407154, "CANCER_cdc_2": 0.0570548784502524, "KIDNEY_cdc_2": 0.025344379555946463, "COPD_cdc_2": 0.048476611139974805, "CHD_cdc_2": 0.04218699791104351, "DIABETES_cdc_2": 0.09003591528281246, "OBESITY_cdc_2": 0.31645408651595064, "STROKE_cdc_2": 0.02513404685934954, "DISABILITY_cdc_2": 0.22029493689176796, "HEARING_cdc_2": 0.04502944064395783, "VISION_cdc_2": 0.04010965358150201, "COGNITION_cdc_2": 0.1070686501400251, "MOBILITY_cdc_2": 0.09856486538751606, "SELFCARE_cdc_2": 0.029233750833432822, "INDEPLIVE_cdc_2": 0.06051895651689046, "BINGE_cdc_2": 0.1602979779764904, "CSMOKING_cdc_2": 0.11901547878079925, "LPA_cdc_2": 0.192214605489851, "SLEEP_cdc_2": 0.3380819396828046, "heating_utility_gas": 0.45273951565194187, "heating_electricity": 0.447949409816179, "industry_agriculture,_forestry,_fishing_and_hunting": 0.0037103465000657876, "industry_mining,_quarrying,_and_oil_and_gas_extraction": 0.0006303960838626421, "industry_accommodation_and_food_services": 0.059857513128445436, "industry_arts,_entertainment,_and_recreation": 0.01981655076674765, "industry_construction": 0.06765239545037222, "industry_educational_services": 0.0899574031822702, "industry_health_care_and_social_assistance": 0.10677655943850034, "industry_finance_and_insurance": 0.03771971278550201, "industry_real_estate_and_rental_and_leasing": 0.021931820465861316, "industry_information": 0.023573640012864442, "industry_manufacturing": 0.035627963764412275, "industry_other_services,_except_public_administration": 0.06167866959235679, "industry_administrative_and_support_and_waste_management_services": 0.04335408019693714, "industry_management_of_companies_and_enterprises": 0.0014130798666614245, "industry_professional,_scientific,_and_technical_services": 0.1633409839745532, "industry_public_administration": 0.12687537304907331, "industry_retail_trade": 0.08089768869347531, "industry_transportation_and_warehousing": 0.03771078130169049, "industry_utilities": 0.005160339324193183, "industry_wholesale_trade": 0.01231470242215499, "occupation_architecture_and_engineering_occupations": 0.022888130982416995, "occupation_computer_and_mathematical_occupations": 0.0800338727533145, "occupation_life,_physical,_and_social_science_occupations": 0.02140591051259258, "occupation_arts,_design,_entertainment,_sports,_and_media_occupations": 0.027548395909773045, "occupation_community_and_social_service_occupations": 0.01716974587602807, "occupation_educational_instruction,_and_library_occupations": 0.06248292666317845, "occupation_legal_occupations": 0.027748665084712826, "occupation_health_diagnosing_and_treating_practitioners_and_other_technical_occupations": 0.03371560391384747, "occupation_health_technologists_and_technicians": 0.013476705392888574, "occupation_business_and_financial_operations_occupations": 0.08942682163454795, "occupation_management_occupations": 0.13597223548748855, "occupation_construction_and_extraction_occupations": 0.04534092881664654, "occupation_farming,_fishing,_and_forestry_occupations": 0.0016486010373428378, "occupation_installation,_maintenance,_and_repair_occupations": 0.02264959954561965, "occupation_material_moving_occupations": 0.02204299426030597, "occupation_transportation_occupations": 0.031007268236887472, "occupation_office_and_administrative_support_occupations": 0.0953001729411251, "occupation_sales_and_related_occupations": 0.07559939634172265, "occupation_building_and_grounds_cleaning_and_maintenance_occupations": 0.03243738112803102, "occupation_food_preparation_and_serving_related_occupations": 0.04299670805530082, "occupation_healthcare_support_occupations": 0.02223554224390709, "occupation_personal_care_and_service_occupations": 0.027178108195775843, "occupation_firefighting_and_prevention,_and_other_protective_service_workers_including_supervisors": 0.015972797659744156, "occupation_law_enforcement_workers_including_supervisors": 0.01185359731722308, "sors_cohabiting_partnered_gay": 0.007551832446555288, "2020 Presidential Election-margin": 0.38889777734726383, "2016 Presidential Election-margin": 0.34336498755785655, "2016-2020 Swing-margin": 0.04553278978940728, "park_percent_1km_v2": 0.035801541641558916, "mean_dist_Hospital_updated": 5.764621817166646, "mean_dist_Active Superfund Site_updated": 15.02251700771293, "mean_dist_Airport_updated": 27.955521354615232, "mean_dist_Public School_updated": 1.2984601803172675, "lapop1share_usda_fra_1": 0.6837370322199017, "mean_high_temp_4": 66.06212531929087, "mean_high_temp_winter_4": 46.66570704453735, "mean_high_temp_spring_4": 71.7442844973216, "mean_high_temp_summer_4": 84.94706013239553, "mean_high_temp_fall_4": 59.91305348886686, "mean_high_heat_index_4": 66.26393690460849, "days_above_90_4": 0.07182615239988126, "days_below_40_4": 0.08906610070820495, "wind_speed_over_10mph_4": 0.09517052563396744, "snowfall_4": 0.06299161267821576, "rainfall_4": 0.9991293199679894, "hours_sunny_4": 4.962217299467494, "internet_no_access": 0.06357176842151459, "insurance_coverage_none": 0.09265352540402526, "insurance_coverage_govt": 0.11829116630499183, "insurance_coverage_private": 0.7890553082909829, "marriage_divorced": 0.09101966879341396}