{"population": 561865.0, "ad_1": 925.5440636170694, "population_change_2010": 0.2091257125764224, "ad_1_change_2010": 0.11268413548277828, "population_change_2000": 0.6301061854473715, "ad_1_change_2000": 0.10371132467235508, "gpw_population": NaN, "gpw_pw_density_4": NaN, "white": 0.6983154316428324, "hispanic": 0.1657907148514323, "black": 0.056235928559351445, "asian": 0.02920274443149155, "homogeneity_250_2020": 0.5629708135269108, "homogeneity_250_diff_2010": -0.13368433157958826, "homogeneity_250_diff_2000": -0.27721509880985096, "citizenship_citizen_by_birth": 0.8934576012168205, "citizenship_citizen_by_naturalization": 0.06601236024361445, "citizenship_not_citizen": 0.040530038539565036, "birthplace_non_us": 0.10654239878317978, "birthplace_us_not_state": 0.5503593529826224, "birthplace_us_state": 0.3430982482341978, "language_english_only": 0.8393842782916917, "language_spanish": 0.1012372867625942, "education_high_school": 0.9087548374858302, "education_ugrad": 0.24877897643800098, "education_grad": 0.08723296821169084, "education_field_stem": 0.10139154781549856, "education_field_humanities": 0.08280442595681578, "education_field_business": 0.06458300266568656, "generation_silent": 0.09761110716895637, "generation_boomer": 0.2595267221170729, "generation_genx": 0.19228852411265335, "generation_millenial": 0.1756730961365945, "generation_genz": 0.16894827621942274, "generation_genalpha": 0.10595227424530015, "poverty_below_line": 0.12184124134213906, "household_income_under_50k": 0.4326291554266064, "household_income_over_100k": 0.2589621216672756, "individual_income_under_50k": 0.7075714456440925, "individual_income_over_100k": 0.0809218819531822, "housing_per_pop": 0.5730605685204406, "vacancy": 0.12287815404270568, "rent_or_own_rent": 0.2631210825411884, "rent_burden_under_20": 0.2123603610656562, "rent_burden_over_40": 0.3599067530186869, "rent_1br_under_750": 0.2938504542278124, "rent_1br_over_1500": 0.09445609131143741, "rent_2br_under_750": 0.13184263073884148, "rent_2br_over_1500": 0.12226839380056027, "year_built_1969_or_earlier": 0.09569678682957584, "year_built_2010_or_later": 0.10118212171448207, "transportation_means_car": 0.83781973105288, "transportation_means_bike": 0.004693332933750508, "transportation_means_walk": 0.008041526301843462, "transportation_means_transit": 0.005068282396777401, "transportation_means_worked_at_home": 0.1299551422858588, "transportation_commute_time_under_15": 0.19718390633632335, "transportation_commute_time_over_60": 0.13760939465792266, "vehicle_ownership_at_least_1": 0.9497749208957833, "GHLTH_cdc_2": 0.17895230729346745, "ARTHRITIS_cdc_2": 0.2682640394241173, "CASTHMA_cdc_2": 0.10427776663481138, "BPHIGH_cdc_2": 0.33952163909325445, "CANCER_cdc_2": 0.06957067636566787, "KIDNEY_cdc_2": 0.03160970520185065, "COPD_cdc_2": 0.07570033914847736, "CHD_cdc_2": 0.06344030106626887, "DIABETES_cdc_2": 0.11329064190900233, "OBESITY_cdc_2": 0.3592584343269352, "STROKE_cdc_2": 0.033198565310702956, "DISABILITY_cdc_2": 0.3082986938889646, "HEARING_cdc_2": 0.07226797181784327, "VISION_cdc_2": 0.05478410305238278, "COGNITION_cdc_2": 0.14369272355477816, "MOBILITY_cdc_2": 0.14800279890634724, "SELFCARE_cdc_2": 0.04237865245257539, "INDEPLIVE_cdc_2": 0.08501597775378016, "BINGE_cdc_2": 0.1655545366605479, "CSMOKING_cdc_2": 0.1763018427856827, "LPA_cdc_2": 0.26107542037799225, "SLEEP_cdc_2": 0.3392318916187538, "heating_utility_gas": 0.04686508195717915, "heating_electricity": 0.9259620751358318, "industry_agriculture,_forestry,_fishing_and_hunting": 0.0047248653239701155, "industry_mining,_quarrying,_and_oil_and_gas_extraction": 0.00040329039153383703, "industry_accommodation_and_food_services": 0.07415125128232529, "industry_arts,_entertainment,_and_recreation": 0.0198071162634088, "industry_construction": 0.08843625616825222, "industry_educational_services": 0.08590934372073955, "industry_health_care_and_social_assistance": 0.14724634789695, "industry_finance_and_insurance": 0.062059537691677304, "industry_real_estate_and_rental_and_leasing": 0.022144824037629553, "industry_information": 0.01812178694299905, "industry_manufacturing": 0.046701027339618305, "industry_other_services,_except_public_administration": 0.045885956232518364, "industry_administrative_and_support_and_waste_management_services": 0.05410999177768792, "industry_management_of_companies_and_enterprises": 0.0014858067056509794, "industry_professional,_scientific,_and_technical_services": 0.07420813876678076, "industry_public_administration": 0.04053498156356201, "industry_retail_trade": 0.1428496902761028, "industry_transportation_and_warehousing": 0.038418716246118194, "industry_utilities": 0.009308911567873309, "industry_wholesale_trade": 0.023492159804601384, "occupation_architecture_and_engineering_occupations": 0.012187860148354216, "occupation_computer_and_mathematical_occupations": 0.03580854310053433, "occupation_life,_physical,_and_social_science_occupations": 0.0044234588208237795, "occupation_arts,_design,_entertainment,_sports,_and_media_occupations": 0.014250118213881509, "occupation_community_and_social_service_occupations": 0.011338827745125055, "occupation_educational_instruction,_and_library_occupations": 0.057110164603207746, "occupation_legal_occupations": 0.008159201395031993, "occupation_health_diagnosing_and_treating_practitioners_and_other_technical_occupations": 0.053421118811176685, "occupation_health_technologists_and_technicians": 0.024841230651416288, "occupation_business_and_financial_operations_occupations": 0.05791499873923315, "occupation_management_occupations": 0.11114856698656876, "occupation_construction_and_extraction_occupations": 0.056043900203621, "occupation_farming,_fishing,_and_forestry_occupations": 0.0018848519351686716, "occupation_installation,_maintenance,_and_repair_occupations": 0.038165533395411386, "occupation_material_moving_occupations": 0.03129314818242349, "occupation_transportation_occupations": 0.03451162875380331, "occupation_office_and_administrative_support_occupations": 0.12044858337844605, "occupation_sales_and_related_occupations": 0.12956403354381266, "occupation_building_and_grounds_cleaning_and_maintenance_occupations": 0.03571251221481756, "occupation_food_preparation_and_serving_related_occupations": 0.05864537481559145, "occupation_healthcare_support_occupations": 0.028229760614619872, "occupation_personal_care_and_service_occupations": 0.02446405899512063, "occupation_firefighting_and_prevention,_and_other_protective_service_workers_including_supervisors": 0.013261886138439035, "occupation_law_enforcement_workers_including_supervisors": 0.010880350247381326, "sors_cohabiting_partnered_gay": 0.005478909622392446, "2020 Presidential Election-margin": -0.20007950261828977, "2016 Presidential Election-margin": -0.21359446056929068, "2016-2020 Swing-margin": 0.013514957951000911, "park_percent_1km_v2": 0.006487457300289019, "mean_dist_Hospital_updated": 4.466181103124674, "mean_dist_Active Superfund Site_updated": 19.127170046533866, "mean_dist_Airport_updated": 36.63553179484069, "mean_dist_Public School_updated": 1.6906436163180611, "lapop1share_usda_fra_1": 0.4930159441390838, "mean_high_temp_4": 79.49605348479746, "mean_high_temp_winter_4": 69.96631196169227, "mean_high_temp_spring_4": 82.32427178495415, "mean_high_temp_summer_4": 87.49319136355761, "mean_high_temp_fall_4": 77.7930729982383, "mean_high_heat_index_4": 83.57616744489711, "days_above_90_4": 0.10520323117607543, "days_below_40_4": 0.0, "wind_speed_over_10mph_4": 0.2122735482507458, "snowfall_4": 9.314760302741244e-06, "rainfall_4": 1.0447088509996698, "hours_sunny_4": 5.851372193891314, "internet_no_access": 0.09761307559270051, "insurance_coverage_none": 0.17029683023548517, "insurance_coverage_govt": 0.1748037394163087, "insurance_coverage_private": 0.6548994303482061, "marriage_divorced": 0.12865540827166197}