{"population": 817904.0, "ad_1": 1379.235781403446, "population_change_2010": 0.15569358938671815, "ad_1_change_2010": 0.06533927593294919, "gpw_population": NaN, "gpw_pw_density_4": NaN, "white": 0.7871376102818912, "hispanic": 0.13179297325847533, "black": 0.011127222754748723, "asian": 0.02116874352002191, "citizenship_citizen_by_birth": 0.9385673794440138, "citizenship_citizen_by_naturalization": 0.02892611259504117, "citizenship_not_citizen": 0.03250650796094499, "birthplace_non_us": 0.06143262055598615, "birthplace_us_not_state": 0.3077237173859768, "birthplace_us_state": 0.6308436620580369, "language_english_only": 0.8833546012271017, "language_spanish": 0.08171997244880465, "education_high_school": 0.941580411096581, "education_ugrad": 0.3513381274360541, "education_grad": 0.1250282156573093, "education_field_stem": 0.15642813907691464, "education_field_humanities": 0.12842714191945773, "education_field_business": 0.06648284643968169, "generation_silent": 0.04119549946340138, "generation_boomer": 0.1667258411567106, "generation_genx": 0.17117248645681, "generation_millenial": 0.21738623946564192, "generation_genz": 0.2509073808084615, "generation_genalpha": 0.15261255264897466, "poverty_below_line": 0.0876582245682941, "household_income_under_50k": 0.2943304625733729, "household_income_over_100k": 0.3687812316514374, "individual_income_under_50k": 0.6497293975314017, "individual_income_over_100k": 0.10909466941272382, "housing_per_pop": 0.5020221591015971, "vacancy": 0.06845092108131677, "rent_or_own_rent": 0.29592720459741945, "rent_burden_under_20": 0.30554643342261417, "rent_burden_over_40": 0.2780716861985597, "rent_1br_under_750": 0.3396421416413235, "rent_1br_over_1500": 0.07040107687313595, "rent_2br_under_750": 0.20285992456662763, "rent_2br_over_1500": 0.1206115585302633, "year_built_1969_or_earlier": 0.30866758221281904, "year_built_2010_or_later": 0.10776328742633909, "transportation_means_car": 0.8319133203606786, "transportation_means_bike": 0.009130843935880852, "transportation_means_walk": 0.02406267866527799, "transportation_means_transit": 0.02016103505360003, "transportation_means_worked_at_home": 0.1075878031253641, "transportation_commute_time_under_15": 0.345242639475158, "transportation_commute_time_over_60": 0.05325800595534976, "vehicle_ownership_at_least_1": 0.9543142635481061, "GHLTH_cdc_2": 0.12527169812091588, "ARTHRITIS_cdc_2": 0.20575321674936214, "CASTHMA_cdc_2": 0.10313082298533134, "BPHIGH_cdc_2": 0.2522533525892305, "CANCER_cdc_2": 0.05571736728036328, "KIDNEY_cdc_2": 0.023600796246325686, "COPD_cdc_2": 0.04646866797263593, "CHD_cdc_2": 0.04077079013863837, "DIABETES_cdc_2": 0.07544432301699326, "OBESITY_cdc_2": 0.3184111678756074, "STROKE_cdc_2": 0.02207301035447056, "DISABILITY_cdc_2": 0.25990327588566575, "HEARING_cdc_2": 0.05625092994135395, "VISION_cdc_2": 0.03691033343070226, "COGNITION_cdc_2": 0.13919869593726447, "MOBILITY_cdc_2": 0.09385234104182029, "SELFCARE_cdc_2": 0.026845702251264945, "INDEPLIVE_cdc_2": 0.0669223118515689, "BINGE_cdc_2": 0.13131074033749568, "CSMOKING_cdc_2": 0.09579887120133512, "LPA_cdc_2": 0.18128536790134553, "SLEEP_cdc_2": 0.326478969332873, "heating_utility_gas": 0.8395788044480256, "heating_electricity": 0.12283474195693211, "industry_agriculture,_forestry,_fishing_and_hunting": 0.008307465501248923, "industry_mining,_quarrying,_and_oil_and_gas_extraction": 0.004207568537533746, "industry_accommodation_and_food_services": 0.05959218430464642, "industry_arts,_entertainment,_and_recreation": 0.02114507824881482, "industry_construction": 0.0651362534229725, "industry_educational_services": 0.11339413867788714, "industry_health_care_and_social_assistance": 0.11505535302970586, "industry_finance_and_insurance": 0.042829150664727235, "industry_real_estate_and_rental_and_leasing": 0.01818564872994772, "industry_information": 0.013287311885898215, "industry_manufacturing": 0.13284556445334117, "industry_other_services,_except_public_administration": 0.04187608488213915, "industry_administrative_and_support_and_waste_management_services": 0.039516235967627156, "industry_management_of_companies_and_enterprises": 0.0006100196160230822, "industry_professional,_scientific,_and_technical_services": 0.0754421519479517, "industry_public_administration": 0.07245570644085741, "industry_retail_trade": 0.10982138477843922, "industry_transportation_and_warehousing": 0.039636020550047765, "industry_utilities": 0.006214962538373978, "industry_wholesale_trade": 0.02044171582181698, "occupation_architecture_and_engineering_occupations": 0.027825659249218645, "occupation_computer_and_mathematical_occupations": 0.0383345642333083, "occupation_life,_physical,_and_social_science_occupations": 0.010911184342205381, "occupation_arts,_design,_entertainment,_sports,_and_media_occupations": 0.021431393127909055, "occupation_community_and_social_service_occupations": 0.014492840289327295, "occupation_educational_instruction,_and_library_occupations": 0.06810945466620737, "occupation_legal_occupations": 0.009098727537268777, "occupation_health_diagnosing_and_treating_practitioners_and_other_technical_occupations": 0.03737816303975237, "occupation_health_technologists_and_technicians": 0.015690292367101514, "occupation_business_and_financial_operations_occupations": 0.054654943209468905, "occupation_management_occupations": 0.10987616385316491, "occupation_construction_and_extraction_occupations": 0.04730924132959209, "occupation_farming,_fishing,_and_forestry_occupations": 0.0039037274974768766, "occupation_installation,_maintenance,_and_repair_occupations": 0.03365378014792577, "occupation_material_moving_occupations": 0.03701208525555838, "occupation_transportation_occupations": 0.03220162093356784, "occupation_office_and_administrative_support_occupations": 0.12449533177865404, "occupation_sales_and_related_occupations": 0.09585086215442905, "occupation_building_and_grounds_cleaning_and_maintenance_occupations": 0.029330005954829572, "occupation_food_preparation_and_serving_related_occupations": 0.045708822865087935, "occupation_healthcare_support_occupations": 0.02605204109882527, "occupation_personal_care_and_service_occupations": 0.026755374938294947, "occupation_firefighting_and_prevention,_and_other_protective_service_workers_including_supervisors": 0.008422144072588766, "occupation_law_enforcement_workers_including_supervisors": 0.005831602449637132, "2020 Presidential Election-margin": -0.19343086892302944, "2016 Presidential Election-margin": -0.1512702312263048, "2016-2020 Swing-margin": -0.04216063769672462, "park_percent_1km_v2": 0.019442209893793316, "mean_dist_Hospital_updated": 6.49467702066455, "mean_dist_Active Superfund Site_updated": 17.92249035606969, "mean_dist_Airport_updated": 22.97597713830579, "mean_dist_Public School_updated": 1.1268070247042723, "mean_high_temp_4": 59.06417459749496, "mean_high_temp_winter_4": 37.43760773981925, "mean_high_temp_spring_4": 63.378821800981925, "mean_high_temp_summer_4": 83.74902497744222, "mean_high_temp_fall_4": 50.46578328287557, "mean_high_heat_index_4": 56.68932735938976, "days_above_90_4": 0.05543046660894482, "days_below_40_4": 0.230624122913771, "wind_speed_over_10mph_4": 0.006622072539844161, "snowfall_4": 0.24538631242816364, "rainfall_4": 0.29794989417128676, "hours_sunny_4": 6.660505226405707, "internet_no_access": 0.05291935784700177, "insurance_coverage_none": 0.08987611075237571, "insurance_coverage_govt": 0.08913767439481582, "insurance_coverage_private": 0.8209862148528084, "marriage_divorced": 0.09420545415478464}