{"population": 553543.0, "ad_1": 832.8524696066813, "population_change_2010": 0.11918890886041654, "ad_1_change_2010": 0.07588379872621275, "population_change_2000": 0.24856600871108825, "ad_1_change_2000": 0.05717751978054913, "gpw_population": NaN, "gpw_pw_density_4": NaN, "white": 0.6856323718301921, "hispanic": 0.14931450673208765, "black": 0.09997055332648051, "asian": 0.018928972094308844, "homogeneity_250_2020": 0.6010180623986384, "homogeneity_250_diff_2010": -0.08965292721374907, "homogeneity_250_diff_2000": -0.18136496777257338, "citizenship_citizen_by_birth": 0.9196075680186889, "citizenship_citizen_by_naturalization": 0.0514228757086131, "citizenship_not_citizen": 0.02896955627269801, "birthplace_non_us": 0.08039243198131146, "birthplace_us_not_state": 0.5659012760963817, "birthplace_us_state": 0.35370629192230685, "language_english_only": 0.8528394674899894, "language_spanish": 0.10646188059792669, "education_high_school": 0.9154695060206869, "education_ugrad": 0.24227506904672255, "education_grad": 0.0823439169895858, "education_field_stem": 0.0983281455722399, "education_field_humanities": 0.08681061436966953, "education_field_business": 0.0571363091048131, "generation_silent": 0.10395001302882906, "generation_boomer": 0.2938265215941456, "generation_genx": 0.17349116135157233, "generation_millenial": 0.1714338818804517, "generation_genz": 0.16057713158024275, "generation_genalpha": 0.09672129056475859, "poverty_below_line": 0.12897937638469625, "household_income_under_50k": 0.4385459095502887, "household_income_over_100k": 0.23158871063005, "individual_income_under_50k": 0.7189908865240356, "individual_income_over_100k": 0.0736571982162537, "housing_per_pop": 0.5942443404937102, "vacancy": 0.1469087596469253, "rent_or_own_rent": 0.28484177644387415, "rent_burden_under_20": 0.22748175547335714, "rent_burden_over_40": 0.39769735745942786, "rent_1br_under_750": 0.2705185635107432, "rent_1br_over_1500": 0.06650975628274237, "rent_2br_under_750": 0.09510097980403885, "rent_2br_over_1500": 0.14937012597480465, "year_built_1969_or_earlier": 0.19141870252438933, "year_built_2010_or_later": 0.05772516475469838, "transportation_means_car": 0.8604457095898301, "transportation_means_bike": 0.00892520533902649, "transportation_means_walk": 0.011615051276511931, "transportation_means_transit": 0.00806953781245631, "transportation_means_worked_at_home": 0.0979231000580331, "transportation_commute_time_under_15": 0.2580908732320282, "transportation_commute_time_over_60": 0.09648002404252501, "vehicle_ownership_at_least_1": 0.94411753124877, "GHLTH_cdc_2": 0.17895230729346817, "ARTHRITIS_cdc_2": 0.26826403942411736, "CASTHMA_cdc_2": 0.10427776663481146, "BPHIGH_cdc_2": 0.33952163909325606, "CANCER_cdc_2": 0.0695706763656676, "KIDNEY_cdc_2": 0.031609705201850156, "COPD_cdc_2": 0.07570033914847712, "CHD_cdc_2": 0.06344030106626974, "DIABETES_cdc_2": 0.11329064190900223, "OBESITY_cdc_2": 0.35925843432693716, "STROKE_cdc_2": 0.03319856531070282, "DISABILITY_cdc_2": 0.3082986938889633, "HEARING_cdc_2": 0.07226797181784421, "VISION_cdc_2": 0.05478410305238274, "COGNITION_cdc_2": 0.1436927235547787, "MOBILITY_cdc_2": 0.14800279890634674, "SELFCARE_cdc_2": 0.0423786524525755, "INDEPLIVE_cdc_2": 0.08501597775378054, "BINGE_cdc_2": 0.1655545366605493, "CSMOKING_cdc_2": 0.1763018427856833, "LPA_cdc_2": 0.26107542037798886, "SLEEP_cdc_2": 0.34900715389215525, "heating_utility_gas": 0.03965542133885164, "heating_electricity": 0.938631222956744, "industry_agriculture,_forestry,_fishing_and_hunting": 0.006533980460764763, "industry_mining,_quarrying,_and_oil_and_gas_extraction": 0.0003344327811012032, "industry_accommodation_and_food_services": 0.09214459201290902, "industry_arts,_entertainment,_and_recreation": 0.02405825819046776, "industry_construction": 0.08703613128158806, "industry_educational_services": 0.08278047414207536, "industry_health_care_and_social_assistance": 0.13462591603229013, "industry_finance_and_insurance": 0.04959638143730867, "industry_real_estate_and_rental_and_leasing": 0.027201926332819194, "industry_information": 0.016303598078683538, "industry_manufacturing": 0.05738030441743898, "industry_other_services,_except_public_administration": 0.04897768079227126, "industry_administrative_and_support_and_waste_management_services": 0.06359657373615746, "industry_management_of_companies_and_enterprises": 0.0015007671051916482, "industry_professional,_scientific,_and_technical_services": 0.056347743205788996, "industry_public_administration": 0.04197549443796473, "industry_retail_trade": 0.13349302498630922, "industry_transportation_and_warehousing": 0.04585909510850249, "industry_utilities": 0.00822286600532582, "industry_wholesale_trade": 0.022030759455041755, "occupation_architecture_and_engineering_occupations": 0.013005254775073069, "occupation_computer_and_mathematical_occupations": 0.02125738364874524, "occupation_life,_physical,_and_social_science_occupations": 0.005522321297933625, "occupation_arts,_design,_entertainment,_sports,_and_media_occupations": 0.012900744530978921, "occupation_community_and_social_service_occupations": 0.014234295245619965, "occupation_educational_instruction,_and_library_occupations": 0.05515632642311602, "occupation_legal_occupations": 0.009017143860441204, "occupation_health_diagnosing_and_treating_practitioners_and_other_technical_occupations": 0.04166614411544617, "occupation_health_technologists_and_technicians": 0.022122728469844675, "occupation_business_and_financial_operations_occupations": 0.045708600357006884, "occupation_management_occupations": 0.10146272537634138, "occupation_construction_and_extraction_occupations": 0.056636191479488736, "occupation_farming,_fishing,_and_forestry_occupations": 0.0035282658406176914, "occupation_installation,_maintenance,_and_repair_occupations": 0.03994381529277491, "occupation_material_moving_occupations": 0.029923373089030186, "occupation_transportation_occupations": 0.038104434996718575, "occupation_office_and_administrative_support_occupations": 0.12313396959170003, "occupation_sales_and_related_occupations": 0.12356037138760302, "occupation_building_and_grounds_cleaning_and_maintenance_occupations": 0.04990573175982716, "occupation_food_preparation_and_serving_related_occupations": 0.06797346275881945, "occupation_healthcare_support_occupations": 0.029254507526827712, "occupation_personal_care_and_service_occupations": 0.02745275091864492, "occupation_firefighting_and_prevention,_and_other_protective_service_workers_including_supervisors": 0.015517681043095826, "occupation_law_enforcement_workers_including_supervisors": 0.011529570128463972, "sors_cohabiting_partnered_gay": 0.007963074657924944, "2020 Presidential Election-margin": -0.1403594182578251, "2016 Presidential Election-margin": -0.12882200563662846, "2016-2020 Swing-margin": -0.011537412621196647, "park_percent_1km_v2": 0.02342169015255123, "mean_dist_Hospital_updated": 5.384477650126879, "mean_dist_Active Superfund Site_updated": 20.982903548683215, "mean_dist_Airport_updated": 15.452725950796921, "mean_dist_Public School_updated": 1.8661487831891876, "lapop1share_usda_fra_1": 0.5699672128637474, "mean_high_temp_4": 79.84110966490185, "mean_high_temp_winter_4": 70.93458801507812, "mean_high_temp_spring_4": 82.49946985745662, "mean_high_temp_summer_4": 87.96938263091157, "mean_high_temp_fall_4": 77.54148814914036, "mean_high_heat_index_4": 84.19342696125827, "days_above_90_4": 0.10303504157719935, "days_below_40_4": 0.0, "wind_speed_over_10mph_4": 0.1533081243320358, "snowfall_4": 2.5593802317228846e-05, "rainfall_4": 1.0845297429932246, "hours_sunny_4": 5.206550336534339, "internet_no_access": 0.11983252322055807, "insurance_coverage_none": 0.17249810539315896, "insurance_coverage_govt": 0.16731795401173222, "insurance_coverage_private": 0.6601839405951089, "marriage_divorced": 0.1505743763441093}