{"population": 253251.0, "ad_1": 705.8938971235615, "population_change_2010": 0.25880914391375015, "ad_1_change_2010": 0.16584270202739784, "gpw_population": NaN, "gpw_pw_density_4": NaN, "white": 0.5053958325929612, "hispanic": 0.28047668123719155, "black": 0.15797765852849543, "asian": 0.01656064536763922, "citizenship_citizen_by_birth": 0.8973084581983454, "citizenship_citizen_by_naturalization": 0.04420151474134379, "citizenship_not_citizen": 0.05849002706031085, "birthplace_non_us": 0.10269154180165464, "birthplace_us_not_state": 0.4860138473893441, "birthplace_us_state": 0.4112946108090012, "language_english_only": 0.7270050813113474, "language_spanish": 0.21843651727616015, "education_high_school": 0.8552179258108362, "education_ugrad": 0.17807844704463627, "education_grad": 0.057539307756905, "education_field_stem": 0.06384568274274545, "education_field_humanities": 0.07052879600723899, "education_field_business": 0.04370396829465186, "generation_silent": 0.09406301372407276, "generation_boomer": 0.2460685702548948, "generation_genx": 0.16905718436075753, "generation_millenial": 0.1901284693674926, "generation_genz": 0.18256337868065195, "generation_genalpha": 0.11811938361213038, "poverty_below_line": 0.15718767860653562, "household_income_under_50k": 0.47391006211003983, "household_income_over_100k": 0.19612107197740475, "individual_income_under_50k": 0.771009876381552, "individual_income_over_100k": 0.0577953670377114, "housing_per_pop": 0.5705757643383174, "vacancy": 0.13741699778660765, "rent_or_own_rent": 0.2977459152898036, "rent_burden_under_20": 0.25091144021597106, "rent_burden_over_40": 0.35799733256618554, "rent_1br_under_750": 0.4758002280289204, "rent_1br_over_1500": 0.05098617401810557, "rent_2br_under_750": 0.23188021768097217, "rent_2br_over_1500": 0.04973395831702948, "year_built_1969_or_earlier": 0.20543743875648807, "year_built_2010_or_later": 0.11611644765771777, "transportation_means_car": 0.9012085017388475, "transportation_means_bike": 0.007142200566222173, "transportation_means_walk": 0.007390820458195737, "transportation_means_transit": 0.003059564715927455, "transportation_means_worked_at_home": 0.07035042833500278, "transportation_commute_time_under_15": 0.19296031460932894, "transportation_commute_time_over_60": 0.0856164603299069, "vehicle_ownership_at_least_1": 0.9378069663394237, "GHLTH_cdc_2": 0.17895230729346656, "ARTHRITIS_cdc_2": 0.2682640394241174, "CASTHMA_cdc_2": 0.10427776663481221, "BPHIGH_cdc_2": 0.3395216390932594, "CANCER_cdc_2": 0.0695706763656685, "KIDNEY_cdc_2": 0.03160970520185274, "COPD_cdc_2": 0.07570033914847692, "CHD_cdc_2": 0.06344030106626503, "DIABETES_cdc_2": 0.11329064190900305, "OBESITY_cdc_2": 0.3592584343269335, "STROKE_cdc_2": 0.033198565310702983, "DISABILITY_cdc_2": 0.308298693888963, "HEARING_cdc_2": 0.07226797181784209, "VISION_cdc_2": 0.05478410305238334, "COGNITION_cdc_2": 0.14369272355477816, "MOBILITY_cdc_2": 0.14800279890634693, "SELFCARE_cdc_2": 0.042378652452575084, "INDEPLIVE_cdc_2": 0.0850159777537789, "BINGE_cdc_2": 0.16555453666054534, "CSMOKING_cdc_2": 0.17630184278568375, "LPA_cdc_2": 0.2610754203780086, "SLEEP_cdc_2": 0.33887499189227754, "heating_utility_gas": 0.04015324517916931, "heating_electricity": 0.9324168304829203, "industry_agriculture,_forestry,_fishing_and_hunting": 0.008282607336466638, "industry_mining,_quarrying,_and_oil_and_gas_extraction": 0.0007729395021764156, "industry_accommodation_and_food_services": 0.09091352717624526, "industry_arts,_entertainment,_and_recreation": 0.06206665247058552, "industry_construction": 0.09191623872630925, "industry_educational_services": 0.06754777980453039, "industry_health_care_and_social_assistance": 0.12068616231455519, "industry_finance_and_insurance": 0.039905985111740996, "industry_real_estate_and_rental_and_leasing": 0.016973953055227586, "industry_information": 0.012564555135009712, "industry_manufacturing": 0.05544858606070909, "industry_other_services,_except_public_administration": 0.04447526526048401, "industry_administrative_and_support_and_waste_management_services": 0.06835000147286331, "industry_management_of_companies_and_enterprises": 0.0006773864477468652, "industry_professional,_scientific,_and_technical_services": 0.04034661964626903, "industry_public_administration": 0.035230480790159134, "industry_retail_trade": 0.1379399598908059, "industry_transportation_and_warehousing": 0.0757219287296487, "industry_utilities": 0.008817582163841261, "industry_wholesale_trade": 0.021361788904625853, "occupation_architecture_and_engineering_occupations": 0.0071614410706194774, "occupation_computer_and_mathematical_occupations": 0.015995981301813424, "occupation_life,_physical,_and_social_science_occupations": 0.005227641090944243, "occupation_arts,_design,_entertainment,_sports,_and_media_occupations": 0.014822584019655192, "occupation_community_and_social_service_occupations": 0.01541738053142413, "occupation_educational_instruction,_and_library_occupations": 0.047631706133496224, "occupation_legal_occupations": 0.007381285213231707, "occupation_health_diagnosing_and_treating_practitioners_and_other_technical_occupations": 0.030037707319981666, "occupation_health_technologists_and_technicians": 0.022111235913035678, "occupation_business_and_financial_operations_occupations": 0.03655418919544836, "occupation_management_occupations": 0.07672220356173894, "occupation_construction_and_extraction_occupations": 0.07260013471506, "occupation_farming,_fishing,_and_forestry_occupations": 0.004027510486517661, "occupation_installation,_maintenance,_and_repair_occupations": 0.03763487287490779, "occupation_material_moving_occupations": 0.04931153386763368, "occupation_transportation_occupations": 0.05357842519723465, "occupation_office_and_administrative_support_occupations": 0.13353390263139953, "occupation_sales_and_related_occupations": 0.11244396151738668, "occupation_building_and_grounds_cleaning_and_maintenance_occupations": 0.05847585513329869, "occupation_food_preparation_and_serving_related_occupations": 0.06852977685818958, "occupation_healthcare_support_occupations": 0.024482482333209536, "occupation_personal_care_and_service_occupations": 0.03812173510119438, "occupation_firefighting_and_prevention,_and_other_protective_service_workers_including_supervisors": 0.017272021405966634, "occupation_law_enforcement_workers_including_supervisors": 0.007906733245400293, "2020 Presidential Election-margin": -0.11916672464135608, "2016 Presidential Election-margin": -0.11299137036720136, "2016-2020 Swing-margin": -0.006175354274154721, "park_percent_1km_v2": 0.005745295743023248, "mean_dist_Hospital_updated": 6.145554338110198, "mean_dist_Active Superfund Site_updated": 28.58663091938799, "mean_dist_Airport_updated": 57.62674071037097, "mean_dist_Public School_updated": 1.6447269796357853, "mean_high_temp_4": 82.21251675614567, "mean_high_temp_winter_4": 73.64489130003842, "mean_high_temp_spring_4": 85.62993422385904, "mean_high_temp_summer_4": 89.31930145304895, "mean_high_temp_fall_4": 79.86203204716718, "mean_high_heat_index_4": 86.87654512138617, "days_above_90_4": 0.18262790574253357, "days_below_40_4": 0.0, "wind_speed_over_10mph_4": 0.08391392536754162, "snowfall_4": 1.1371102682100153e-05, "rainfall_4": 1.0698000974014608, "hours_sunny_4": 5.433432636730045, "internet_no_access": 0.1339987448227112, "insurance_coverage_none": 0.2044692399469279, "insurance_coverage_govt": 0.18333095766962398, "insurance_coverage_private": 0.6121998023834482, "marriage_divorced": 0.12704805114020723}