{"population": 858781.0, "ad_1": 423.19707549920736, "population_change_2010": 0.010259275815824765, "ad_1_change_2010": 0.02159244115838628, "gpw_population": NaN, "gpw_pw_density_4": NaN, "white": 0.8841672091022041, "hispanic": 0.025447698540140035, "black": 0.016029697909012892, "asian": 0.017701835508703617, "citizenship_citizen_by_birth": 0.9549169851300219, "citizenship_citizen_by_naturalization": 0.024999296062056385, "citizenship_not_citizen": 0.02008371880792177, "birthplace_non_us": 0.04508301486997816, "birthplace_us_not_state": 0.40856460207101525, "birthplace_us_state": 0.5463523830590067, "language_english_only": 0.9416405023697105, "language_spanish": 0.013021516081797233, "education_high_school": 0.9287401913685188, "education_ugrad": 0.36070878839426274, "education_grad": 0.15105676330381612, "education_field_stem": 0.17049037780954357, "education_field_humanities": 0.14627085702000228, "education_field_business": 0.04394755356471683, "generation_silent": 0.07422235070137487, "generation_boomer": 0.2705997683485645, "generation_genx": 0.1838976833057088, "generation_millenial": 0.18072770532079074, "generation_genz": 0.19629376211972438, "generation_genalpha": 0.0942587302038368, "poverty_below_line": 0.10886075838041592, "household_income_under_50k": 0.369600236133692, "household_income_over_100k": 0.3105346028888897, "individual_income_under_50k": 0.6623368918201175, "individual_income_over_100k": 0.08772099493834899, "housing_per_pop": 0.6300586602210733, "vacancy": 0.18904662377966577, "rent_or_own_rent": 0.28314072975955945, "rent_burden_under_20": 0.252340556026573, "rent_burden_over_40": 0.3211963742132109, "rent_1br_under_750": 0.4164291072768192, "rent_1br_over_1500": 0.08777194298574643, "rent_2br_under_750": 0.15031755367911012, "rent_2br_over_1500": 0.2380908647241142, "year_built_1969_or_earlier": 0.43306506066419703, "year_built_2010_or_later": 0.05011283934317125, "transportation_means_car": 0.8277346005744348, "transportation_means_bike": 0.006923410521279915, "transportation_means_walk": 0.04732598332163142, "transportation_means_transit": 0.009195147996529308, "transportation_means_worked_at_home": 0.10017150833312283, "transportation_commute_time_under_15": 0.3432264049158077, "transportation_commute_time_over_60": 0.05958555341653462, "vehicle_ownership_at_least_1": 0.928566445150003, "GHLTH_cdc_2": 0.12981705599820512, "ARTHRITIS_cdc_2": 0.26885859633999815, "CASTHMA_cdc_2": 0.11256327658431317, "BPHIGH_cdc_2": 0.2891626646159478, "CANCER_cdc_2": 0.07017070463448691, "KIDNEY_cdc_2": 0.027687035599259616, "COPD_cdc_2": 0.06771894769781221, "CHD_cdc_2": 0.05635623909571563, "DIABETES_cdc_2": 0.08627448980495538, "OBESITY_cdc_2": 0.312322260533797, "STROKE_cdc_2": 0.02816257900532262, "DISABILITY_cdc_2": 0.258684508609772, "HEARING_cdc_2": 0.06617092161314035, "VISION_cdc_2": 0.041198573845068386, "COGNITION_cdc_2": 0.12769268737656572, "MOBILITY_cdc_2": 0.11127005428894471, "SELFCARE_cdc_2": 0.03283691175906218, "INDEPLIVE_cdc_2": 0.06938516367865905, "BINGE_cdc_2": 0.18101060095706775, "CSMOKING_cdc_2": 0.16167380875767173, "LPA_cdc_2": 0.19673750306279394, "SLEEP_cdc_2": 0.30108554863126324, "heating_utility_gas": 0.158024249521181, "heating_electricity": 0.09993529089813907, "industry_agriculture,_forestry,_fishing_and_hunting": 0.023551441385644804, "industry_mining,_quarrying,_and_oil_and_gas_extraction": 0.001463776178480073, "industry_accommodation_and_food_services": 0.07236065193575494, "industry_arts,_entertainment,_and_recreation": 0.024830976456081937, "industry_construction": 0.06896970989523767, "industry_educational_services": 0.13134177615487577, "industry_health_care_and_social_assistance": 0.16001962726249216, "industry_finance_and_insurance": 0.02883130458309346, "industry_real_estate_and_rental_and_leasing": 0.013841316228819915, "industry_information": 0.016002114408594385, "industry_manufacturing": 0.10132525933119849, "industry_other_services,_except_public_administration": 0.0462635377619239, "industry_administrative_and_support_and_waste_management_services": 0.02759901843842017, "industry_management_of_companies_and_enterprises": 0.00047792061347850964, "industry_professional,_scientific,_and_technical_services": 0.05866850603294629, "industry_public_administration": 0.05592931603974026, "industry_retail_trade": 0.116826011030737, "industry_transportation_and_warehousing": 0.027120967612128954, "industry_utilities": 0.006919343029191706, "industry_wholesale_trade": 0.017657425621159593, "occupation_architecture_and_engineering_occupations": 0.018828158708420323, "occupation_computer_and_mathematical_occupations": 0.026712615500028233, "occupation_life,_physical,_and_social_science_occupations": 0.011862473625604698, "occupation_arts,_design,_entertainment,_sports,_and_media_occupations": 0.021437047461814265, "occupation_community_and_social_service_occupations": 0.02585354016944503, "occupation_educational_instruction,_and_library_occupations": 0.08109820876310991, "occupation_legal_occupations": 0.01018620106980902, "occupation_health_diagnosing_and_treating_practitioners_and_other_technical_occupations": 0.053328302650852547, "occupation_health_technologists_and_technicians": 0.01948854268390869, "occupation_business_and_financial_operations_occupations": 0.045980959817622916, "occupation_management_occupations": 0.1089385891307341, "occupation_construction_and_extraction_occupations": 0.05182248079966663, "occupation_farming,_fishing,_and_forestry_occupations": 0.012506658679931296, "occupation_installation,_maintenance,_and_repair_occupations": 0.033518217052357135, "occupation_material_moving_occupations": 0.02505241270861301, "occupation_transportation_occupations": 0.029316616733045774, "occupation_office_and_administrative_support_occupations": 0.10322596146052379, "occupation_sales_and_related_occupations": 0.08779151996030952, "occupation_building_and_grounds_cleaning_and_maintenance_occupations": 0.03874501072745239, "occupation_food_preparation_and_serving_related_occupations": 0.05826832400093791, "occupation_healthcare_support_occupations": 0.03093540884757626, "occupation_personal_care_and_service_occupations": 0.02455191651473246, "occupation_firefighting_and_prevention,_and_other_protective_service_workers_including_supervisors": 0.006974890135797806, "occupation_law_enforcement_workers_including_supervisors": 0.013314415108681785, "2020 Presidential Election-margin": 0.2720646369019156, "2016 Presidential Election-margin": 0.1906679713019765, "2016-2020 Swing-margin": 0.08139666559993913, "park_percent_1km_v2": 0.006342609021449592, "mean_dist_Hospital_updated": 11.162672450205804, "mean_dist_Active Superfund Site_updated": 26.40157020285053, "mean_dist_Airport_updated": 32.49517795475297, "mean_dist_Public School_updated": 2.8367056288714405, "mean_high_temp_4": 53.085188082203594, "mean_high_temp_winter_4": 29.636948821790618, "mean_high_temp_spring_4": 59.532117482581775, "mean_high_temp_summer_4": 75.02354543299398, "mean_high_temp_fall_4": 47.029080071535574, "mean_high_heat_index_4": 51.448334866288626, "days_above_90_4": 0.00438696192960672, "days_below_40_4": 0.3103070730959587, "wind_speed_over_10mph_4": 0.09304616121127296, "snowfall_4": 0.2506332108726026, "rainfall_4": 0.8899182497249052, "hours_sunny_4": 3.9069149777556302, "internet_no_access": 0.10503851287800607, "insurance_coverage_none": 0.06188752271309225, "insurance_coverage_govt": 0.22471199950585768, "insurance_coverage_private": 0.71340047778105, "marriage_divorced": 0.11864547918149022}