{"population": 383583.0, "ad_1": 1409.4950638539747, "population_change_2010": 0.03592966384807132, "ad_1_change_2010": -0.015389999409573694, "gpw_population": NaN, "gpw_pw_density_4": NaN, "white": 0.20317897299932478, "hispanic": 0.7378585599466086, "black": 0.019109293164712722, "asian": 0.011900944515267882, "citizenship_citizen_by_birth": 0.7242052768312902, "citizenship_citizen_by_naturalization": 0.13519758743586732, "citizenship_not_citizen": 0.14059713573284247, "birthplace_non_us": 0.2757947231687098, "birthplace_us_not_state": 0.23788822308385227, "birthplace_us_state": 0.48631705374743794, "language_english_only": 0.3610638129926365, "language_spanish": 0.6240654706194112, "education_high_school": 0.7405068089232205, "education_ugrad": 0.14780530429682356, "education_grad": 0.047333288113411566, "education_field_stem": 0.06140200377453347, "education_field_humanities": 0.06032869563135656, "education_field_business": 0.02607460489093354, "generation_silent": 0.07512108513165969, "generation_boomer": 0.18572827321505503, "generation_genx": 0.16092377185080745, "generation_millenial": 0.20373373020535515, "generation_genz": 0.2311831747150746, "generation_genalpha": 0.14330996488204806, "poverty_below_line": 0.19584154846884438, "household_income_under_50k": 0.4903303821338272, "household_income_over_100k": 0.20914618162138393, "individual_income_under_50k": 0.7806410505261914, "individual_income_over_100k": 0.0541972943549408, "housing_per_pop": 0.5198987976970169, "vacancy": 0.18127835107135876, "rent_or_own_rent": 0.35619878738679317, "rent_burden_under_20": 0.2826794891365186, "rent_burden_over_40": 0.3052969012364524, "rent_1br_under_750": 0.7222451506397028, "rent_1br_over_1500": 0.031090934103728162, "rent_2br_under_750": 0.29550421479862626, "rent_2br_over_1500": 0.03621604745551046, "year_built_1969_or_earlier": 0.16821056321885577, "year_built_2010_or_later": 0.09022019066111134, "transportation_means_car": 0.8993987083364264, "transportation_means_bike": 0.004951377032143122, "transportation_means_walk": 0.021067478286689926, "transportation_means_transit": 0.010786133174968451, "transportation_means_worked_at_home": 0.053737658674189, "transportation_commute_time_under_15": 0.3626158106549725, "transportation_commute_time_over_60": 0.05452220505056052, "vehicle_ownership_at_least_1": 0.9427348909578291, "GHLTH_cdc_2": 0.24801316686616462, "ARTHRITIS_cdc_2": 0.20908611872907165, "CASTHMA_cdc_2": 0.10279720526068577, "BPHIGH_cdc_2": 0.3070945544629464, "CANCER_cdc_2": 0.05667162002454583, "KIDNEY_cdc_2": 0.037126475401142445, "COPD_cdc_2": 0.06914732041394567, "CHD_cdc_2": 0.06450019318474523, "DIABETES_cdc_2": 0.13877277686025546, "OBESITY_cdc_2": 0.3865174434461128, "STROKE_cdc_2": 0.03520289322565494, "DISABILITY_cdc_2": 0.33627867846482523, "HEARING_cdc_2": 0.07755607660722132, "VISION_cdc_2": 0.09143029061046379, "COGNITION_cdc_2": 0.17824372717768452, "MOBILITY_cdc_2": 0.16513264973711722, "SELFCARE_cdc_2": 0.06120702207609206, "INDEPLIVE_cdc_2": 0.10387858528159517, "BINGE_cdc_2": 0.15877480719404838, "CSMOKING_cdc_2": 0.15641235473264745, "LPA_cdc_2": 0.30214237336929345, "SLEEP_cdc_2": 0.34965720313944154, "heating_utility_gas": 0.254826352774043, "heating_electricity": 0.6444185122233779, "industry_agriculture,_forestry,_fishing_and_hunting": 0.09514083716754573, "industry_mining,_quarrying,_and_oil_and_gas_extraction": 0.001982568361201511, "industry_accommodation_and_food_services": 0.080926196087233, "industry_arts,_entertainment,_and_recreation": 0.017715931620095014, "industry_construction": 0.060487038491751764, "industry_educational_services": 0.08852728837017917, "industry_health_care_and_social_assistance": 0.13754535592713127, "industry_finance_and_insurance": 0.020289529794635844, "industry_real_estate_and_rental_and_leasing": 0.01636180002244417, "industry_information": 0.008768189129540268, "industry_manufacturing": 0.047791119590019825, "industry_other_services,_except_public_administration": 0.04035461788800359, "industry_administrative_and_support_and_waste_management_services": 0.04628736019152359, "industry_management_of_companies_and_enterprises": 0.0016010174690457488, "industry_professional,_scientific,_and_technical_services": 0.03124976620656118, "industry_public_administration": 0.09781169341263607, "industry_retail_trade": 0.1177570792653275, "industry_transportation_and_warehousing": 0.041791044776119404, "industry_utilities": 0.017730894400179553, "industry_wholesale_trade": 0.029880671828825797, "occupation_architecture_and_engineering_occupations": 0.013623611266973404, "occupation_computer_and_mathematical_occupations": 0.012232072719111212, "occupation_life,_physical,_and_social_science_occupations": 0.003920248382149404, "occupation_arts,_design,_entertainment,_sports,_and_media_occupations": 0.008446489357722665, "occupation_community_and_social_service_occupations": 0.016818164815022633, "occupation_educational_instruction,_and_library_occupations": 0.060733924363146674, "occupation_legal_occupations": 0.005064901058616691, "occupation_health_diagnosing_and_treating_practitioners_and_other_technical_occupations": 0.028346986870160476, "occupation_health_technologists_and_technicians": 0.014469008341749898, "occupation_business_and_financial_operations_occupations": 0.026671155500692028, "occupation_management_occupations": 0.06844723749672689, "occupation_construction_and_extraction_occupations": 0.05044701305502562, "occupation_farming,_fishing,_and_forestry_occupations": 0.06971907380391276, "occupation_installation,_maintenance,_and_repair_occupations": 0.03675606927767179, "occupation_material_moving_occupations": 0.05112781954887218, "occupation_transportation_occupations": 0.04381850147757453, "occupation_office_and_administrative_support_occupations": 0.11543036696218158, "occupation_sales_and_related_occupations": 0.09103355403433958, "occupation_building_and_grounds_cleaning_and_maintenance_occupations": 0.04832229828302099, "occupation_food_preparation_and_serving_related_occupations": 0.060457112931582686, "occupation_healthcare_support_occupations": 0.05391089664459656, "occupation_personal_care_and_service_occupations": 0.024314517637377023, "occupation_firefighting_and_prevention,_and_other_protective_service_workers_including_supervisors": 0.018710956495716906, "occupation_law_enforcement_workers_including_supervisors": 0.030359480791531068, "2020 Presidential Election-margin": 0.07507922834359416, "2016 Presidential Election-margin": 0.19262625157845545, "2016-2020 Swing-margin": -0.11754702323486128, "park_percent_1km_v2": 0.012203743984847927, "mean_dist_Hospital_updated": 10.991428571984343, "mean_dist_Active Superfund Site_updated": 49.75238681280495, "mean_dist_Airport_updated": 24.206109243094197, "mean_dist_Public School_updated": 1.631924782671531, "mean_high_temp_4": 89.62125111797704, "mean_high_temp_winter_4": 74.37861761373745, "mean_high_temp_spring_4": 93.57293990965312, "mean_high_temp_summer_4": 106.47940219211877, "mean_high_temp_fall_4": 83.18981284371718, "mean_high_heat_index_4": 89.58939942551962, "days_above_90_4": 0.5055313661892302, "days_below_40_4": 1.6414730475278222e-10, "wind_speed_over_10mph_4": 0.06866571254838465, "snowfall_4": 1.634626987914721e-06, "rainfall_4": 0.06949447579221674, "hours_sunny_4": 9.532211116211768, "internet_no_access": 0.1365246877563273, "insurance_coverage_none": 0.14224712457044258, "insurance_coverage_govt": 0.35187599664593805, "insurance_coverage_private": 0.5058768787836194, "marriage_divorced": 0.09045265076845833}