{"population": 764865.0, "ad_1": 1125.8035425930645, "population_change_2010": 0.06054345459864864, "ad_1_change_2010": 0.05622205421562915, "population_change_2000": 0.14087437725604846, "ad_1_change_2000": 0.04257641745791224, "gpw_population": NaN, "gpw_pw_density_4": NaN, "white": 0.7613291234400842, "hispanic": 0.05834101442738261, "black": 0.07974348414426075, "asian": 0.06023938865028469, "homogeneity_250_2020": 0.6546404852689012, "homogeneity_250_diff_2010": -0.09619338721232473, "homogeneity_250_diff_2000": -0.1762086476545911, "citizenship_citizen_by_birth": 0.9119484975933324, "citizenship_citizen_by_naturalization": 0.05353387459899258, "citizenship_not_citizen": 0.03451762780767502, "birthplace_non_us": 0.08805150240666715, "birthplace_us_not_state": 0.18974910697528583, "birthplace_us_state": 0.722199390618047, "language_english_only": 0.8841048448260892, "language_spanish": 0.032169418170307364, "education_high_school": 0.9464402816158183, "education_ugrad": 0.4577474747610871, "education_grad": 0.1943166002622476, "education_field_stem": 0.20345220092469482, "education_field_humanities": 0.15225028755138187, "education_field_business": 0.10204498628501125, "generation_silent": 0.08003447542782773, "generation_boomer": 0.2488997342585865, "generation_genx": 0.1989639020687715, "generation_millenial": 0.18074723483591795, "generation_genz": 0.18303296289644672, "generation_genalpha": 0.10832169051244958, "poverty_below_line": 0.05805934287818515, "household_income_under_50k": 0.23821589010671929, "household_income_over_100k": 0.4836223684055435, "individual_income_under_50k": 0.536292052912245, "individual_income_over_100k": 0.1871440652646691, "housing_per_pop": 0.5101787204508085, "vacancy": 0.049263588866539046, "rent_or_own_rent": 0.24811709113431915, "rent_burden_under_20": 0.28997282913101485, "rent_burden_over_40": 0.30945135608454705, "rent_1br_under_750": 0.1467528001107288, "rent_1br_over_1500": 0.23393000436497466, "rent_2br_under_750": 0.04078221017371671, "rent_2br_over_1500": 0.40762121857682126, "year_built_1969_or_earlier": 0.4957838808412723, "year_built_2010_or_later": 0.04912565982009643, "transportation_means_car": 0.8039856124170229, "transportation_means_bike": 0.0021092450253904433, "transportation_means_walk": 0.019974185113961065, "transportation_means_transit": 0.0308517656684449, "transportation_means_worked_at_home": 0.1366091641764699, "transportation_commute_time_under_15": 0.23625384240316158, "transportation_commute_time_over_60": 0.09515616776407829, "vehicle_ownership_at_least_1": 0.9511336610816008, "traffic_fatalities_last_decade_per_capita": 6.21024625260667e-05, "traffic_fatalities_ped_last_decade_per_capita": 1.1374556294248005e-05, "GHLTH_cdc_2": 0.12813404898645647, "ARTHRITIS_cdc_2": 0.23681013901561881, "CASTHMA_cdc_2": 0.09945053763440774, "BPHIGH_cdc_2": 0.3008264272806999, "CANCER_cdc_2": 0.07488796808187097, "KIDNEY_cdc_2": 0.02744241318233079, "COPD_cdc_2": 0.0547302774944983, "CHD_cdc_2": 0.054168174905623194, "DIABETES_cdc_2": 0.08496704417368893, "OBESITY_cdc_2": 0.3136191383536367, "STROKE_cdc_2": 0.02705413558048425, "DISABILITY_cdc_2": 0.24688269908575153, "HEARING_cdc_2": 0.06220230440305604, "VISION_cdc_2": 0.03464909917163176, "COGNITION_cdc_2": 0.10873775428049993, "MOBILITY_cdc_2": 0.10934904549764705, "SELFCARE_cdc_2": 0.026865317660529964, "INDEPLIVE_cdc_2": 0.05980818886085909, "BINGE_cdc_2": 0.17036886730001874, "CSMOKING_cdc_2": 0.13562745782119343, "LPA_cdc_2": 0.20632194908127982, "SLEEP_cdc_2": 0.32665173456425606, "heating_utility_gas": 0.4957812581105657, "heating_electricity": 0.2404350186416077, "industry_agriculture,_forestry,_fishing_and_hunting": 0.0044394571835582215, "industry_mining,_quarrying,_and_oil_and_gas_extraction": 0.000653807638511802, "industry_accommodation_and_food_services": 0.04861071171259189, "industry_arts,_entertainment,_and_recreation": 0.02087340600803174, "industry_construction": 0.05303106235683665, "industry_educational_services": 0.10378069846765077, "industry_health_care_and_social_assistance": 0.14852647350106313, "industry_finance_and_insurance": 0.07176075285877728, "industry_real_estate_and_rental_and_leasing": 0.02153033675670721, "industry_information": 0.02051842577481582, "industry_manufacturing": 0.12812982230857808, "industry_other_services,_except_public_administration": 0.04441467802936965, "industry_administrative_and_support_and_waste_management_services": 0.035591806793717325, "industry_management_of_companies_and_enterprises": 0.002731150768487776, "industry_professional,_scientific,_and_technical_services": 0.10372299114449735, "industry_public_administration": 0.027996309063083043, "industry_retail_trade": 0.09778431478509889, "industry_transportation_and_warehousing": 0.03012317395509886, "industry_utilities": 0.009825314269417617, "industry_wholesale_trade": 0.02595530662410693, "occupation_architecture_and_engineering_occupations": 0.02138264842032418, "occupation_computer_and_mathematical_occupations": 0.0454915850481946, "occupation_life,_physical,_and_social_science_occupations": 0.019905811608575415, "occupation_arts,_design,_entertainment,_sports,_and_media_occupations": 0.021691810139555977, "occupation_community_and_social_service_occupations": 0.01898537418738841, "occupation_educational_instruction,_and_library_occupations": 0.07170086993469865, "occupation_legal_occupations": 0.016602191474055433, "occupation_health_diagnosing_and_treating_practitioners_and_other_technical_occupations": 0.05787466480755605, "occupation_health_technologists_and_technicians": 0.018165177468681296, "occupation_business_and_financial_operations_occupations": 0.07927334192858482, "occupation_management_occupations": 0.12913870366983457, "occupation_construction_and_extraction_occupations": 0.034845456147847356, "occupation_farming,_fishing,_and_forestry_occupations": 0.0019134083468964904, "occupation_installation,_maintenance,_and_repair_occupations": 0.026788474853836956, "occupation_material_moving_occupations": 0.027092715572405255, "occupation_transportation_occupations": 0.026433894688142584, "occupation_office_and_administrative_support_occupations": 0.10418242096960692, "occupation_sales_and_related_occupations": 0.100449736659577, "occupation_building_and_grounds_cleaning_and_maintenance_occupations": 0.02449780930645851, "occupation_food_preparation_and_serving_related_occupations": 0.044063717408667026, "occupation_healthcare_support_occupations": 0.020925691919437647, "occupation_personal_care_and_service_occupations": 0.02616208794264484, "occupation_firefighting_and_prevention,_and_other_protective_service_workers_including_supervisors": 0.0069719964482613545, "occupation_law_enforcement_workers_including_supervisors": 0.007464279489294727, "sors_cohabiting_partnered_gay": 0.005109040758083946, "2020 Presidential Election-margin": 0.18929864854588682, "2016 Presidential Election-margin": 0.13936124515637, "2016-2020 Swing-margin": 0.04993740338951683, "park_percent_1km_v2": 0.031140089541816275, "mean_dist_Hospital_updated": 5.3312297743438295, "mean_dist_Active Superfund Site_updated": 5.78000639556071, "mean_dist_Airport_updated": 23.165680962438174, "mean_dist_Public School_updated": 1.3679880510975637, "lapop1share_usda_fra_1": 0.5848168181222397, "mean_high_temp_4": 63.54912608178601, "mean_high_temp_winter_4": 43.16914554494603, "mean_high_temp_spring_4": 69.13999600799666, "mean_high_temp_summer_4": 83.26417054450657, "mean_high_temp_fall_4": 57.61631849997712, "mean_high_heat_index_4": 63.24694481561889, "days_above_90_4": 0.047137345312649244, "days_below_40_4": 0.1254113863364829, "wind_speed_over_10mph_4": 0.11883148981310364, "snowfall_4": 0.09549921403104007, "rainfall_4": 1.0551725536248864, "hours_sunny_4": 4.749325678583003, "internet_no_access": 0.07002925775377616, "insurance_coverage_none": 0.045308915984472495, "insurance_coverage_govt": 0.10050604910023575,