{"population": 414721.0, "ad_1": 660.0556043578237, "population_change_2010": 0.004188953270168115, "ad_1_change_2010": -0.05191673257455648, "gpw_population": NaN, "gpw_pw_density_4": NaN, "white": 0.5464348320919366, "hispanic": 0.032368749110848014, "black": 0.35068154253100275, "asian": 0.020527053127283163, "citizenship_citizen_by_birth": 0.9684181387797005, "citizenship_citizen_by_naturalization": 0.01647603999287353, "citizenship_not_citizen": 0.0151058212274259, "birthplace_non_us": 0.031581861220299434, "birthplace_us_not_state": 0.23168933674391223, "birthplace_us_state": 0.7367288020357884, "language_english_only": 0.9563761552354413, "language_spanish": 0.01822150895353136, "education_high_school": 0.884474333706646, "education_ugrad": 0.2275240774281255, "education_grad": 0.08100279899372709, "education_field_stem": 0.08960350752889305, "education_field_humanities": 0.08574819257014613, "education_field_business": 0.052172377329086354, "generation_silent": 0.0632574418954858, "generation_boomer": 0.23236906444151673, "generation_genx": 0.18511866829787177, "generation_millenial": 0.1951997017777375, "generation_genz": 0.19596634870224186, "generation_genalpha": 0.12808877488514633, "poverty_below_line": 0.17568722951264928, "household_income_under_50k": 0.4897727498973212, "household_income_over_100k": 0.2188232338142488, "individual_income_under_50k": 0.7289573941372065, "individual_income_over_100k": 0.06611305593383691, "housing_per_pop": 0.5760680655980008, "vacancy": 0.11049081055223661, "rent_or_own_rent": 0.3646376600522339, "rent_burden_under_20": 0.2592118007463733, "rent_burden_over_40": 0.3642625785373331, "rent_1br_under_750": 0.5633560546036277, "rent_1br_over_1500": 0.012550124896423667, "rent_2br_under_750": 0.29242246180573295, "rent_2br_over_1500": 0.022891012211946248, "year_built_1969_or_earlier": 0.3199027012316173, "year_built_2010_or_later": 0.060150882370738755, "transportation_means_car": 0.9215859492463288, "transportation_means_bike": 0.0010728134319517011, "transportation_means_walk": 0.008774460371918051, "transportation_means_transit": 0.004068081703367345, "transportation_means_worked_at_home": 0.05651234787976676, "transportation_commute_time_under_15": 0.1955633826385358, "transportation_commute_time_over_60": 0.05885877953599323, "vehicle_ownership_at_least_1": 0.9320180972345506, "GHLTH_cdc_2": 0.22277374034452666, "ARTHRITIS_cdc_2": 0.2987180892666688, "CASTHMA_cdc_2": 0.10972269480624414, "BPHIGH_cdc_2": 0.3923668433470153, "CANCER_cdc_2": 0.06636574124947481, "KIDNEY_cdc_2": 0.03326129084386413, "COPD_cdc_2": 0.08372374842442067, "CHD_cdc_2": 0.06636947416049901, "DIABETES_cdc_2": 0.14406452280146084, "OBESITY_cdc_2": 0.40470732361591416, "STROKE_cdc_2": 0.03722930415952943, "DISABILITY_cdc_2": 0.3551726091593678, "HEARING_cdc_2": 0.06428841989593097, "VISION_cdc_2": 0.06595650431466339, "COGNITION_cdc_2": 0.15877708218868167, "MOBILITY_cdc_2": 0.1933791538735012, "SELFCARE_cdc_2": 0.05150758540447949, "INDEPLIVE_cdc_2": 0.10259503571313144, "BINGE_cdc_2": 0.15530850328043697, "CSMOKING_cdc_2": 0.19174317572153454, "LPA_cdc_2": 0.35559110888465145, "SLEEP_cdc_2": 0.39714755179212047, "heating_utility_gas": 0.35551257747468396, "heating_electricity": 0.6210085293518572, "industry_agriculture,_forestry,_fishing_and_hunting": 0.007108296388517309, "industry_mining,_quarrying,_and_oil_and_gas_extraction": 0.005200638571790619, "industry_accommodation_and_food_services": 0.08081327027300382, "industry_arts,_entertainment,_and_recreation": 0.012836437642380462, "industry_construction": 0.07584954210271182, "industry_educational_services": 0.09003337030129314, "industry_health_care_and_social_assistance": 0.14158811810139954, "industry_finance_and_insurance": 0.038259746679888275, "industry_real_estate_and_rental_and_leasing": 0.019126129318908437, "industry_information": 0.01637406292690409, "industry_manufacturing": 0.12172392446667828, "industry_other_services,_except_public_administration": 0.05426037426921719, "industry_administrative_and_support_and_waste_management_services": 0.045582753007143206, "industry_management_of_companies_and_enterprises": 0.00028955520432458686, "industry_professional,_scientific,_and_technical_services": 0.04822749079612406, "industry_public_administration": 0.04116305042865877, "industry_retail_trade": 0.11336501958685483, "industry_transportation_and_warehousing": 0.05257414102050342, "industry_utilities": 0.010312510447664333, "industry_wholesale_trade": 0.0253115684660338, "occupation_architecture_and_engineering_occupations": 0.018125596824198315, "occupation_computer_and_mathematical_occupations": 0.01715292476771162, "occupation_life,_physical,_and_social_science_occupations": 0.005669555234557997, "occupation_arts,_design,_entertainment,_sports,_and_media_occupations": 0.013018629088554464, "occupation_community_and_social_service_occupations": 0.01779345118339716, "occupation_educational_instruction,_and_library_occupations": 0.05919160152450912, "occupation_legal_occupations": 0.008545754380337625, "occupation_health_diagnosing_and_treating_practitioners_and_other_technical_occupations": 0.0441502167331163, "occupation_health_technologists_and_technicians": 0.02330971248625391, "occupation_business_and_financial_operations_occupations": 0.04081773919276024, "occupation_management_occupations": 0.09281848251276754, "occupation_construction_and_extraction_occupations": 0.06017019721991146, "occupation_farming,_fishing,_and_forestry_occupations": 0.004008352436336438, "occupation_installation,_maintenance,_and_repair_occupations": 0.04163349633945481, "occupation_material_moving_occupations": 0.0437434894901814, "occupation_transportation_occupations": 0.048083196576959336, "occupation_office_and_administrative_support_occupations": 0.10909602703823013, "occupation_sales_and_related_occupations": 0.10554367175545334, "occupation_building_and_grounds_cleaning_and_maintenance_occupations": 0.038866207777417984, "occupation_food_preparation_and_serving_related_occupations": 0.05777840057038491, "occupation_healthcare_support_occupations": 0.029699279878861055, "occupation_personal_care_and_service_occupations": 0.028506993743406876, "occupation_firefighting_and_prevention,_and_other_protective_service_workers_including_supervisors": 0.011860408271256118, "occupation_law_enforcement_workers_including_supervisors": 0.009975460666633316, "2020 Presidential Election-margin": -0.11869504395770765, "2016 Presidential Election-margin": -0.13261771540756292, "2016-2020 Swing-margin": 0.013922671449855276, "park_percent_1km_v2": 0.013370731910425572, "mean_dist_Hospital_updated": 8.606426452897239, "mean_dist_Active Superfund Site_updated": 20.23909701012549, "mean_dist_Airport_updated": 14.538023921563447, "mean_dist_Public School_updated": 1.97091535397861, "mean_high_temp_4": 75.70982076523806, "mean_high_temp_winter_4": 63.17122255660379, "mean_high_temp_spring_4": 79.3685896040986, "mean_high_temp_summer_4": 87.44317218885374, "mean_high_temp_fall_4": 72.2521536568242, "mean_high_heat_index_4": 79.489357290858, "days_above_90_4": 0.07878134141886631, "days_below_40_4": 0.0020910338310629645, "wind_speed_over_10mph_4": 0.15330906099309202, "snowfall_4": 0.001563006185360744, "rainfall_4": 1.459202928504022, "hours_sunny_4": 5.764868981657739, "internet_no_access": 0.1613129027427804, "insurance_coverage_none": 0.1691798178698956, "insurance_coverage_govt": 0.17838362359432278, "insurance_coverage_private": 0.6524365585357816, "marriage_divorced": 0.12093052187589524}