{"population": 461864.0, "ad_1": 890.0892557503619, "population_change_2010": 0.07844620658092596, "ad_1_change_2010": -0.009222452843312969, "population_change_2000": 0.21292274400844569, "ad_1_change_2000": -0.06649021201298172, "gpw_population": NaN, "gpw_pw_density_4": NaN, "white": 0.5309333483449673, "hispanic": 0.08224065958810385, "black": 0.311505118389829, "asian": 0.024043874387265515, "homogeneity_250_2020": 0.5674213211869011, "homogeneity_250_diff_2010": -0.08744386936285753, "homogeneity_250_diff_2000": -0.16024470499555576, "citizenship_citizen_by_birth": 0.9506397600959212, "citizenship_citizen_by_naturalization": 0.020177401281236903, "citizenship_not_citizen": 0.029182838622841857, "birthplace_non_us": 0.04936023990407857, "birthplace_us_not_state": 0.2880900596727045, "birthplace_us_state": 0.662549700423217, "language_english_only": 0.9232271487839627, "language_spanish": 0.04854180916369852, "education_high_school": 0.9216881084398006, "education_ugrad": 0.3433724562963328, "education_grad": 0.13455363205298418, "education_field_stem": 0.14824654365879886, "education_field_humanities": 0.11827419406158152, "education_field_business": 0.07685171857595184, "generation_silent": 0.05687031984638949, "generation_boomer": 0.21230574057560883, "generation_genx": 0.18274579712499392, "generation_millenial": 0.2204499291915341, "generation_genz": 0.19318277875710071, "generation_genalpha": 0.13444543450437288, "poverty_below_line": 0.14484943002775447, "household_income_under_50k": 0.4409952529682636, "household_income_over_100k": 0.2648075349156036, "individual_income_under_50k": 0.6728366782344577, "individual_income_over_100k": 0.09609703855362657, "housing_per_pop": 0.6101880633028174, "vacancy": 0.09675558491584246, "rent_or_own_rent": 0.4076499441460191, "rent_burden_under_20": 0.2908240127075602, "rent_burden_over_40": 0.30523639351001297, "rent_1br_under_750": 0.4604095233713173, "rent_1br_over_1500": 0.02457192411186246, "rent_2br_under_750": 0.25671415316619517, "rent_2br_over_1500": 0.04052605615909663, "year_built_1969_or_earlier": 0.2951456226566827, "year_built_2010_or_later": 0.10539393856052508, "transportation_means_car": 0.9012783615110784, "transportation_means_bike": 0.002542865376383447, "transportation_means_walk": 0.012421591005384825, "transportation_means_transit": 0.005193756591100469, "transportation_means_worked_at_home": 0.06834127028881713, "transportation_commute_time_under_15": 0.3026757191052538, "transportation_commute_time_over_60": 0.03214778686807376, "vehicle_ownership_at_least_1": 0.9338824040527415, "GHLTH_cdc_2": 0.19981264691761375, "ARTHRITIS_cdc_2": 0.2562432986862392, "CASTHMA_cdc_2": 0.10007745403076419, "BPHIGH_cdc_2": 0.37673437607168087, "CANCER_cdc_2": 0.06334336477967797, "KIDNEY_cdc_2": 0.03003858360508558, "COPD_cdc_2": 0.0700607373783351, "CHD_cdc_2": 0.05907818667032453, "DIABETES_cdc_2": 0.10973336908198686, "OBESITY_cdc_2": 0.3830951839081171, "STROKE_cdc_2": 0.0323512959926175, "DISABILITY_cdc_2": 0.3105010225777687, "HEARING_cdc_2": 0.059747395232543056, "VISION_cdc_2": 0.058841247918991944, "COGNITION_cdc_2": 0.15985980708197392, "MOBILITY_cdc_2": 0.14896746456830354, "SELFCARE_cdc_2": 0.043809619713304465, "INDEPLIVE_cdc_2": 0.08988020252028056, "BINGE_cdc_2": 0.13732325304435047, "CSMOKING_cdc_2": 0.19696077728381017, "LPA_cdc_2": 0.2693860948129128, "SLEEP_cdc_2": 0.3503436578355032, "heating_utility_gas": 0.5101157015400524, "heating_electricity": 0.464361312970012, "industry_agriculture,_forestry,_fishing_and_hunting": 0.004096758431598941, "industry_mining,_quarrying,_and_oil_and_gas_extraction": 0.0010428841434958153, "industry_accommodation_and_food_services": 0.0690849485610572, "industry_arts,_entertainment,_and_recreation": 0.013608464083779094, "industry_construction": 0.05847803620054491, "industry_educational_services": 0.09108706950228737, "industry_health_care_and_social_assistance": 0.1859069164561604, "industry_finance_and_insurance": 0.057744667471592424, "industry_real_estate_and_rental_and_leasing": 0.016328207646415356, "industry_information": 0.021572230107584318, "industry_manufacturing": 0.06725579916423019, "industry_other_services,_except_public_administration": 0.04870067296321528, "industry_administrative_and_support_and_waste_management_services": 0.042425738251630055, "industry_management_of_companies_and_enterprises": 0.0009536580317049793, "industry_professional,_scientific,_and_technical_services": 0.05944503499508124, "industry_public_administration": 0.06551725120880393, "industry_retail_trade": 0.11170005871472148, "industry_transportation_and_warehousing": 0.048430646257366046, "industry_utilities": 0.007860441755686318, "industry_wholesale_trade": 0.028760516053044548, "occupation_architecture_and_engineering_occupations": 0.0165646001620513, "occupation_computer_and_mathematical_occupations": 0.02984406018720558, "occupation_life,_physical,_and_social_science_occupations": 0.01104155657865611, "occupation_arts,_design,_entertainment,_sports,_and_media_occupations": 0.01629515353972208, "occupation_community_and_social_service_occupations": 0.02222972612171917, "occupation_educational_instruction,_and_library_occupations": 0.062394594593131694, "occupation_legal_occupations": 0.015988697740774823, "occupation_health_diagnosing_and_treating_practitioners_and_other_technical_occupations": 0.06851799011268636, "occupation_health_technologists_and_technicians": 0.023097828076218657, "occupation_business_and_financial_operations_occupations": 0.05824752890234373, "occupation_management_occupations": 0.10392742751583645, "occupation_construction_and_extraction_occupations": 0.03785966868118292, "occupation_farming,_fishing,_and_forestry_occupations": 0.002135079846489974, "occupation_installation,_maintenance,_and_repair_occupations": 0.027656332346723937, "occupation_material_moving_occupations": 0.03274529685347341, "occupation_transportation_occupations": 0.03631795387400588, "occupation_office_and_administrative_support_occupations": 0.12285072117931486, "occupation_sales_and_related_occupations": 0.10863097002359424, "occupation_building_and_grounds_cleaning_and_maintenance_occupations": 0.03076368985275929, "occupation_food_preparation_and_serving_related_occupations": 0.052260880529888955, "occupation_healthcare_support_occupations": 0.03319008997106309, "occupation_personal_care_and_service_occupations": 0.02132200110853396, "occupation_firefighting_and_prevention,_and_other_protective_service_workers_including_supervisors": 0.011254619655720574, "occupation_law_enforcement_workers_including_supervisors": 0.010021459310492023, "sors_cohabiting_partnered_gay": 0.006238093080582313, "2020 Presidential Election-margin": 0.11922611030831129, "2016 Presidential Election-margin": 0.07652682105924388, "2016-2020 Swing-margin": 0.04269928924906741, "park_percent_1km_v2": 0.023443638822591147, "mean_dist_Hospital_updated": 4.340877306682602, "mean_dist_Active Superfund Site_updated": 25.103730887434125, "mean_dist_Airport_updated": 18.259923418870642, "mean_dist_Public School_updated": 1.213965145697966, "lapop1share_usda_fra_1": 0.5618443562629603, "mean_high_temp_4": 73.04749741219543, "mean_high_temp_winter_4": 55.61141253952469, "mean_high_temp_spring_4": 78.57369491352848, "mean_high_temp_summer_4": 90.25496830957852, "mean_high_temp_fall_4": 66.84250595671436, "mean_high_heat_index_4": 75.0666860312219, "days_above_90_4": 0.16790282382988658, "days_below_40_4": 0.03218822610986106, "wind_speed_over_10mph_4": 0.07645772980307369, "snowfall_4": 0.013524680235002768, "rainfall_4": 1.211511421531084, "hours_sunny_4": 5.809200437730112, "internet_no_access": 0.12316588167012324, "insurance_coverage_none": 0.10999600028692538, "insurance_coverage_govt": 0.2086675159337218, "insurance_coverage_private": 0.6813364837793529, "marriage_divorced": 0.14416537883146968}