{"population": 909046.0, "ad_1": 613.7615459539785, "population_change_2010": 0.01826967883002366, "ad_1_change_2010": 0.03298609648364833, "population_change_2000": 0.04031384073818491, "ad_1_change_2000": -0.06614518338290004, "gpw_population": NaN, "gpw_pw_density_4": NaN, "white": 0.7530609012085197, "hispanic": 0.1038946323948403, "black": 0.07831616881873965, "asian": 0.015555868459901919, "homogeneity_250_2020": 0.6828623057816, "homogeneity_250_diff_2010": -0.07462915068443221, "homogeneity_250_diff_2000": -0.12638335424759817, "citizenship_citizen_by_birth": 0.9437679351680094, "citizenship_citizen_by_naturalization": 0.023313079641284935, "citizenship_not_citizen": 0.03291898519070569, "birthplace_non_us": 0.05623206483199003, "birthplace_us_not_state": 0.28461715247032404, "birthplace_us_state": 0.6591507826976859, "language_english_only": 0.8724687573875282, "language_spanish": 0.0657799179162575, "education_high_school": 0.8744775717438636, "education_ugrad": 0.23664707376947663, "education_grad": 0.08914381099316407, "education_field_stem": 0.09233533816173038, "education_field_humanities": 0.09636753625112596, "education_field_business": 0.04794419935662184, "generation_silent": 0.06777462306065594, "generation_boomer": 0.23140693404902826, "generation_genx": 0.1799562070874518, "generation_millenial": 0.18218687149151044, "generation_genz": 0.20844582615515203, "generation_genalpha": 0.13022953815620153, "poverty_below_line": 0.12795430236115576, "household_income_under_50k": 0.4190573715342441, "household_income_over_100k": 0.25405445282306915, "individual_income_under_50k": 0.7123429761490692, "individual_income_over_100k": 0.07076976740127305, "housing_per_pop": 0.5782050314173219, "vacancy": 0.12092511732197066, "rent_or_own_rent": 0.27237525014061875, "rent_burden_under_20": 0.30398629852420067, "rent_burden_over_40": 0.3005574515598108, "rent_1br_under_750": 0.6160994249687788, "rent_1br_over_1500": 0.025814813359408065, "rent_2br_under_750": 0.3042672972581398, "rent_2br_over_1500": 0.034738486413848385, "year_built_1969_or_earlier": 0.48171743307380316, "year_built_2010_or_later": 0.041981841057941095, "transportation_means_car": 0.8896358245274474, "transportation_means_bike": 0.010502183075448243, "transportation_means_walk": 0.026782500024270878, "transportation_means_transit": 0.005302029358355064, "transportation_means_worked_at_home": 0.059833585134754445, "transportation_commute_time_under_15": 0.3467788412930807, "transportation_commute_time_over_60": 0.04107980413611002, "vehicle_ownership_at_least_1": 0.9235937789369861, "traffic_fatalities_last_decade_per_capita": 0.0001344266406760494, "traffic_fatalities_ped_last_decade_per_capita": 2.0571016208200685e-05, "GHLTH_cdc_2": 0.18479550940371725, "ARTHRITIS_cdc_2": 0.27892840678027725, "CASTHMA_cdc_2": 0.10875010227171485, "BPHIGH_cdc_2": 0.3387151427048967, "CANCER_cdc_2": 0.07033241854869185, "KIDNEY_cdc_2": 0.03163386122143423, "COPD_cdc_2": 0.08500532114828002, "CHD_cdc_2": 0.0644476678275083, "DIABETES_cdc_2": 0.11623637672824289, "OBESITY_cdc_2": 0.3710159106107489, "STROKE_cdc_2": 0.033591292035185204, "DISABILITY_cdc_2": 0.30369646509703824, "HEARING_cdc_2": 0.06827966898683896, "VISION_cdc_2": 0.0541821221494118, "COGNITION_cdc_2": 0.14529685214453586, "MOBILITY_cdc_2": 0.14864800566381467, "SELFCARE_cdc_2": 0.04183444209458597, "INDEPLIVE_cdc_2": 0.08960967528164282, "BINGE_cdc_2": 0.15790077303830416, "CSMOKING_cdc_2": 0.1941487717582105, "LPA_cdc_2": 0.2783582212118333, "SLEEP_cdc_2": 0.33652587436655546, "heating_utility_gas": 0.7238712392209745, "heating_electricity": 0.15361286777113115, "industry_agriculture,_forestry,_fishing_and_hunting": 0.012815033924196894, "industry_mining,_quarrying,_and_oil_and_gas_extraction": 0.0007215386223807519, "industry_accommodation_and_food_services": 0.061765277265231074, "industry_arts,_entertainment,_and_recreation": 0.013441968999174745, "industry_construction": 0.05742747750970876, "industry_educational_services": 0.09651680249832888, "industry_health_care_and_social_assistance": 0.1275624378188366, "industry_finance_and_insurance": 0.02884992698439901, "industry_real_estate_and_rental_and_leasing": 0.011886875866602562, "industry_information": 0.012021764466440604, "industry_manufacturing": 0.266900898110444, "industry_other_services,_except_public_administration": 0.047263671595036874, "industry_administrative_and_support_and_waste_management_services": 0.028518137432651153, "industry_management_of_companies_and_enterprises": 0.0006959356390059527, "industry_professional,_scientific,_and_technical_services": 0.035808016079426574, "industry_public_administration": 0.024683427234270805, "industry_retail_trade": 0.1030979307837891, "industry_transportation_and_warehousing": 0.03534021244420524, "industry_utilities": 0.010217937719373316, "industry_wholesale_trade": 0.02446472900649732, "occupation_architecture_and_engineering_occupations": 0.020915349491038255, "occupation_computer_and_mathematical_occupations": 0.017370524826705785, "occupation_life,_physical,_and_social_science_occupations": 0.005281212063701929, "occupation_arts,_design,_entertainment,_sports,_and_media_occupations": 0.013651045226655256, "occupation_community_and_social_service_occupations": 0.01744314579522312, "occupation_educational_instruction,_and_library_occupations": 0.06054740694469732, "occupation_legal_occupations": 0.0042977873664329985, "occupation_health_diagnosing_and_treating_practitioners_and_other_technical_occupations": 0.036108595216188956, "occupation_health_technologists_and_technicians": 0.019614257379030997, "occupation_business_and_financial_operations_occupations": 0.03838148445536065, "occupation_management_occupations": 0.0936782061798817, "occupation_construction_and_extraction_occupations": 0.047118311261288515, "occupation_farming,_fishing,_and_forestry_occupations": 0.004782955662981994, "occupation_installation,_maintenance,_and_repair_occupations": 0.03612562183668741, "occupation_material_moving_occupations": 0.05036584223942696, "occupation_transportation_occupations": 0.03829460823308186, "occupation_office_and_administrative_support_occupations": 0.1075078186252838, "occupation_sales_and_related_occupations": 0.09129343051760345, "occupation_building_and_grounds_cleaning_and_maintenance_occupations": 0.033011561337344356, "occupation_food_preparation_and_serving_related_occupations": 0.05286900153561476, "occupation_healthcare_support_occupations": 0.027187972324848167, "occupation_personal_care_and_service_occupations": 0.022317673150670205, "occupation_firefighting_and_prevention,_and_other_protective_service_workers_including_supervisors": 0.008183472602838412, "occupation_law_enforcement_workers_including_supervisors": 0.007206076048034837, "sors_cohabiting_partnered_gay": 0.00488499981387397, "2020 Presidential Election-margin": -0.18442506298170772, "2016 Presidential Election-margin": -0.21758921390837554, "2016-2020 Swing-margin": 0.03316415092666783, "park_percent_1km_v2": 0.015039682344451319, "mean_dist_Hospital_updated": 6.749208450263038, "mean_dist_Active Superfund Site_updated": 12.112722466957223, "mean_dist_Airport_updated": 33.104358525478496, "mean_dist_Public School_updated": 2.253215890738614, "lapop1share_usda_fra_1": 0.4423648918797448, "mean_high_temp_4": 59.18828452814141, "mean_high_temp_winter_4": 36.47676771655245, "mean_high_temp_spring_4": 66.18579245208518, "mean_high_temp_summer_4": 80.07137667245091, "mean_high_temp_fall_4": 52.933504426265124, "mean_high_heat_index_4": 58.538987022634544, "days_above_90_4": 0.018206189484371853, "days_below_40_4": 0.2199671036746945, "wind_speed_over_10mph_4": 0.29553819533087744, "snowfall_4": 0.11785749561989829, "rainfall_4": 0.9200404106778166, "hours_sunny_4": 4.37151670668375, "internet_no_access": 0.13847896101035975, "insurance_coverage_none": 0.1291146164928209, "insurance_coverage_govt": 0.1789540646370909,