{"population": 487485.0, "ad_1": 469.2936179227023, "population_change_2010": 0.2944026977509891, "ad_1_change_2010": 0.2317212445354188, "population_change_2000": 0.806965649916043, "ad_1_change_2000": 0.5205615066127868, "gpw_population": NaN, "gpw_pw_density_4": NaN, "white": 0.7718063119890869, "hispanic": 0.06505841205370422, "black": 0.10412012677313148, "asian": 0.011202395971158087, "homogeneity_250_2020": 0.689612158921036, "homogeneity_250_diff_2010": -0.04720853046126161, "homogeneity_250_diff_2000": -0.11403081051687025, "citizenship_citizen_by_birth": 0.9449632649005697, "citizenship_citizen_by_naturalization": 0.026303573764975895, "citizenship_not_citizen": 0.028733161334454336, "birthplace_non_us": 0.055036735099430176, "birthplace_us_not_state": 0.5742371978166881, "birthplace_us_state": 0.3707260670838818, "language_english_only": 0.9306771236019942, "language_spanish": 0.04470844525712438, "education_high_school": 0.9192327731966908, "education_ugrad": 0.25519212979225736, "education_grad": 0.09106030460263455, "education_field_stem": 0.09997745070290237, "education_field_humanities": 0.09492468112981271, "education_field_business": 0.06028999795954218, "generation_silent": 0.08730634473527694, "generation_boomer": 0.3445158020118916, "generation_genx": 0.1757826857501074, "generation_millenial": 0.15535437688503131, "generation_genz": 0.1490532141142657, "generation_genalpha": 0.08798757650342696, "poverty_below_line": 0.12786650945142006, "household_income_under_50k": 0.43112726095549997, "household_income_over_100k": 0.23154093903678744, "individual_income_under_50k": 0.7326705778210308, "individual_income_over_100k": 0.06974910452234179, "housing_per_pop": 0.714376740570169, "vacancy": 0.2721737603184825, "rent_or_own_rent": 0.23271025953689511, "rent_burden_under_20": 0.24649455238939563, "rent_burden_over_40": 0.34370428623581045, "rent_1br_under_750": 0.3215058416270012, "rent_1br_over_1500": 0.024448290783210692, "rent_2br_under_750": 0.24044790375515845, "rent_2br_over_1500": 0.054561237342133376, "year_built_1969_or_earlier": 0.077826788295109, "year_built_2010_or_later": 0.15652864376367698, "transportation_means_car": 0.888168443463441, "transportation_means_bike": 0.0022572805402692178, "transportation_means_walk": 0.010636643392415098, "transportation_means_transit": 0.005656275801379298, "transportation_means_worked_at_home": 0.07991414663293411, "transportation_commute_time_under_15": 0.25342427119180727, "transportation_commute_time_over_60": 0.044644883285932094, "vehicle_ownership_at_least_1": 0.9615655729500204, "traffic_fatalities_last_decade_per_capita": 0.0001827748546109111, "traffic_fatalities_ped_last_decade_per_capita": 3.938582725622327e-05, "GHLTH_cdc_2": 0.1680245315545126, "ARTHRITIS_cdc_2": 0.29816742603971397, "CASTHMA_cdc_2": 0.09522153509163707, "BPHIGH_cdc_2": 0.3679182193281093, "CANCER_cdc_2": 0.07708267074312648, "KIDNEY_cdc_2": 0.03262118038666808, "COPD_cdc_2": 0.07812135740827128, "CHD_cdc_2": 0.06827689487563837, "DIABETES_cdc_2": 0.12162805941308284, "OBESITY_cdc_2": 0.35391482448390466, "STROKE_cdc_2": 0.034126400042352914, "DISABILITY_cdc_2": 0.30800813968493707, "HEARING_cdc_2": 0.0768766639203506, "VISION_cdc_2": 0.054152490048738934, "COGNITION_cdc_2": 0.13591724322768206, "MOBILITY_cdc_2": 0.14706243733931607, "SELFCARE_cdc_2": 0.04171889631166428, "INDEPLIVE_cdc_2": 0.08213795773319703, "BINGE_cdc_2": 0.16321627076694842, "CSMOKING_cdc_2": 0.1773374561168424, "LPA_cdc_2": 0.2357946218520757, "SLEEP_cdc_2": 0.3286636324833003, "heating_utility_gas": 0.060108948675487, "heating_electricity": 0.8899102627415783, "industry_agriculture,_forestry,_fishing_and_hunting": 0.004113203320955384, "industry_mining,_quarrying,_and_oil_and_gas_extraction": 0.0006337475588140763, "industry_accommodation_and_food_services": 0.1380736466120457, "industry_arts,_entertainment,_and_recreation": 0.03257347408574434, "industry_construction": 0.09713117450830297, "industry_educational_services": 0.07706451055516936, "industry_health_care_and_social_assistance": 0.1182802773695865, "industry_finance_and_insurance": 0.03255997818176888, "industry_real_estate_and_rental_and_leasing": 0.03179941310642549, "industry_information": 0.015001034543164897, "industry_manufacturing": 0.05033544803922284, "industry_other_services,_except_public_administration": 0.05071934516575105, "industry_administrative_and_support_and_waste_management_services": 0.05479996361146165, "industry_management_of_companies_and_enterprises": 0.0008155937233861487, "industry_professional,_scientific,_and_technical_services": 0.047591661656697405, "industry_public_administration": 0.03670047487259213, "industry_retail_trade": 0.1494742417991027, "industry_transportation_and_warehousing": 0.028965665219747062, "industry_utilities": 0.01578375005846733, "industry_wholesale_trade": 0.01758339601159429, "occupation_architecture_and_engineering_occupations": 0.01003766357309586, "occupation_computer_and_mathematical_occupations": 0.018084517071072677, "occupation_life,_physical,_and_social_science_occupations": 0.006038301678876448, "occupation_arts,_design,_entertainment,_sports,_and_media_occupations": 0.016321493726619653, "occupation_community_and_social_service_occupations": 0.013580901567622802, "occupation_educational_instruction,_and_library_occupations": 0.05231836783196454, "occupation_legal_occupations": 0.007307258736524886, "occupation_health_diagnosing_and_treating_practitioners_and_other_technical_occupations": 0.03907422778497801, "occupation_health_technologists_and_technicians": 0.020269359144169167, "occupation_business_and_financial_operations_occupations": 0.0365745766577309, "occupation_management_occupations": 0.09677559778800782, "occupation_construction_and_extraction_occupations": 0.0687096200599182, "occupation_farming,_fishing,_and_forestry_occupations": 0.0029013755426956795, "occupation_installation,_maintenance,_and_repair_occupations": 0.03989340388109273, "occupation_material_moving_occupations": 0.030127414159469044, "occupation_transportation_occupations": 0.031427473476435076, "occupation_office_and_administrative_support_occupations": 0.10483825003852842, "occupation_sales_and_related_occupations": 0.1381166677301028, "occupation_building_and_grounds_cleaning_and_maintenance_occupations": 0.060313472904244, "occupation_food_preparation_and_serving_related_occupations": 0.0884503743985214, "occupation_healthcare_support_occupations": 0.02541844207903364, "occupation_personal_care_and_service_occupations": 0.03187224854022248, "occupation_firefighting_and_prevention,_and_other_protective_service_workers_including_supervisors": 0.013668046267108498, "occupation_law_enforcement_workers_including_supervisors": 0.008913744131328812, "sors_cohabiting_partnered_gay": 0.004368431023083503, "2020 Presidential Election-margin": -0.30442089117491167, "2016 Presidential Election-margin": -0.34437461597051716, "2016-2020 Swing-margin": 0.039953724795605494, "park_percent_1km_v2": 0.003696252400652603, "mean_dist_Hospital_updated": 8.524012171760342, "mean_dist_Active Superfund Site_updated": 74.27708924135523, "mean_dist_Airport_updated": 22.84902452856815, "mean_dist_Public School_updated": 3.260348115543924, "lapop1share_usda_fra_1": 0.3978356007387672, "mean_high_temp_4": 71.9753033055939, "mean_high_temp_winter_4": 59.055759313627554, "mean_high_temp_spring_4": 75.23052447301455, "mean_high_temp_summer_4": 84.50799168799145, "mean_high_temp_fall_4": 68.47473103575736, "mean_high_heat_index_4": 74.34838841103962, "days_above_90_4": 0.030572595136211553, "days_below_40_4": 0.006308460803025829, "wind_speed_over_10mph_4": 0.3005890741797109, "snowfall_4": 0.0034700988241152995, "rainfall_4": 1.343400535829991, "hours_sunny_4": 5.570381061007438, "internet_no_access": 0.08209189643160492, "insurance_coverage_none": 0.19370790602737373, "insurance_coverage_govt": 0.18205947509395484,