{"population": 753677.0, "ad_1": 1644.3320589243867, "population_change_2010": -0.04717734900644, "ad_1_change_2010": -0.014285277631804363, "population_change_2000": -0.08292387926398045, "ad_1_change_2000": -0.14109342642097744, "gpw_population": NaN, "gpw_pw_density_4": NaN, "white": 0.33334439023613566, "hispanic": 0.1527378439304901, "black": 0.469534031156583, "asian": 0.009067544850114836, "homogeneity_250_2020": 0.6429497285476299, "homogeneity_250_diff_2010": -0.04419200298893733, "homogeneity_250_diff_2000": -0.07267988843020379, "citizenship_citizen_by_birth": 0.9318026594479284, "citizenship_citizen_by_naturalization": 0.033572121500909526, "citizenship_not_citizen": 0.03462521905116204, "birthplace_non_us": 0.0681973405520713, "birthplace_us_not_state": 0.16149977697665788, "birthplace_us_state": 0.7703028824712708, "language_english_only": 0.8634428234091118, "language_spanish": 0.10939967173186241, "education_high_school": 0.8942283739706978, "education_ugrad": 0.22483318107802, "education_grad": 0.09032830182273033, "education_field_stem": 0.08819806361813938, "education_field_humanities": 0.0903485683603219, "education_field_business": 0.04628654909955731, "generation_silent": 0.06461055337928026, "generation_boomer": 0.22809269769810428, "generation_genx": 0.18387295740287402, "generation_millenial": 0.19102820425073855, "generation_genz": 0.2092300048866623, "generation_genalpha": 0.12316558238234054, "poverty_below_line": 0.17909452441102328, "household_income_under_50k": 0.45976929016729917, "household_income_over_100k": 0.2393001256281614, "individual_income_under_50k": 0.7011482438758131, "individual_income_over_100k": 0.06760024293011752, "housing_per_pop": 0.5666057938735923, "vacancy": 0.10338888315096872, "rent_or_own_rent": 0.3731117808873286, "rent_burden_under_20": 0.24696969310967054, "rent_burden_over_40": 0.3835303484982381, "rent_1br_under_750": 0.43858000845786127, "rent_1br_over_1500": 0.06575648847091685, "rent_2br_under_750": 0.249148333181988, "rent_2br_over_1500": 0.09543733031952507, "year_built_1969_or_earlier": 0.6267214069430042, "year_built_2010_or_later": 0.017237230649177957, "transportation_means_car": 0.8002786851867787, "transportation_means_bike": 0.0035546570182953836, "transportation_means_walk": 0.01939621601849053, "transportation_means_transit": 0.08599409264621775, "transportation_means_worked_at_home": 0.0754821497239364, "transportation_commute_time_under_15": 0.23992661372573107, "transportation_commute_time_over_60": 0.15696434876465698, "vehicle_ownership_at_least_1": 0.868690745151951, "GHLTH_cdc_2": 0.19981501532596008, "ARTHRITIS_cdc_2": 0.2396288546331015, "CASTHMA_cdc_2": 0.10828952348951897, "BPHIGH_cdc_2": 0.358355399400674, "CANCER_cdc_2": 0.06317403192736873, "KIDNEY_cdc_2": 0.034720849819311714, "COPD_cdc_2": 0.07363591760325224, "CHD_cdc_2": 0.06151618311607312, "DIABETES_cdc_2": 0.13183560251249768, "OBESITY_cdc_2": 0.3843127524326114, "STROKE_cdc_2": 0.03862960378794635, "DISABILITY_cdc_2": 0.3527489971268123, "HEARING_cdc_2": 0.07075273261514949, "VISION_cdc_2": 0.06871278054734532, "COGNITION_cdc_2": 0.16422228812803993, "MOBILITY_cdc_2": 0.1876615671565045, "SELFCARE_cdc_2": 0.053011269894603474, "INDEPLIVE_cdc_2": 0.10500999273131234, "BINGE_cdc_2": 0.15112184309234716, "CSMOKING_cdc_2": 0.17935934574953272, "LPA_cdc_2": 0.32194694886546743, "SLEEP_cdc_2": 0.37464030281627475, "heating_utility_gas": 0.791103633428388, "heating_electricity": 0.15309443615584073, "industry_agriculture,_forestry,_fishing_and_hunting": 0.010753157440352466, "industry_mining,_quarrying,_and_oil_and_gas_extraction": 0.0003905121811951865, "industry_accommodation_and_food_services": 0.06624067954907836, "industry_arts,_entertainment,_and_recreation": 0.014365665672454564, "industry_construction": 0.04783448922067402, "industry_educational_services": 0.09132997037768847, "industry_health_care_and_social_assistance": 0.17271961022469842, "industry_finance_and_insurance": 0.04257324460393007, "industry_real_estate_and_rental_and_leasing": 0.01532838957323015, "industry_information": 0.016866869670026093, "industry_manufacturing": 0.10831807085752175, "industry_other_services,_except_public_administration": 0.04363407291756492, "industry_administrative_and_support_and_waste_management_services": 0.04337646272568676, "industry_management_of_companies_and_enterprises": 0.001162817108200892, "industry_professional,_scientific,_and_technical_services": 0.04133180329784205, "industry_public_administration": 0.04928946211326444, "industry_retail_trade": 0.10743461552848486, "industry_transportation_and_warehousing": 0.09741806400772028, "industry_utilities": 0.007366560229603937, "industry_wholesale_trade": 0.022265482700782404, "occupation_architecture_and_engineering_occupations": 0.009289749345605764, "occupation_computer_and_mathematical_occupations": 0.01664404068121133, "occupation_life,_physical,_and_social_science_occupations": 0.005754766180383872, "occupation_arts,_design,_entertainment,_sports,_and_media_occupations": 0.011816448693740886, "occupation_community_and_social_service_occupations": 0.024714719743355294, "occupation_educational_instruction,_and_library_occupations": 0.05636819099208583, "occupation_legal_occupations": 0.008340796226213693, "occupation_health_diagnosing_and_treating_practitioners_and_other_technical_occupations": 0.03217076688775227, "occupation_health_technologists_and_technicians": 0.02416213789273936, "occupation_business_and_financial_operations_occupations": 0.03980478405925368, "occupation_management_occupations": 0.08218399923346965, "occupation_construction_and_extraction_occupations": 0.0411650652322129, "occupation_farming,_fishing,_and_forestry_occupations": 0.00309394967811673, "occupation_installation,_maintenance,_and_repair_occupations": 0.026756756744436592, "occupation_material_moving_occupations": 0.06158653590192391, "occupation_transportation_occupations": 0.06659423186650636, "occupation_office_and_administrative_support_occupations": 0.12696350183067326, "occupation_sales_and_related_occupations": 0.08658499000229201, "occupation_building_and_grounds_cleaning_and_maintenance_occupations": 0.03832314843677625, "occupation_food_preparation_and_serving_related_occupations": 0.05136763508263306, "occupation_healthcare_support_occupations": 0.05293904761399109, "occupation_personal_care_and_service_occupations": 0.03013961679439719, "occupation_firefighting_and_prevention,_and_other_protective_service_workers_including_supervisors": 0.017656531913059433, "occupation_law_enforcement_workers_including_supervisors": 0.011734020208336728, "sors_cohabiting_partnered_gay": 0.0037330679255217864, "2020 Presidential Election-margin": 0.40005996920943104, "2016 Presidential Election-margin": 0.42304775001341605, "2016-2020 Swing-margin": -0.022987780803985003, "park_percent_1km_v2": 0.02909414012921512, "mean_dist_Hospital_updated": 5.844253559713082, "mean_dist_Active Superfund Site_updated": 17.860956857201515, "mean_dist_Airport_updated": 37.17987583182116, "mean_dist_Public School_updated": 1.0939607805496208, "lapop1share_usda_fra_1": 0.6826735078090959, "mean_high_temp_4": 59.62915160980902, "mean_high_temp_winter_4": 36.92979034042451, "mean_high_temp_spring_4": 66.08630714344567, "mean_high_temp_summer_4": 80.7533597353614, "mean_high_temp_fall_4": 53.663914026026234, "mean_high_heat_index_4": 59.131577267578116, "days_above_90_4": 0.021501608543245246, "days_below_40_4": 0.214075636991812, "wind_speed_over_10mph_4": 0.37564106140974934, "snowfall_4": 0.09462734788820046, "rainfall_4": 0.948976317251849, "hours_sunny_4": 4.683129357783822, "internet_no_access": 0.13220527939198692, "insurance_coverage_none": 0.10640221191229841, "insurance_coverage_govt": 0.2665361862881014, "insurance_coverage_private": 0.6270616017996002, "marriage_divorced": 0.1157795288299339}