{"population": 600372.0, "ad_1": 2039.6680368104016, "population_change_2010": 0.13316220603223736, "ad_1_change_2010": 0.10759021666211187, "population_change_2000": 0.34768476533388404, "ad_1_change_2000": 0.2728165125409523, "gpw_population": NaN, "gpw_pw_density_4": NaN, "white": 0.6083428274469829, "hispanic": 0.17929217218657764, "black": 0.021258486405095506, "asian": 0.11397933281365553, "homogeneity_250_2020": 0.48790025625302597, "homogeneity_250_diff_2010": -0.09748064018951902, "homogeneity_250_diff_2000": -0.18620386990082233, "citizenship_citizen_by_birth": 0.8207377602522072, "citizenship_citizen_by_naturalization": 0.08583862813646938, "citizenship_not_citizen": 0.09342361161132332, "birthplace_non_us": 0.17926223974779265, "birthplace_us_not_state": 0.4080597149935762, "birthplace_us_state": 0.41267804525863105, "language_english_only": 0.751161964323786, "language_spanish": 0.11938561580555763, "education_high_school": 0.9318833145884998, "education_ugrad": 0.4429560994433013, "education_grad": 0.16987289591205768, "education_field_stem": 0.23239201328922326, "education_field_humanities": 0.12789466501649296, "education_field_business": 0.08266942113758362, "generation_silent": 0.051114882012298614, "generation_boomer": 0.1986669324537787, "generation_genx": 0.20801917687518143, "generation_millenial": 0.2343991061512405, "generation_genz": 0.18926610929545828, "generation_genalpha": 0.11853379321204265, "poverty_below_line": 0.08016947575836994, "household_income_under_50k": 0.24937282476193892, "household_income_over_100k": 0.45680440966026564, "individual_income_under_50k": 0.5605559371944776, "individual_income_over_100k": 0.1767759300201859, "housing_per_pop": 0.5090049982364226, "vacancy": 0.04172916605047556, "rent_or_own_rent": 0.3891445683090994, "rent_burden_under_20": 0.2515207061213529, "rent_burden_over_40": 0.3063011523508186, "rent_1br_under_750": 0.05767776096822993, "rent_1br_over_1500": 0.314343797276853, "rent_2br_under_750": 0.03544444739004798, "rent_2br_over_1500": 0.5107764905490307, "year_built_1969_or_earlier": 0.17944066901708322, "year_built_2010_or_later": 0.10308194096707736, "transportation_means_car": 0.7642717968967453, "transportation_means_bike": 0.008360143187276275, "transportation_means_walk": 0.024446055553038245, "transportation_means_transit": 0.047707514742722605, "transportation_means_worked_at_home": 0.14878012467391274, "transportation_commute_time_under_15": 0.25979285013574316, "transportation_commute_time_over_60": 0.058863565502399386, "vehicle_ownership_at_least_1": 0.9446495768775507, "traffic_fatalities_last_decade_per_capita": 4.1307722545355215e-05, "traffic_fatalities_ped_last_decade_per_capita": 1.4157888775625779e-05, "GHLTH_cdc_2": 0.12127897460890298, "ARTHRITIS_cdc_2": 0.1984247671700213, "CASTHMA_cdc_2": 0.10310053889130044, "BPHIGH_cdc_2": 0.25016331731635627, "CANCER_cdc_2": 0.058986021317047374, "KIDNEY_cdc_2": 0.024192559086397752, "COPD_cdc_2": 0.047589709029158114, "CHD_cdc_2": 0.042893927509854976, "DIABETES_cdc_2": 0.07529957838038183, "OBESITY_cdc_2": 0.31913979444457125, "STROKE_cdc_2": 0.02256842751873935, "DISABILITY_cdc_2": 0.2413988963262478, "HEARING_cdc_2": 0.05561286384046997, "VISION_cdc_2": 0.03698002573884973, "COGNITION_cdc_2": 0.12740295768319837, "MOBILITY_cdc_2": 0.09618823120289804, "SELFCARE_cdc_2": 0.027477651114208055, "INDEPLIVE_cdc_2": 0.06027931220920071, "BINGE_cdc_2": 0.17322212576499527, "CSMOKING_cdc_2": 0.11312670926014763, "LPA_cdc_2": 0.17188445185642132, "SLEEP_cdc_2": 0.2685343197354029, "heating_utility_gas": 0.5090763740437789, "heating_electricity": 0.44985248131724465, "industry_agriculture,_forestry,_fishing_and_hunting": 0.01031190811751877, "industry_mining,_quarrying,_and_oil_and_gas_extraction": 9.565777474507197e-05, "industry_accommodation_and_food_services": 0.0658157376171008, "industry_arts,_entertainment,_and_recreation": 0.016963312054792727, "industry_construction": 0.05519134743541511, "industry_educational_services": 0.07277643502605052, "industry_health_care_and_social_assistance": 0.1286437640696647, "industry_finance_and_insurance": 0.049139398886543575, "industry_real_estate_and_rental_and_leasing": 0.01913474354150584, "industry_information": 0.017412903596094594, "industry_manufacturing": 0.1720851481738928, "industry_other_services,_except_public_administration": 0.039162292980632396, "industry_administrative_and_support_and_waste_management_services": 0.04088413292604378, "industry_management_of_companies_and_enterprises": 0.005098559393912343, "industry_professional,_scientific,_and_technical_services": 0.09350547481330791, "industry_public_administration": 0.02893328826789275, "industry_retail_trade": 0.11385188350158536, "industry_transportation_and_warehousing": 0.03362051923040129, "industry_utilities": 0.007387968802811074, "industry_wholesale_trade": 0.029985523790088578, "occupation_architecture_and_engineering_occupations": 0.06263352231058182, "occupation_computer_and_mathematical_occupations": 0.05875300524842312, "occupation_life,_physical,_and_social_science_occupations": 0.011383275194663573, "occupation_arts,_design,_entertainment,_sports,_and_media_occupations": 0.0229483001613428, "occupation_community_and_social_service_occupations": 0.015263792256821947, "occupation_educational_instruction,_and_library_occupations": 0.05276482854938152, "occupation_legal_occupations": 0.010707293586465065, "occupation_health_diagnosing_and_treating_practitioners_and_other_technical_occupations": 0.038588346332162016, "occupation_health_technologists_and_technicians": 0.015171323074568447, "occupation_business_and_financial_operations_occupations": 0.07179434853866834, "occupation_management_occupations": 0.12010471337742093, "occupation_construction_and_extraction_occupations": 0.0355209203553367, "occupation_farming,_fishing,_and_forestry_occupations": 0.00553858515773968, "occupation_installation,_maintenance,_and_repair_occupations": 0.02385386042892947, "occupation_material_moving_occupations": 0.029236204554585466, "occupation_transportation_occupations": 0.027230579877430515, "occupation_office_and_administrative_support_occupations": 0.10754803614588478, "occupation_sales_and_related_occupations": 0.09521137179626149, "occupation_building_and_grounds_cleaning_and_maintenance_occupations": 0.02409938205077515, "occupation_food_preparation_and_serving_related_occupations": 0.05616067955283174, "occupation_healthcare_support_occupations": 0.03042554955391591, "occupation_personal_care_and_service_occupations": 0.024035610200945107, "occupation_firefighting_and_prevention,_and_other_protective_service_workers_including_supervisors": 0.007375214432845063, "occupation_law_enforcement_workers_including_supervisors": 0.004011249354310019, "sors_cohabiting_partnered_gay": 0.009028944551559618, "2020 Presidential Election-margin": 0.3461047373761048, "2016 Presidential Election-margin": 0.26019938194568343, "2016-2020 Swing-margin": 0.08590535543042138, "park_percent_1km_v2": 0.027542497960533145, "mean_dist_Hospital_updated": 4.520924086805925, "mean_dist_Active Superfund Site_updated": 15.337506357734307, "mean_dist_Airport_updated": 25.315214850165205, "mean_dist_Public School_updated": 0.9099119846338117, "lapop1share_usda_fra_1": 0.801784789994418, "mean_high_temp_4": 63.46571010593175, "mean_high_temp_winter_4": 49.710829497440066, "mean_high_temp_spring_4": 65.56724992056607, "mean_high_temp_summer_4": 80.99812076773247, "mean_high_temp_fall_4": 56.72607959485869, "mean_high_heat_index_4": 62.28872838601244, "days_above_90_4": 0.04250267115170067, "days_below_40_4": 0.025419500924741448, "wind_speed_over_10mph_4": 0.033217513764764825, "snowfall_4": 0.02588795255733232, "rainfall_4": 1.2495379880515587, "hours_sunny_4": 4.309760079449665, "internet_no_access": 0.03911453456530582, "insurance_coverage_none": 0.07627125178302949, "insurance_coverage_govt": 0.12939589035814808,