{"population": 1180380.0, "ad_1": 1186.883310386402, "population_change_2010": 0.09256508156889968, "ad_1_change_2010": 0.0545914174519025, "population_change_2000": 0.1945001867070642, "ad_1_change_2000": 0.037960237189893234, "gpw_population": NaN, "gpw_pw_density_4": NaN, "white": 0.7395338789203477, "hispanic": 0.11866941154543452, "black": 0.06391839915959267, "asian": 0.029422728273945677, "homogeneity_250_2020": 0.6636667564377075, "homogeneity_250_diff_2010": -0.08962234423367921, "homogeneity_250_diff_2000": -0.15707691402587376, "citizenship_citizen_by_birth": 0.9247397228487695, "citizenship_citizen_by_naturalization": 0.029243003825245643, "citizenship_not_citizen": 0.04601727332598489, "birthplace_non_us": 0.07526027715123346, "birthplace_us_not_state": 0.32196735744045946, "birthplace_us_state": 0.602772365408307, "language_english_only": 0.8819154281906659, "language_spanish": 0.0786196190708045, "education_high_school": 0.9196227879792366, "education_ugrad": 0.33425897382455577, "education_grad": 0.11624255691441202, "education_field_stem": 0.13236492617133339, "education_field_humanities": 0.12221449815100861, "education_field_business": 0.07967954950221481, "generation_silent": 0.05953445281228847, "generation_boomer": 0.21508907944979164, "generation_genx": 0.1800732290746065, "generation_millenial": 0.20599601437282658, "generation_genz": 0.20038440145639155, "generation_genalpha": 0.13892282283409532, "poverty_below_line": 0.0962971026482895, "household_income_under_50k": 0.34698154355817074, "household_income_over_100k": 0.32868680864825905, "individual_income_under_50k": 0.6298688471599522, "individual_income_over_100k": 0.10219266477908383, "housing_per_pop": 0.5582262499234983, "vacancy": 0.06932809790840172, "rent_or_own_rent": 0.3280727593757135, "rent_burden_under_20": 0.31934443043654487, "rent_burden_over_40": 0.27791904385421334, "rent_1br_under_750": 0.39674408813416695, "rent_1br_over_1500": 0.03821954014922955, "rent_2br_under_750": 0.19522956781804307, "rent_2br_over_1500": 0.0921225100153241, "year_built_1969_or_earlier": 0.43768650202386755, "year_built_2010_or_later": 0.08134837664578473, "transportation_means_car": 0.8800927065592892, "transportation_means_bike": 0.002644213459532194, "transportation_means_walk": 0.01961138937592199, "transportation_means_transit": 0.006458981199123239, "transportation_means_worked_at_home": 0.08377250051494452, "transportation_commute_time_under_15": 0.346694009445691, "transportation_commute_time_over_60": 0.03293379245807159, "vehicle_ownership_at_least_1": 0.94537802271764, "traffic_fatalities_last_decade_per_capita": 0.00010081499178230739, "traffic_fatalities_ped_last_decade_per_capita": 9.742625256273403e-06, "GHLTH_cdc_2": 0.13819008538775196, "ARTHRITIS_cdc_2": 0.23368259415051384, "CASTHMA_cdc_2": 0.089789993299255, "BPHIGH_cdc_2": 0.30025991791894374, "CANCER_cdc_2": 0.0649929723247846, "KIDNEY_cdc_2": 0.027171263396818014, "COPD_cdc_2": 0.05906534540050557, "CHD_cdc_2": 0.051506335763656645, "DIABETES_cdc_2": 0.09255296149378156, "OBESITY_cdc_2": 0.37107070475155, "STROKE_cdc_2": 0.027629550925066214, "DISABILITY_cdc_2": 0.2495103761777655, "HEARING_cdc_2": 0.06448267975038889, "VISION_cdc_2": 0.04155487189341633, "COGNITION_cdc_2": 0.11106702869842262, "MOBILITY_cdc_2": 0.11087299149117298, "SELFCARE_cdc_2": 0.03343549250502068, "INDEPLIVE_cdc_2": 0.06526503893796226, "BINGE_cdc_2": 0.20639370079723263, "CSMOKING_cdc_2": 0.1541475774360699, "LPA_cdc_2": 0.2466892861643848, "SLEEP_cdc_2": 0.29732149991951073, "heating_utility_gas": 0.6522077365837924, "heating_electricity": 0.26417230091473143, "industry_agriculture,_forestry,_fishing_and_hunting": 0.022256051909159198, "industry_mining,_quarrying,_and_oil_and_gas_extraction": 0.0013725979535812204, "industry_accommodation_and_food_services": 0.056793943931452644, "industry_arts,_entertainment,_and_recreation": 0.017434489643124544, "industry_construction": 0.07357125031195434, "industry_educational_services": 0.09062307628317069, "industry_health_care_and_social_assistance": 0.1491905831461606, "industry_finance_and_insurance": 0.07759587388736412, "industry_real_estate_and_rental_and_leasing": 0.015264952998918616, "industry_information": 0.017825472090508256, "industry_manufacturing": 0.0969187255635967, "industry_other_services,_except_public_administration": 0.044169370268696696, "industry_administrative_and_support_and_waste_management_services": 0.03854587804675141, "industry_management_of_companies_and_enterprises": 0.0012661176274852356, "industry_professional,_scientific,_and_technical_services": 0.06488644871475038, "industry_public_administration": 0.03710340237916974, "industry_retail_trade": 0.10880958322934899, "industry_transportation_and_warehousing": 0.04946343898178131, "industry_utilities": 0.011228683137842116, "industry_wholesale_trade": 0.025680059895183228, "occupation_architecture_and_engineering_occupations": 0.01652108809583231, "occupation_computer_and_mathematical_occupations": 0.03933449796190017, "occupation_life,_physical,_and_social_science_occupations": 0.009085766575160248, "occupation_arts,_design,_entertainment,_sports,_and_media_occupations": 0.01516013642791751, "occupation_community_and_social_service_occupations": 0.01773063805007891, "occupation_educational_instruction,_and_library_occupations": 0.06451044006322246, "occupation_legal_occupations": 0.009819482572165451, "occupation_health_diagnosing_and_treating_practitioners_and_other_technical_occupations": 0.04809250478329656, "occupation_health_technologists_and_technicians": 0.01823974710922512, "occupation_business_and_financial_operations_occupations": 0.06070376840529136, "occupation_management_occupations": 0.10846185841444159, "occupation_construction_and_extraction_occupations": 0.052256883786705385, "occupation_farming,_fishing,_and_forestry_occupations": 0.007540138091672922, "occupation_installation,_maintenance,_and_repair_occupations": 0.031894185175941524, "occupation_material_moving_occupations": 0.03800682139589075, "occupation_transportation_occupations": 0.03517344646868027, "occupation_office_and_administrative_support_occupations": 0.11808668164046393, "occupation_sales_and_related_occupations": 0.09356625904666782, "occupation_building_and_grounds_cleaning_and_maintenance_occupations": 0.02978287996006938, "occupation_food_preparation_and_serving_related_occupations": 0.04978454371516517, "occupation_healthcare_support_occupations": 0.02907911155477913, "occupation_personal_care_and_service_occupations": 0.027836286498627193, "occupation_firefighting_and_prevention,_and_other_protective_service_workers_including_supervisors": 0.00956825555278255, "occupation_law_enforcement_workers_including_supervisors": 0.00785957906996092, "sors_cohabiting_partnered_gay": 0.004794354604798451, "2020 Presidential Election-margin": -0.09385705489017349, "2016 Presidential Election-margin": -0.1658689829432778, "2016-2020 Swing-margin": 0.0720119280531043, "park_percent_1km_v2": 0.033631756924170725, "mean_dist_Hospital_updated": 5.418869629891249, "mean_dist_Active Superfund Site_updated": 22.728673101004386, "mean_dist_Airport_updated": 29.139661524935597, "mean_dist_Public School_updated": 1.487293017443292, "lapop1share_usda_fra_1": 0.6437077958988457, "mean_high_temp_4": 62.47326678089975, "mean_high_temp_winter_4": 38.788684949739014, "mean_high_temp_spring_4": 70.443748424915, "mean_high_temp_summer_4": 84.29954967769034, "mean_high_temp_fall_4": 55.1997208472483, "mean_high_heat_index_4": 62.223149561101465, "days_above_90_4": 0.06717425229615169, "days_below_40_4": 0.18587174790074246, "wind_speed_over_10mph_4": 0.3601060499612018, "snowfall_4": 0.08770898433233786, "rainfall_4": 0.787522878198282, "hours_sunny_4": 5.694373061299239, "internet_no_access": 0.09553164429720867, "insurance_coverage_none": 0.10463933433153148, "insurance_coverage_govt": 0.11659199231921086,