{"population": 717755.0, "ad_1": 410.2321952413657, "population_change_2010": 0.03154322965994881, "ad_1_change_2010": 0.022979245125491266, "gpw_population": NaN, "gpw_pw_density_4": NaN, "white": 0.5937151256347918, "hispanic": 0.04417663408823345, "black": 0.30096481389889307, "asian": 0.018463124603799348, "citizenship_citizen_by_birth": 0.9680127753896085, "citizenship_citizen_by_naturalization": 0.013459698280363978, "citizenship_not_citizen": 0.018527526330027473, "birthplace_non_us": 0.031987224610391454, "birthplace_us_not_state": 0.2819224071224819, "birthplace_us_state": 0.6860903682671267, "language_english_only": 0.9516194206506309, "language_spanish": 0.026540154639816575, "education_high_school": 0.876958443248183, "education_ugrad": 0.23638451901880544, "education_grad": 0.09110577383347838, "education_field_stem": 0.092504748593089, "education_field_humanities": 0.08819999240979479, "education_field_business": 0.05567977801592163, "generation_silent": 0.06795524010806336, "generation_boomer": 0.23128683695303232, "generation_genx": 0.18766019676811396, "generation_millenial": 0.19320587124315702, "generation_genz": 0.1974063670655831, "generation_genalpha": 0.12248548786205031, "poverty_below_line": 0.16593246345648147, "household_income_under_50k": 0.470205072790671, "household_income_over_100k": 0.23303907616070085, "individual_income_under_50k": 0.7265326315460784, "individual_income_over_100k": 0.07140380415663773, "housing_per_pop": 0.587431434324887, "vacancy": 0.11678067869974389, "rent_or_own_rent": 0.32807630919716213, "rent_burden_under_20": 0.2921828633685767, "rent_burden_over_40": 0.33216298619494533, "rent_1br_under_750": 0.635833633870179, "rent_1br_over_1500": 0.03251478427673188, "rent_2br_under_750": 0.43055434894408434, "rent_2br_over_1500": 0.015467686773444546, "year_built_1969_or_earlier": 0.2502299531876275, "year_built_2010_or_later": 0.08457179748174352, "transportation_means_car": 0.9335889931525025, "transportation_means_bike": 0.0027227936133901415, "transportation_means_walk": 0.011787997096600248, "transportation_means_transit": 0.0019871466947029956, "transportation_means_worked_at_home": 0.04300676409040045, "transportation_commute_time_under_15": 0.2895538802318984, "transportation_commute_time_over_60": 0.05607641994818002, "vehicle_ownership_at_least_1": 0.9431335829658927, "GHLTH_cdc_2": 0.21019736983674264, "ARTHRITIS_cdc_2": 0.29747681949197496, "CASTHMA_cdc_2": 0.10671568603393504, "BPHIGH_cdc_2": 0.3993427517615903, "CANCER_cdc_2": 0.06637979564986778, "KIDNEY_cdc_2": 0.03294274949648626, "COPD_cdc_2": 0.08265258212417677, "CHD_cdc_2": 0.06714631061748623, "DIABETES_cdc_2": 0.13124028978230462, "OBESITY_cdc_2": 0.38988941573529995, "STROKE_cdc_2": 0.036459751933360644, "DISABILITY_cdc_2": 0.34301869654590517, "HEARING_cdc_2": 0.0664220417269908, "VISION_cdc_2": 0.06140653897772082, "COGNITION_cdc_2": 0.16061876789668106, "MOBILITY_cdc_2": 0.17896337138078852, "SELFCARE_cdc_2": 0.04852787682364467, "INDEPLIVE_cdc_2": 0.09971153334327462, "BINGE_cdc_2": 0.14474878864125848, "CSMOKING_cdc_2": 0.19089998622061735, "LPA_cdc_2": 0.3356229281376881, "SLEEP_cdc_2": 0.39140616334797473, "heating_utility_gas": 0.2005761589725324, "heating_electricity": 0.731909440958205, "industry_agriculture,_forestry,_fishing_and_hunting": 0.01613856756742231, "industry_mining,_quarrying,_and_oil_and_gas_extraction": 0.00205933214998333, "industry_accommodation_and_food_services": 0.06823056185532576, "industry_arts,_entertainment,_and_recreation": 0.01776017158999666, "industry_construction": 0.05742601501109156, "industry_educational_services": 0.08403605103803419, "industry_health_care_and_social_assistance": 0.13718994787208677, "industry_finance_and_insurance": 0.032766896347743664, "industry_real_estate_and_rental_and_leasing": 0.012716027668671113, "industry_information": 0.01061442193072088, "industry_manufacturing": 0.12911811855335298, "industry_other_services,_except_public_administration": 0.048528055449082445, "industry_administrative_and_support_and_waste_management_services": 0.04068752608922091, "industry_management_of_companies_and_enterprises": 0.00038077335933210606, "industry_professional,_scientific,_and_technical_services": 0.045646726596623666, "industry_public_administration": 0.08211108119904915, "industry_retail_trade": 0.1194801163060377, "industry_transportation_and_warehousing": 0.056110110054892914, "industry_utilities": 0.01365589574270386, "industry_wholesale_trade": 0.0253436036186279, "occupation_architecture_and_engineering_occupations": 0.015909118939962788, "occupation_computer_and_mathematical_occupations": 0.02298896719273795, "occupation_life,_physical,_and_social_science_occupations": 0.007073636736928881, "occupation_arts,_design,_entertainment,_sports,_and_media_occupations": 0.00991324889823742, "occupation_community_and_social_service_occupations": 0.0209571100043625, "occupation_educational_instruction,_and_library_occupations": 0.06238689657050402, "occupation_legal_occupations": 0.00846221970422219, "occupation_health_diagnosing_and_treating_practitioners_and_other_technical_occupations": 0.04029528301184351, "occupation_health_technologists_and_technicians": 0.02677116500770044, "occupation_business_and_financial_operations_occupations": 0.039067030895294494, "occupation_management_occupations": 0.09237455268275599, "occupation_construction_and_extraction_occupations": 0.044285974849819734, "occupation_farming,_fishing,_and_forestry_occupations": 0.008060169971448029, "occupation_installation,_maintenance,_and_repair_occupations": 0.044840425259516675, "occupation_material_moving_occupations": 0.043066843235235554, "occupation_transportation_occupations": 0.04909153987987079, "occupation_office_and_administrative_support_occupations": 0.11592803937125598, "occupation_sales_and_related_occupations": 0.10130862424597695, "occupation_building_and_grounds_cleaning_and_maintenance_occupations": 0.03757250322236713, "occupation_food_preparation_and_serving_related_occupations": 0.04941832986796273, "occupation_healthcare_support_occupations": 0.027869606589501522, "occupation_personal_care_and_service_occupations": 0.02520414306215615, "occupation_firefighting_and_prevention,_and_other_protective_service_workers_including_supervisors": 0.011650613133541243, "occupation_law_enforcement_workers_including_supervisors": 0.011404483395750117, "2020 Presidential Election-margin": -0.29370691235674784, "2016 Presidential Election-margin": -0.32518239388803677, "2016-2020 Swing-margin": 0.03147548153128893, "park_percent_1km_v2": 0.007995338760915863, "mean_dist_Hospital_updated": 8.204384239351532, "mean_dist_Active Superfund Site_updated": 33.821476099913426, "mean_dist_Airport_updated": 35.20720318589527, "mean_dist_Public School_updated": 3.455277218680549, "mean_high_temp_4": 76.55452055497972, "mean_high_temp_winter_4": 62.67244635616491, "mean_high_temp_spring_4": 81.40816561525914, "mean_high_temp_summer_4": 89.71960279501081, "mean_high_temp_fall_4": 71.71042696820717, "mean_high_heat_index_4": 79.42876095270225, "days_above_90_4": 0.16481532958399206, "days_below_40_4": 0.003946725328094425, "wind_speed_over_10mph_4": 0.06558556895212854, "snowfall_4": 0.0021247207104801583, "rainfall_4": 1.1802130883280646, "hours_sunny_4": 5.500112715812909, "internet_no_access": 0.1569868920019604, "insurance_coverage_none": 0.14765500265061382, "insurance_coverage_govt": 0.17805556242517126, "insurance_coverage_private": 0.6742894349242149, "marriage_divorced": 0.12809821747821926}