{"population": 351029.0, "ad_1": 542.2905329259154, "population_change_2010": 0.30348197741560556, "ad_1_change_2010": 0.20448147365105326, "population_change_2000": 0.7849446509475697, "ad_1_change_2000": 0.47733410950967337, "gpw_population": NaN, "gpw_pw_density_4": NaN, "white": 0.7570001338920715, "hispanic": 0.06923644485213472, "black": 0.11214742941466374, "asian": 0.013041657526871, "homogeneity_250_2020": 0.6720927977988881, "homogeneity_250_diff_2010": -0.05453984867277328, "homogeneity_250_diff_2000": -0.1278584213592402, "citizenship_citizen_by_birth": 0.9371261218157835, "citizenship_citizen_by_naturalization": 0.028364722427616347, "citizenship_not_citizen": 0.03450915575660019, "birthplace_non_us": 0.06287387818421664, "birthplace_us_not_state": 0.5868383280414091, "birthplace_us_state": 0.35028779377437413, "language_english_only": 0.9218592476527099, "language_spanish": 0.049159469931615817, "education_high_school": 0.9145221167718081, "education_ugrad": 0.23517173088263219, "education_grad": 0.08329346491764873, "education_field_stem": 0.0898022155713048, "education_field_humanities": 0.08736931504207522, "education_field_business": 0.058000200269251026, "generation_silent": 0.08165224073188079, "generation_boomer": 0.32268858828817193, "generation_genx": 0.18156090064228056, "generation_millenial": 0.16451654995432868, "generation_genz": 0.1575399069200987, "generation_genalpha": 0.09204181346323925, "poverty_below_line": 0.13788278269579227, "household_income_under_50k": 0.4552221619653967, "household_income_over_100k": 0.21030540305626044, "individual_income_under_50k": 0.7548146291824264, "individual_income_over_100k": 0.0625863823453469, "housing_per_pop": 0.699798677615295, "vacancy": 0.2605135985891556, "rent_or_own_rent": 0.25783565734831865, "rent_burden_under_20": 0.23586501931488044, "rent_burden_over_40": 0.34428375315263693, "rent_1br_under_750": 0.3359497645211929, "rent_1br_over_1500": 0.016483516483516467, "rent_2br_under_750": 0.2065200557534463, "rent_2br_over_1500": 0.05536626916524721, "year_built_1969_or_earlier": 0.08068093683154932, "year_built_2010_or_later": 0.14852267731083305, "transportation_means_car": 0.8930894169943581, "transportation_means_bike": 0.002639767481620784, "transportation_means_walk": 0.012610702684219544, "transportation_means_transit": 0.004260557360232522, "transportation_means_worked_at_home": 0.07474782014019495, "transportation_commute_time_under_15": 0.2539857348756415, "transportation_commute_time_over_60": 0.042085812483831746, "vehicle_ownership_at_least_1": 0.9557533300150809, "traffic_fatalities_last_decade_per_capita": 0.00019855909340823694, "traffic_fatalities_ped_last_decade_per_capita": 4.6719786684291045e-05, "GHLTH_cdc_2": 0.17364368051260712, "ARTHRITIS_cdc_2": 0.2975402288695559, "CASTHMA_cdc_2": 0.09530711857786495, "BPHIGH_cdc_2": 0.36131433061932455, "CANCER_cdc_2": 0.07430409612335315, "KIDNEY_cdc_2": 0.03194558186899278, "COPD_cdc_2": 0.07774046415601435, "CHD_cdc_2": 0.06685475943587009, "DIABETES_cdc_2": 0.12328006528501727, "OBESITY_cdc_2": 0.3611900007904846, "STROKE_cdc_2": 0.03348224889215417, "DISABILITY_cdc_2": 0.3104072501708877, "HEARING_cdc_2": 0.07359688361690139, "VISION_cdc_2": 0.05640545529789761, "COGNITION_cdc_2": 0.14077646856414822, "MOBILITY_cdc_2": 0.14574534193260402, "SELFCARE_cdc_2": 0.04269302556996506, "INDEPLIVE_cdc_2": 0.08552465625392339, "BINGE_cdc_2": 0.1663622992973951, "CSMOKING_cdc_2": 0.18761515319194522, "LPA_cdc_2": 0.24725543925563848, "SLEEP_cdc_2": 0.33518590420214506, "heating_utility_gas": 0.07400693861480283, "heating_electricity": 0.8983797517253675, "industry_agriculture,_forestry,_fishing_and_hunting": 0.003239900517577476, "industry_mining,_quarrying,_and_oil_and_gas_extraction": 0.00036297640653357567, "industry_accommodation_and_food_services": 0.15784768434496177, "industry_arts,_entertainment,_and_recreation": 0.035134771795389014, "industry_construction": 0.09461584996975218, "industry_educational_services": 0.07640653357531739, "industry_health_care_and_social_assistance": 0.1099885729649796, "industry_finance_and_insurance": 0.033649257242723676, "industry_real_estate_and_rental_and_leasing": 0.0346978557504874, "industry_information": 0.014310680916851512, "industry_manufacturing": 0.042266586005243, "industry_other_services,_except_public_administration": 0.0531289910600254, "industry_administrative_and_support_and_waste_management_services": 0.058022450762922666, "industry_management_of_companies_and_enterprises": 0.0009410499428648251, "industry_professional,_scientific,_and_technical_services": 0.04672312966323877, "industry_public_administration": 0.029475028567587488, "industry_retail_trade": 0.15401626672044072, "industry_transportation_and_warehousing": 0.02709551656920072, "industry_utilities": 0.010391880083350126, "industry_wholesale_trade": 0.0176850171405525, "occupation_architecture_and_engineering_occupations": 0.008146803791086907, "occupation_computer_and_mathematical_occupations": 0.01731531894871281, "occupation_life,_physical,_and_social_science_occupations": 0.005122000403307111, "occupation_arts,_design,_entertainment,_sports,_and_media_occupations": 0.016784297909524782, "occupation_community_and_social_service_occupations": 0.011964777844995651, "occupation_educational_instruction,_and_library_occupations": 0.0507427572763324, "occupation_legal_occupations": 0.008153525576393095, "occupation_health_diagnosing_and_treating_practitioners_and_other_technical_occupations": 0.0412179874974792, "occupation_health_technologists_and_technicians": 0.01850507494790611, "occupation_business_and_financial_operations_occupations": 0.034731464677018216, "occupation_management_occupations": 0.09538213349465625, "occupation_construction_and_extraction_occupations": 0.06959064327485354, "occupation_farming,_fishing,_and_forestry_occupations": 0.0020434227330779022, "occupation_installation,_maintenance,_and_repair_occupations": 0.03428110506150426, "occupation_material_moving_occupations": 0.02916582644350326, "occupation_transportation_occupations": 0.0315923909390334, "occupation_office_and_administrative_support_occupations": 0.10644619210862465, "occupation_sales_and_related_occupations": 0.1458022450762924, "occupation_building_and_grounds_cleaning_and_maintenance_occupations": 0.06324527794582209, "occupation_food_preparation_and_serving_related_occupations": 0.09759360086038898, "occupation_healthcare_support_occupations": 0.025193251327552516, "occupation_personal_care_and_service_occupations": 0.03331988976272102, "occupation_firefighting_and_prevention,_and_other_protective_service_workers_including_supervisors": 0.012213483901324158, "occupation_law_enforcement_workers_including_supervisors": 0.00642602675270551, "sors_cohabiting_partnered_gay": 0.004105954503936314, "2020 Presidential Election-margin": -0.3318044777535749, "2016 Presidential Election-margin": -0.37524166486879834, "2016-2020 Swing-margin": 0.04343718711522343, "park_percent_1km_v2": 0.004084189001546641, "mean_dist_Hospital_updated": 8.333880143630736, "mean_dist_Active Superfund Site_updated": 91.55774259836981, "mean_dist_Airport_updated": 18.04619669843789, "mean_dist_Public School_updated": 2.8944978683923837, "lapop1share_usda_fra_1": 0.46605112416875705, "mean_high_temp_4": 72.33478999039176, "mean_high_temp_winter_4": 59.34181483844165, "mean_high_temp_spring_4": 75.82221032736666, "mean_high_temp_summer_4": 84.88871334302675, "mean_high_temp_fall_4": 68.64540024373026, "mean_high_heat_index_4": 74.81923756768242, "days_above_90_4": 0.0365090669541915, "days_below_40_4": 0.00628641078062086, "wind_speed_over_10mph_4": 0.26334482993919, "snowfall_4": 0.003835274011740031, "rainfall_4": 1.3282532187767047, "hours_sunny_4": 5.556394666989986, "internet_no_access": 0.08547719691848187, "insurance_coverage_none": 0.21202744452132893, "insurance_coverage_govt": 0.19141968871519524,