{"population": 351029.0, "ad_1": 542.2905329259154, "population_change_2010": 0.30348197741560556, "ad_1_change_2010": 0.20448147365104977, "gpw_population": NaN, "gpw_pw_density_4": NaN, "white": 0.7570001338920715, "hispanic": 0.06923644485213472, "black": 0.11214742941466374, "asian": 0.013041657526871, "citizenship_citizen_by_birth": 0.937126121815783, "citizenship_citizen_by_naturalization": 0.028364722427616604, "citizenship_not_citizen": 0.03450915575660041, "birthplace_non_us": 0.06287387818421701, "birthplace_us_not_state": 0.5868383280414075, "birthplace_us_state": 0.35028779377437547, "language_english_only": 0.9218592476527104, "language_spanish": 0.04915946993161584, "education_high_school": 0.9145221167718081, "education_ugrad": 0.2351717308826311, "education_grad": 0.08329346491764854, "education_field_stem": 0.08980221557130512, "education_field_humanities": 0.08736931504207508, "education_field_business": 0.05800020026925088, "generation_silent": 0.08165224073188058, "generation_boomer": 0.3226885882881707, "generation_genx": 0.1815609006422803, "generation_millenial": 0.16451654995432996, "generation_genz": 0.15753990692009917, "generation_genalpha": 0.09204181346323924, "poverty_below_line": 0.1378827826957918, "household_income_under_50k": 0.45522216196539605, "household_income_over_100k": 0.21030540305625925, "individual_income_under_50k": 0.7548146291824244, "individual_income_over_100k": 0.06258638234534712, "housing_per_pop": 0.699798677615295, "vacancy": 0.2605135985891556, "rent_or_own_rent": 0.2578356573483199, "rent_burden_under_20": 0.23586501931488044, "rent_burden_over_40": 0.34428375315263543, "rent_1br_under_750": 0.3359497645211931, "rent_1br_over_1500": 0.016483516483516484, "rent_2br_under_750": 0.20652005575344587, "rent_2br_over_1500": 0.05536626916524702, "year_built_1969_or_earlier": 0.08068093683154916, "year_built_2010_or_later": 0.14852267731083305, "transportation_means_car": 0.8930894169943581, "transportation_means_bike": 0.00263976748162079, "transportation_means_walk": 0.012610702684219524, "transportation_means_transit": 0.004260557360232518, "transportation_means_worked_at_home": 0.0747478201401949, "transportation_commute_time_under_15": 0.25398573487564213, "transportation_commute_time_over_60": 0.04208581248383163, "vehicle_ownership_at_least_1": 0.9557533300150807, "GHLTH_cdc_2": 0.17364368051260828, "ARTHRITIS_cdc_2": 0.2975402288695555, "CASTHMA_cdc_2": 0.0953071185778654, "BPHIGH_cdc_2": 0.3613143306193242, "CANCER_cdc_2": 0.07430409612335334, "KIDNEY_cdc_2": 0.03194558186899287, "COPD_cdc_2": 0.07774046415601446, "CHD_cdc_2": 0.06685475943587049, "DIABETES_cdc_2": 0.12328006528501746, "OBESITY_cdc_2": 0.3611900007904881, "STROKE_cdc_2": 0.033482248892154176, "DISABILITY_cdc_2": 0.3104072501708849, "HEARING_cdc_2": 0.07359688361690156, "VISION_cdc_2": 0.05640545529789777, "COGNITION_cdc_2": 0.1407764685641481, "MOBILITY_cdc_2": 0.1457453419326039, "SELFCARE_cdc_2": 0.04269302556996517, "INDEPLIVE_cdc_2": 0.08552465625392337, "BINGE_cdc_2": 0.16636229929739557, "CSMOKING_cdc_2": 0.18761515319194444, "LPA_cdc_2": 0.2472554392556392, "SLEEP_cdc_2": 0.3351859042021417, "heating_utility_gas": 0.07400693861480287, "heating_electricity": 0.8983797517253675, "industry_agriculture,_forestry,_fishing_and_hunting": 0.0032399005175774687, "industry_mining,_quarrying,_and_oil_and_gas_extraction": 0.0003629764065335753, "industry_accommodation_and_food_services": 0.15784768434496202, "industry_arts,_entertainment,_and_recreation": 0.035134771795388854, "industry_construction": 0.09461584996975196, "industry_educational_services": 0.0764065335753176, "industry_health_care_and_social_assistance": 0.10998857296497949, "industry_finance_and_insurance": 0.03364925724272367, "industry_real_estate_and_rental_and_leasing": 0.03469785575048733, "industry_information": 0.014310680916851516, "industry_manufacturing": 0.042266586005242995, "industry_other_services,_except_public_administration": 0.05312899106002554, "industry_administrative_and_support_and_waste_management_services": 0.05802245076292263, "industry_management_of_companies_and_enterprises": 0.0009410499428648249, "industry_professional,_scientific,_and_technical_services": 0.046723129663238556, "industry_public_administration": 0.02947502856758755, "industry_retail_trade": 0.15401626672044094, "industry_transportation_and_warehousing": 0.02709551656920078, "industry_utilities": 0.010391880083350138, "industry_wholesale_trade": 0.017685017140552532, "occupation_architecture_and_engineering_occupations": 0.008146803791086912, "occupation_computer_and_mathematical_occupations": 0.017315318948712778, "occupation_life,_physical,_and_social_science_occupations": 0.005122000403307118, "occupation_arts,_design,_entertainment,_sports,_and_media_occupations": 0.016784297909524768, "occupation_community_and_social_service_occupations": 0.01196477784499563, "occupation_educational_instruction,_and_library_occupations": 0.050742757276332595, "occupation_legal_occupations": 0.00815352557639309, "occupation_health_diagnosing_and_treating_practitioners_and_other_technical_occupations": 0.04121798749747933, "occupation_health_technologists_and_technicians": 0.018505074947906163, "occupation_business_and_financial_operations_occupations": 0.034731464677018216, "occupation_management_occupations": 0.09538213349465618, "occupation_construction_and_extraction_occupations": 0.0695906432748538, "occupation_farming,_fishing,_and_forestry_occupations": 0.0020434227330779057, "occupation_installation,_maintenance,_and_repair_occupations": 0.034281105061504336, "occupation_material_moving_occupations": 0.029165826443503396, "occupation_transportation_occupations": 0.031592390939033405, "occupation_office_and_administrative_support_occupations": 0.10644619210862405, "occupation_sales_and_related_occupations": 0.14580224507629228, "occupation_building_and_grounds_cleaning_and_maintenance_occupations": 0.06324527794582241, "occupation_food_preparation_and_serving_related_occupations": 0.09759360086038851, "occupation_healthcare_support_occupations": 0.0251932513275526, "occupation_personal_care_and_service_occupations": 0.03331988976272098, "occupation_firefighting_and_prevention,_and_other_protective_service_workers_including_supervisors": 0.012213483901324191, "occupation_law_enforcement_workers_including_supervisors": 0.006426026752705518, "2020 Presidential Election-margin": -0.3318044777535735, "2016 Presidential Election-margin": -0.37524166486880256, "2016-2020 Swing-margin": 0.04343718711522904, "park_percent_1km_v2": 0.004084189001546641, "mean_dist_Hospital_updated": 8.333880143630736, "mean_dist_Active Superfund Site_updated": 91.55774259836981, "mean_dist_Airport_updated": 18.04619669843789, "mean_dist_Public School_updated": 2.8944978683923837, "mean_high_temp_4": 72.33478999039176, "mean_high_temp_winter_4": 59.34181483844165, "mean_high_temp_spring_4": 75.82221032736666, "mean_high_temp_summer_4": 84.88871334302675, "mean_high_temp_fall_4": 68.64540024373026, "mean_high_heat_index_4": 74.81923756768242, "days_above_90_4": 0.0365090669541915, "days_below_40_4": 0.00628641078062086, "wind_speed_over_10mph_4": 0.26334482993919, "snowfall_4": 0.003835274011740031, "rainfall_4": 1.3282532187767047, "hours_sunny_4": 5.556394666989986, "internet_no_access": 0.08547719691848242, "insurance_coverage_none": 0.21202744452132896, "insurance_coverage_govt": 0.19141968871519488, "insurance_coverage_private": 0.5965528667634762, "marriage_divorced": 0.12687285503889417}