{"population": 1453700.0, "ad_1": 2660.5297080294654, "population_change_2010": 0.07030813417984151, "ad_1_change_2010": 0.03682691192751316, "population_change_2000": 0.21488211790799924, "ad_1_change_2000": 0.0759001477709246, "gpw_population": NaN, "gpw_pw_density_4": NaN, "white": 0.215741899979363, "hispanic": 0.09546880374217515, "black": 0.015033363142326478, "asian": 0.3654770585402765, "homogeneity_250_2020": 0.3508889405752704, "homogeneity_250_diff_2010": -0.008650432707127342, "homogeneity_250_diff_2000": -0.0218861257670791, "citizenship_citizen_by_birth": 0.8178515922474617, "citizenship_citizen_by_naturalization": 0.10825864695184148, "citizenship_not_citizen": 0.07388976080069677, "birthplace_non_us": 0.18214840775253882, "birthplace_us_not_state": 0.28896183960222105, "birthplace_us_state": 0.5288897526452403, "language_english_only": 0.741035824668225, "language_spanish": 0.023015321803395307, "education_high_school": 0.9288648624436276, "education_ugrad": 0.33436874535629973, "education_grad": 0.11823216220574408, "education_field_stem": 0.15545225432256485, "education_field_humanities": 0.11331191001861443, "education_field_business": 0.06560458101512007, "generation_silent": 0.07777906779591463, "generation_boomer": 0.23472789843765843, "generation_genx": 0.18203441169761247, "generation_millenial": 0.20747778879030335, "generation_genz": 0.17782192985367276, "generation_genalpha": 0.12015890342483822, "poverty_below_line": 0.09453868227230032, "household_income_under_50k": 0.2754540455133762, "household_income_over_100k": 0.43728824121034376, "individual_income_under_50k": 0.6107583673925502, "individual_income_over_100k": 0.12206682762300973, "housing_per_pop": 0.4846726985663917, "vacancy": 0.1251987949008438, "rent_or_own_rent": 0.39001111683947315, "rent_burden_under_20": 0.21917955557405214, "rent_burden_over_40": 0.3832942693960313, "rent_1br_under_750": 0.16119485785724394, "rent_1br_over_1500": 0.3831134176245243, "rent_2br_under_750": 0.06300759755415193, "rent_2br_over_1500": 0.6535194881829076, "year_built_1969_or_earlier": 0.29203095856429717, "year_built_2010_or_later": 0.06320749105926476, "transportation_means_car": 0.808204284169031, "transportation_means_bike": 0.013215761968494088, "transportation_means_walk": 0.044135855575720466, "transportation_means_transit": 0.048935345090802454, "transportation_means_worked_at_home": 0.0695306624607854, "transportation_commute_time_under_15": 0.2490689994210332, "transportation_commute_time_over_60": 0.09030343890220918, "vehicle_ownership_at_least_1": 0.9206111472534095, "GHLTH_cdc_2": 0.1376858069454517, "ARTHRITIS_cdc_2": 0.1899143944395251, "CASTHMA_cdc_2": 0.08602683793469362, "BPHIGH_cdc_2": 0.27327559245571936, "CANCER_cdc_2": 0.055946301311625986, "KIDNEY_cdc_2": 0.027977880103737193, "COPD_cdc_2": 0.04195609852770531, "CHD_cdc_2": 0.04491052626800928, "DIABETES_cdc_2": 0.09712195371922332, "OBESITY_cdc_2": 0.2434475512461534, "STROKE_cdc_2": 0.027754828204387707, "DISABILITY_cdc_2": 0.2303119317862868, "HEARING_cdc_2": 0.05997735526000784, "VISION_cdc_2": 0.04265793992118419, "COGNITION_cdc_2": 0.09904944933544056, "MOBILITY_cdc_2": 0.09713025537176784, "SELFCARE_cdc_2": 0.029352618348243008, "INDEPLIVE_cdc_2": 0.05661608508664329, "BINGE_cdc_2": 0.17631062722612464, "CSMOKING_cdc_2": 0.11715962963267706, "LPA_cdc_2": 0.20745195608161074, "SLEEP_cdc_2": 0.40176271539166275, "heating_utility_gas": 0.027217965451627017, "heating_electricity": 0.3609514789945695, "industry_agriculture,_forestry,_fishing_and_hunting": 0.013706449253323191, "industry_mining,_quarrying,_and_oil_and_gas_extraction": 0.00013388183845900188, "industry_accommodation_and_food_services": 0.12991239511378275, "industry_arts,_entertainment,_and_recreation": 0.025122975665132153, "industry_construction": 0.073153561507563, "industry_educational_services": 0.09736943624930343, "industry_health_care_and_social_assistance": 0.12266263574375585, "industry_finance_and_insurance": 0.03402006777546324, "industry_real_estate_and_rental_and_leasing": 0.030495077967559566, "industry_information": 0.014268150354296117, "industry_manufacturing": 0.028644311374673485, "industry_other_services,_except_public_administration": 0.042230038237060015, "industry_administrative_and_support_and_waste_management_services": 0.04694667575234432, "industry_management_of_companies_and_enterprises": 0.0007974061147777917, "industry_professional,_scientific,_and_technical_services": 0.05572327496123616, "industry_public_administration": 0.08668588875444949, "industry_retail_trade": 0.11166049844709909, "industry_transportation_and_warehousing": 0.05306913176132176, "industry_utilities": 0.010832911669519168, "industry_wholesale_trade": 0.02256523145888033, "occupation_architecture_and_engineering_occupations": 0.01705309743359527, "occupation_computer_and_mathematical_occupations": 0.021672936187857324, "occupation_life,_physical,_and_social_science_occupations": 0.010400046742950206, "occupation_arts,_design,_entertainment,_sports,_and_media_occupations": 0.022775649897027433, "occupation_community_and_social_service_occupations": 0.016882690759600683, "occupation_educational_instruction,_and_library_occupations": 0.06779686258274756, "occupation_legal_occupations": 0.009483446475296269, "occupation_health_diagnosing_and_treating_practitioners_and_other_technical_occupations": 0.03982972724836642, "occupation_health_technologists_and_technicians": 0.01607258622928579, "occupation_business_and_financial_operations_occupations": 0.04470221626637919, "occupation_management_occupations": 0.09974159366532676, "occupation_construction_and_extraction_occupations": 0.054456189194622105, "occupation_farming,_fishing,_and_forestry_occupations": 0.007748509363255257, "occupation_installation,_maintenance,_and_repair_occupations": 0.02993886576557803, "occupation_material_moving_occupations": 0.02961998627252537, "occupation_transportation_occupations": 0.037290853344485106, "occupation_office_and_administrative_support_occupations": 0.12112729522972338, "occupation_sales_and_related_occupations": 0.10371760355417792, "occupation_building_and_grounds_cleaning_and_maintenance_occupations": 0.05350519868164436, "occupation_food_preparation_and_serving_related_occupations": 0.07866083664150082, "occupation_healthcare_support_occupations": 0.028115466416399774, "occupation_personal_care_and_service_occupations": 0.032026123251948015, "occupation_firefighting_and_prevention,_and_other_protective_service_workers_including_supervisors": 0.02170930472775487, "occupation_law_enforcement_workers_including_supervisors": 0.010737376161951247, "sors_cohabiting_partnered_gay": 0.006991022303150452, "2020 Presidential Election-margin": 0.2946133676297723, "2016 Presidential Election-margin": 0.32185568237847, "2016-2020 Swing-margin": -0.027242314748697705, "park_percent_1km_v2": 0.02241249467811158, "mean_dist_Hospital_updated": 6.576666665123984, "mean_dist_Active Superfund Site_updated": 81.18703273603252, "mean_dist_Airport_updated": 14.538106375008848, "mean_dist_Public School_updated": 1.3770448925014156, "lapop1share_usda_fra_1": 0.6281011344854881, "mean_high_temp_4": 76.78934021850402, "mean_high_temp_winter_4": 74.10844624278144, "mean_high_temp_spring_4": 76.02132406333124, "mean_high_temp_summer_4": 79.23722951311053, "mean_high_temp_fall_4": 77.71615874030785, "mean_high_heat_index_4": 78.27129725755331, "days_above_90_4": 0.0, "days_below_40_4": 0.0, "wind_speed_over_10mph_4": 0.6546002450736483, "snowfall_4": 6.726222189430126e-07, "rainfall_4": 0.6941683970926518, "hours_sunny_4": 7.8683205898277, "internet_no_access": 0.08657395339684552, "insurance_coverage_none": 0.055035768609087404, "insurance_coverage_govt": 0.1637655781084651, "insurance_coverage_private": 0.7811986532824475, "marriage_divorced": 0.09319489466227406}