{"population": 1838080.0, "ad_1": 566.5565935023694, "population_change_2010": 0.056553016477026145, "ad_1_change_2010": 0.1098708060920171, "population_change_2000": 0.17773247029846978, "ad_1_change_2000": 0.15974482945082982, "gpw_population": NaN, "gpw_pw_density_4": NaN, "white": 0.6215017844707521, "hispanic": 0.1086525069637883, "black": 0.2011522893454039, "asian": 0.025885162778551532, "homogeneity_250_2020": 0.6030898918888994, "homogeneity_250_diff_2010": -0.0808861266433829, "homogeneity_250_diff_2000": -0.15507978679758383, "citizenship_citizen_by_birth": 0.9228370693295356, "citizenship_citizen_by_naturalization": 0.030955003297616624, "citizenship_not_citizen": 0.04620792737284777, "birthplace_non_us": 0.07716293067046393, "birthplace_us_not_state": 0.2958630084535041, "birthplace_us_state": 0.626974060876032, "language_english_only": 0.8801260323566898, "language_spanish": 0.08068117813456753, "education_high_school": 0.878296379340478, "education_ugrad": 0.2612888954327964, "education_grad": 0.09024959739555256, "education_field_stem": 0.1092504565930241, "education_field_humanities": 0.10057580926199809, "education_field_business": 0.05146262957777282, "generation_silent": 0.07012927209323966, "generation_boomer": 0.24046569133228518, "generation_genx": 0.19424047399271252, "generation_millenial": 0.18220346673389223, "generation_genz": 0.19702483267338045, "generation_genalpha": 0.11593626317448993, "poverty_below_line": 0.1518878945642369, "household_income_under_50k": 0.46269167879083095, "household_income_over_100k": 0.23097916907176633, "individual_income_under_50k": 0.7260551603921519, "individual_income_over_100k": 0.07280736773186874, "housing_per_pop": 0.5683349030875993, "vacancy": 0.09103945974091855, "rent_or_own_rent": 0.33359534421236026, "rent_burden_under_20": 0.29224606456693647, "rent_burden_over_40": 0.3175864000292142, "rent_1br_under_750": 0.5462099244818053, "rent_1br_over_1500": 0.018283875422269218, "rent_2br_under_750": 0.3845810149299804, "rent_2br_over_1500": 0.031107459256456617, "year_built_1969_or_earlier": 0.3051464383674428, "year_built_2010_or_later": 0.0712740310687442, "transportation_means_car": 0.8990730285050643, "transportation_means_bike": 0.0023042540585317913, "transportation_means_walk": 0.013114230858833993, "transportation_means_transit": 0.007136387780060404, "transportation_means_worked_at_home": 0.07099642560670044, "transportation_commute_time_under_15": 0.2748609187030396, "transportation_commute_time_over_60": 0.056100269641020994, "vehicle_ownership_at_least_1": 0.9425662477085686, "GHLTH_cdc_2": 0.174482836237052, "ARTHRITIS_cdc_2": 0.27528329377706345, "CASTHMA_cdc_2": 0.10176801188040759, "BPHIGH_cdc_2": 0.34488022041284055, "CANCER_cdc_2": 0.0676580158936538, "KIDNEY_cdc_2": 0.03242149596345732, "COPD_cdc_2": 0.07782160298332866, "CHD_cdc_2": 0.0645835003013692, "DIABETES_cdc_2": 0.11750740270886777, "OBESITY_cdc_2": 0.36445637361960354, "STROKE_cdc_2": 0.03533136554050357, "DISABILITY_cdc_2": 0.31947725376786457, "HEARING_cdc_2": 0.07771870833627649, "VISION_cdc_2": 0.06091204229088637, "COGNITION_cdc_2": 0.14885896298946102, "MOBILITY_cdc_2": 0.1551548887188708, "SELFCARE_cdc_2": 0.046584681728611355, "INDEPLIVE_cdc_2": 0.08977460592787936, "BINGE_cdc_2": 0.157730791661471, "CSMOKING_cdc_2": 0.1776192339661839, "LPA_cdc_2": 0.24306965084766302, "SLEEP_cdc_2": 0.32759722199258173, "heating_utility_gas": 0.2634187825695787, "heating_electricity": 0.6149842877138441, "industry_agriculture,_forestry,_fishing_and_hunting": 0.00823280706321643, "industry_mining,_quarrying,_and_oil_and_gas_extraction": 0.000803824661353778, "industry_accommodation_and_food_services": 0.06564401209997998, "industry_arts,_entertainment,_and_recreation": 0.01563954738007069, "industry_construction": 0.06802553380461468, "industry_educational_services": 0.08849313626660374, "industry_health_care_and_social_assistance": 0.14893975085736533, "industry_finance_and_insurance": 0.04572193540623669, "industry_real_estate_and_rental_and_leasing": 0.014563518406594802, "industry_information": 0.012227602501278684, "industry_manufacturing": 0.15564658433219467, "industry_other_services,_except_public_administration": 0.04925579926577241, "industry_administrative_and_support_and_waste_management_services": 0.045117643749911535, "industry_management_of_companies_and_enterprises": 0.0015828617780843113, "industry_professional,_scientific,_and_technical_services": 0.04694123625900514, "industry_public_administration": 0.032477407841024465, "industry_retail_trade": 0.11662709774994434, "industry_transportation_and_warehousing": 0.050905835929968016, "industry_utilities": 0.005981406040903989, "industry_wholesale_trade": 0.027172458605876405, "occupation_architecture_and_engineering_occupations": 0.016101984765944845, "occupation_computer_and_mathematical_occupations": 0.023118335844680656, "occupation_life,_physical,_and_social_science_occupations": 0.008030686724950855, "occupation_arts,_design,_entertainment,_sports,_and_media_occupations": 0.01478863881639106, "occupation_community_and_social_service_occupations": 0.019102515186934364, "occupation_educational_instruction,_and_library_occupations": 0.060682656030418586, "occupation_legal_occupations": 0.006398873579684866, "occupation_health_diagnosing_and_treating_practitioners_and_other_technical_occupations": 0.04057208169021293, "occupation_health_technologists_and_technicians": 0.02447898816213916, "occupation_business_and_financial_operations_occupations": 0.04744370664313707, "occupation_management_occupations": 0.09699855705612219, "occupation_construction_and_extraction_occupations": 0.049045331408739644, "occupation_farming,_fishing,_and_forestry_occupations": 0.004167641623266306, "occupation_installation,_maintenance,_and_repair_occupations": 0.03928030968060553, "occupation_material_moving_occupations": 0.047804698806345795, "occupation_transportation_occupations": 0.0401184780851217, "occupation_office_and_administrative_support_occupations": 0.11333401710965045, "occupation_sales_and_related_occupations": 0.09844215156756583, "occupation_building_and_grounds_cleaning_and_maintenance_occupations": 0.03733661014850284, "occupation_food_preparation_and_serving_related_occupations": 0.05141806723365908, "occupation_healthcare_support_occupations": 0.03194875631789692, "occupation_personal_care_and_service_occupations": 0.024690678277858587, "occupation_firefighting_and_prevention,_and_other_protective_service_workers_including_supervisors": 0.00905584519420019, "occupation_law_enforcement_workers_including_supervisors": 0.009160860458238095, "sors_cohabiting_partnered_gay": 0.005551326226122236, "2020 Presidential Election-margin": -0.10816469446425585, "2016 Presidential Election-margin": -0.12058741103667726, "2016-2020 Swing-margin": 0.012422716572421416, "park_percent_1km_v2": 0.010638137368783685, "mean_dist_Hospital_updated": 8.257172511929548, "mean_dist_Active Superfund Site_updated": 50.92660852580175, "mean_dist_Airport_updated": 35.84395671839707, "mean_dist_Public School_updated": 2.2185754778216267, "lapop1share_usda_fra_1": 0.4117238839804087, "mean_high_temp_4": 69.58430858036787, "mean_high_temp_winter_4": 53.020904369596, "mean_high_temp_spring_4": 75.17156945282781, "mean_high_temp_summer_4": 85.75282136444805, "mean_high_temp_fall_4": 63.52963190963541, "mean_high_heat_index_4": 70.24125666964888, "days_above_90_4": 0.07786155586200227, "days_below_40_4": 0.037527080288610896, "wind_speed_over_10mph_4": 0.055195393589349294, "snowfall_4": 0.030179942519180845, "rainfall_4": 1.0712172315773614, "hours_sunny_4": 5.318490929028317, "internet_no_access": 0.13697869784138256, "insurance_coverage_none": 0.1512042049158118, "insurance_coverage_govt": 0.1560270512746482, "insurance_coverage_private": 0.69276874380954, "marriage_divorced": 0.11255325393884691}