{"population": 765137.0, "ad_1": 884.8151014357462, "population_change_2010": 0.14769115386057674, "ad_1_change_2010": 0.09653483419018416, "population_change_2000": 0.5046468547695647, "ad_1_change_2000": 0.12341470639549165, "gpw_population": NaN, "gpw_pw_density_4": NaN, "white": 0.1635079730819448, "hispanic": 0.12227091357495455, "black": 0.6426012596436977, "asian": 0.03167929403492446, "homogeneity_250_2020": 0.5762484751122054, "homogeneity_250_diff_2010": -0.0023323392537433207, "homogeneity_250_diff_2000": -0.015549084966247295, "citizenship_citizen_by_birth": 0.887924083334605, "citizenship_citizen_by_naturalization": 0.05728347372813019, "citizenship_not_citizen": 0.054792442937264735, "birthplace_non_us": 0.11207591666539492, "birthplace_us_not_state": 0.37802564654883986, "birthplace_us_state": 0.5098984367857653, "language_english_only": 0.8370990440655398, "language_spanish": 0.10413273085318107, "education_high_school": 0.890903802490102, "education_ugrad": 0.2872199866996532, "education_grad": 0.10862352917201684, "education_field_stem": 0.10788445694203724, "education_field_humanities": 0.10222386104058566, "education_field_business": 0.07711166871703085, "generation_silent": 0.03787939975171054, "generation_boomer": 0.18916900898951844, "generation_genx": 0.20543750248196657, "generation_millenial": 0.21610280774066168, "generation_genz": 0.21186169401911129, "generation_genalpha": 0.13954958701703152, "poverty_below_line": 0.12517650129637592, "household_income_under_50k": 0.3891733182057483, "household_income_over_100k": 0.26657776477099593, "individual_income_under_50k": 0.6888336963862361, "individual_income_over_100k": 0.07574254297309499, "housing_per_pop": 0.511829558324881, "vacancy": 0.06212567217550324, "rent_or_own_rent": 0.38235018802977055, "rent_burden_under_20": 0.21727508534923717, "rent_burden_over_40": 0.35326600208726855, "rent_1br_under_750": 0.16351848815986395, "rent_1br_over_1500": 0.03552217018366332, "rent_2br_under_750": 0.0644997756986324, "rent_2br_over_1500": 0.08144473132710786, "year_built_1969_or_earlier": 0.13704746878847807, "year_built_2010_or_later": 0.07817274791010587, "transportation_means_car": 0.8684743491365177, "transportation_means_bike": 0.0010605857706842384, "transportation_means_walk": 0.005886694612040179, "transportation_means_transit": 0.020996350997205326, "transportation_means_worked_at_home": 0.09369623247629018, "transportation_commute_time_under_15": 0.13518627588655863, "transportation_commute_time_over_60": 0.1262587439069182, "vehicle_ownership_at_least_1": 0.9526445006012494, "traffic_fatalities_last_decade_per_capita": 0.00013396293735631656, "traffic_fatalities_ped_last_decade_per_capita": 3.659475361928648e-05, "GHLTH_cdc_2": 0.1841417860349593, "ARTHRITIS_cdc_2": 0.21708650949491856, "CASTHMA_cdc_2": 0.1078424338544415, "BPHIGH_cdc_2": 0.35828151616611853, "CANCER_cdc_2": 0.04787818350409919, "KIDNEY_cdc_2": 0.029349363089394197, "COPD_cdc_2": 0.05544015641651772, "CHD_cdc_2": 0.04465871787125845, "DIABETES_cdc_2": 0.11853606013308865, "OBESITY_cdc_2": 0.38111306421972113, "STROKE_cdc_2": 0.030570934974699853, "DISABILITY_cdc_2": 0.28282484119192086, "HEARING_cdc_2": 0.04366977150097764, "VISION_cdc_2": 0.06023678347556862, "COGNITION_cdc_2": 0.14814174827346005, "MOBILITY_cdc_2": 0.1330481018553485, "SELFCARE_cdc_2": 0.04286618583692059, "INDEPLIVE_cdc_2": 0.08613680151717279, "BINGE_cdc_2": 0.14920474074633538, "CSMOKING_cdc_2": 0.17174386375651396, "LPA_cdc_2": 0.2691273045003317, "SLEEP_cdc_2": 0.4113873427653176, "heating_utility_gas": 0.5557802994816768, "heating_electricity": 0.4168132789928218, "industry_agriculture,_forestry,_fishing_and_hunting": 0.0015518233586096033, "industry_mining,_quarrying,_and_oil_and_gas_extraction": 0.0004077534021937957, "industry_accommodation_and_food_services": 0.07177302623550601, "industry_arts,_entertainment,_and_recreation": 0.0185196247975048, "industry_construction": 0.058952886517009216, "industry_educational_services": 0.08645131056964306, "industry_health_care_and_social_assistance": 0.12697264525044685, "industry_finance_and_insurance": 0.0375101958520406, "industry_real_estate_and_rental_and_leasing": 0.020155287734108497, "industry_information": 0.025290689873083746, "industry_manufacturing": 0.07171425055619077, "industry_other_services,_except_public_administration": 0.042755334564296595, "industry_administrative_and_support_and_waste_management_services": 0.060095091348550046, "industry_management_of_companies_and_enterprises": 0.002250713856280018, "industry_professional,_scientific,_and_technical_services": 0.06222309290237011, "industry_public_administration": 0.05433146051699468, "industry_retail_trade": 0.11016546517935158, "industry_transportation_and_warehousing": 0.11439163193770613, "industry_utilities": 0.00562552634502339, "industry_wholesale_trade": 0.028862189203090558, "occupation_architecture_and_engineering_occupations": 0.01239590453890526, "occupation_computer_and_mathematical_occupations": 0.030650137343405055, "occupation_life,_physical,_and_social_science_occupations": 0.008011120198921974, "occupation_arts,_design,_entertainment,_sports,_and_media_occupations": 0.01871971621503209, "occupation_community_and_social_service_occupations": 0.01829892315418798, "occupation_educational_instruction,_and_library_occupations": 0.05554479302299597, "occupation_legal_occupations": 0.010061868192530483, "occupation_health_diagnosing_and_treating_practitioners_and_other_technical_occupations": 0.03336609923521825, "occupation_health_technologists_and_technicians": 0.018710942092396998, "occupation_business_and_financial_operations_occupations": 0.05159182136589134, "occupation_management_occupations": 0.09264370329925295, "occupation_construction_and_extraction_occupations": 0.04544378600227613, "occupation_farming,_fishing,_and_forestry_occupations": 0.0010930439731166807, "occupation_installation,_maintenance,_and_repair_occupations": 0.03356992863590406, "occupation_material_moving_occupations": 0.057964294498530154, "occupation_transportation_occupations": 0.0722724564744516, "occupation_office_and_administrative_support_occupations": 0.13635884184682928, "occupation_sales_and_related_occupations": 0.09183848972026615, "occupation_building_and_grounds_cleaning_and_maintenance_occupations": 0.030641158456901612, "occupation_food_preparation_and_serving_related_occupations": 0.04839590216754454, "occupation_healthcare_support_occupations": 0.029307583841811244, "occupation_personal_care_and_service_occupations": 0.025705312917054603, "occupation_firefighting_and_prevention,_and_other_protective_service_workers_including_supervisors": 0.018033876481659397, "occupation_law_enforcement_workers_including_supervisors": 0.01011049234992219, "sors_cohabiting_partnered_gay": 0.00598373103492943, "2020 Presidential Election-margin": 0.6035413939068577, "2016 Presidential Election-margin": 0.5456577584263534, "2016-2020 Swing-margin": 0.057883635480504236, "park_percent_1km_v2": 0.007735809569370602, "mean_dist_Hospital_updated": 6.48336158115792, "mean_dist_Active Superfund Site_updated": 85.12215299094399, "mean_dist_Airport_updated": 18.679891046218067, "mean_dist_Public School_updated": 1.412766359907097, "lapop1share_usda_fra_1": 0.46428223390151413, "mean_high_temp_4": 72.62346722258852, "mean_high_temp_winter_4": 57.620655547470584, "mean_high_temp_spring_4": 77.99710495800188, "mean_high_temp_summer_4": 87.09680160818945, "mean_high_temp_fall_4": 66.99941209273499, "mean_high_heat_index_4": 73.95622799591922, "days_above_90_4": 0.09169571824050268, "days_below_40_4": 0.01447245815627464, "wind_speed_over_10mph_4": 0.10177878791493893, "snowfall_4": 0.007491615257745702, "rainfall_4": 1.1631274051725597, "hours_sunny_4": 5.247572604837018, "internet_no_access": 0.0772440247142812, "insurance_coverage_none": 0.18320683290816686, "insurance_coverage_govt": 0.1287109399695793,