{"population": 3515933.0, "ad_1": 5270.504045880305, "population_change_2010": 0.08621619141743102, "ad_1_change_2010": 0.0793147779797024, "gpw_population": NaN, "gpw_pw_density_4": NaN, "white": 0.32939080465981574, "hispanic": 0.2343517353715216, "black": 0.0731865482078299, "asian": 0.294417441970595, "citizenship_citizen_by_birth": 0.6686484433539072, "citizenship_citizen_by_naturalization": 0.19111946999369883, "citizenship_not_citizen": 0.14023208665239395, "birthplace_non_us": 0.3313515566460928, "birthplace_us_not_state": 0.19913555977849845, "birthplace_us_state": 0.4695128835754087, "language_english_only": 0.554735016421278, "language_spanish": 0.16602426684670887, "education_high_school": 0.888786454818268, "education_ugrad": 0.5069516821095097, "education_grad": 0.21253007558717657, "education_field_stem": 0.27800270731364973, "education_field_humanities": 0.14666871045405258, "education_field_business": 0.08228026434180738, "generation_silent": 0.06405155368809246, "generation_boomer": 0.2158494867905834, "generation_genx": 0.20360742033052842, "generation_millenial": 0.2540226175072416, "generation_genz": 0.16015369905534732, "generation_genalpha": 0.10231522262820682, "poverty_below_line": 0.09035540997536382, "household_income_under_50k": 0.23348130001272774, "household_income_over_100k": 0.557380487328282, "individual_income_under_50k": 0.4909316344132387, "individual_income_over_100k": 0.2669057462191142, "housing_per_pop": 0.484612296583965, "vacancy": 0.059805154216988655, "rent_or_own_rent": 0.4965047364084515, "rent_burden_under_20": 0.3020106544139056, "rent_burden_over_40": 0.3096666188425574, "rent_1br_under_750": 0.10575179106853926, "rent_1br_over_1500": 0.6791943581083428, "rent_2br_under_750": 0.0517514460910204, "rent_2br_over_1500": 0.8007683746918638, "year_built_1969_or_earlier": 0.6138718653325416, "year_built_2010_or_later": 0.041022514957550736, "transportation_means_car": 0.592427259411297, "transportation_means_bike": 0.022811172250412282, "transportation_means_walk": 0.051295651047669366, "transportation_means_transit": 0.1581502879411303, "transportation_means_worked_at_home": 0.16226344383827632, "transportation_commute_time_under_15": 0.1592426174432474, "transportation_commute_time_over_60": 0.14403199132225877, "vehicle_ownership_at_least_1": 0.8574045012441398, "GHLTH_cdc_2": 0.13720113663656128, "ARTHRITIS_cdc_2": 0.17376259700903904, "CASTHMA_cdc_2": 0.08881256364466877, "BPHIGH_cdc_2": 0.25457514646061363, "CANCER_cdc_2": 0.05462012179622909, "KIDNEY_cdc_2": 0.025636266736563832, "COPD_cdc_2": 0.04066300523304646, "CHD_cdc_2": 0.042031825776032754, "DIABETES_cdc_2": 0.09336488527403755, "OBESITY_cdc_2": 0.2351174155502231, "STROKE_cdc_2": 0.024266836835564094, "DISABILITY_cdc_2": 0.22397260670888902, "HEARING_cdc_2": 0.050450132654321946, "VISION_cdc_2": 0.04129821462536504, "COGNITION_cdc_2": 0.1062741250897995, "MOBILITY_cdc_2": 0.09653589260598626, "SELFCARE_cdc_2": 0.028616721485737823, "INDEPLIVE_cdc_2": 0.058103946322285396, "BINGE_cdc_2": 0.15604842348049622, "CSMOKING_cdc_2": 0.09669749431275003, "LPA_cdc_2": 0.18226688444158473, "SLEEP_cdc_2": 0.29691368517175043, "heating_utility_gas": 0.6557738240866419, "heating_electricity": 0.2857216590067146, "industry_agriculture,_forestry,_fishing_and_hunting": 0.002931160469033478, "industry_mining,_quarrying,_and_oil_and_gas_extraction": 0.0004369652775738638, "industry_accommodation_and_food_services": 0.0655735122292542, "industry_arts,_entertainment,_and_recreation": 0.023003616295096257, "industry_construction": 0.05090281185361069, "industry_educational_services": 0.08488541000751566, "industry_health_care_and_social_assistance": 0.1257075438016503, "industry_finance_and_insurance": 0.048427255742727736, "industry_real_estate_and_rental_and_leasing": 0.022241737574867523, "industry_information": 0.044560881436716895, "industry_manufacturing": 0.0734592349920195, "industry_other_services,_except_public_administration": 0.047300022076725345, "industry_administrative_and_support_and_waste_management_services": 0.04143167475025161, "industry_management_of_companies_and_enterprises": 0.0017314366889267766, "industry_professional,_scientific,_and_technical_services": 0.16901818491791326, "industry_public_administration": 0.03508256719901235, "industry_retail_trade": 0.08846108292522001, "industry_transportation_and_warehousing": 0.04909357413642628, "industry_utilities": 0.005704517673261116, "industry_wholesale_trade": 0.02004680995219692, "occupation_architecture_and_engineering_occupations": 0.031109710343255468, "occupation_computer_and_mathematical_occupations": 0.07762021631595696, "occupation_life,_physical,_and_social_science_occupations": 0.02271281455265997, "occupation_arts,_design,_entertainment,_sports,_and_media_occupations": 0.03809583423227582, "occupation_community_and_social_service_occupations": 0.01620815863364432, "occupation_educational_instruction,_and_library_occupations": 0.05462606972884297, "occupation_legal_occupations": 0.01934251227185131, "occupation_health_diagnosing_and_treating_practitioners_and_other_technical_occupations": 0.03864292629050174, "occupation_health_technologists_and_technicians": 0.013584185456422712, "occupation_business_and_financial_operations_occupations": 0.07941510253005861, "occupation_management_occupations": 0.1390215947312742, "occupation_construction_and_extraction_occupations": 0.03459096547867599, "occupation_farming,_fishing,_and_forestry_occupations": 0.002084914625849339, "occupation_installation,_maintenance,_and_repair_occupations": 0.017004558375704686, "occupation_material_moving_occupations": 0.024410103916399247, "occupation_transportation_occupations": 0.03034152041573387, "occupation_office_and_administrative_support_occupations": 0.09130513480361435, "occupation_sales_and_related_occupations": 0.08560084681715505, "occupation_building_and_grounds_cleaning_and_maintenance_occupations": 0.033356678184536574, "occupation_food_preparation_and_serving_related_occupations": 0.04819053521856225, "occupation_healthcare_support_occupations": 0.031023699680824798, "occupation_personal_care_and_service_occupations": 0.02589361344925657, "occupation_firefighting_and_prevention,_and_other_protective_service_workers_including_supervisors": 0.010613681392276338, "occupation_law_enforcement_workers_including_supervisors": 0.004210390336147414, "2020 Presidential Election-margin": 0.6691695250629139, "2016 Presidential Election-margin": 0.6919649068878646, "2016-2020 Swing-margin": -0.022795381824950667, "park_percent_1km_v2": 0.04799862821670195, "mean_dist_Hospital_updated": 2.5135505005135497, "mean_dist_Active Superfund Site_updated": 11.402177891658207, "mean_dist_Airport_updated": 16.92259842098006, "mean_dist_Public School_updated": 0.5462837898470424, "mean_high_temp_4": 66.46679300661205, "mean_high_temp_winter_4": 58.84391656489633, "mean_high_temp_spring_4": 66.84870783746653, "mean_high_temp_summer_4": 74.0358243597001, "mean_high_temp_fall_4": 65.8071075351842, "mean_high_heat_index_4": 65.66601349117137, "days_above_90_4": 0.01622112588506305, "days_below_40_4": 1.4271492249820986e-06, "wind_speed_over_10mph_4": 0.10549858202870373, "snowfall_4": 2.8238595098573382e-05, "rainfall_4": 0.5294244807709547, "hours_sunny_4": 6.634295317186269, "internet_no_access": 0.06264519179616203, "insurance_coverage_none": 0.05471600526737117, "insurance_coverage_govt": 0.16506264005693136, "insurance_coverage_private": 0.7802213546756974, "marriage_divorced": 0.08581931694398676}