{"population": 766987.0, "ad_1": 825.3185373989926, "population_change_2010": 0.23034265703978068, "ad_1_change_2010": 0.12454950347659544, "population_change_2000": 0.5964992985275323, "ad_1_change_2000": 0.295530451034461, "gpw_population": NaN, "gpw_pw_density_4": NaN, "white": 0.5602989359663202, "hispanic": 0.24935363963144094, "black": 0.09335099551882887, "asian": 0.05387966158487693, "homogeneity_250_2020": 0.5186178181737799, "homogeneity_250_diff_2010": -0.07575928612920091, "homogeneity_250_diff_2000": -0.14043784342014354, "citizenship_citizen_by_birth": 0.8821387383558731, "citizenship_citizen_by_naturalization": 0.05002482327538029, "citizenship_not_citizen": 0.06783643836874657, "birthplace_non_us": 0.11786126164412529, "birthplace_us_not_state": 0.25611510756971034, "birthplace_us_state": 0.6260236307861643, "language_english_only": 0.7795780158272344, "language_spanish": 0.15980831521386948, "education_high_school": 0.9026510176789688, "education_ugrad": 0.3735220761071017, "education_grad": 0.14069304712789418, "education_field_stem": 0.18265468758568043, "education_field_humanities": 0.11552122558168211, "education_field_business": 0.07534616293973553, "generation_silent": 0.05200791367102603, "generation_boomer": 0.20719719189833152, "generation_genx": 0.1878348424863899, "generation_millenial": 0.19043751415556145, "generation_genz": 0.241027711081694, "generation_genalpha": 0.12149482670699714, "poverty_below_line": 0.13008097127129048, "household_income_under_50k": 0.3483027736835666, "household_income_over_100k": 0.36974036459731274, "individual_income_under_50k": 0.625861106188143, "individual_income_over_100k": 0.14610947229799678, "housing_per_pop": 0.5360714847709079, "vacancy": 0.12224529862193913, "rent_or_own_rent": 0.3211341691686743, "rent_burden_under_20": 0.24796069615629937, "rent_burden_over_40": 0.3561861789509525, "rent_1br_under_750": 0.24889749279936565, "rent_1br_over_1500": 0.08874175237208538, "rent_2br_under_750": 0.16118507781116384, "rent_2br_over_1500": 0.15845097192268626, "year_built_1969_or_earlier": 0.1441862662855828, "year_built_2010_or_later": 0.18649924732831955, "transportation_means_car": 0.8336868772555492, "transportation_means_bike": 0.005937636251703765, "transportation_means_walk": 0.01587067521768827, "transportation_means_transit": 0.006440635790971024, "transportation_means_worked_at_home": 0.12723007337410558, "transportation_commute_time_under_15": 0.3042170401399707, "transportation_commute_time_over_60": 0.08542875149950396, "vehicle_ownership_at_least_1": 0.9591594322082959, "traffic_fatalities_last_decade_per_capita": 0.00017444884985012786, "traffic_fatalities_ped_last_decade_per_capita": 1.9948186866270222e-05, "GHLTH_cdc_2": 0.16865491323509937, "ARTHRITIS_cdc_2": 0.21502810875068346, "CASTHMA_cdc_2": 0.09785169767495869, "BPHIGH_cdc_2": 0.30024850403525716, "CANCER_cdc_2": 0.056675455218013766, "KIDNEY_cdc_2": 0.026900428502475687, "COPD_cdc_2": 0.06303381860413221, "CHD_cdc_2": 0.05033247408013197, "DIABETES_cdc_2": 0.09751953553956906, "OBESITY_cdc_2": 0.33166569219063247, "STROKE_cdc_2": 0.02714729061236002, "DISABILITY_cdc_2": 0.2875135095259058, "HEARING_cdc_2": 0.06041323615270995, "VISION_cdc_2": 0.05196236428822795, "COGNITION_cdc_2": 0.14497553341497327, "MOBILITY_cdc_2": 0.12038628244067376, "SELFCARE_cdc_2": 0.03699769203044382, "INDEPLIVE_cdc_2": 0.08139246653444157, "BINGE_cdc_2": 0.19113417207125108, "CSMOKING_cdc_2": 0.14860854728597428, "LPA_cdc_2": 0.23059924374476745, "SLEEP_cdc_2": 0.34147748201575695, "heating_utility_gas": 0.29046396005769454, "heating_electricity": 0.6113827356409057, "industry_agriculture,_forestry,_fishing_and_hunting": 0.013765750298181329, "industry_mining,_quarrying,_and_oil_and_gas_extraction": 0.013175910320810589, "industry_accommodation_and_food_services": 0.06429774486849445, "industry_arts,_entertainment,_and_recreation": 0.016847102021659375, "industry_construction": 0.08146062361075013, "industry_educational_services": 0.1337855884023385, "industry_health_care_and_social_assistance": 0.11016324656691551, "industry_finance_and_insurance": 0.03939826951181973, "industry_real_estate_and_rental_and_leasing": 0.025105226443935126, "industry_information": 0.01820791267165415, "industry_manufacturing": 0.0861965622086674, "industry_other_services,_except_public_administration": 0.046253418349773166, "industry_administrative_and_support_and_waste_management_services": 0.03527320351183294, "industry_management_of_companies_and_enterprises": 0.001379473720394498, "industry_professional,_scientific,_and_technical_services": 0.0920865630348898, "industry_public_administration": 0.043234041172441166, "industry_retail_trade": 0.11107262102477873, "industry_transportation_and_warehousing": 0.03252874335047903, "industry_utilities": 0.012285252543563193, "industry_wholesale_trade": 0.023482746366621128, "occupation_architecture_and_engineering_occupations": 0.024861631782474983, "occupation_computer_and_mathematical_occupations": 0.043077558926965936, "occupation_life,_physical,_and_social_science_occupations": 0.012422151016842698, "occupation_arts,_design,_entertainment,_sports,_and_media_occupations": 0.021217257096419542, "occupation_community_and_social_service_occupations": 0.015370137925566926, "occupation_educational_instruction,_and_library_occupations": 0.08185680774048752, "occupation_legal_occupations": 0.00884580268199622, "occupation_health_diagnosing_and_treating_practitioners_and_other_technical_occupations": 0.03615122419933643, "occupation_health_technologists_and_technicians": 0.01872797464274583, "occupation_business_and_financial_operations_occupations": 0.06100077912061122, "occupation_management_occupations": 0.12487320889333986, "occupation_construction_and_extraction_occupations": 0.0572918375342832, "occupation_farming,_fishing,_and_forestry_occupations": 0.0074149076185698465, "occupation_installation,_maintenance,_and_repair_occupations": 0.029337792853845614, "occupation_material_moving_occupations": 0.02562050603719674, "occupation_transportation_occupations": 0.03416317000823153, "occupation_office_and_administrative_support_occupations": 0.10408270460163224, "occupation_sales_and_related_occupations": 0.10500375530213645, "occupation_building_and_grounds_cleaning_and_maintenance_occupations": 0.033349279781368014, "occupation_food_preparation_and_serving_related_occupations": 0.043935068035928726, "occupation_healthcare_support_occupations": 0.02331535590239519, "occupation_personal_care_and_service_occupations": 0.026593804849483465, "occupation_firefighting_and_prevention,_and_other_protective_service_workers_including_supervisors": 0.009315485715440656, "occupation_law_enforcement_workers_including_supervisors": 0.010010450884229, "sors_cohabiting_partnered_gay": 0.006233046863157316, "2020 Presidential Election-margin": -0.18776135458373408, "2016 Presidential Election-margin": -0.2632969656674878, "2016-2020 Swing-margin": 0.0755356110837537, "park_percent_1km_v2": 0.022986495210973294, "mean_dist_Hospital_updated": 9.67566135229761, "mean_dist_Active Superfund Site_updated": 61.454103778989776, "mean_dist_Airport_updated": 34.724950785775825, "mean_dist_Public School_updated": 2.904118756742986, "lapop1share_usda_fra_1": 0.375398770528643, "mean_high_temp_4": 79.52569070651134, "mean_high_temp_winter_4": 65.51206682868194, "mean_high_temp_spring_4": 83.53912995444665, "mean_high_temp_summer_4": 93.64099863535222, "mean_high_temp_fall_4": 74.68020991325285, "mean_high_heat_index_4": 83.23631020502258, "days_above_90_4": 0.27114777232030446, "days_below_40_4": 0.005088864793519485, "wind_speed_over_10mph_4": 0.226195058999512, "snowfall_4": 0.0015512362432274752, "rainfall_4": 0.9710557747844754, "hours_sunny_4": 5.7912046541471485, "internet_no_access": 0.10285944611701774, "insurance_coverage_none": 0.15161442023448726, "insurance_coverage_govt": 0.07812936019262759,