{"population": 794611.0, "ad_1": 986.6349189087686, "population_change_2010": 0.0805520992690804, "ad_1_change_2010": 0.011206059354136036, "gpw_population": NaN, "gpw_pw_density_4": NaN, "white": 0.6313869302086178, "hispanic": 0.24737513072434184, "black": 0.0332426810099533, "asian": 0.02959309649627302, "citizenship_citizen_by_birth": 0.9112307971554431, "citizenship_citizen_by_naturalization": 0.05157347001162415, "citizenship_not_citizen": 0.03719573283293287, "birthplace_non_us": 0.08876920284455701, "birthplace_us_not_state": 0.5439710726390883, "birthplace_us_state": 0.36725972451635475, "language_english_only": 0.8237464004917334, "language_spanish": 0.1307181092193031, "education_high_school": 0.9295255440734678, "education_ugrad": 0.3610981701569107, "education_grad": 0.15550234845273286, "education_field_stem": 0.17179417273972078, "education_field_humanities": 0.1270543626427261, "education_field_business": 0.062249634774463825, "generation_silent": 0.10478239857202795, "generation_boomer": 0.2659691397971982, "generation_genx": 0.16277062690083482, "generation_millenial": 0.18269044190019068, "generation_genz": 0.17688191711771062, "generation_genalpha": 0.10690547571203787, "poverty_below_line": 0.10547881262433914, "household_income_under_50k": 0.3757169503502279, "household_income_over_100k": 0.30639162201844905, "individual_income_under_50k": 0.6522307476538474, "individual_income_over_100k": 0.11390288212444517, "housing_per_pop": 0.5827649221554276, "vacancy": 0.10313097642018441, "rent_or_own_rent": 0.31884823440401866, "rent_burden_under_20": 0.2857446915552396, "rent_burden_over_40": 0.323116198401508, "rent_1br_under_750": 0.3861501955370667, "rent_1br_over_1500": 0.06045553249903212, "rent_2br_under_750": 0.1541837705427584, "rent_2br_over_1500": 0.08642141314331099, "year_built_1969_or_earlier": 0.14552444671964337, "year_built_2010_or_later": 0.08002753709603055, "transportation_means_car": 0.849098269347726, "transportation_means_bike": 0.011015469923186859, "transportation_means_walk": 0.01408821823633471, "transportation_means_transit": 0.009954257338413095, "transportation_means_worked_at_home": 0.10587421545713371, "transportation_commute_time_under_15": 0.26076980852661436, "transportation_commute_time_over_60": 0.051608461748121406, "vehicle_ownership_at_least_1": 0.9449083084129547, "GHLTH_cdc_2": 0.15774568294793878, "ARTHRITIS_cdc_2": 0.2706567032024757, "CASTHMA_cdc_2": 0.1026488436093744, "BPHIGH_cdc_2": 0.31547621851346785, "CANCER_cdc_2": 0.07902068166597843, "KIDNEY_cdc_2": 0.03413577481432487, "COPD_cdc_2": 0.06614652142763593, "CHD_cdc_2": 0.06235749728867993, "DIABETES_cdc_2": 0.096460327614875, "OBESITY_cdc_2": 0.3169905092628171, "STROKE_cdc_2": 0.0321320763223467, "DISABILITY_cdc_2": 0.2817333598087661, "HEARING_cdc_2": 0.07313324348463239, "VISION_cdc_2": 0.048577997597405664, "COGNITION_cdc_2": 0.12702901843231973, "MOBILITY_cdc_2": 0.1307135666985392, "SELFCARE_cdc_2": 0.03678622442638457, "INDEPLIVE_cdc_2": 0.07258670615513357, "BINGE_cdc_2": 0.1627570331626201, "CSMOKING_cdc_2": 0.14588508988728247, "LPA_cdc_2": 0.22249765915172812, "SLEEP_cdc_2": 0.32778893091678263, "heating_utility_gas": 0.5158208667515222, "heating_electricity": 0.42754765567849917, "industry_agriculture,_forestry,_fishing_and_hunting": 0.009451031021839952, "industry_mining,_quarrying,_and_oil_and_gas_extraction": 0.013147000608411027, "industry_accommodation_and_food_services": 0.07049659011349452, "industry_arts,_entertainment,_and_recreation": 0.021002703666843196, "industry_construction": 0.052457756213993144, "industry_educational_services": 0.10485151898774206, "industry_health_care_and_social_assistance": 0.14851771408604483, "industry_finance_and_insurance": 0.03822150289151021, "industry_real_estate_and_rental_and_leasing": 0.024486507347285084, "industry_information": 0.015369744864781373, "industry_manufacturing": 0.07073920083390013, "industry_other_services,_except_public_administration": 0.04820380054931839, "industry_administrative_and_support_and_waste_management_services": 0.047629380894652136, "industry_management_of_companies_and_enterprises": 0.0010553518963800567, "industry_professional,_scientific,_and_technical_services": 0.07926018753054719, "industry_public_administration": 0.07361266053480946, "industry_retail_trade": 0.11634508325369027, "industry_transportation_and_warehousing": 0.03832495413125246, "industry_utilities": 0.009997345540458875, "industry_wholesale_trade": 0.01682996503304569, "occupation_architecture_and_engineering_occupations": 0.03350945894174443, "occupation_computer_and_mathematical_occupations": 0.03610734344815476, "occupation_life,_physical,_and_social_science_occupations": 0.014173425382175352, "occupation_arts,_design,_entertainment,_sports,_and_media_occupations": 0.017606990899764332, "occupation_community_and_social_service_occupations": 0.01880211811994523, "occupation_educational_instruction,_and_library_occupations": 0.07119348327227568, "occupation_legal_occupations": 0.00974612898082178, "occupation_health_diagnosing_and_treating_practitioners_and_other_technical_occupations": 0.05069744466852615, "occupation_health_technologists_and_technicians": 0.022171430312964972, "occupation_business_and_financial_operations_occupations": 0.054907553322058336, "occupation_management_occupations": 0.10455299664387385, "occupation_construction_and_extraction_occupations": 0.03975866073129271, "occupation_farming,_fishing,_and_forestry_occupations": 0.005814412453955946, "occupation_installation,_maintenance,_and_repair_occupations": 0.034313706437185516, "occupation_material_moving_occupations": 0.027506403844339538, "occupation_transportation_occupations": 0.03001685370331973, "occupation_office_and_administrative_support_occupations": 0.11880520411003642, "occupation_sales_and_related_occupations": 0.10126480968227523, "occupation_building_and_grounds_cleaning_and_maintenance_occupations": 0.03041747914950432, "occupation_food_preparation_and_serving_related_occupations": 0.053111385611399844, "occupation_healthcare_support_occupations": 0.032198542073134544, "occupation_personal_care_and_service_occupations": 0.027460800719927392, "occupation_firefighting_and_prevention,_and_other_protective_service_workers_including_supervisors": 0.014834794985874783, "occupation_law_enforcement_workers_including_supervisors": 0.021395004533572706, "2020 Presidential Election-margin": 0.0006942307727459156, "2016 Presidential Election-margin": -0.05287212668471794, "2016-2020 Swing-margin": 0.05356635745746385, "park_percent_1km_v2": 0.013429616073976268, "mean_dist_Hospital_updated": 7.899036406285541, "mean_dist_Active Superfund Site_updated": 34.08626372334882, "mean_dist_Airport_updated": 33.53508706927657, "mean_dist_Public School_updated": 1.8361506231599178, "mean_high_temp_4": 80.42606839221767, "mean_high_temp_winter_4": 65.51446139165061, "mean_high_temp_spring_4": 85.7808977737863, "mean_high_temp_summer_4": 94.62695896049726, "mean_high_temp_fall_4": 75.01354602583042, "mean_high_heat_index_4": 78.83608692515698, "days_above_90_4": 0.3113384852788503, "days_below_40_4": 0.000657827291146753, "wind_speed_over_10mph_4": 0.029862427436956798, "snowfall_4": 0.005253034561057639, "rainfall_4": 0.2599879519995714, "hours_sunny_4": 8.542587225497963, "internet_no_access": 0.07708551235020125, "insurance_coverage_none": 0.09501519233933889, "insurance_coverage_govt": 0.20193954940274672, "insurance_coverage_private": 0.7030452582579143, "marriage_divorced": 0.12663684434125713}