{"population": 794611.0, "ad_1": 986.6349189087686, "population_change_2010": 0.0805520992690804, "ad_1_change_2010": 0.011206059354140867, "population_change_2000": 0.2845851911008222, "ad_1_change_2000": -0.016353601121987908, "gpw_population": NaN, "gpw_pw_density_4": NaN, "white": 0.6313869302086178, "hispanic": 0.24737513072434184, "black": 0.0332426810099533, "asian": 0.02959309649627302, "homogeneity_250_2020": 0.5267790197649442, "homogeneity_250_diff_2010": -0.0556838207727981, "homogeneity_250_diff_2000": -0.11226001996807988, "citizenship_citizen_by_birth": 0.911230797155443, "citizenship_citizen_by_naturalization": 0.05157347001162451, "citizenship_not_citizen": 0.03719573283293254, "birthplace_non_us": 0.08876920284455705, "birthplace_us_not_state": 0.5439710726390864, "birthplace_us_state": 0.3672597245163565, "language_english_only": 0.8237464004917343, "language_spanish": 0.13071810921930208, "education_high_school": 0.9295255440734681, "education_ugrad": 0.36109817015690904, "education_grad": 0.15550234845273223, "education_field_stem": 0.1717941727397217, "education_field_humanities": 0.12705436264272588, "education_field_business": 0.062249634774463776, "generation_silent": 0.10478239857202751, "generation_boomer": 0.26596913979719794, "generation_genx": 0.16277062690083444, "generation_millenial": 0.18269044190019113, "generation_genz": 0.17688191711771087, "generation_genalpha": 0.10690547571203823, "poverty_below_line": 0.1054788126243394, "household_income_under_50k": 0.375716950350229, "household_income_over_100k": 0.30639162201844844, "individual_income_under_50k": 0.6522307476538451, "individual_income_over_100k": 0.11390288212444538, "housing_per_pop": 0.5827649221554276, "vacancy": 0.10313097642018441, "rent_or_own_rent": 0.3188482344040153, "rent_burden_under_20": 0.2857446915552402, "rent_burden_over_40": 0.32311619840150707, "rent_1br_under_750": 0.3861501955370677, "rent_1br_over_1500": 0.06045553249903182, "rent_2br_under_750": 0.15418377054275925, "rent_2br_over_1500": 0.08642141314331099, "year_built_1969_or_earlier": 0.14552444671964468, "year_built_2010_or_later": 0.0800275370960306, "transportation_means_car": 0.8490982693477248, "transportation_means_bike": 0.01101546992318691, "transportation_means_walk": 0.014088218236334788, "transportation_means_transit": 0.009954257338413165, "transportation_means_worked_at_home": 0.10587421545713459, "transportation_commute_time_under_15": 0.2607698085266136, "transportation_commute_time_over_60": 0.05160846174812156, "vehicle_ownership_at_least_1": 0.9449083084129544, "traffic_fatalities_last_decade_per_capita": 0.00011955535475849189, "traffic_fatalities_ped_last_decade_per_capita": 2.303013675874107e-05, "GHLTH_cdc_2": 0.15774568294793853, "ARTHRITIS_cdc_2": 0.27065670320247553, "CASTHMA_cdc_2": 0.10264884360937447, "BPHIGH_cdc_2": 0.31547621851346974, "CANCER_cdc_2": 0.07902068166597936, "KIDNEY_cdc_2": 0.03413577481432463, "COPD_cdc_2": 0.06614652142763569, "CHD_cdc_2": 0.06235749728868, "DIABETES_cdc_2": 0.09646032761487493, "OBESITY_cdc_2": 0.3169905092628203, "STROKE_cdc_2": 0.03213207632234673, "DISABILITY_cdc_2": 0.28173335980877084, "HEARING_cdc_2": 0.07313324348463313, "VISION_cdc_2": 0.04857799759740579, "COGNITION_cdc_2": 0.12702901843231929, "MOBILITY_cdc_2": 0.13071356669853804, "SELFCARE_cdc_2": 0.036786224426384934, "INDEPLIVE_cdc_2": 0.07258670615513378, "BINGE_cdc_2": 0.1627570331626205, "CSMOKING_cdc_2": 0.14588508988728308, "LPA_cdc_2": 0.2224976591517254, "SLEEP_cdc_2": 0.3277889309167819, "heating_utility_gas": 0.5158208667515215, "heating_electricity": 0.4275476556785001, "industry_agriculture,_forestry,_fishing_and_hunting": 0.009451031021839893, "industry_mining,_quarrying,_and_oil_and_gas_extraction": 0.013147000608411018, "industry_accommodation_and_food_services": 0.07049659011349403, "industry_arts,_entertainment,_and_recreation": 0.02100270366684317, "industry_construction": 0.0524577562139932, "industry_educational_services": 0.10485151898774234, "industry_health_care_and_social_assistance": 0.14851771408604522, "industry_finance_and_insurance": 0.03822150289151025, "industry_real_estate_and_rental_and_leasing": 0.02448650734728501, "industry_information": 0.015369744864781432, "industry_manufacturing": 0.07073920083389923, "industry_other_services,_except_public_administration": 0.04820380054931837, "industry_administrative_and_support_and_waste_management_services": 0.04762938089465205, "industry_management_of_companies_and_enterprises": 0.0010553518963800567, "industry_professional,_scientific,_and_technical_services": 0.07926018753054717, "industry_public_administration": 0.07361266053480954, "industry_retail_trade": 0.11634508325369078, "industry_transportation_and_warehousing": 0.03832495413125252, "industry_utilities": 0.009997345540458905, "industry_wholesale_trade": 0.016829965033045662, "occupation_architecture_and_engineering_occupations": 0.03350945894174437, "occupation_computer_and_mathematical_occupations": 0.036107343448155006, "occupation_life,_physical,_and_social_science_occupations": 0.014173425382175416, "occupation_arts,_design,_entertainment,_sports,_and_media_occupations": 0.017606990899764308, "occupation_community_and_social_service_occupations": 0.01880211811994524, "occupation_educational_instruction,_and_library_occupations": 0.07119348327227593, "occupation_legal_occupations": 0.009746128980821785, "occupation_health_diagnosing_and_treating_practitioners_and_other_technical_occupations": 0.05069744466852596, "occupation_health_technologists_and_technicians": 0.02217143031296503, "occupation_business_and_financial_operations_occupations": 0.05490755332205851, "occupation_management_occupations": 0.1045529966438738, "occupation_construction_and_extraction_occupations": 0.03975866073129261, "occupation_farming,_fishing,_and_forestry_occupations": 0.005814412453955944, "occupation_installation,_maintenance,_and_repair_occupations": 0.03431370643718538, "occupation_material_moving_occupations": 0.027506403844339496, "occupation_transportation_occupations": 0.03001685370331999, "occupation_office_and_administrative_support_occupations": 0.11880520411003623, "occupation_sales_and_related_occupations": 0.10126480968227512, "occupation_building_and_grounds_cleaning_and_maintenance_occupations": 0.030417479149504132, "occupation_food_preparation_and_serving_related_occupations": 0.053111385611399574, "occupation_healthcare_support_occupations": 0.03219854207313465, "occupation_personal_care_and_service_occupations": 0.027460800719927608, "occupation_firefighting_and_prevention,_and_other_protective_service_workers_including_supervisors": 0.01483479498587485, "occupation_law_enforcement_workers_including_supervisors": 0.021395004533572716, "sors_cohabiting_partnered_gay": 0.008157734387458102, "2020 Presidential Election-margin": 0.0006942307727433749, "2016 Presidential Election-margin": -0.0528721266847216, "2016-2020 Swing-margin": 0.05356635745746497, "park_percent_1km_v2": 0.013429616073976268, "mean_dist_Hospital_updated": 7.899036406285541, "mean_dist_Active Superfund Site_updated": 34.08626372334882, "mean_dist_Airport_updated": 33.53508706927657, "mean_dist_Public School_updated": 1.8361506231599178, "lapop1share_usda_fra_1": 0.5174533328471418, "mean_high_temp_4": 80.42606839221767, "mean_high_temp_winter_4": 65.51446139165061, "mean_high_temp_spring_4": 85.7808977737863, "mean_high_temp_summer_4": 94.62695896049726, "mean_high_temp_fall_4": 75.01354602583042, "mean_high_heat_index_4": 78.83608692515698, "days_above_90_4": 0.3113384852788503, "days_below_40_4": 0.000657827291146753, "wind_speed_over_10mph_4": 0.029862427436956798, "snowfall_4": 0.005253034561057639, "rainfall_4": 0.2599879519995714, "hours_sunny_4": 8.542587225497963, "internet_no_access": 0.07708551235020156, "insurance_coverage_none": 0.09501519233933894, "insurance_coverage_govt": 0.20193954940274692,