{"population": 275502.0, "ad_1": 3117.864662390272, "population_change_2010": 0.12945835588134008, "ad_1_change_2010": 0.0654742745248587, "population_change_2000": 0.5877613591830149, "ad_1_change_2000": 0.11895269977445162, "gpw_population": NaN, "gpw_pw_density_4": NaN, "white": 0.1587139113327671, "hispanic": 0.5977960232593593, "black": 0.046108558195584785, "asian": 0.14826752618855762, "homogeneity_250_2020": 0.45906781945845815, "homogeneity_250_diff_2010": 0.00761655026453939, "homogeneity_250_diff_2000": 0.04349215229125086, "citizenship_citizen_by_birth": 0.7022335585730922, "citizenship_citizen_by_naturalization": 0.17768948142172905, "citizenship_not_citizen": 0.12007696000517877, "birthplace_non_us": 0.2977664414269077, "birthplace_us_not_state": 0.16752515213789526, "birthplace_us_state": 0.534708406435197, "language_english_only": 0.4311379031527534, "language_spanish": 0.46835128036440404, "education_high_school": 0.8467350439682451, "education_ugrad": 0.2924332606852675, "education_grad": 0.0950173287863751, "education_field_stem": 0.1433754297579712, "education_field_humanities": 0.0838898615900042, "education_field_business": 0.06516796933729158, "generation_silent": 0.04918103231106256, "generation_boomer": 0.19068682183090646, "generation_genx": 0.2064817254505777, "generation_millenial": 0.21649269544929883, "generation_genz": 0.20835224187299323, "generation_genalpha": 0.12880548308516132, "poverty_below_line": 0.09139177119510554, "household_income_under_50k": 0.272239943289331, "household_income_over_100k": 0.46097512495879633, "individual_income_under_50k": 0.6174026024201932, "individual_income_over_100k": 0.13106644233575118, "housing_per_pop": 0.4198311728914649, "vacancy": 0.030990433636936474, "rent_or_own_rent": 0.4038966131255811, "rent_burden_under_20": 0.18544150864214817, "rent_burden_over_40": 0.4168328543974111, "rent_1br_under_750": 0.09440682655922773, "rent_1br_over_1500": 0.34365090606483073, "rent_2br_under_750": 0.02491987936753937, "rent_2br_over_1500": 0.7549543018756416, "year_built_1969_or_earlier": 0.30117321531143365, "year_built_2010_or_later": 0.06715858623963002, "transportation_means_car": 0.854746472314715, "transportation_means_bike": 0.004651027534544427, "transportation_means_walk": 0.01400331076462933, "transportation_means_transit": 0.026232409873830353, "transportation_means_worked_at_home": 0.08676234400475341, "transportation_commute_time_under_15": 0.16991040027734478, "transportation_commute_time_over_60": 0.08989227956286718, "vehicle_ownership_at_least_1": 0.9559837552337653, "GHLTH_cdc_2": 0.17109348957592627, "ARTHRITIS_cdc_2": 0.18291404761227564, "CASTHMA_cdc_2": 0.09261320287835252, "BPHIGH_cdc_2": 0.2378421229272734, "CANCER_cdc_2": 0.04862580847009299, "KIDNEY_cdc_2": 0.028001097869677787, "COPD_cdc_2": 0.04414768338121107, "CHD_cdc_2": 0.044481731562331185, "DIABETES_cdc_2": 0.10778024972268835, "OBESITY_cdc_2": 0.24992279643903406, "STROKE_cdc_2": 0.025482545009812542, "DISABILITY_cdc_2": 0.2560853721664444, "HEARING_cdc_2": 0.05384004664524017, "VISION_cdc_2": 0.0555249296055063, "COGNITION_cdc_2": 0.13062079126255002, "MOBILITY_cdc_2": 0.11382644557581294, "SELFCARE_cdc_2": 0.03666232828009906, "INDEPLIVE_cdc_2": 0.07033463409084456, "BINGE_cdc_2": 0.17850488921755459, "CSMOKING_cdc_2": 0.1060778463551294, "LPA_cdc_2": 0.20237743963138902, "SLEEP_cdc_2": 0.34439553457151734, "heating_utility_gas": 0.6916859935482371, "heating_electricity": 0.2576396047870847, "industry_agriculture,_forestry,_fishing_and_hunting": 0.003163796532834763, "industry_mining,_quarrying,_and_oil_and_gas_extraction": 7.139254468642817e-05, "industry_accommodation_and_food_services": 0.07976384105160401, "industry_arts,_entertainment,_and_recreation": 0.01645309530066716, "industry_construction": 0.06866302883303865, "industry_educational_services": 0.0777777951770702, "industry_health_care_and_social_assistance": 0.15562693450256432, "industry_finance_and_insurance": 0.036925942885916246, "industry_real_estate_and_rental_and_leasing": 0.0236641138940298, "industry_information": 0.015538647166601497, "industry_manufacturing": 0.0822458719229698, "industry_other_services,_except_public_administration": 0.04534612514463249, "industry_administrative_and_support_and_waste_management_services": 0.043335413375549935, "industry_management_of_companies_and_enterprises": 0.001003387265313504, "industry_professional,_scientific,_and_technical_services": 0.070791827932916, "industry_public_administration": 0.08510500431897457, "industry_retail_trade": 0.10967168863077657, "industry_transportation_and_warehousing": 0.05575783070903482, "industry_utilities": 0.006768616843105508, "industry_wholesale_trade": 0.022325645967713855, "occupation_architecture_and_engineering_occupations": 0.02700112792534369, "occupation_computer_and_mathematical_occupations": 0.02699263671451368, "occupation_life,_physical,_and_social_science_occupations": 0.01191836329729956, "occupation_arts,_design,_entertainment,_sports,_and_media_occupations": 0.01570480320537902, "occupation_community_and_social_service_occupations": 0.02040432094374461, "occupation_educational_instruction,_and_library_occupations": 0.04639007896275107, "occupation_legal_occupations": 0.009199932183867287, "occupation_health_diagnosing_and_treating_practitioners_and_other_technical_occupations": 0.042135590555816345, "occupation_health_technologists_and_technicians": 0.02219015630838215, "occupation_business_and_financial_operations_occupations": 0.06330816142201662, "occupation_management_occupations": 0.09273306811937812, "occupation_construction_and_extraction_occupations": 0.05153089872179172, "occupation_farming,_fishing,_and_forestry_occupations": 0.0022599418938303146, "occupation_installation,_maintenance,_and_repair_occupations": 0.02945428630483803, "occupation_material_moving_occupations": 0.02487144456658102, "occupation_transportation_occupations": 0.03383466528845643, "occupation_office_and_administrative_support_occupations": 0.12462503989862457, "occupation_sales_and_related_occupations": 0.10622429585443638, "occupation_building_and_grounds_cleaning_and_maintenance_occupations": 0.04126386384302113, "occupation_food_preparation_and_serving_related_occupations": 0.05677325694147383, "occupation_healthcare_support_occupations": 0.0421334803913165, "occupation_personal_care_and_service_occupations": 0.02437163914575976, "occupation_firefighting_and_prevention,_and_other_protective_service_workers_including_supervisors": 0.014184229732347436, "occupation_law_enforcement_workers_including_supervisors": 0.023273412874470968, "sors_cohabiting_partnered_gay": 0.006027539962908384, "2020 Presidential Election-margin": 0.3115329076123223, "2016 Presidential Election-margin": 0.37451210774400995, "2016-2020 Swing-margin": -0.06297920013168767, "park_percent_1km_v2": 0.01871995427128479, "mean_dist_Hospital_updated": 3.1399788597046423, "mean_dist_Active Superfund Site_updated": 81.15562706630377, "mean_dist_Airport_updated": 10.965410456788481, "mean_dist_Public School_updated": 0.5719081265419588, "lapop1share_usda_fra_1": 0.8693877652936766, "mean_high_temp_4": 68.56865212512837, "mean_high_temp_winter_4": 62.626147581585386, "mean_high_temp_spring_4": 66.70533206366984, "mean_high_temp_summer_4": 75.60458972056647, "mean_high_temp_fall_4": 69.09108689896415, "mean_high_heat_index_4": 68.24834762930108, "days_above_90_4": 0.007824643743169102, "days_below_40_4": 0.0, "wind_speed_over_10mph_4": 0.03988352113401958, "snowfall_4": 1.5836961054240274e-06, "rainfall_4": 0.34212636123649215, "hours_sunny_4": 7.368646947957619, "internet_no_access": 0.062067426954165415, "insurance_coverage_none": 0.10079782074085215, "insurance_coverage_govt": 0.19146321891225376, "insurance_coverage_private": 0.7077389603468941, "marriage_divorced": 0.08217086442449714}