{"population": 1290188.0, "ad_1": 1739.644386414885, "population_change_2010": 0.25998244094326706, "ad_1_change_2010": 0.07938774050939773, "population_change_2000": 0.5891421976481659, "ad_1_change_2000": 0.0475168305580032, "gpw_population": NaN, "gpw_pw_density_4": NaN, "white": 0.47498814126313377, "hispanic": 0.326394292924752, "black": 0.07461703255649564, "asian": 0.07724455660725414, "homogeneity_250_2020": 0.4693211344582366, "homogeneity_250_diff_2010": -0.06520753266666374, "homogeneity_250_diff_2000": -0.09275399414095215, "citizenship_citizen_by_birth": 0.8258361959149547, "citizenship_citizen_by_naturalization": 0.06655571287156067, "citizenship_not_citizen": 0.10760809121348455, "birthplace_non_us": 0.17416380408504561, "birthplace_us_not_state": 0.3147575120583372, "birthplace_us_state": 0.5110786838566173, "language_english_only": 0.6998433515880046, "language_spanish": 0.2173486228448268, "education_high_school": 0.9087921653010138, "education_ugrad": 0.5132220486774638, "education_grad": 0.1914126273326367, "education_field_stem": 0.23689669570288763, "education_field_humanities": 0.1750038108661596, "education_field_business": 0.1013215421084139, "generation_silent": 0.03393529711033707, "generation_boomer": 0.1707318612236203, "generation_genx": 0.20599466001995614, "generation_millenial": 0.28475818251373447, "generation_genz": 0.18715565213618984, "generation_genalpha": 0.11742434699616226, "poverty_below_line": 0.11227557202867829, "household_income_under_50k": 0.28448914584415325, "household_income_over_100k": 0.42654508611955283, "individual_income_under_50k": 0.5437783226427912, "individual_income_over_100k": 0.18483219860329694, "housing_per_pop": 0.553325659868764, "vacancy": 0.07378255844963996, "rent_or_own_rent": 0.4669280298389629, "rent_burden_under_20": 0.26159048950083696, "rent_burden_over_40": 0.3066626982072916, "rent_1br_under_750": 0.05168087739415762, "rent_1br_over_1500": 0.2505818640084468, "rent_2br_under_750": 0.03696240565644044, "rent_2br_over_1500": 0.5183798542965788, "year_built_1969_or_earlier": 0.14268521918709723, "year_built_2010_or_later": 0.1994298990325014, "transportation_means_car": 0.7520283401039101, "transportation_means_bike": 0.009960396376183421, "transportation_means_walk": 0.02209502603414184, "transportation_means_transit": 0.021593606762644543, "transportation_means_worked_at_home": 0.18600105383033325, "transportation_commute_time_under_15": 0.20573014547226287, "transportation_commute_time_over_60": 0.06063374399665873, "vehicle_ownership_at_least_1": 0.9468892142964096, "GHLTH_cdc_2": 0.14020948044813158, "ARTHRITIS_cdc_2": 0.16672431891930795, "CASTHMA_cdc_2": 0.08768023993140406, "BPHIGH_cdc_2": 0.23155043796594899, "CANCER_cdc_2": 0.04660595515598376, "KIDNEY_cdc_2": 0.021984988242180398, "COPD_cdc_2": 0.04226568051590649, "CHD_cdc_2": 0.03597083264874422, "DIABETES_cdc_2": 0.07632795460146652, "OBESITY_cdc_2": 0.282170510207224, "STROKE_cdc_2": 0.019804039760941455, "DISABILITY_cdc_2": 0.23081958549834744, "HEARING_cdc_2": 0.04598270342568476, "VISION_cdc_2": 0.044065223809328376, "COGNITION_cdc_2": 0.12523663895791795, "MOBILITY_cdc_2": 0.0871812103366125, "SELFCARE_cdc_2": 0.029479396859789318, "INDEPLIVE_cdc_2": 0.06618868733441517, "BINGE_cdc_2": 0.2154984981824154, "CSMOKING_cdc_2": 0.11428238919923636, "LPA_cdc_2": 0.1840998862726164, "SLEEP_cdc_2": 0.3020596529646138, "heating_utility_gas": 0.4059432896366779, "heating_electricity": 0.5566685529931333, "industry_agriculture,_forestry,_fishing_and_hunting": 0.0020369466713140425, "industry_mining,_quarrying,_and_oil_and_gas_extraction": 0.003885674451028219, "industry_accommodation_and_food_services": 0.07206552805855705, "industry_arts,_entertainment,_and_recreation": 0.020936911815963688, "industry_construction": 0.06787591495294483, "industry_educational_services": 0.10045451376786385, "industry_health_care_and_social_assistance": 0.09708748692924371, "industry_finance_and_insurance": 0.04480446148483804, "industry_real_estate_and_rental_and_leasing": 0.027247124433600552, "industry_information": 0.03611153712094802, "industry_manufacturing": 0.0748888114325552, "industry_other_services,_except_public_administration": 0.0462767514813521, "industry_administrative_and_support_and_waste_management_services": 0.042007668177065055, "industry_management_of_companies_and_enterprises": 0.001484837922621118, "industry_professional,_scientific,_and_technical_services": 0.1539449285465322, "industry_public_administration": 0.05757964447542692, "industry_retail_trade": 0.09116207737887758, "industry_transportation_and_warehousing": 0.03333705123736489, "industry_utilities": 0.006750784245381645, "industry_wholesale_trade": 0.0200613454165214, "occupation_architecture_and_engineering_occupations": 0.035309864064133806, "occupation_computer_and_mathematical_occupations": 0.07110212617636791, "occupation_life,_physical,_and_social_science_occupations": 0.012678982223771387, "occupation_arts,_design,_entertainment,_sports,_and_media_occupations": 0.03980341582432901, "occupation_community_and_social_service_occupations": 0.015549668874172145, "occupation_educational_instruction,_and_library_occupations": 0.06326943185779012, "occupation_legal_occupations": 0.018639247124433708, "occupation_health_diagnosing_and_treating_practitioners_and_other_technical_occupations": 0.03514395259672369, "occupation_health_technologists_and_technicians": 0.012334611362844222, "occupation_business_and_financial_operations_occupations": 0.08325548971767192, "occupation_management_occupations": 0.14178180550714492, "occupation_construction_and_extraction_occupations": 0.04603276402927841, "occupation_farming,_fishing,_and_forestry_occupations": 0.0010456605088881145, "occupation_installation,_maintenance,_and_repair_occupations": 0.01837155803415823, "occupation_material_moving_occupations": 0.019942837225514095, "occupation_transportation_occupations": 0.028423841059602713, "occupation_office_and_administrative_support_occupations": 0.09573649355176007, "occupation_sales_and_related_occupations": 0.10094945974207051, "occupation_building_and_grounds_cleaning_and_maintenance_occupations": 0.03100453119553858, "occupation_food_preparation_and_serving_related_occupations": 0.05061554548623211, "occupation_healthcare_support_occupations": 0.016672011153712106, "occupation_personal_care_and_service_occupations": 0.023776925758103824, "occupation_firefighting_and_prevention,_and_other_protective_service_workers_including_supervisors": 0.008313698152666412, "occupation_law_enforcement_workers_including_supervisors": 0.0043792262112234285, "sors_cohabiting_partnered_gay": 0.013585792655752594, "2020 Presidential Election-margin": 0.4497292342622529, "2016 Presidential Election-margin": 0.38619603444634215, "2016-2020 Swing-margin": 0.06353319981591077, "park_percent_1km_v2": 0.042462148664067556, "mean_dist_Hospital_updated": 4.590662560903764, "mean_dist_Active Superfund Site_updated": 87.65370895613755, "mean_dist_Airport_updated": 19.551219048900226, "mean_dist_Public School_updated": 1.1404626659976986, "lapop1share_usda_fra_1": 0.6515893017856453, "mean_high_temp_4": 79.4551602219015, "mean_high_temp_winter_4": 65.44757743329026, "mean_high_temp_spring_4": 83.51721163324747, "mean_high_temp_summer_4": 93.78589199059722, "mean_high_temp_fall_4": 74.32645890936816, "mean_high_heat_index_4": 82.63506780442808, "days_above_90_4": 0.26824866796409774, "days_below_40_4": 0.005428805767528709, "wind_speed_over_10mph_4": 0.22910829323597265, "snowfall_4": 0.0015661915795894333, "rainfall_4": 0.886077957160035, "hours_sunny_4": 5.89614784386545, "internet_no_access": 0.05663452133007416, "insurance_coverage_none": 0.14970916708084556, "insurance_coverage_govt": 0.0723360362752509, "insurance_coverage_private": 0.7779547966439037, "marriage_divorced": 0.10411966867255572}