{"population": 724822.0, "ad_1": 11183.018976350251, "population_change_2010": 0.1427729060047362, "ad_1_change_2010": 0.10157249375418302, "population_change_2000": 0.1902327681760335, "ad_1_change_2000": 0.12227770180377064, "gpw_population": NaN, "gpw_pw_density_4": NaN, "white": 0.28493064504112736, "hispanic": 0.4042371782313451, "black": 0.0984848693886223, "asian": 0.17027490887417876, "homogeneity_250_2020": 0.44431482331797695, "homogeneity_250_diff_2010": -0.04388649439374559, "homogeneity_250_diff_2000": -0.04577922030376752, "citizenship_citizen_by_birth": 0.570666963551742, "citizenship_citizen_by_naturalization": 0.21589827465494962, "citizenship_not_citizen": 0.21343476179330836, "birthplace_non_us": 0.42933303644825727, "birthplace_us_not_state": 0.21764107946791927, "birthplace_us_state": 0.35302588408382346, "language_english_only": 0.4161617198924819, "language_spanish": 0.3624290098093098, "education_high_school": 0.870558307495958, "education_ugrad": 0.4472776950123306, "education_grad": 0.1800409204196054, "education_field_stem": 0.21133666793384534, "education_field_humanities": 0.12664605180739213, "education_field_business": 0.10929497527109343, "generation_silent": 0.04947157940855693, "generation_boomer": 0.17812587809291558, "generation_genx": 0.19449204608413478, "generation_millenial": 0.29520679349698475, "generation_genz": 0.15765475899254702, "generation_genalpha": 0.12504894392486104, "poverty_below_line": 0.14375712168319396, "household_income_under_50k": 0.3363258864876036, "household_income_over_100k": 0.4115099729264531, "individual_income_under_50k": 0.563742259468833, "individual_income_over_100k": 0.19161906119512337, "housing_per_pop": 0.5366207334443053, "vacancy": 0.0745047249004653, "rent_or_own_rent": 0.6771408426223493, "rent_burden_under_20": 0.2991187347207847, "rent_burden_over_40": 0.30417137065491073, "rent_1br_under_750": 0.15499772460634537, "rent_1br_over_1500": 0.43379452398369484, "rent_2br_under_750": 0.07893666533092554, "rent_2br_over_1500": 0.5339075923096124, "year_built_1969_or_earlier": 0.5802807568715433, "year_built_2010_or_later": 0.08716296624998304, "transportation_means_car": 0.42912807095262134, "transportation_means_bike": 0.006327795813474381, "transportation_means_walk": 0.06885844983991682, "transportation_means_transit": 0.3626443108579025, "transportation_means_worked_at_home": 0.12162568684556022, "transportation_commute_time_under_15": 0.12214740255124595, "transportation_commute_time_over_60": 0.1817819850241459, "vehicle_ownership_at_least_1": 0.6762428284868898, "GHLTH_cdc_2": 0.17166318494784347, "ARTHRITIS_cdc_2": 0.1642974156436842, "CASTHMA_cdc_2": 0.09428701620340928, "BPHIGH_cdc_2": 0.2511652898804228, "CANCER_cdc_2": 0.04653947891489631, "KIDNEY_cdc_2": 0.02669397977356573, "COPD_cdc_2": 0.046528467275155895, "CHD_cdc_2": 0.04555315004452367, "DIABETES_cdc_2": 0.10349345264597372, "OBESITY_cdc_2": 0.25626424158822064, "STROKE_cdc_2": 0.025033945267777673, "DISABILITY_cdc_2": 0.24469755955031136, "HEARING_cdc_2": 0.04735753641394225, "VISION_cdc_2": 0.05989404973921898, "COGNITION_cdc_2": 0.12046445466543719, "MOBILITY_cdc_2": 0.11732715899694682, "SELFCARE_cdc_2": 0.03749763070856116, "INDEPLIVE_cdc_2": 0.07114925740999861, "BINGE_cdc_2": 0.1636253259763394, "CSMOKING_cdc_2": 0.12932830587711483, "LPA_cdc_2": 0.27004800995420425, "SLEEP_cdc_2": 0.34782790238201333, "heating_utility_gas": 0.6756942064757459, "heating_electricity": 0.23908542215089865, "industry_agriculture,_forestry,_fishing_and_hunting": 0.0010087229453363763, "industry_mining,_quarrying,_and_oil_and_gas_extraction": 0.00019650446987072267, "industry_accommodation_and_food_services": 0.06384220567824911, "industry_arts,_entertainment,_and_recreation": 0.01895796470017779, "industry_construction": 0.052194168018793174, "industry_educational_services": 0.07896369148340586, "industry_health_care_and_social_assistance": 0.10955816486738026, "industry_finance_and_insurance": 0.10167279675893222, "industry_real_estate_and_rental_and_leasing": 0.022425200682787128, "industry_information": 0.03562917919459573, "industry_manufacturing": 0.0685119384353271, "industry_other_services,_except_public_administration": 0.04186069220166042, "industry_administrative_and_support_and_waste_management_services": 0.04715785164737065, "industry_management_of_companies_and_enterprises": 0.001907403387545149, "industry_professional,_scientific,_and_technical_services": 0.12608119528310324, "industry_public_administration": 0.031901619155631354, "industry_retail_trade": 0.09236945203918401, "industry_transportation_and_warehousing": 0.07354451110008041, "industry_utilities": 0.00335217808969935, "industry_wholesale_trade": 0.02886455986086989, "occupation_architecture_and_engineering_occupations": 0.017669045197435312, "occupation_computer_and_mathematical_occupations": 0.0666871409431489, "occupation_life,_physical,_and_social_science_occupations": 0.009623478904468873, "occupation_arts,_design,_entertainment,_sports,_and_media_occupations": 0.03118069254574617, "occupation_community_and_social_service_occupations": 0.01223305826435204, "occupation_educational_instruction,_and_library_occupations": 0.05402072410781522, "occupation_legal_occupations": 0.01798670914216681, "occupation_health_diagnosing_and_treating_practitioners_and_other_technical_occupations": 0.029161263328815266, "occupation_health_technologists_and_technicians": 0.0122304382047538, "occupation_business_and_financial_operations_occupations": 0.09067172832930558, "occupation_management_occupations": 0.1174527022926389, "occupation_construction_and_extraction_occupations": 0.041517986979352495, "occupation_farming,_fishing,_and_forestry_occupations": 0.0005502125156380239, "occupation_installation,_maintenance,_and_repair_occupations": 0.01948021623942228, "occupation_material_moving_occupations": 0.04014455316478949, "occupation_transportation_occupations": 0.05001375584796112, "occupation_office_and_administrative_support_occupations": 0.10365576808733508, "occupation_sales_and_related_occupations": 0.08848132105024419, "occupation_building_and_grounds_cleaning_and_maintenance_occupations": 0.0374654646403972, "occupation_food_preparation_and_serving_related_occupations": 0.04378490035539693, "occupation_healthcare_support_occupations": 0.029934180910306755, "occupation_personal_care_and_service_occupations": 0.026019811870481975, "occupation_firefighting_and_prevention,_and_other_protective_service_workers_including_supervisors": 0.015297329437459902, "occupation_law_enforcement_workers_including_supervisors": 0.005947535288087208, "sors_cohabiting_partnered_gay": 0.008636777868886059, "2020 Presidential Election-margin": 0.4632939763858289, "2016 Presidential Election-margin": 0.5236421652421636, "2016-2020 Swing-margin": -0.06034818885633464, "park_percent_1km_v2": 0.04219149682954111, "mean_dist_Hospital_updated": 1.6850377945619555, "mean_dist_Active Superfund Site_updated": 3.5205262408568245, "mean_dist_Airport_updated": 10.186532185780646, "mean_dist_Public School_updated": 0.3427842898144755, "lapop1share_usda_fra_1": 0.9931968696461304, "mean_high_temp_4": 61.45565300709356, "mean_high_temp_winter_4": 41.384656926093704, "mean_high_temp_spring_4": 65.85561319543417, "mean_high_temp_summer_4": 81.08240381791882, "mean_high_temp_fall_4": 56.529605136977544, "mean_high_heat_index_4": 61.05107479730322, "days_above_90_4": 0.019914504590401866, "days_below_40_4": 0.13542730813142112, "wind_speed_over_10mph_4": 0.15686599684251373, "snowfall_4": 0.10957105564980933, "rainfall_4": 1.0335872974028688, "hours_sunny_4": 4.883044661933593, "internet_no_access": 0.08963903672952223, "insurance_coverage_none": 0.15152721107430114, "insurance_coverage_govt": 0.17070501901924087, "insurance_coverage_private": 0.677767769906458, "marriage_divorced": 0.08550593526543443}