{"population": 516522.0, "ad_1": 1435.3417781018104, "population_change_2010": 0.002441466898521923, "ad_1_change_2010": -0.1439091875233225, "population_change_2000": 0.2781433191708383, "ad_1_change_2000": -0.07118918059132225, "gpw_population": NaN, "gpw_pw_density_4": NaN, "white": 0.546553680191744, "hispanic": 0.3283403223870426, "black": 0.05079938511815566, "asian": 0.04102632608098009, "homogeneity_250_2020": 0.5887329041170213, "homogeneity_250_diff_2010": -0.050361828065101255, "homogeneity_250_diff_2000": -0.09193770811342195, "citizenship_citizen_by_birth": 0.8291095309342754, "citizenship_citizen_by_naturalization": 0.08191297373170224, "citizenship_not_citizen": 0.08897749533402222, "birthplace_non_us": 0.17089046906572455, "birthplace_us_not_state": 0.1758205950856843, "birthplace_us_state": 0.6532889358485912, "language_english_only": 0.6874086980105147, "language_spanish": 0.25729542704162117, "education_high_school": 0.8645437478666518, "education_ugrad": 0.34871430196836983, "education_grad": 0.12516213448629035, "education_field_stem": 0.14121629309364023, "education_field_humanities": 0.12804926612811413, "education_field_business": 0.07944874274661512, "generation_silent": 0.053354105289136367, "generation_boomer": 0.2131079267634313, "generation_genx": 0.20532615569712093, "generation_millenial": 0.1854186268914559, "generation_genz": 0.21492418750289183, "generation_genalpha": 0.1278689978559638, "poverty_below_line": 0.08440592319527658, "household_income_under_50k": 0.2636335049072345, "household_income_over_100k": 0.443813685087414, "individual_income_under_50k": 0.6021257417146396, "individual_income_over_100k": 0.14306175379221456, "housing_per_pop": 0.48472791617585786, "vacancy": 0.04312645580970876, "rent_or_own_rent": 0.24896421222202042, "rent_burden_under_20": 0.26252130665234624, "rent_burden_over_40": 0.33836131412426623, "rent_1br_under_750": 0.22498452651124495, "rent_1br_over_1500": 0.1201774293377348, "rent_2br_under_750": 0.06466643936811015, "rent_2br_over_1500": 0.2819070348903288, "year_built_1969_or_earlier": 0.3416998488171531, "year_built_2010_or_later": 0.05295125950216141, "transportation_means_car": 0.8403895654846526, "transportation_means_bike": 0.002977448230819467, "transportation_means_walk": 0.011921318529332694, "transportation_means_transit": 0.020354220292750465, "transportation_means_worked_at_home": 0.1101156402474154, "transportation_commute_time_under_15": 0.2307795257913548, "transportation_commute_time_over_60": 0.10522475693784884, "vehicle_ownership_at_least_1": 0.9553411341531368, "GHLTH_cdc_2": 0.1573641039789761, "ARTHRITIS_cdc_2": 0.21360060261039962, "CASTHMA_cdc_2": 0.09699588880936652, "BPHIGH_cdc_2": 0.29684023721979613, "CANCER_cdc_2": 0.059619385697973114, "KIDNEY_cdc_2": 0.026251768768063493, "COPD_cdc_2": 0.0550991493523167, "CHD_cdc_2": 0.046628749924878546, "DIABETES_cdc_2": 0.0945507930090644, "OBESITY_cdc_2": 0.362046089042108, "STROKE_cdc_2": 0.025084720575621385, "DISABILITY_cdc_2": 0.3109367696148864, "HEARING_cdc_2": 0.06452001234722997, "VISION_cdc_2": 0.048512685959669566, "COGNITION_cdc_2": 0.14263087244655498, "MOBILITY_cdc_2": 0.13206498412889217, "SELFCARE_cdc_2": 0.03405104159268343, "INDEPLIVE_cdc_2": 0.07476449023967852, "BINGE_cdc_2": 0.1769934029731699, "CSMOKING_cdc_2": 0.1461832279812278, "LPA_cdc_2": 0.28276223932866024, "SLEEP_cdc_2": 0.3038689745789119, "heating_utility_gas": 0.8662330425955659, "heating_electricity": 0.1088363317389647, "industry_agriculture,_forestry,_fishing_and_hunting": 0.0033252800186365956, "industry_mining,_quarrying,_and_oil_and_gas_extraction": 0.0006913576535922422, "industry_accommodation_and_food_services": 0.06923345720157947, "industry_arts,_entertainment,_and_recreation": 0.022829832082752567, "industry_construction": 0.06499889157332692, "industry_educational_services": 0.08341756123587707, "industry_health_care_and_social_assistance": 0.10768646930409595, "industry_finance_and_insurance": 0.059821223928489604, "industry_real_estate_and_rental_and_leasing": 0.016990865812739796, "industry_information": 0.014101441706150493, "industry_manufacturing": 0.15844113878629182, "industry_other_services,_except_public_administration": 0.03917442878452572, "industry_administrative_and_support_and_waste_management_services": 0.05382444775928716, "industry_management_of_companies_and_enterprises": 0.0017246367554284725, "industry_professional,_scientific,_and_technical_services": 0.06810624363593991, "industry_public_administration": 0.027999984970485812, "industry_retail_trade": 0.10766768241133515, "industry_transportation_and_warehousing": 0.05627425857527732, "industry_utilities": 0.005872782676981936, "industry_wholesale_trade": 0.03781801512720608, "occupation_architecture_and_engineering_occupations": 0.020132034282321937, "occupation_computer_and_mathematical_occupations": 0.02767309303645035, "occupation_life,_physical,_and_social_science_occupations": 0.007804075252777627, "occupation_arts,_design,_entertainment,_sports,_and_media_occupations": 0.017020924841156835, "occupation_community_and_social_service_occupations": 0.013462687352288068, "occupation_educational_instruction,_and_library_occupations": 0.05601875683373215, "occupation_legal_occupations": 0.006488992759531543, "occupation_health_diagnosing_and_treating_practitioners_and_other_technical_occupations": 0.03245623593331411, "occupation_health_technologists_and_technicians": 0.013225972503503764, "occupation_business_and_financial_operations_occupations": 0.06562637379153302, "occupation_management_occupations": 0.10691996407946136, "occupation_construction_and_extraction_occupations": 0.047192674614774714, "occupation_farming,_fishing,_and_forestry_occupations": 0.0012962956004854522, "occupation_installation,_maintenance,_and_repair_occupations": 0.02685022713353348, "occupation_material_moving_occupations": 0.051870610912178615, "occupation_transportation_occupations": 0.03848307113093329, "occupation_office_and_administrative_support_occupations": 0.11992800862694108, "occupation_sales_and_related_occupations": 0.11066231311738456, "occupation_building_and_grounds_cleaning_and_maintenance_occupations": 0.041203413202676835, "occupation_food_preparation_and_serving_related_occupations": 0.050529226769067764, "occupation_healthcare_support_occupations": 0.024486836024242647, "occupation_personal_care_and_service_occupations": 0.026549636849362915, "occupation_firefighting_and_prevention,_and_other_protective_service_workers_including_supervisors": 0.013128280661148383, "occupation_law_enforcement_workers_including_supervisors": 0.006500264895187927, "sors_cohabiting_partnered_gay": 0.005791982230722948, "2020 Presidential Election-margin": 0.14401176556845946, "2016 Presidential Election-margin": 0.10481904180041826, "2016-2020 Swing-margin": 0.0391927237680412, "park_percent_1km_v2": 0.039250291680137675, "mean_dist_Hospital_updated": 5.189882284380366, "mean_dist_Active Superfund Site_updated": 12.136558360306655, "mean_dist_Airport_updated": 38.87942139506087, "mean_dist_Public School_updated": 0.989296557366501, "lapop1share_usda_fra_1": 0.6881629799325596, "mean_high_temp_4": 59.12360998926359, "mean_high_temp_winter_4": 35.72494349231218, "mean_high_temp_spring_4": 66.7180008705434, "mean_high_temp_summer_4": 80.57353794203027, "mean_high_temp_fall_4": 52.345675328966976, "mean_high_heat_index_4": 58.43978587232794, "days_above_90_4": 0.01947666265966026, "days_below_40_4": 0.2282044355205052, "wind_speed_over_10mph_4": 0.22504187318607152, "snowfall_4": 0.10559140518095722, "rainfall_4": 0.8722236817704502, "hours_sunny_4": 4.626473822484676, "internet_no_access": 0.0749187644472396, "insurance_coverage_none": 0.11176503787688782, "insurance_coverage_govt": 0.11656235890232293, "insurance_coverage_private": 0.7716726032207892, "marriage_divorced": 0.09168208727539046}