{"population": 3494037.0, "ad_1": 1690.4884988084934, "population_change_2010": 0.11974906862155991, "ad_1_change_2010": 0.11305649339887182, "population_change_2000": 0.2739452872909443, "ad_1_change_2000": 0.2375906373030218, "gpw_population": NaN, "gpw_pw_density_4": NaN, "white": 0.6975192306206259, "hispanic": 0.14334221417804105, "black": 0.022891285925134737, "asian": 0.054749563327463335, "homogeneity_250_2020": 0.5725164798663755, "homogeneity_250_diff_2010": -0.09247732999288638, "homogeneity_250_diff_2000": -0.1588336285434021, "citizenship_citizen_by_birth": 0.88685371407431, "citizenship_citizen_by_naturalization": 0.05681271031915707, "citizenship_not_citizen": 0.05633357560653295, "birthplace_non_us": 0.11314628592569059, "birthplace_us_not_state": 0.43320848400437234, "birthplace_us_state": 0.453645230069937, "language_english_only": 0.827825003482327, "language_spanish": 0.09160509098323982, "education_high_school": 0.9205741007524784, "education_ugrad": 0.3478956084891244, "education_grad": 0.12991447589029742, "education_field_stem": 0.16798511272642563, "education_field_humanities": 0.1230094954049644, "education_field_business": 0.056901000357734446, "generation_silent": 0.06035229989128227, "generation_boomer": 0.22740490550084114, "generation_genx": 0.19669620447057912, "generation_millenial": 0.21868077687446605, "generation_genz": 0.1815916647262281, "generation_genalpha": 0.11527414853660323, "poverty_below_line": 0.10615839368817824, "household_income_under_50k": 0.3212812779816829, "household_income_over_100k": 0.37113698147885926, "individual_income_under_50k": 0.619365517930926, "individual_income_over_100k": 0.12885725972782508, "housing_per_pop": 0.5284405973016635, "vacancy": 0.06828680513238934, "rent_or_own_rent": 0.3677897348076459, "rent_burden_under_20": 0.23888135498770346, "rent_burden_over_40": 0.3377052693464507, "rent_1br_under_750": 0.18822876754551085, "rent_1br_over_1500": 0.22959917785392805, "rent_2br_under_750": 0.07094743852632138, "rent_2br_over_1500": 0.3278023178840356, "year_built_1969_or_earlier": 0.3226710820294218, "year_built_2010_or_later": 0.08446285566543814, "transportation_means_car": 0.7736140989926478, "transportation_means_bike": 0.016112232659304768, "transportation_means_walk": 0.031450202305045416, "transportation_means_transit": 0.039264979315809995, "transportation_means_worked_at_home": 0.1305874141867043, "transportation_commute_time_under_15": 0.2650631533113091, "transportation_commute_time_over_60": 0.07315954209690374, "vehicle_ownership_at_least_1": 0.9286084094016485, "traffic_fatalities_last_decade_per_capita": 9.304423507822041e-05, "traffic_fatalities_ped_last_decade_per_capita": 1.9833791113259535e-05, "GHLTH_cdc_2": 0.1444391402374851, "ARTHRITIS_cdc_2": 0.23484496855083584, "CASTHMA_cdc_2": 0.11079405709602803, "BPHIGH_cdc_2": 0.2792661207654622, "CANCER_cdc_2": 0.06676671536475347, "KIDNEY_cdc_2": 0.02767634507958604, "COPD_cdc_2": 0.06108146193526625, "CHD_cdc_2": 0.05282318513439355, "DIABETES_cdc_2": 0.08722310413939932, "OBESITY_cdc_2": 0.31760610560680613, "STROKE_cdc_2": 0.027400054749575534, "DISABILITY_cdc_2": 0.28399279251637355, "HEARING_cdc_2": 0.06582982741587906, "VISION_cdc_2": 0.04360194402217037, "COGNITION_cdc_2": 0.1400395949779822, "MOBILITY_cdc_2": 0.11986453417015044, "SELFCARE_cdc_2": 0.033947163275868386, "INDEPLIVE_cdc_2": 0.07182122314598137, "BINGE_cdc_2": 0.17980954317767142, "CSMOKING_cdc_2": 0.14036786228415707, "LPA_cdc_2": 0.19415031622701087, "SLEEP_cdc_2": 0.28963164558781396, "heating_utility_gas": 0.4039183347279576, "heating_electricity": 0.5139715218180018, "industry_agriculture,_forestry,_fishing_and_hunting": 0.02143567266244679, "industry_mining,_quarrying,_and_oil_and_gas_extraction": 0.0008016321493895096, "industry_accommodation_and_food_services": 0.06903000793348944, "industry_arts,_entertainment,_and_recreation": 0.01855335187984907, "industry_construction": 0.0705617316247063, "industry_educational_services": 0.07687750904103503, "industry_health_care_and_social_assistance": 0.14488230639089344, "industry_finance_and_insurance": 0.03802443358699488, "industry_real_estate_and_rental_and_leasing": 0.020290620551580645, "industry_information": 0.016114877005419415, "industry_manufacturing": 0.11856005331261886, "industry_other_services,_except_public_administration": 0.04548520814849155, "industry_administrative_and_support_and_waste_management_services": 0.038334703208892956, "industry_management_of_companies_and_enterprises": 0.0020564115750568174, "industry_professional,_scientific,_and_technical_services": 0.08024520427588847, "industry_public_administration": 0.04617129335882693, "industry_retail_trade": 0.11235553758557035, "industry_transportation_and_warehousing": 0.04408102507729008, "industry_utilities": 0.008789893775362125, "industry_wholesale_trade": 0.02734852685619763, "occupation_architecture_and_engineering_occupations": 0.02987721910745034, "occupation_computer_and_mathematical_occupations": 0.03641365392867318, "occupation_life,_physical,_and_social_science_occupations": 0.011159751369898711, "occupation_arts,_design,_entertainment,_sports,_and_media_occupations": 0.02435651416058223, "occupation_community_and_social_service_occupations": 0.019520897481609092, "occupation_educational_instruction,_and_library_occupations": 0.05301066092194245, "occupation_legal_occupations": 0.011744992694957946, "occupation_health_diagnosing_and_treating_practitioners_and_other_technical_occupations": 0.041074515450137135, "occupation_health_technologists_and_technicians": 0.018000179226080264, "occupation_business_and_financial_operations_occupations": 0.05815307283736801, "occupation_management_occupations": 0.11454421875132045, "occupation_construction_and_extraction_occupations": 0.04865194601067962, "occupation_farming,_fishing,_and_forestry_occupations": 0.012402202422101341, "occupation_installation,_maintenance,_and_repair_occupations": 0.026618796494548038, "occupation_material_moving_occupations": 0.03612373145254054, "occupation_transportation_occupations": 0.03602076513884998, "occupation_office_and_administrative_support_occupations": 0.1083354382008901, "occupation_sales_and_related_occupations": 0.09356847454685195, "occupation_building_and_grounds_cleaning_and_maintenance_occupations": 0.029316755343887734, "occupation_food_preparation_and_serving_related_occupations": 0.05623564553380972, "occupation_healthcare_support_occupations": 0.038829856941829284, "occupation_personal_care_and_service_occupations": 0.024213909761486154, "occupation_firefighting_and_prevention,_and_other_protective_service_workers_including_supervisors": 0.010402919948821225, "occupation_law_enforcement_workers_including_supervisors": 0.0060294899522280515, "sors_cohabiting_partnered_gay": 0.009217923015378849, "2020 Presidential Election-margin": 0.19902512364738517, "2016 Presidential Election-margin": 0.1567616291060247, "2016-2020 Swing-margin": 0.04226349454136047, "park_percent_1km_v2": 0.023511573318979902, "mean_dist_Hospital_updated": 6.429689490891755, "mean_dist_Active Superfund Site_updated": 21.617500521228454, "mean_dist_Airport_updated": 36.252642728473425, "mean_dist_Public School_updated": 1.3434685885773705, "lapop1share_usda_fra_1": 0.692016247351239, "mean_high_temp_4": 62.803105186148905, "mean_high_temp_winter_4": 49.06069370979356, "mean_high_temp_spring_4": 64.8128972358557, "mean_high_temp_summer_4": 80.30603372121243, "mean_high_temp_fall_4": 56.17601769549467, "mean_high_heat_index_4": 61.56998587079232, "days_above_90_4": 0.04211586172566693, "days_below_40_4": 0.03549284838672363, "wind_speed_over_10mph_4": 0.04731330902352174, "snowfall_4": 0.04564063794105408, "rainfall_4": 1.38381457101502, "hours_sunny_4": 4.298859493183683, "internet_no_access": 0.06718411562706686, "insurance_coverage_none": 0.08737616281390424, "insurance_coverage_govt": 0.19104819285544344,