{"population": 491718.0, "ad_1": 593.010189642684, "population_change_2010": 0.1775138293541512, "ad_1_change_2010": 0.08058114226263781, "gpw_population": NaN, "gpw_pw_density_4": NaN, "white": 0.6369219756039031, "hispanic": 0.06545011571673195, "black": 0.21202396495552328, "asian": 0.024477444388857027, "citizenship_citizen_by_birth": 0.9484920694083213, "citizenship_citizen_by_naturalization": 0.027753447905171515, "citizenship_not_citizen": 0.02375448268650711, "birthplace_non_us": 0.051507930591678616, "birthplace_us_not_state": 0.40551938791718317, "birthplace_us_state": 0.5429726814911382, "language_english_only": 0.9310297602794967, "language_spanish": 0.03628406474575392, "education_high_school": 0.9116798605365526, "education_ugrad": 0.39319404548114617, "education_grad": 0.15088856887662822, "education_field_stem": 0.1947072226704814, "education_field_humanities": 0.10883546135975457, "education_field_business": 0.08965136145091021, "generation_silent": 0.05987610023309093, "generation_boomer": 0.23091587250981158, "generation_genx": 0.19646525333801748, "generation_millenial": 0.20306338388610518, "generation_genz": 0.19385596146473685, "generation_genalpha": 0.11582342856823806, "poverty_below_line": 0.11026295122983733, "household_income_under_50k": 0.36632409273779165, "household_income_over_100k": 0.3509410327899946, "individual_income_under_50k": 0.6188199770223789, "individual_income_over_100k": 0.14830970318501469, "housing_per_pop": 0.5534170276952094, "vacancy": 0.07226749139728761, "rent_or_own_rent": 0.30513854246785477, "rent_burden_under_20": 0.32521369229885616, "rent_burden_over_40": 0.2771027997914318, "rent_1br_under_750": 0.4692041575654837, "rent_1br_over_1500": 0.029044830314685407, "rent_2br_under_750": 0.30005371486334576, "rent_2br_over_1500": 0.04502066563505221, "year_built_1969_or_earlier": 0.22864911262106305, "year_built_2010_or_later": 0.147947677445829, "transportation_means_car": 0.8941497799296045, "transportation_means_bike": 0.0022317079992361655, "transportation_means_walk": 0.007153470973344402, "transportation_means_transit": 0.002123582611676274, "transportation_means_worked_at_home": 0.085665477388333, "transportation_commute_time_under_15": 0.2312061243019998, "transportation_commute_time_over_60": 0.03118582232105134, "vehicle_ownership_at_least_1": 0.9624436950901463, "GHLTH_cdc_2": 0.16547150910313535, "ARTHRITIS_cdc_2": 0.2707471766768686, "CASTHMA_cdc_2": 0.10030140584837953, "BPHIGH_cdc_2": 0.36276291941352806, "CANCER_cdc_2": 0.06329034194103858, "KIDNEY_cdc_2": 0.028538700108722292, "COPD_cdc_2": 0.06635123899422452, "CHD_cdc_2": 0.055672271416092156, "DIABETES_cdc_2": 0.11072770093199516, "OBESITY_cdc_2": 0.4167462905587572, "STROKE_cdc_2": 0.02946961746092596, "DISABILITY_cdc_2": 0.2916021298257301, "HEARING_cdc_2": 0.05688660516210935, "VISION_cdc_2": 0.048852753564897156, "COGNITION_cdc_2": 0.13818934332991872, "MOBILITY_cdc_2": 0.14001700592630767, "SELFCARE_cdc_2": 0.03794919275268507, "INDEPLIVE_cdc_2": 0.08148205767937607, "BINGE_cdc_2": 0.14257182270096344, "CSMOKING_cdc_2": 0.15724214591411567, "LPA_cdc_2": 0.2758386353781085, "SLEEP_cdc_2": 0.394674203907718, "heating_utility_gas": 0.20256573885982565, "heating_electricity": 0.7458782436177618, "industry_agriculture,_forestry,_fishing_and_hunting": 0.005949170549908953, "industry_mining,_quarrying,_and_oil_and_gas_extraction": 0.001729111440405192, "industry_accommodation_and_food_services": 0.06246141892262087, "industry_arts,_entertainment,_and_recreation": 0.013118135061489886, "industry_construction": 0.06019255665370407, "industry_educational_services": 0.08142129595605517, "industry_health_care_and_social_assistance": 0.12321976140128, "industry_finance_and_insurance": 0.0263903493602436, "industry_real_estate_and_rental_and_leasing": 0.012536013552491874, "industry_information": 0.015145158181857748, "industry_manufacturing": 0.13224976205888744, "industry_other_services,_except_public_administration": 0.03743244315162532, "industry_administrative_and_support_and_waste_management_services": 0.03995360221827343, "industry_management_of_companies_and_enterprises": 0.0005264373939847491, "industry_professional,_scientific,_and_technical_services": 0.13736685589808137, "industry_public_administration": 0.08440521062302875, "industry_retail_trade": 0.11117530914921378, "industry_transportation_and_warehousing": 0.030695638125623634, "industry_utilities": 0.009141975557059496, "industry_wholesale_trade": 0.014889794744164561, "occupation_architecture_and_engineering_occupations": 0.06921990498217684, "occupation_computer_and_mathematical_occupations": 0.06598413742192963, "occupation_life,_physical,_and_social_science_occupations": 0.01003649112895228, "occupation_arts,_design,_entertainment,_sports,_and_media_occupations": 0.016576357942300265, "occupation_community_and_social_service_occupations": 0.015360784772180147, "occupation_educational_instruction,_and_library_occupations": 0.0598632646277866, "occupation_legal_occupations": 0.006646807096409067, "occupation_health_diagnosing_and_treating_practitioners_and_other_technical_occupations": 0.04559873150749979, "occupation_health_technologists_and_technicians": 0.02096329183506074, "occupation_business_and_financial_operations_occupations": 0.06325779091812243, "occupation_management_occupations": 0.10121253945307218, "occupation_construction_and_extraction_occupations": 0.038480298120019116, "occupation_farming,_fishing,_and_forestry_occupations": 0.0025465873936660623, "occupation_installation,_maintenance,_and_repair_occupations": 0.029486982466635833, "occupation_material_moving_occupations": 0.03126046215758703, "occupation_transportation_occupations": 0.029715537774288422, "occupation_office_and_administrative_support_occupations": 0.09995554629784587, "occupation_sales_and_related_occupations": 0.09022133190935686, "occupation_building_and_grounds_cleaning_and_maintenance_occupations": 0.028834217262400437, "occupation_food_preparation_and_serving_related_occupations": 0.044776753623197184, "occupation_healthcare_support_occupations": 0.020941640395136962, "occupation_personal_care_and_service_occupations": 0.020757645696628715, "occupation_firefighting_and_prevention,_and_other_protective_service_workers_including_supervisors": 0.014577341494008762, "occupation_law_enforcement_workers_including_supervisors": 0.008915018305454584, "2020 Presidential Election-margin": -0.14942784748637192, "2016 Presidential Election-margin": -0.22729477672868934, "2016-2020 Swing-margin": 0.07786692924231742, "park_percent_1km_v2": 0.016410378192838016, "mean_dist_Hospital_updated": 8.138502638301194, "mean_dist_Active Superfund Site_updated": 19.014569832443808, "mean_dist_Airport_updated": 21.99054774848166, "mean_dist_Public School_updated": 2.1164449126207705, "mean_high_temp_4": 70.99728820755871, "mean_high_temp_winter_4": 54.64633712517265, "mean_high_temp_spring_4": 76.51708717369293, "mean_high_temp_summer_4": 86.79487447954402, "mean_high_temp_fall_4": 65.19076207275955, "mean_high_heat_index_4": 72.40181331741861, "days_above_90_4": 0.08147019137695882, "days_below_40_4": 0.029776923492617017, "wind_speed_over_10mph_4": 0.07079003591933808, "snowfall_4": 0.010833295142823015, "rainfall_4": 1.345286679033378, "hours_sunny_4": 5.170924842458856, "internet_no_access": 0.08425439136814146, "insurance_coverage_none": 0.11542193133976283, "insurance_coverage_govt": 0.11053876617194672, "insurance_coverage_private": 0.7740393024882903, "marriage_divorced": 0.1142160416581182}