{"population": 1433462.0, "ad_1": 723.2348694683762, "population_change_2010": 0.03966874775161593, "ad_1_change_2010": 0.053217327867678244, "population_change_2000": 0.11917434208214887, "ad_1_change_2000": 0.031396995216015494, "gpw_population": NaN, "gpw_pw_density_4": NaN, "white": 0.5910229918895653, "hispanic": 0.09880833953045146, "black": 0.06439654486829786, "asian": 0.022274744639202156, "homogeneity_250_2020": 0.4813864293120172, "homogeneity_250_diff_2010": -0.08819330253233354, "homogeneity_250_diff_2000": -0.15661602783376155, "citizenship_citizen_by_birth": 0.9461377923092735, "citizenship_citizen_by_naturalization": 0.02072042729678256, "citizenship_not_citizen": 0.033141780393943845, "birthplace_non_us": 0.053862207690726555, "birthplace_us_not_state": 0.3254300855068854, "birthplace_us_state": 0.620707706802388, "language_english_only": 0.9038061209333272, "language_spanish": 0.06381576442997926, "education_high_school": 0.8963138161049815, "education_ugrad": 0.24696897034168663, "education_grad": 0.08100845398661186, "education_field_stem": 0.09396489197684035, "education_field_humanities": 0.09404217877427269, "education_field_business": 0.05896189959057915, "generation_silent": 0.0672236193021613, "generation_boomer": 0.22754308543279902, "generation_genx": 0.18043042798173242, "generation_millenial": 0.1962905081348262, "generation_genz": 0.1978637956557412, "generation_genalpha": 0.13064856349273996, "poverty_below_line": 0.15035537102219068, "household_income_under_50k": 0.44312996420130346, "household_income_over_100k": 0.24698369575113413, "individual_income_under_50k": 0.7050611808882622, "individual_income_over_100k": 0.08101814385601461, "housing_per_pop": 0.5841973228836681, "vacancy": 0.12065879712634311, "rent_or_own_rent": 0.3277274200538208, "rent_burden_under_20": 0.312751194240313, "rent_burden_over_40": 0.2922580925699325, "rent_1br_under_750": 0.5825631998435263, "rent_1br_over_1500": 0.0339347709158477, "rent_2br_under_750": 0.3332294696025391, "rent_2br_over_1500": 0.03780639800581631, "year_built_1969_or_earlier": 0.32754873571700976, "year_built_2010_or_later": 0.08219090266615975, "transportation_means_car": 0.9005471143872863, "transportation_means_bike": 0.0029216383344286448, "transportation_means_walk": 0.015292282599229021, "transportation_means_transit": 0.0029833965431238954, "transportation_means_worked_at_home": 0.06684296787781445, "transportation_commute_time_under_15": 0.3158799492265172, "transportation_commute_time_over_60": 0.047718926697483385, "vehicle_ownership_at_least_1": 0.9436361716152382, "traffic_fatalities_last_decade_per_capita": 0.00016226450369804014, "traffic_fatalities_ped_last_decade_per_capita": 2.218405510575097e-05, "GHLTH_cdc_2": 0.20824604908295613, "ARTHRITIS_cdc_2": 0.26710371936908617, "CASTHMA_cdc_2": 0.11587606357826762, "BPHIGH_cdc_2": 0.37794516824335733, "CANCER_cdc_2": 0.0697570810935194, "KIDNEY_cdc_2": 0.032627409399425135, "COPD_cdc_2": 0.08330167958094256, "CHD_cdc_2": 0.07008810813372153, "DIABETES_cdc_2": 0.12531841930439797, "OBESITY_cdc_2": 0.39679909817652537, "STROKE_cdc_2": 0.03575683547572069, "DISABILITY_cdc_2": 0.36839610221955427, "HEARING_cdc_2": 0.0882150248470452, "VISION_cdc_2": 0.06157733141093768, "COGNITION_cdc_2": 0.16158107563191607, "MOBILITY_cdc_2": 0.17900146790481655, "SELFCARE_cdc_2": 0.04692911895734327, "INDEPLIVE_cdc_2": 0.09571012844650746, "BINGE_cdc_2": 0.1379261483357491, "CSMOKING_cdc_2": 0.19832384513700987, "LPA_cdc_2": 0.302017048196203, "SLEEP_cdc_2": 0.33805189207901554, "heating_utility_gas": 0.5379855858349301, "heating_electricity": 0.3628942682025273, "industry_agriculture,_forestry,_fishing_and_hunting": 0.011119414603767698, "industry_mining,_quarrying,_and_oil_and_gas_extraction": 0.01814105558150405, "industry_accommodation_and_food_services": 0.06604857543204151, "industry_arts,_entertainment,_and_recreation": 0.02354818620582299, "industry_construction": 0.0735248326327264, "industry_educational_services": 0.08345944262805438, "industry_health_care_and_social_assistance": 0.1399221547563446, "industry_finance_and_insurance": 0.038229799159271244, "industry_real_estate_and_rental_and_leasing": 0.01774404483886054, "industry_information": 0.01806165343297529, "industry_manufacturing": 0.12088432196792802, "industry_other_services,_except_public_administration": 0.05307955783901628, "industry_administrative_and_support_and_waste_management_services": 0.03917328351237709, "industry_management_of_companies_and_enterprises": 0.0017375058383932893, "industry_professional,_scientific,_and_technical_services": 0.05050910789350816, "industry_public_administration": 0.04418963101354496, "industry_retail_trade": 0.1118838548964648, "industry_transportation_and_warehousing": 0.04895843063988784, "industry_utilities": 0.014141366962478736, "industry_wholesale_trade": 0.025643780165032215, "occupation_architecture_and_engineering_occupations": 0.019311848046084216, "occupation_computer_and_mathematical_occupations": 0.021625408687529015, "occupation_life,_physical,_and_social_science_occupations": 0.005410244434065081, "occupation_arts,_design,_entertainment,_sports,_and_media_occupations": 0.014457418651720344, "occupation_community_and_social_service_occupations": 0.020046707146193447, "occupation_educational_instruction,_and_library_occupations": 0.05808033629145185, "occupation_legal_occupations": 0.009283823758368365, "occupation_health_diagnosing_and_treating_practitioners_and_other_technical_occupations": 0.0405386890860966, "occupation_health_technologists_and_technicians": 0.023588665732523575, "occupation_business_and_financial_operations_occupations": 0.048332554880897334, "occupation_management_occupations": 0.10201619181067945, "occupation_construction_and_extraction_occupations": 0.05872645181379456, "occupation_farming,_fishing,_and_forestry_occupations": 0.004940059162385193, "occupation_installation,_maintenance,_and_repair_occupations": 0.041094504125798424, "occupation_material_moving_occupations": 0.0395049042503506, "occupation_transportation_occupations": 0.034536820800248724, "occupation_office_and_administrative_support_occupations": 0.11865327728476055, "occupation_sales_and_related_occupations": 0.09667600809590352, "occupation_building_and_grounds_cleaning_and_maintenance_occupations": 0.0370434376459603, "occupation_food_preparation_and_serving_related_occupations": 0.054273703876693044, "occupation_healthcare_support_occupations": 0.03206756967149275, "occupation_personal_care_and_service_occupations": 0.02558461777985374, "occupation_firefighting_and_prevention,_and_other_protective_service_workers_including_supervisors": 0.010671026000311336, "occupation_law_enforcement_workers_including_supervisors": 0.008122372723026614, "sors_cohabiting_partnered_gay": 0.005422285467464167, "2020 Presidential Election-margin": -0.3432990669032681, "2016 Presidential Election-margin": -0.365465148047953, "2016-2020 Swing-margin": 0.02216608114468488, "park_percent_1km_v2": 0.013923002958463982, "mean_dist_Hospital_updated": 7.078445651680469, "mean_dist_Active Superfund Site_updated": 42.92488546614589, "mean_dist_Airport_updated": 38.61394907675222, "mean_dist_Public School_updated": 2.2744427365208715, "lapop1share_usda_fra_1": 0.4631240115478271, "mean_high_temp_4": 71.71293041887674, "mean_high_temp_winter_4": 53.41472560120925, "mean_high_temp_spring_4": 76.96215219482421, "mean_high_temp_summer_4": 90.46169132862597, "mean_high_temp_fall_4": 65.04231747225403, "mean_high_heat_index_4": 73.13678035180524, "days_above_90_4": 0.16666534583923176, "days_below_40_4": 0.05106936103486099, "wind_speed_over_10mph_4": 0.2054832031702189, "snowfall_4": 0.02901809690577464, "rainfall_4": 1.0295882698169985, "hours_sunny_4": 6.1492037413435074, "internet_no_access": 0.13868262251858185, "insurance_coverage_none": 0.20576946712316532, "insurance_coverage_govt": 0.13791121645743779,