{"population": 775666.0, "ad_1": 2116.4815447590668, "population_change_2010": -0.06939808760542765, "ad_1_change_2010": -0.021176481224230236, "population_change_2000": -0.24258467956129112, "ad_1_change_2000": -0.22062909650877638, "gpw_population": NaN, "gpw_pw_density_4": NaN, "white": 0.3679844159728543, "hispanic": 0.10257636663202976, "black": 0.45331237929727486, "asian": 0.0288977472262546, "homogeneity_250_2020": 0.6536081742472578, "homogeneity_250_diff_2010": -0.08689579888552679, "homogeneity_250_diff_2000": -0.1246317387409771, "citizenship_citizen_by_birth": 0.9206444131208286, "citizenship_citizen_by_naturalization": 0.036699228574457884, "citizenship_not_citizen": 0.04265635830471352, "birthplace_non_us": 0.0793555868791723, "birthplace_us_not_state": 0.15924417983231987, "birthplace_us_state": 0.7614002332885078, "language_english_only": 0.8564736046384741, "language_spanish": 0.06932630163427457, "education_high_school": 0.8500665353675168, "education_ugrad": 0.19633831215680175, "education_grad": 0.07774145113008187, "education_field_stem": 0.0832693497875144, "education_field_humanities": 0.07429779669730051, "education_field_business": 0.038771165671986046, "generation_silent": 0.05853152085332774, "generation_boomer": 0.21847289924529248, "generation_genx": 0.18035097683729592, "generation_millenial": 0.2106501819772856, "generation_genz": 0.20080653985889516, "generation_genalpha": 0.13118788122790312, "poverty_below_line": 0.2566080484751973, "household_income_under_50k": 0.552958390094993, "household_income_over_100k": 0.17963199506772207, "individual_income_under_50k": 0.7563022356886211, "individual_income_over_100k": 0.05777623852867557, "housing_per_pop": 0.610457642045167, "vacancy": 0.14110419274870867, "rent_or_own_rent": 0.4378844583735196, "rent_burden_under_20": 0.23278788428854935, "rent_burden_over_40": 0.36857842285689507, "rent_1br_under_750": 0.6310635964691473, "rent_1br_over_1500": 0.0611157373240956, "rent_2br_under_750": 0.3046412321530437, "rent_2br_over_1500": 0.0693202717230733, "year_built_1969_or_earlier": 0.8086967474307581, "year_built_2010_or_later": 0.012369301067967202, "transportation_means_car": 0.8366460970244738, "transportation_means_bike": 0.005361727726338223, "transportation_means_walk": 0.029179710683860136, "transportation_means_transit": 0.03953595874660377, "transportation_means_worked_at_home": 0.0781602627231457, "transportation_commute_time_under_15": 0.2401333937600313, "transportation_commute_time_over_60": 0.055504199348209826, "vehicle_ownership_at_least_1": 0.8323383782695506, "traffic_fatalities_last_decade_per_capita": 0.00013665675690310004, "traffic_fatalities_ped_last_decade_per_capita": 4.2673006165024637e-05, "GHLTH_cdc_2": 0.2567494123497969, "ARTHRITIS_cdc_2": 0.2851225229045286, "CASTHMA_cdc_2": 0.13255806880324814, "BPHIGH_cdc_2": 0.4087104630426636, "CANCER_cdc_2": 0.06092231027722252, "KIDNEY_cdc_2": 0.03936694548880088, "COPD_cdc_2": 0.09660807666751346, "CHD_cdc_2": 0.07055919746649285, "DIABETES_cdc_2": 0.14933152381797798, "OBESITY_cdc_2": 0.4036138092280368, "STROKE_cdc_2": 0.04686065477319668, "DISABILITY_cdc_2": 0.3573118223305529, "HEARING_cdc_2": 0.06343011516441563, "VISION_cdc_2": 0.09061193783677261, "COGNITION_cdc_2": 0.17345585163283947, "MOBILITY_cdc_2": 0.1968281964390385, "SELFCARE_cdc_2": 0.07165373934127746, "INDEPLIVE_cdc_2": 0.1305623036327396, "BINGE_cdc_2": 0.14766773422392143, "CSMOKING_cdc_2": 0.2583639385958277, "LPA_cdc_2": 0.32747671622531455, "SLEEP_cdc_2": 0.4112390936468089, "heating_utility_gas": 0.8664818930824303, "heating_electricity": 0.10541340353381708, "industry_agriculture,_forestry,_fishing_and_hunting": 0.002080881087516932, "industry_mining,_quarrying,_and_oil_and_gas_extraction": 0.0005362764531100743, "industry_accommodation_and_food_services": 0.08496067536097313, "industry_arts,_entertainment,_and_recreation": 0.023265556962375707, "industry_construction": 0.04735096857389671, "industry_educational_services": 0.0687034963016543, "industry_health_care_and_social_assistance": 0.15483499893254585, "industry_finance_and_insurance": 0.040740720434762824, "industry_real_estate_and_rental_and_leasing": 0.015565357995425206, "industry_information": 0.013139086484375851, "industry_manufacturing": 0.16996121801760314, "industry_other_services,_except_public_administration": 0.044300640010822595, "industry_administrative_and_support_and_waste_management_services": 0.05378440661659341, "industry_management_of_companies_and_enterprises": 0.0014835911457296653, "industry_professional,_scientific,_and_technical_services": 0.05185787899291942, "industry_public_administration": 0.034905974399672704, "industry_retail_trade": 0.10465056299729654, "industry_transportation_and_warehousing": 0.05753472915134561, "industry_utilities": 0.008196533995033608, "industry_wholesale_trade": 0.0221464460863468, "occupation_architecture_and_engineering_occupations": 0.018425398326479662, "occupation_computer_and_mathematical_occupations": 0.01985180888361006, "occupation_life,_physical,_and_social_science_occupations": 0.006253593091599259, "occupation_arts,_design,_entertainment,_sports,_and_media_occupations": 0.018123064790663734, "occupation_community_and_social_service_occupations": 0.017368247559174727, "occupation_educational_instruction,_and_library_occupations": 0.04308621428937574, "occupation_legal_occupations": 0.009238364305542493, "occupation_health_diagnosing_and_treating_practitioners_and_other_technical_occupations": 0.0338841204208105, "occupation_health_technologists_and_technicians": 0.02018824310549986, "occupation_business_and_financial_operations_occupations": 0.04192414229832077, "occupation_management_occupations": 0.07536939924867939, "occupation_construction_and_extraction_occupations": 0.04312354200863383, "occupation_farming,_fishing,_and_forestry_occupations": 0.0015767169968685377, "occupation_installation,_maintenance,_and_repair_occupations": 0.027247444197827337, "occupation_material_moving_occupations": 0.06391889321248323, "occupation_transportation_occupations": 0.0454257271858216, "occupation_office_and_administrative_support_occupations": 0.11271935183285535, "occupation_sales_and_related_occupations": 0.08973980104023364, "occupation_building_and_grounds_cleaning_and_maintenance_occupations": 0.046552793661117094, "occupation_food_preparation_and_serving_related_occupations": 0.06286797241872495, "occupation_healthcare_support_occupations": 0.05027974673578125, "occupation_personal_care_and_service_occupations": 0.02483883820120517, "occupation_firefighting_and_prevention,_and_other_protective_service_workers_including_supervisors": 0.015991115861011953, "occupation_law_enforcement_workers_including_supervisors": 0.0065869826655745615, "sors_cohabiting_partnered_gay": 0.005265322695943961, "2020 Presidential Election-margin": 0.49581676521943735, "2016 Presidential Election-margin": 0.5137435471726219, "2016-2020 Swing-margin": -0.01792678195318459, "park_percent_1km_v2": 0.027836398356302073, "mean_dist_Hospital_updated": 3.192571937581413, "mean_dist_Active Superfund Site_updated": 24.30974517869091, "mean_dist_Airport_updated": 14.2433042694473, "mean_dist_Public School_updated": 0.6122170849951823, "lapop1share_usda_fra_1": 0.9059823645002025, "mean_high_temp_4": 57.849589679408375, "mean_high_temp_winter_4": 35.06293887485425, "mean_high_temp_spring_4": 64.15037263476535, "mean_high_temp_summer_4": 79.51300943414694, "mean_high_temp_fall_4": 51.5623084667694, "mean_high_heat_index_4": 56.958045426774525, "days_above_90_4": 0.014686924225479764, "days_below_40_4": 0.24101811389750807, "wind_speed_over_10mph_4": 0.3384176657522831, "snowfall_4": 0.11287287363305534, "rainfall_4": 0.7927271179757596, "hours_sunny_4": 4.324197571531508, "internet_no_access": 0.1646236071330792, "insurance_coverage_none": 0.09484231351195066, "insurance_coverage_govt": 0.3741350710497244,