{"population": 760266.0, "ad_1": 1861.8089449620322, "population_change_2010": 0.13442060341997672, "ad_1_change_2010": 0.10345431368938111, "population_change_2000": 0.32719429785436344, "ad_1_change_2000": 0.15044639505888197, "gpw_population": NaN, "gpw_pw_density_4": NaN, "white": 0.4765910878560925, "hispanic": 0.1827662949546606, "black": 0.04571557849489521, "asian": 0.22210910391889155, "homogeneity_250_2020": 0.42698477031254495, "homogeneity_250_diff_2010": -0.06846019632926259, "homogeneity_250_diff_2000": -0.16439599541103728, "citizenship_citizen_by_birth": 0.7687282257904277, "citizenship_citizen_by_naturalization": 0.14125715758026045, "citizenship_not_citizen": 0.0900146166293119, "birthplace_non_us": 0.23127177420957382, "birthplace_us_not_state": 0.2085988514924599, "birthplace_us_state": 0.5601293742979664, "language_english_only": 0.6949640367298245, "language_spanish": 0.09964327516313454, "education_high_school": 0.9443289102226242, "education_ugrad": 0.5369872807178411, "education_grad": 0.2158313618625258, "education_field_stem": 0.29187346721475155, "education_field_humanities": 0.1416711052534143, "education_field_business": 0.10344270824967731, "generation_silent": 0.06825421848003775, "generation_boomer": 0.22806688350467763, "generation_genx": 0.21721431741890143, "generation_millenial": 0.18189503157878256, "generation_genz": 0.18569654408667083, "generation_genalpha": 0.1188730049309298, "poverty_below_line": 0.05964343986314353, "household_income_under_50k": 0.17140333538801225, "household_income_over_100k": 0.6301919424283119, "individual_income_under_50k": 0.44897485872996296, "individual_income_over_100k": 0.3110638180134605, "housing_per_pop": 0.4817080562408762, "vacancy": 0.03674849539580483, "rent_or_own_rent": 0.28639501752623464, "rent_burden_under_20": 0.2450068109978197, "rent_burden_over_40": 0.3329281187044085, "rent_1br_under_750": 0.07611668295540285, "rent_1br_over_1500": 0.7470883089222242, "rent_2br_under_750": 0.03144450051965488, "rent_2br_over_1500": 0.8650424951326752, "year_built_1969_or_earlier": 0.29713618026132, "year_built_2010_or_later": 0.06886787444082552, "transportation_means_car": 0.7013646066747893, "transportation_means_bike": 0.006486242856834057, "transportation_means_walk": 0.01630322928858403, "transportation_means_transit": 0.08728944826793145, "transportation_means_worked_at_home": 0.17962501872556008, "transportation_commute_time_under_15": 0.19716565092596738, "transportation_commute_time_over_60": 0.2563588121265315, "vehicle_ownership_at_least_1": 0.9571926853005923, "traffic_fatalities_last_decade_per_capita": 4.853564410351114e-05, "traffic_fatalities_ped_last_decade_per_capita": 1.3021758174112745e-05, "GHLTH_cdc_2": 0.11607949074632908, "ARTHRITIS_cdc_2": 0.185913053286029, "CASTHMA_cdc_2": 0.08943489582817991, "BPHIGH_cdc_2": 0.2491510921765764, "CANCER_cdc_2": 0.06551892189240693, "KIDNEY_cdc_2": 0.025314519942932597, "COPD_cdc_2": 0.04215408604044187, "CHD_cdc_2": 0.043164508169310424, "DIABETES_cdc_2": 0.08182908064832084, "OBESITY_cdc_2": 0.23640999906998283, "STROKE_cdc_2": 0.023246268553348402, "DISABILITY_cdc_2": 0.20888216286382036, "HEARING_cdc_2": 0.05171784663422815, "VISION_cdc_2": 0.03239467753137822, "COGNITION_cdc_2": 0.0958938415052823, "MOBILITY_cdc_2": 0.0886799533804146, "SELFCARE_cdc_2": 0.02476189778913138, "INDEPLIVE_cdc_2": 0.0511573767183057, "BINGE_cdc_2": 0.16595221492499504, "CSMOKING_cdc_2": 0.0870085343918378, "LPA_cdc_2": 0.14892291344705896, "SLEEP_cdc_2": 0.293787863077725, "heating_utility_gas": 0.6659382134503856, "heating_electricity": 0.2837840505544708, "industry_agriculture,_forestry,_fishing_and_hunting": 0.003808717713371088, "industry_mining,_quarrying,_and_oil_and_gas_extraction": 0.0014643345438942195, "industry_accommodation_and_food_services": 0.05355530961072036, "industry_arts,_entertainment,_and_recreation": 0.020496320534036876, "industry_construction": 0.059042641762359245, "industry_educational_services": 0.08716683576261967, "industry_health_care_and_social_assistance": 0.13394935587084203, "industry_finance_and_insurance": 0.06641287302038075, "industry_real_estate_and_rental_and_leasing": 0.025560547646498975, "industry_information": 0.030974916174462363, "industry_manufacturing": 0.07170674196217414, "industry_other_services,_except_public_administration": 0.04175906121381681, "industry_administrative_and_support_and_waste_management_services": 0.03921129928261892, "industry_management_of_companies_and_enterprises": 0.002111496384264536, "industry_professional,_scientific,_and_technical_services": 0.15728793924337772, "industry_public_administration": 0.04029902802776714, "industry_retail_trade": 0.09878215746252099, "industry_transportation_and_warehousing": 0.033761853335265206, "industry_utilities": 0.012680771525270198, "industry_wholesale_trade": 0.019967798923738827, "occupation_architecture_and_engineering_occupations": 0.03248768334453824, "occupation_computer_and_mathematical_occupations": 0.06950763327565086, "occupation_life,_physical,_and_social_science_occupations": 0.016182716253888448, "occupation_arts,_design,_entertainment,_sports,_and_media_occupations": 0.02678281473191346, "occupation_community_and_social_service_occupations": 0.015814139709629232, "occupation_educational_instruction,_and_library_occupations": 0.06088979788566105, "occupation_legal_occupations": 0.016992819386503672, "occupation_health_diagnosing_and_treating_practitioners_and_other_technical_occupations": 0.04684767768883615, "occupation_health_technologists_and_technicians": 0.014207558980922436, "occupation_business_and_financial_operations_occupations": 0.08737129224785162, "occupation_management_occupations": 0.16400319765514115, "occupation_construction_and_extraction_occupations": 0.030945834567064383, "occupation_farming,_fishing,_and_forestry_occupations": 0.0019090073401300275, "occupation_installation,_maintenance,_and_repair_occupations": 0.01909639449081409, "occupation_material_moving_occupations": 0.018011563700247146, "occupation_transportation_occupations": 0.024520450345576494, "occupation_office_and_administrative_support_occupations": 0.09521833947528906, "occupation_sales_and_related_occupations": 0.10386110818206536, "occupation_building_and_grounds_cleaning_and_maintenance_occupations": 0.02295283719666696, "occupation_food_preparation_and_serving_related_occupations": 0.0375838366768546, "occupation_healthcare_support_occupations": 0.027525872780630792, "occupation_personal_care_and_service_occupations": 0.02461540193221362, "occupation_firefighting_and_prevention,_and_other_protective_service_workers_including_supervisors": 0.010865553895678585, "occupation_law_enforcement_workers_including_supervisors": 0.009394503898521997, "sors_cohabiting_partnered_gay": 0.006756592195416341, "2020 Presidential Election-margin": 0.39388040598326274, "2016 Presidential Election-margin": 0.3621869994007186, "2016-2020 Swing-margin": 0.03169340658254416, "park_percent_1km_v2": 0.024287498279117258, "mean_dist_Hospital_updated": 4.239112588974486, "mean_dist_Active Superfund Site_updated": 17.936999151989415, "mean_dist_Airport_updated": 32.69812131005265, "mean_dist_Public School_updated": 0.8608159062134847, "lapop1share_usda_fra_1": 0.713255918944469, "mean_high_temp_4": 71.35852486457806, "mean_high_temp_winter_4": 60.41523357184915, "mean_high_temp_spring_4": 73.18876849179132, "mean_high_temp_summer_4": 82.54623059332667, "mean_high_temp_fall_4": 68.75019902435972, "mean_high_heat_index_4": 70.46263401476651, "days_above_90_4": 0.055321969716726836, "days_below_40_4": 1.8654439720157186e-06, "wind_speed_over_10mph_4": 0.04986018502360263, "snowfall_4": 7.951985665795847e-05, "rainfall_4": 0.4720217941668879, "hours_sunny_4": 7.273278895726448, "internet_no_access": 0.034371919298405454, "insurance_coverage_none": 0.038791091957999374, "insurance_coverage_govt": 0.12496778462313765,