{"population": 764865.0, "ad_1": 691.3364080164075, "population_change_2010": -0.022660391848187897, "ad_1_change_2010": -0.06268866978561732, "gpw_population": NaN, "gpw_pw_density_4": NaN, "white": 0.8701587861910272, "hispanic": 0.026681832741725663, "black": 0.04382995692050231, "asian": 0.013845580592653605, "citizenship_citizen_by_birth": 0.9735838269928371, "citizenship_citizen_by_naturalization": 0.015175068841948233, "citizenship_not_citizen": 0.011241104165214613, "birthplace_non_us": 0.02641617300716285, "birthplace_us_not_state": 0.16670291283462632, "birthplace_us_state": 0.8068809141582108, "language_english_only": 0.9521613574036539, "language_spanish": 0.013943942008622546, "education_high_school": 0.9258168329853677, "education_ugrad": 0.27163503761093105, "education_grad": 0.09631022192874594, "education_field_stem": 0.11662924697392872, "education_field_humanities": 0.10153691844324114, "education_field_business": 0.05346887219376118, "generation_silent": 0.08151932639353973, "generation_boomer": 0.26504981541979483, "generation_genx": 0.18348474979132232, "generation_millenial": 0.1751094399621369, "generation_genz": 0.18784598113510068, "generation_genalpha": 0.10699068729810551, "poverty_below_line": 0.1263420106344414, "household_income_under_50k": 0.4242385634808378, "household_income_over_100k": 0.26306669791877146, "individual_income_under_50k": 0.7044154028406692, "individual_income_over_100k": 0.07482732156762864, "housing_per_pop": 0.5672939502805895, "vacancy": 0.1004012931520147, "rent_or_own_rent": 0.2788216140346808, "rent_burden_under_20": 0.29853267640055675, "rent_burden_over_40": 0.320501435270084, "rent_1br_under_750": 0.7350367453329529, "rent_1br_over_1500": 0.044704700787425965, "rent_2br_under_750": 0.4260971144885053, "rent_2br_over_1500": 0.05741474900434188, "year_built_1969_or_earlier": 0.5392320454055716, "year_built_2010_or_later": 0.03975938069747337, "transportation_means_car": 0.8774489562537183, "transportation_means_bike": 0.0025878429652817347, "transportation_means_walk": 0.031129125524403473, "transportation_means_transit": 0.008210703544249517, "transportation_means_worked_at_home": 0.07261271057279543, "transportation_commute_time_under_15": 0.35166172823953323, "transportation_commute_time_over_60": 0.058497248406955527, "vehicle_ownership_at_least_1": 0.9124632122314272, "GHLTH_cdc_2": 0.1708483801146813, "ARTHRITIS_cdc_2": 0.29411324323835725, "CASTHMA_cdc_2": 0.10816644562007267, "BPHIGH_cdc_2": 0.32249120333164055, "CANCER_cdc_2": 0.07523868101743884, "KIDNEY_cdc_2": 0.031074467228404408, "COPD_cdc_2": 0.07784895039845909, "CHD_cdc_2": 0.06721355237489501, "DIABETES_cdc_2": 0.10218217854977, "OBESITY_cdc_2": 0.36457388954901565, "STROKE_cdc_2": 0.03328247125161676, "DISABILITY_cdc_2": 0.30642046349115565, "HEARING_cdc_2": 0.07645732650307575, "VISION_cdc_2": 0.050318898744225266, "COGNITION_cdc_2": 0.14211951307297496, "MOBILITY_cdc_2": 0.14424088162256415, "SELFCARE_cdc_2": 0.03951206059799267, "INDEPLIVE_cdc_2": 0.08318387625335062, "BINGE_cdc_2": 0.17184054241054186, "CSMOKING_cdc_2": 0.18878901965424696, "LPA_cdc_2": 0.26033313118663404, "SLEEP_cdc_2": 0.3497815566610624, "heating_utility_gas": 0.6719935358936457, "heating_electricity": 0.15522107414900646, "industry_agriculture,_forestry,_fishing_and_hunting": 0.010189284106005558, "industry_mining,_quarrying,_and_oil_and_gas_extraction": 0.0034801302032856926, "industry_accommodation_and_food_services": 0.0644614382727617, "industry_arts,_entertainment,_and_recreation": 0.01596686330240507, "industry_construction": 0.06208081756346071, "industry_educational_services": 0.08689066669537347, "industry_health_care_and_social_assistance": 0.1749383891002928, "industry_finance_and_insurance": 0.044932993118734006, "industry_real_estate_and_rental_and_leasing": 0.01248486091642524, "industry_information": 0.012340878366104039, "industry_manufacturing": 0.15539919059691562, "industry_other_services,_except_public_administration": 0.050511255065058644, "industry_administrative_and_support_and_waste_management_services": 0.03427115839958569, "industry_management_of_companies_and_enterprises": 0.0010420568875582873, "industry_professional,_scientific,_and_technical_services": 0.044758868427037156, "industry_public_administration": 0.037311758611996516, "industry_retail_trade": 0.11442972525309424, "industry_transportation_and_warehousing": 0.04231124697956964, "industry_utilities": 0.00907878723983462, "industry_wholesale_trade": 0.023119630894501395, "occupation_architecture_and_engineering_occupations": 0.020345547589743225, "occupation_computer_and_mathematical_occupations": 0.020950566829638223, "occupation_life,_physical,_and_social_science_occupations": 0.006623290923909874, "occupation_arts,_design,_entertainment,_sports,_and_media_occupations": 0.012877937374201755, "occupation_community_and_social_service_occupations": 0.022773160084667125, "occupation_educational_instruction,_and_library_occupations": 0.054793182610535285, "occupation_legal_occupations": 0.006645944334508967, "occupation_health_diagnosing_and_treating_practitioners_and_other_technical_occupations": 0.050608011806920164, "occupation_health_technologists_and_technicians": 0.026152262629320293, "occupation_business_and_financial_operations_occupations": 0.04697746342530217, "occupation_management_occupations": 0.0982023477287996, "occupation_construction_and_extraction_occupations": 0.04627396737569541, "occupation_farming,_fishing,_and_forestry_occupations": 0.004188961973570749, "occupation_installation,_maintenance,_and_repair_occupations": 0.03519903554508512, "occupation_material_moving_occupations": 0.041403238372911766, "occupation_transportation_occupations": 0.040002904223404294, "occupation_office_and_administrative_support_occupations": 0.10635177177812133, "occupation_sales_and_related_occupations": 0.09659390877169663, "occupation_building_and_grounds_cleaning_and_maintenance_occupations": 0.038660783254542724, "occupation_food_preparation_and_serving_related_occupations": 0.0572336078557722, "occupation_healthcare_support_occupations": 0.044774372439973, "occupation_personal_care_and_service_occupations": 0.024924847953900313, "occupation_firefighting_and_prevention,_and_other_protective_service_workers_including_supervisors": 0.008153788575227432, "occupation_law_enforcement_workers_including_supervisors": 0.010051491459716861, "2020 Presidential Election-margin": -0.20638174051277505, "2016 Presidential Election-margin": -0.22139377481895844, "2016-2020 Swing-margin": 0.015012034306183392, "park_percent_1km_v2": 0.013559753905034258, "mean_dist_Hospital_updated": 7.761828254703226, "mean_dist_Active Superfund Site_updated": 17.34370650193482, "mean_dist_Airport_updated": 41.65134539146555, "mean_dist_Public School_updated": 2.5377732473742776, "mean_high_temp_4": 57.90232636809931, "mean_high_temp_winter_4": 37.06681899560351, "mean_high_temp_spring_4": 63.57005424436935, "mean_high_temp_summer_4": 77.60731153712821, "mean_high_temp_fall_4": 52.36144082215602, "mean_high_heat_index_4": 57.05266976628967, "days_above_90_4": 0.00677879918303752, "days_below_40_4": 0.21753826950187583, "wind_speed_over_10mph_4": 0.21789021771652076, "snowfall_4": 0.17410698709478087, "rainfall_4": 1.1054826530382964, "hours_sunny_4": 4.0217854947579985, "internet_no_access": 0.1298416695637674, "insurance_coverage_none": 0.06384405487989654, "insurance_coverage_govt": 0.22562208480929766, "insurance_coverage_private": 0.7105338603108058, "marriage_divorced": 0.10916267643603715}