{"population": 662057.0, "ad_1": 1101.4952429199127, "population_change_2010": -0.000766717227743693, "ad_1_change_2010": 0.01870758458629296, "population_change_2000": 0.018318934025689574, "ad_1_change_2000": 0.006817614079903307, "gpw_population": NaN, "gpw_pw_density_4": NaN, "white": 0.7763153323656422, "hispanic": 0.048124255162319864, "black": 0.08587024984253622, "asian": 0.03270564316969687, "homogeneity_250_2020": 0.6980514569181239, "homogeneity_250_diff_2010": -0.08865527981628885, "homogeneity_250_diff_2000": -0.13932676852654935, "citizenship_citizen_by_birth": 0.9378314521423193, "citizenship_citizen_by_naturalization": 0.034672200827098654, "citizenship_not_citizen": 0.027496347030582142, "birthplace_non_us": 0.06216854785768093, "birthplace_us_not_state": 0.1517774759267039, "birthplace_us_state": 0.7860539762156152, "language_english_only": 0.9127643945710392, "language_spanish": 0.025016363377401256, "education_high_school": 0.9160463985143046, "education_ugrad": 0.3109706924613984, "education_grad": 0.13945663457064048, "education_field_stem": 0.13960823617846047, "education_field_humanities": 0.11830610470196527, "education_field_business": 0.0530563515809726, "generation_silent": 0.06992675909763302, "generation_boomer": 0.24761687233212104, "generation_genx": 0.179960550955521, "generation_millenial": 0.18646177768769315, "generation_genz": 0.2037782140836721, "generation_genalpha": 0.1122558258433596, "poverty_below_line": 0.13799690611241108, "household_income_under_50k": 0.3870803914755179, "household_income_over_100k": 0.3033171555019277, "individual_income_under_50k": 0.658071373899337, "individual_income_over_100k": 0.08908706991900622, "housing_per_pop": 0.5634559790500587, "vacancy": 0.09321633160397752, "rent_or_own_rent": 0.3203783397802823, "rent_burden_under_20": 0.28044014808720774, "rent_burden_over_40": 0.34225884409707785, "rent_1br_under_750": 0.5077555917387959, "rent_1br_over_1500": 0.03894935298654549, "rent_2br_under_750": 0.19159182610959313, "rent_2br_over_1500": 0.0720096316543018, "year_built_1969_or_earlier": 0.5784120313756239, "year_built_2010_or_later": 0.035317843702917774, "transportation_means_car": 0.8527408792653073, "transportation_means_bike": 0.003723816405062287, "transportation_means_walk": 0.03709431161706449, "transportation_means_transit": 0.01951489036155999, "transportation_means_worked_at_home": 0.07698393756804339, "transportation_commute_time_under_15": 0.32112268969474533, "transportation_commute_time_over_60": 0.03810188366475146, "vehicle_ownership_at_least_1": 0.8914736082419116, "traffic_fatalities_last_decade_per_capita": 7.55221982397286e-05, "traffic_fatalities_ped_last_decade_per_capita": 1.6614883612740296e-05, "GHLTH_cdc_2": 0.1597645061549281, "ARTHRITIS_cdc_2": 0.2834513736237059, "CASTHMA_cdc_2": 0.11672543450734595, "BPHIGH_cdc_2": 0.3262312007913239, "CANCER_cdc_2": 0.06953271573096416, "KIDNEY_cdc_2": 0.029220016447679825, "COPD_cdc_2": 0.07461444631058015, "CHD_cdc_2": 0.058387084661784015, "DIABETES_cdc_2": 0.10401735346258607, "OBESITY_cdc_2": 0.3676259450671206, "STROKE_cdc_2": 0.02940775602853654, "DISABILITY_cdc_2": 0.29180561495245305, "HEARING_cdc_2": 0.06199828565678765, "VISION_cdc_2": 0.05004561356995914, "COGNITION_cdc_2": 0.14006643809567548, "MOBILITY_cdc_2": 0.13774637609077248, "SELFCARE_cdc_2": 0.039123645479857076, "INDEPLIVE_cdc_2": 0.08611046921874087, "BINGE_cdc_2": 0.16739803257642213, "CSMOKING_cdc_2": 0.1944673208832552, "LPA_cdc_2": 0.2560900687610047, "SLEEP_cdc_2": 0.3401596665818548, "heating_utility_gas": 0.6233021868711365, "heating_electricity": 0.17745846395882003, "industry_agriculture,_forestry,_fishing_and_hunting": 0.008529635013958842, "industry_mining,_quarrying,_and_oil_and_gas_extraction": 0.0011289222812592462, "industry_accommodation_and_food_services": 0.06409448211092393, "industry_arts,_entertainment,_and_recreation": 0.01899548431087488, "industry_construction": 0.05887763897644357, "industry_educational_services": 0.13990917160905253, "industry_health_care_and_social_assistance": 0.16289608768927988, "industry_finance_and_insurance": 0.047874667112660724, "industry_real_estate_and_rental_and_leasing": 0.015798479332038234, "industry_information": 0.017969483719075197, "industry_manufacturing": 0.08718110357781518, "industry_other_services,_except_public_administration": 0.04400545484954127, "industry_administrative_and_support_and_waste_management_services": 0.033613580516924, "industry_management_of_companies_and_enterprises": 0.0009455930219094548, "industry_professional,_scientific,_and_technical_services": 0.06312959127224031, "industry_public_administration": 0.03973098843417522, "industry_retail_trade": 0.111075017046405, "industry_transportation_and_warehousing": 0.040718393392427374, "industry_utilities": 0.01622624760385447, "industry_wholesale_trade": 0.02729997812914085, "occupation_architecture_and_engineering_occupations": 0.02178080253187353, "occupation_computer_and_mathematical_occupations": 0.024739801103835165, "occupation_life,_physical,_and_social_science_occupations": 0.009291898776518441, "occupation_arts,_design,_entertainment,_sports,_and_media_occupations": 0.015888535810315466, "occupation_community_and_social_service_occupations": 0.022826100940446976, "occupation_educational_instruction,_and_library_occupations": 0.08464022436928262, "occupation_legal_occupations": 0.011668746542474495, "occupation_health_diagnosing_and_treating_practitioners_and_other_technical_occupations": 0.05163774138352475, "occupation_health_technologists_and_technicians": 0.024678691350718523, "occupation_business_and_financial_operations_occupations": 0.04836354513759341, "occupation_management_occupations": 0.09656949143820212, "occupation_construction_and_extraction_occupations": 0.041538550605308394, "occupation_farming,_fishing,_and_forestry_occupations": 0.003100515894968426, "occupation_installation,_maintenance,_and_repair_occupations": 0.03140398049633978, "occupation_material_moving_occupations": 0.03134608704601893, "occupation_transportation_occupations": 0.03760822858907219, "occupation_office_and_administrative_support_occupations": 0.12532002212816312, "occupation_sales_and_related_occupations": 0.09657914034658888, "occupation_building_and_grounds_cleaning_and_maintenance_occupations": 0.036431061765878806, "occupation_food_preparation_and_serving_related_occupations": 0.05381839467894878, "occupation_healthcare_support_occupations": 0.03186069549331615, "occupation_personal_care_and_service_occupations": 0.02665028496442777, "occupation_firefighting_and_prevention,_and_other_protective_service_workers_including_supervisors": 0.01299386329426604, "occupation_law_enforcement_workers_including_supervisors": 0.010327548276704995, "sors_cohabiting_partnered_gay": 0.0071970304308234855, "2020 Presidential Election-margin": 0.10066204355500744, "2016 Presidential Election-margin": 0.04822731648783841, "2016-2020 Swing-margin": 0.05243472706716903, "park_percent_1km_v2": 0.02030277344686655, "mean_dist_Hospital_updated": 9.667662557567839, "mean_dist_Active Superfund Site_updated": 12.864971484644562, "mean_dist_Airport_updated": 18.771642449297584, "mean_dist_Public School_updated": 1.8710680021608486, "lapop1share_usda_fra_1": 0.5387791456339941, "mean_high_temp_4": 55.96691403985769, "mean_high_temp_winter_4": 33.91655227107739, "mean_high_temp_spring_4": 61.55706862403903, "mean_high_temp_summer_4": 76.63084039730589, "mean_high_temp_fall_4": 50.724061802696774, "mean_high_heat_index_4": 54.88720602817918, "days_above_90_4": 0.0036071300936278768, "days_below_40_4": 0.25791080366268754, "wind_speed_over_10mph_4": 0.17748074701584238, "snowfall_4": 0.22464123390688426, "rainfall_4": 1.0649032638056168, "hours_sunny_4": 3.883777585920184, "internet_no_access": 0.10480332670182321, "insurance_coverage_none": 0.04583058002722505, "insurance_coverage_govt": 0.23134309190633057,