{"population": 791871.0, "ad_1": 1067.2901991974609, "population_change_2010": 0.113335489131963, "ad_1_change_2010": 0.025622457824942477, "population_change_2000": 0.2149416134659554, "ad_1_change_2000": -0.004871733007415369, "gpw_population": NaN, "gpw_pw_density_4": NaN, "white": 0.5730605111186039, "hispanic": 0.13836849688901348, "black": 0.08754708784637902, "asian": 0.03399922462118198, "homogeneity_250_2020": 0.4569105988389833, "homogeneity_250_diff_2010": -0.10656462331351518, "homogeneity_250_diff_2000": -0.1945891172049839, "citizenship_citizen_by_birth": 0.9182744530294779, "citizenship_citizen_by_naturalization": 0.030699173569264878, "citizenship_not_citizen": 0.05102637340125738, "birthplace_non_us": 0.08172554697052276, "birthplace_us_not_state": 0.3336210567776995, "birthplace_us_state": 0.5846533962517778, "language_english_only": 0.8622616542351653, "language_spanish": 0.09496364451068434, "education_high_school": 0.9054415084307348, "education_ugrad": 0.3028045798061105, "education_grad": 0.1021968678708581, "education_field_stem": 0.11839413470871069, "education_field_humanities": 0.10782656963652415, "education_field_business": 0.07658387546087436, "generation_silent": 0.05760673450710934, "generation_boomer": 0.21058772000058, "generation_genx": 0.18198997213989207, "generation_millenial": 0.21162266591515438, "generation_genz": 0.20100597236643236, "generation_genalpha": 0.13718693507083188, "poverty_below_line": 0.1338087272610573, "household_income_under_50k": 0.402980520954562, "household_income_over_100k": 0.285867748513544, "individual_income_under_50k": 0.6691001362006854, "individual_income_over_100k": 0.10097283344259726, "housing_per_pop": 0.5702082113889121, "vacancy": 0.08447424301082837, "rent_or_own_rent": 0.37228169849828013, "rent_burden_under_20": 0.3061661686006827, "rent_burden_over_40": 0.2852476134107367, "rent_1br_under_750": 0.5080983273405825, "rent_1br_over_1500": 0.03908070943087566, "rent_2br_under_750": 0.2010195689769175, "rent_2br_over_1500": 0.0555710617205178, "year_built_1969_or_earlier": 0.3296819885037357, "year_built_2010_or_later": 0.09532521992613203, "transportation_means_car": 0.896689035982994, "transportation_means_bike": 0.0027964306534755787, "transportation_means_walk": 0.012340175546611435, "transportation_means_transit": 0.003800355149764502, "transportation_means_worked_at_home": 0.07267210019071499, "transportation_commute_time_under_15": 0.28710903317845315, "transportation_commute_time_over_60": 0.026674794344359546, "vehicle_ownership_at_least_1": 0.9425234763464904, "traffic_fatalities_last_decade_per_capita": 0.00011138177809264387, "traffic_fatalities_ped_last_decade_per_capita": 2.5635488608624387e-05, "GHLTH_cdc_2": 0.1882229071558865, "ARTHRITIS_cdc_2": 0.23292484381055126, "CASTHMA_cdc_2": 0.11303554975850834, "BPHIGH_cdc_2": 0.3485174884925479, "CANCER_cdc_2": 0.0646967665712045, "KIDNEY_cdc_2": 0.029510397822326846, "COPD_cdc_2": 0.07114919896787392, "CHD_cdc_2": 0.06058507953610969, "DIABETES_cdc_2": 0.112043768962487, "OBESITY_cdc_2": 0.3717543955161092, "STROKE_cdc_2": 0.03135307794822359, "DISABILITY_cdc_2": 0.3320031738830421, "HEARING_cdc_2": 0.07630779482235499, "VISION_cdc_2": 0.055859549531667926, "COGNITION_cdc_2": 0.1507924386347969, "MOBILITY_cdc_2": 0.1573315431801214, "SELFCARE_cdc_2": 0.041647627149081684, "INDEPLIVE_cdc_2": 0.08710064933223614, "BINGE_cdc_2": 0.1403475959584517, "CSMOKING_cdc_2": 0.17526585192956629, "LPA_cdc_2": 0.2788191850738654, "SLEEP_cdc_2": 0.3242206671014441, "heating_utility_gas": 0.6422803703700041, "heating_electricity": 0.32653160383175633, "industry_agriculture,_forestry,_fishing_and_hunting": 0.0043944300649204565, "industry_mining,_quarrying,_and_oil_and_gas_extraction": 0.016816837604049648, "industry_accommodation_and_food_services": 0.06843951482693388, "industry_arts,_entertainment,_and_recreation": 0.023784763911739115, "industry_construction": 0.06973312551692182, "industry_educational_services": 0.08057271535306886, "industry_health_care_and_social_assistance": 0.13474256245359253, "industry_finance_and_insurance": 0.04413599448188264, "industry_real_estate_and_rental_and_leasing": 0.020033160934426305, "industry_information": 0.0221632613310726, "industry_manufacturing": 0.1174864886559123, "industry_other_services,_except_public_administration": 0.05494638355704666, "industry_administrative_and_support_and_waste_management_services": 0.042847007758901906, "industry_management_of_companies_and_enterprises": 0.0018987609893804161, "industry_professional,_scientific,_and_technical_services": 0.06115494965585527, "industry_public_administration": 0.03331555655609942, "industry_retail_trade": 0.11203025696738347, "industry_transportation_and_warehousing": 0.05040405511593121, "industry_utilities": 0.012806903805325688, "industry_wholesale_trade": 0.02829327045955582, "occupation_architecture_and_engineering_occupations": 0.02306383581922912, "occupation_computer_and_mathematical_occupations": 0.0267651361082832, "occupation_life,_physical,_and_social_science_occupations": 0.0052898971852891295, "occupation_arts,_design,_entertainment,_sports,_and_media_occupations": 0.01776187816918239, "occupation_community_and_social_service_occupations": 0.019275639632505184, "occupation_educational_instruction,_and_library_occupations": 0.05598191842600042, "occupation_legal_occupations": 0.012093017736050003, "occupation_health_diagnosing_and_treating_practitioners_and_other_technical_occupations": 0.0454384718121223, "occupation_health_technologists_and_technicians": 0.022527619413323006, "occupation_business_and_financial_operations_occupations": 0.05555551195906462, "occupation_management_occupations": 0.1059469924022722, "occupation_construction_and_extraction_occupations": 0.05367374717908483, "occupation_farming,_fishing,_and_forestry_occupations": 0.001783666329977133, "occupation_installation,_maintenance,_and_repair_occupations": 0.03641304318076515, "occupation_material_moving_occupations": 0.03660323513385402, "occupation_transportation_occupations": 0.030015208115872338, "occupation_office_and_administrative_support_occupations": 0.12254577629173122, "occupation_sales_and_related_occupations": 0.10180701101663527, "occupation_building_and_grounds_cleaning_and_maintenance_occupations": 0.034497469775130137, "occupation_food_preparation_and_serving_related_occupations": 0.05454457142714479, "occupation_healthcare_support_occupations": 0.026470136326076078, "occupation_personal_care_and_service_occupations": 0.02700870067423551, "occupation_firefighting_and_prevention,_and_other_protective_service_workers_including_supervisors": 0.009933556713505931, "occupation_law_enforcement_workers_including_supervisors": 0.006681651315033684, "sors_cohabiting_partnered_gay": 0.0063341874555470365, "2020 Presidential Election-margin": -0.2135298240107705, "2016 Presidential Election-margin": -0.2777911801334249, "2016-2020 Swing-margin": 0.0642613561226544, "park_percent_1km_v2": 0.020225988048701404, "mean_dist_Hospital_updated": 4.827447077385458, "mean_dist_Active Superfund Site_updated": 28.938784275181664, "mean_dist_Airport_updated": 16.787833011184134, "mean_dist_Public School_updated": 1.3349731386798602, "lapop1share_usda_fra_1": 0.6101892218475705, "mean_high_temp_4": 71.91488106857818, "mean_high_temp_winter_4": 53.57446017181372, "mean_high_temp_spring_4": 77.20604873549193, "mean_high_temp_summer_4": 90.69406977309298, "mean_high_temp_fall_4": 65.21165550669122, "mean_high_heat_index_4": 73.33609152524562, "days_above_90_4": 0.17214550107011434, "days_below_40_4": 0.050497831089808494, "wind_speed_over_10mph_4": 0.21674321420907172, "snowfall_4": 0.0292973309620419, "rainfall_4": 1.0241974344443636, "hours_sunny_4": 6.1893724743123615, "internet_no_access": 0.09418686383139963, "insurance_coverage_none": 0.18820041043137503, "insurance_coverage_govt": 0.11142417296511747,