{"population": 36763375.0, "ad_1": 1240.2748717424815, "population_change_2010": 0.12615013529868313, "ad_1_change_2010": 0.06532828105051151, "gpw_population": NaN, "gpw_pw_density_4": NaN, "white": 0.43031114526345854, "hispanic": 0.3228508263999157, "black": 0.16255659334867922, "asian": 0.045674179805308954, "citizenship_citizen_by_birth": 0.8583369419798953, "citizenship_citizen_by_naturalization": 0.05652318370684399, "citizenship_not_citizen": 0.08513987431326071, "birthplace_non_us": 0.1416630580201047, "birthplace_us_not_state": 0.23016886586992139, "birthplace_us_state": 0.6281680761099739, "language_english_only": 0.7096167489536173, "language_spanish": 0.23335576805757996, "education_high_school": 0.8573980702299895, "education_ugrad": 0.2871193472104729, "education_grad": 0.10255242328651709, "education_field_stem": 0.1260675347708543, "education_field_humanities": 0.09534604685754874, "education_field_business": 0.06570576558206988, "generation_silent": 0.050738059298323576, "generation_boomer": 0.19787145891429744, "generation_genx": 0.18870678428300855, "generation_millenial": 0.2129841116632186, "generation_genz": 0.2135014747518727, "generation_genalpha": 0.13619811108927907, "poverty_below_line": 0.1506395220793524, "household_income_under_50k": 0.398447354136173, "household_income_over_100k": 0.30645158194965433, "individual_income_under_50k": 0.6668735269718714, "individual_income_over_100k": 0.10830592272364184, "housing_per_pop": 0.5399114747377461, "vacancy": 0.09987040744564728, "rent_or_own_rent": 0.36464786665847676, "rent_burden_under_20": 0.2583749117186561, "rent_burden_over_40": 0.33360689412275907, "rent_1br_under_750": 0.23971683656463663, "rent_1br_over_1500": 0.10135516907131663, "rent_2br_under_750": 0.18159105115173868, "rent_2br_over_1500": 0.18463657405005984, "year_built_1969_or_earlier": 0.23945060489470135, "year_built_2010_or_later": 0.13256051465137902, "transportation_means_car": 0.8763831487270987, "transportation_means_bike": 0.0034611027712945002, "transportation_means_walk": 0.014882615450594371, "transportation_means_transit": 0.010569527145246185, "transportation_means_worked_at_home": 0.08285607204543001, "transportation_commute_time_under_15": 0.2538771861041468, "transportation_commute_time_over_60": 0.08186073880558845, "vehicle_ownership_at_least_1": 0.9429160646584934, "GHLTH_cdc_2": 0.20332454838512198, "ARTHRITIS_cdc_2": 0.22581687999554387, "CASTHMA_cdc_2": 0.09967013643868682, "BPHIGH_cdc_2": 0.335018406388762, "CANCER_cdc_2": 0.05659961236207758, "KIDNEY_cdc_2": 0.030282366177417693, "COPD_cdc_2": 0.06883614670854436, "CHD_cdc_2": 0.05555284831886035, "DIABETES_cdc_2": 0.1184432535375149, "OBESITY_cdc_2": 0.3720116826783315, "STROKE_cdc_2": 0.0313340550916278, "DISABILITY_cdc_2": 0.31953413234908673, "HEARING_cdc_2": 0.06449141361237282, "VISION_cdc_2": 0.06597031431716462, "COGNITION_cdc_2": 0.15929711285842585, "MOBILITY_cdc_2": 0.14743948001202511, "SELFCARE_cdc_2": 0.04713214251838669, "INDEPLIVE_cdc_2": 0.09246470794990388, "BINGE_cdc_2": 0.1761235716670274, "CSMOKING_cdc_2": 0.17266550240769502, "LPA_cdc_2": 0.2769993608116359, "SLEEP_cdc_2": 0.34877009877694504, "heating_utility_gas": 0.34210591886428204, "heating_electricity": 0.6111387646523339, "industry_agriculture,_forestry,_fishing_and_hunting": 0.008585922930061543, "industry_mining,_quarrying,_and_oil_and_gas_extraction": 0.019417911719107464, "industry_accommodation_and_food_services": 0.07327127668290381, "industry_arts,_entertainment,_and_recreation": 0.016150984786380725, "industry_construction": 0.0849221644988544, "industry_educational_services": 0.09630430853271885, "industry_health_care_and_social_assistance": 0.12691235321160466, "industry_finance_and_insurance": 0.04515004354691924, "industry_real_estate_and_rental_and_leasing": 0.019406913933434543, "industry_information": 0.015787781840173053, "industry_manufacturing": 0.08750458926594622, "industry_other_services,_except_public_administration": 0.04974964261862174, "industry_administrative_and_support_and_waste_management_services": 0.04283954270882452, "industry_management_of_companies_and_enterprises": 0.00162633560906661, "industry_professional,_scientific,_and_technical_services": 0.06832073787677574, "industry_public_administration": 0.04378376356961546, "industry_retail_trade": 0.11159529505122137, "industry_transportation_and_warehousing": 0.05269851744051014, "industry_utilities": 0.009414568333132148, "industry_wholesale_trade": 0.026557345844127837, "occupation_architecture_and_engineering_occupations": 0.02067616966638256, "occupation_computer_and_mathematical_occupations": 0.029317649334177423, "occupation_life,_physical,_and_social_science_occupations": 0.008154093552883183, "occupation_arts,_design,_entertainment,_sports,_and_media_occupations": 0.015865697065046352, "occupation_community_and_social_service_occupations": 0.015558198642185645, "occupation_educational_instruction,_and_library_occupations": 0.0640069239487269, "occupation_legal_occupations": 0.010180702197297055, "occupation_health_diagnosing_and_treating_practitioners_and_other_technical_occupations": 0.03876163824892561, "occupation_health_technologists_and_technicians": 0.019961130889867448, "occupation_business_and_financial_operations_occupations": 0.05322229444028658, "occupation_management_occupations": 0.10345362760487935, "occupation_construction_and_extraction_occupations": 0.06615790041333297, "occupation_farming,_fishing,_and_forestry_occupations": 0.004295886885018995, "occupation_installation,_maintenance,_and_repair_occupations": 0.034876699064118784, "occupation_material_moving_occupations": 0.037985952011152, "occupation_transportation_occupations": 0.04227520641473972, "occupation_office_and_administrative_support_occupations": 0.11081957340867034, "occupation_sales_and_related_occupations": 0.10331106991873822, "occupation_building_and_grounds_cleaning_and_maintenance_occupations": 0.03679891843712224, "occupation_food_preparation_and_serving_related_occupations": 0.05484484329599573, "occupation_healthcare_support_occupations": 0.030122860877420277, "occupation_personal_care_and_service_occupations": 0.024489006857835876, "occupation_firefighting_and_prevention,_and_other_protective_service_workers_including_supervisors": 0.011372775459178173, "occupation_law_enforcement_workers_including_supervisors": 0.011316041771173572, "2020 Presidential Election-margin": -0.0844414610619248, "2016 Presidential Election-margin": -0.11626415714185664, "2016-2020 Swing-margin": 0.03182269607993185, "park_percent_1km_v2": 0.018167758271123526, "mean_dist_Hospital_updated": 6.506586253541092, "mean_dist_Active Superfund Site_updated": 38.78715483718827, "mean_dist_Airport_updated": 30.954880330718282, "mean_dist_Public School_updated": 1.8279558274869352, "mean_high_temp_4": 78.16791201321334, "mean_high_temp_winter_4": 64.1779827637415, "mean_high_temp_spring_4": 82.5285515232443, "mean_high_temp_summer_4": 91.97516440142086, "mean_high_temp_fall_4": 73.26482530336936, "mean_high_heat_index_4": 81.44447173177154, "days_above_90_4": 0.2267531358945552, "days_below_40_4": 0.007969484097434634, "wind_speed_over_10mph_4": 0.2340031047290277, "snowfall_4": 0.004487080458712239, "rainfall_4": 1.0171273570055912, "hours_sunny_4": 6.039876584621195, "internet_no_access": 0.11886743307084358, "insurance_coverage_none": 0.2093750154207318, "insurance_coverage_govt": 0.12792339256376847, "insurance_coverage_private": 0.6627015920154997, "marriage_divorced": 0.10654273743310826}