{"population": 779075.0, "ad_1": 1020.9849931443206, "population_change_2010": 0.18942021728111583, "ad_1_change_2010": 0.06943082092072027, "gpw_population": NaN, "gpw_pw_density_4": NaN, "white": 0.7509225684305105, "hispanic": 0.1356121040978083, "black": 0.055535089689696115, "asian": 0.02001476109488817, "citizenship_citizen_by_birth": 0.8756194620319997, "citizenship_citizen_by_naturalization": 0.0693215505748006, "citizenship_not_citizen": 0.055058987393199636, "birthplace_non_us": 0.12438053796800026, "birthplace_us_not_state": 0.6142405741696297, "birthplace_us_state": 0.2613788878623701, "language_english_only": 0.847624212142477, "language_spanish": 0.09689171141497228, "education_high_school": 0.925506876352001, "education_ugrad": 0.34235980820430606, "education_grad": 0.14228573657071836, "education_field_stem": 0.14150423654625785, "education_field_humanities": 0.12156089830009185, "education_field_business": 0.07929467335795638, "generation_silent": 0.16013084769173203, "generation_boomer": 0.3342524303163952, "generation_genx": 0.15824289808384792, "generation_millenial": 0.13785060699913, "generation_genz": 0.12990338216691677, "generation_genalpha": 0.07961983474197819, "poverty_below_line": 0.09665375448908305, "household_income_under_50k": 0.37452687632148596, "household_income_over_100k": 0.3080844630020941, "individual_income_under_50k": 0.6624933813326782, "individual_income_over_100k": 0.11434924383633457, "housing_per_pop": 0.6759622777746727, "vacancy": 0.2141568991139368, "rent_or_own_rent": 0.24907488025260377, "rent_burden_under_20": 0.21130227252833841, "rent_burden_over_40": 0.3907094993456659, "rent_1br_under_750": 0.15971229417982188, "rent_1br_over_1500": 0.231828879264771, "rent_2br_under_750": 0.07069637973548684, "rent_2br_over_1500": 0.3237352783017488, "year_built_1969_or_earlier": 0.18252422519683748, "year_built_2010_or_later": 0.11368145442462356, "transportation_means_car": 0.8455233376298401, "transportation_means_bike": 0.0074186106538895345, "transportation_means_walk": 0.010788373475120426, "transportation_means_transit": 0.004868337376184702, "transportation_means_worked_at_home": 0.12104049489253157, "transportation_commute_time_under_15": 0.2257899830867486, "transportation_commute_time_over_60": 0.05329030168788814, "vehicle_ownership_at_least_1": 0.9559595645522259, "GHLTH_cdc_2": 0.17895230729346656, "ARTHRITIS_cdc_2": 0.2682640394241174, "CASTHMA_cdc_2": 0.10427776663481221, "BPHIGH_cdc_2": 0.3395216390932594, "CANCER_cdc_2": 0.0695706763656685, "KIDNEY_cdc_2": 0.03160970520185274, "COPD_cdc_2": 0.07570033914847692, "CHD_cdc_2": 0.06344030106626503, "DIABETES_cdc_2": 0.11329064190900305, "OBESITY_cdc_2": 0.3592584343269335, "STROKE_cdc_2": 0.033198565310702983, "DISABILITY_cdc_2": 0.308298693888963, "HEARING_cdc_2": 0.07226797181784209, "VISION_cdc_2": 0.054784103052383334, "COGNITION_cdc_2": 0.14369272355477816, "MOBILITY_cdc_2": 0.14800279890634693, "SELFCARE_cdc_2": 0.042378652452575084, "INDEPLIVE_cdc_2": 0.0850159777537789, "BINGE_cdc_2": 0.16555453666054534, "CSMOKING_cdc_2": 0.17630184278568375, "LPA_cdc_2": 0.2610754203780086, "SLEEP_cdc_2": 0.3218942498699876, "heating_utility_gas": 0.05508756393107893, "heating_electricity": 0.9221528279392188, "industry_agriculture,_forestry,_fishing_and_hunting": 0.005575816048705664, "industry_mining,_quarrying,_and_oil_and_gas_extraction": 0.0006224695325337424, "industry_accommodation_and_food_services": 0.08943300591237921, "industry_arts,_entertainment,_and_recreation": 0.028734919068685725, "industry_construction": 0.0834219876559175, "industry_educational_services": 0.06763274910625057, "industry_health_care_and_social_assistance": 0.14270595634444894, "industry_finance_and_insurance": 0.04194573735672357, "industry_real_estate_and_rental_and_leasing": 0.033797037476793725, "industry_information": 0.014885583756132055, "industry_manufacturing": 0.05881184387826244, "industry_other_services,_except_public_administration": 0.06072986742007133, "industry_administrative_and_support_and_waste_management_services": 0.058979581306075474, "industry_management_of_companies_and_enterprises": 0.0015828392862322282, "industry_professional,_scientific,_and_technical_services": 0.07508947206549964, "industry_public_administration": 0.03571381749613696, "industry_retail_trade": 0.13318049394316517, "industry_transportation_and_warehousing": 0.036055408109601665, "industry_utilities": 0.007439148836557698, "industry_wholesale_trade": 0.023662265399826736, "occupation_architecture_and_engineering_occupations": 0.012736644384714144, "occupation_computer_and_mathematical_occupations": 0.018792540855589915, "occupation_life,_physical,_and_social_science_occupations": 0.005585505766795279, "occupation_arts,_design,_entertainment,_sports,_and_media_occupations": 0.02355274673254, "occupation_community_and_social_service_occupations": 0.015449754502366849, "occupation_educational_instruction,_and_library_occupations": 0.049234788795563415, "occupation_legal_occupations": 0.012272718397857837, "occupation_health_diagnosing_and_treating_practitioners_and_other_technical_occupations": 0.04961803983992558, "occupation_health_technologists_and_technicians": 0.02273378231043917, "occupation_business_and_financial_operations_occupations": 0.05098377004539119, "occupation_management_occupations": 0.11142836794335619, "occupation_construction_and_extraction_occupations": 0.052746194567673134, "occupation_farming,_fishing,_and_forestry_occupations": 0.0037334081499893344, "occupation_installation,_maintenance,_and_repair_occupations": 0.030539658603241614, "occupation_material_moving_occupations": 0.02672216251341212, "occupation_transportation_occupations": 0.03257685838291884, "occupation_office_and_administrative_support_occupations": 0.11733725104098673, "occupation_sales_and_related_occupations": 0.12471129500773569, "occupation_building_and_grounds_cleaning_and_maintenance_occupations": 0.04627884101118228, "occupation_food_preparation_and_serving_related_occupations": 0.07287164020511153, "occupation_healthcare_support_occupations": 0.030345372359466622, "occupation_personal_care_and_service_occupations": 0.03049964638250745, "occupation_firefighting_and_prevention,_and_other_protective_service_workers_including_supervisors": 0.014357338140294433, "occupation_law_enforcement_workers_including_supervisors": 0.008391697509789933, "2020 Presidential Election-margin": -0.11959681402980188, "2016 Presidential Election-margin": -0.13224651865483197, "2016-2020 Swing-margin": 0.012649704625030095, "park_percent_1km_v2": 0.012825541671906773, "mean_dist_Hospital_updated": 5.367211267699741, "mean_dist_Active Superfund Site_updated": 39.63020083129088, "mean_dist_Airport_updated": 16.806757803595556, "mean_dist_Public School_updated": 1.698598378613472, "mean_high_temp_4": 79.79299756186624, "mean_high_temp_winter_4": 71.09223935001988, "mean_high_temp_spring_4": 81.96412230092471, "mean_high_temp_summer_4": 86.95697947660516, "mean_high_temp_fall_4": 78.80593107130488, "mean_high_heat_index_4": 84.22550680719908, "days_above_90_4": 0.06598489486513974, "days_below_40_4": 0.0, "wind_speed_over_10mph_4": 0.2373602427391993, "snowfall_4": 1.9802218490576517e-06, "rainfall_4": 1.0041163482275495, "hours_sunny_4": 6.097769406888306, "internet_no_access": 0.07552903574196565, "insurance_coverage_none": 0.18168589535191676, "insurance_coverage_govt": 0.11973428768454676, "insurance_coverage_private": 0.6985798169635365, "marriage_divorced": 0.13303469838922707}