{"population": 321905.0, "ad_1": 793.5258163872725, "population_change_2010": 0.08158643653212286, "ad_1_change_2010": 0.04716040127094058, "population_change_2000": 0.09333446548356968, "ad_1_change_2000": -0.013496248727118786, "gpw_population": NaN, "gpw_pw_density_4": NaN, "white": 0.6242897749335984, "hispanic": 0.06459359127692953, "black": 0.21170221027943026, "asian": 0.03064879389882108, "homogeneity_250_2020": 0.5439548175964224, "homogeneity_250_diff_2010": -0.07175657966250792, "homogeneity_250_diff_2000": -0.14192995721625645, "citizenship_citizen_by_birth": 0.9464162495138445, "citizenship_citizen_by_naturalization": 0.02928224622680572, "citizenship_not_citizen": 0.024301504259349748, "birthplace_non_us": 0.053583750486155574, "birthplace_us_not_state": 0.4939842171954777, "birthplace_us_state": 0.45243203231836665, "language_english_only": 0.9218257117514855, "language_spanish": 0.03731651850320443, "education_high_school": 0.9097706213784079, "education_ugrad": 0.26286861242400866, "education_grad": 0.09573909405680679, "education_field_stem": 0.10517414795232653, "education_field_humanities": 0.09959322456318362, "education_field_business": 0.0581012399084978, "generation_silent": 0.06621438518574306, "generation_boomer": 0.23745718694719328, "generation_genx": 0.16878065916418972, "generation_millenial": 0.20399086654873477, "generation_genz": 0.20464639241220947, "generation_genalpha": 0.11891050974192977, "poverty_below_line": 0.14542926175209328, "household_income_under_50k": 0.43602904557649463, "household_income_over_100k": 0.2453853197744476, "individual_income_under_50k": 0.7203712201460695, "individual_income_over_100k": 0.07307324478829388, "housing_per_pop": 0.5630556470200856, "vacancy": 0.118500171998624, "rent_or_own_rent": 0.37172072549681245, "rent_burden_under_20": 0.24754306856284009, "rent_burden_over_40": 0.3342814198173206, "rent_1br_under_750": 0.3326748971193414, "rent_1br_over_1500": 0.056131687242798295, "rent_2br_under_750": 0.18134067033516757, "rent_2br_over_1500": 0.06933466733366676, "year_built_1969_or_earlier": 0.27773707998728386, "year_built_2010_or_later": 0.08071293314351295, "transportation_means_car": 0.821653548733924, "transportation_means_bike": 0.008987277213392725, "transportation_means_walk": 0.04457799771182816, "transportation_means_transit": 0.008091306325554472, "transportation_means_worked_at_home": 0.10624147104635637, "transportation_commute_time_under_15": 0.27300488128378353, "transportation_commute_time_over_60": 0.05135758295483455, "vehicle_ownership_at_least_1": 0.9319003325461461, "GHLTH_cdc_2": 0.17895320738717777, "ARTHRITIS_cdc_2": 0.26826503830996545, "CASTHMA_cdc_2": 0.1042778658633997, "BPHIGH_cdc_2": 0.33952277601601305, "CANCER_cdc_2": 0.06957070758181264, "KIDNEY_cdc_2": 0.03160977446566653, "COPD_cdc_2": 0.07570081843892593, "CHD_cdc_2": 0.0634405781025073, "DIABETES_cdc_2": 0.11329106221531568, "OBESITY_cdc_2": 0.35925949753344616, "STROKE_cdc_2": 0.03319867840673381, "DISABILITY_cdc_2": 0.3082998336765093, "HEARING_cdc_2": 0.07226813542092712, "VISION_cdc_2": 0.054784337121680175, "COGNITION_cdc_2": 0.1436933057409001, "MOBILITY_cdc_2": 0.1480037369004322, "SELFCARE_cdc_2": 0.04237887888207618, "INDEPLIVE_cdc_2": 0.08501642728890679, "BINGE_cdc_2": 0.16555414404310095, "CSMOKING_cdc_2": 0.1763026741393237, "LPA_cdc_2": 0.2610770384744345, "SLEEP_cdc_2": 0.35021664210941, "heating_utility_gas": 0.19070798592703234, "heating_electricity": 0.7811701768759943, "industry_agriculture,_forestry,_fishing_and_hunting": 0.004387734516844868, "industry_mining,_quarrying,_and_oil_and_gas_extraction": 0.0017219516412576728, "industry_accommodation_and_food_services": 0.09643649672901276, "industry_arts,_entertainment,_and_recreation": 0.020209516124383917, "industry_construction": 0.0707513184818005, "industry_educational_services": 0.09106170206634184, "industry_health_care_and_social_assistance": 0.1468053834404455, "industry_finance_and_insurance": 0.07719242629470574, "industry_real_estate_and_rental_and_leasing": 0.023494913398080654, "industry_information": 0.011693420559670301, "industry_manufacturing": 0.0460676100175796, "industry_other_services,_except_public_administration": 0.04960517594166963, "industry_administrative_and_support_and_waste_management_services": 0.04271016455805632, "industry_management_of_companies_and_enterprises": 0.0002305541946453789, "industry_professional,_scientific,_and_technical_services": 0.06165163261189081, "industry_public_administration": 0.04838756160119887, "industry_retail_trade": 0.13735266145998443, "industry_transportation_and_warehousing": 0.04180956223522304, "industry_utilities": 0.008753854577941743, "industry_wholesale_trade": 0.01967635954926658, "occupation_architecture_and_engineering_occupations": 0.015115709386437618, "occupation_computer_and_mathematical_occupations": 0.0233580218450099, "occupation_life,_physical,_and_social_science_occupations": 0.005216288653851694, "occupation_arts,_design,_entertainment,_sports,_and_media_occupations": 0.017068215222340644, "occupation_community_and_social_service_occupations": 0.0183722873858036, "occupation_educational_instruction,_and_library_occupations": 0.05572206691835485, "occupation_legal_occupations": 0.010655926683766087, "occupation_health_diagnosing_and_treating_practitioners_and_other_technical_occupations": 0.04243638145191506, "occupation_health_technologists_and_technicians": 0.022356552062019017, "occupation_business_and_financial_operations_occupations": 0.0473788869996254, "occupation_management_occupations": 0.09347531629153552, "occupation_construction_and_extraction_occupations": 0.05318597077725577, "occupation_farming,_fishing,_and_forestry_occupations": 0.0027738551543272116, "occupation_installation,_maintenance,_and_repair_occupations": 0.032681057090982416, "occupation_material_moving_occupations": 0.034028358165941415, "occupation_transportation_occupations": 0.0443168391019915, "occupation_office_and_administrative_support_occupations": 0.13717974581400041, "occupation_sales_and_related_occupations": 0.11601919363670456, "occupation_building_and_grounds_cleaning_and_maintenance_occupations": 0.03986426121790252, "occupation_food_preparation_and_serving_related_occupations": 0.07153664370731175, "occupation_healthcare_support_occupations": 0.03577192426294697, "occupation_personal_care_and_service_occupations": 0.023639009769733994, "occupation_firefighting_and_prevention,_and_other_protective_service_workers_including_supervisors": 0.012831781895731843, "occupation_law_enforcement_workers_including_supervisors": 0.009366264157468504, "sors_cohabiting_partnered_gay": 0.008186232074974611, "2020 Presidential Election-margin": -0.15068244603643002, "2016 Presidential Election-margin": -0.20332485795086042, "2016-2020 Swing-margin": 0.05264241191443039, "park_percent_1km_v2": 0.007169617592338177, "mean_dist_Hospital_updated": 5.655184795157968, "mean_dist_Active Superfund Site_updated": 8.554404950438254, "mean_dist_Airport_updated": 12.81734392480584, "mean_dist_Public School_updated": 1.783179297037804, "lapop1share_usda_fra_1": 0.5084553342286307, "mean_high_temp_4": 76.07009789613828, "mean_high_temp_winter_4": 63.95157136026056, "mean_high_temp_spring_4": 79.582415653037, "mean_high_temp_summer_4": 87.22724244878684, "mean_high_temp_fall_4": 72.94564614493346, "mean_high_heat_index_4": 79.85652095781289, "days_above_90_4": 0.08270084715015594, "days_below_40_4": 0.0014210963984713377, "wind_speed_over_10mph_4": 0.21523405556042646, "snowfall_4": 0.0007105761057221577, "rainfall_4": 1.4575280420629297, "hours_sunny_4": 5.777721165021201, "internet_no_access": 0.10873616399183844, "insurance_coverage_none": 0.15994814527928247, "insurance_coverage_govt": 0.18823156037524783, "insurance_coverage_private": 0.6518202943454696, "marriage_divorced": 0.13754506581705436}