{"population": 431480.0, "ad_1": 761.3504440703001, "population_change_2010": 0.12715056712799694, "ad_1_change_2010": 0.031479836146698296, "gpw_population": NaN, "gpw_pw_density_4": NaN, "white": 0.48583248354500785, "hispanic": 0.06578520441271901, "black": 0.36722907203114863, "asian": 0.02814498933901919, "citizenship_citizen_by_birth": 0.9518721067779645, "citizenship_citizen_by_naturalization": 0.02583892284686941, "citizenship_not_citizen": 0.022288970375166004, "birthplace_non_us": 0.04812789322203542, "birthplace_us_not_state": 0.4431649257457177, "birthplace_us_state": 0.5087071810322469, "language_english_only": 0.9200745551761804, "language_spanish": 0.04355849872837713, "education_high_school": 0.9001729175146282, "education_ugrad": 0.2946296119950903, "education_grad": 0.11647066086212023, "education_field_stem": 0.13788789702585194, "education_field_humanities": 0.0985808111460195, "education_field_business": 0.05816090382321888, "generation_silent": 0.05797917814793858, "generation_boomer": 0.21995530364159863, "generation_genx": 0.1798462870793784, "generation_millenial": 0.21287622304106915, "generation_genz": 0.20136028059387648, "generation_genalpha": 0.12798272749613876, "poverty_below_line": 0.15219561026760384, "household_income_under_50k": 0.4193164571798554, "household_income_over_100k": 0.2639857794714448, "individual_income_under_50k": 0.6966453995835519, "individual_income_over_100k": 0.09202585385923528, "housing_per_pop": 0.557761361850298, "vacancy": 0.08689007868553963, "rent_or_own_rent": 0.36308161053169585, "rent_burden_under_20": 0.2562078704950626, "rent_burden_over_40": 0.3810673782732369, "rent_1br_under_750": 0.4261380842084558, "rent_1br_over_1500": 0.040419803708368944, "rent_2br_under_750": 0.246697449655216, "rent_2br_over_1500": 0.02741941744034939, "year_built_1969_or_earlier": 0.28426376080402865, "year_built_2010_or_later": 0.12332304097393805, "transportation_means_car": 0.8989795338202351, "transportation_means_bike": 0.0027744889913464544, "transportation_means_walk": 0.013092505596199601, "transportation_means_transit": 0.0073946260442793645, "transportation_means_worked_at_home": 0.06174202262565043, "transportation_commute_time_under_15": 0.26075087999565233, "transportation_commute_time_over_60": 0.04510740371355646, "vehicle_ownership_at_least_1": 0.9286886116780457, "GHLTH_cdc_2": 0.18795401519497906, "ARTHRITIS_cdc_2": 0.25863221891896593, "CASTHMA_cdc_2": 0.10382030285644744, "BPHIGH_cdc_2": 0.3760829917070881, "CANCER_cdc_2": 0.061766571046089125, "KIDNEY_cdc_2": 0.032351000538952346, "COPD_cdc_2": 0.0693834593786401, "CHD_cdc_2": 0.0579790017211704, "DIABETES_cdc_2": 0.12725310593021438, "OBESITY_cdc_2": 0.3753031937272901, "STROKE_cdc_2": 0.03480934995392827, "DISABILITY_cdc_2": 0.31582073054121246, "HEARING_cdc_2": 0.060666238981901634, "VISION_cdc_2": 0.06441646064778594, "COGNITION_cdc_2": 0.15276367113475547, "MOBILITY_cdc_2": 0.15341983344633947, "SELFCARE_cdc_2": 0.047636892157374086, "INDEPLIVE_cdc_2": 0.0935946487247692, "BINGE_cdc_2": 0.15302926337384168, "CSMOKING_cdc_2": 0.17437427632608354, "LPA_cdc_2": 0.2650346911455345, "SLEEP_cdc_2": 0.39627300196456827, "heating_utility_gas": 0.39453991852215575, "heating_electricity": 0.5779554286507091, "industry_agriculture,_forestry,_fishing_and_hunting": 0.0033339251410395673, "industry_mining,_quarrying,_and_oil_and_gas_extraction": 0.001843877156740719, "industry_accommodation_and_food_services": 0.0852495940242647, "industry_arts,_entertainment,_and_recreation": 0.014530799420100875, "industry_construction": 0.05998751994919154, "industry_educational_services": 0.09382393840513832, "industry_health_care_and_social_assistance": 0.1561232542707531, "industry_finance_and_insurance": 0.02840490093657344, "industry_real_estate_and_rental_and_leasing": 0.01805444193786616, "industry_information": 0.014567606775060804, "industry_manufacturing": 0.10441354612394124, "industry_other_services,_except_public_administration": 0.04949237252541242, "industry_administrative_and_support_and_waste_management_services": 0.06212271709685029, "industry_management_of_companies_and_enterprises": 0.0005485624930291439, "industry_professional,_scientific,_and_technical_services": 0.06788184203268105, "industry_public_administration": 0.05790187092740525, "industry_retail_trade": 0.1096144508248111, "industry_transportation_and_warehousing": 0.03931481394675656, "industry_utilities": 0.018980107807053115, "industry_wholesale_trade": 0.013809858205330263, "occupation_architecture_and_engineering_occupations": 0.024812426984482768, "occupation_computer_and_mathematical_occupations": 0.029152368629798028, "occupation_life,_physical,_and_social_science_occupations": 0.009535349480378322, "occupation_arts,_design,_entertainment,_sports,_and_media_occupations": 0.012960849519701848, "occupation_community_and_social_service_occupations": 0.019259429073218048, "occupation_educational_instruction,_and_library_occupations": 0.06622207735780568, "occupation_legal_occupations": 0.008671637448947453, "occupation_health_diagnosing_and_treating_practitioners_and_other_technical_occupations": 0.05243410705974067, "occupation_health_technologists_and_technicians": 0.023148888938806577, "occupation_business_and_financial_operations_occupations": 0.040470213444275156, "occupation_management_occupations": 0.09285957055522759, "occupation_construction_and_extraction_occupations": 0.04555469165210981, "occupation_farming,_fishing,_and_forestry_occupations": 0.0009066949928754627, "occupation_installation,_maintenance,_and_repair_occupations": 0.028952226024056834, "occupation_material_moving_occupations": 0.032513140873637096, "occupation_transportation_occupations": 0.034483447593103546, "occupation_office_and_administrative_support_occupations": 0.12368236099356601, "occupation_sales_and_related_occupations": 0.09869664937426358, "occupation_building_and_grounds_cleaning_and_maintenance_occupations": 0.039476091496355566, "occupation_food_preparation_and_serving_related_occupations": 0.06285707001831554, "occupation_healthcare_support_occupations": 0.028469873957002383, "occupation_personal_care_and_service_occupations": 0.027637456032890178, "occupation_firefighting_and_prevention,_and_other_protective_service_workers_including_supervisors": 0.015946912614713565, "occupation_law_enforcement_workers_including_supervisors": 0.015777936402232916, "2020 Presidential Election-margin": 0.028498651447731033, "2016 Presidential Election-margin": -0.042813120798109755, "2016-2020 Swing-margin": 0.07131177224584079, "park_percent_1km_v2": 0.009365253258201351, "mean_dist_Hospital_updated": 5.577550792797417, "mean_dist_Active Superfund Site_updated": 11.053714453567803, "mean_dist_Airport_updated": 19.059437666506863, "mean_dist_Public School_updated": 1.277549842743217, "mean_high_temp_4": 75.40866333281154, "mean_high_temp_winter_4": 60.63563855336896, "mean_high_temp_spring_4": 80.81169085173228, "mean_high_temp_summer_4": 89.54441435447362, "mean_high_temp_fall_4": 69.87432150363557, "mean_high_heat_index_4": 77.49954674798413, "days_above_90_4": 0.16025497007284667, "days_below_40_4": 0.005997477657194545, "wind_speed_over_10mph_4": 0.07911564895665722, "snowfall_4": 0.004614171076648207, "rainfall_4": 1.0859515370081847, "hours_sunny_4": 5.528822661923502, "internet_no_access": 0.10598063855866967, "insurance_coverage_none": 0.15958930912035343, "insurance_coverage_govt": 0.1562968164949093, "insurance_coverage_private": 0.6841138743847373, "marriage_divorced": 0.12053082756601148}