{"population": 1015331.0, "ad_1": 889.5416015482189, "population_change_2010": 0.083045148792825, "ad_1_change_2010": 0.04218764307913949, "population_change_2000": 0.1812643901485581, "ad_1_change_2000": 0.013251821026469683, "gpw_population": NaN, "gpw_pw_density_4": NaN, "white": 0.5900873705225193, "hispanic": 0.11710663813081645, "black": 0.07779335014886771, "asian": 0.028122848607990893, "homogeneity_250_2020": 0.4746965224693668, "homogeneity_250_diff_2010": -0.09859601524839823, "homogeneity_250_diff_2000": -0.1764159513443484, "citizenship_citizen_by_birth": 0.9331948490171112, "citizenship_citizen_by_naturalization": 0.02554996029632196, "citizenship_not_citizen": 0.04125519068656686, "birthplace_non_us": 0.06680515098288863, "birthplace_us_not_state": 0.3229998158382985, "birthplace_us_state": 0.6101950331788129, "language_english_only": 0.8851297381930505, "language_spanish": 0.07817555070139452, "education_high_school": 0.9038154187982215, "education_ugrad": 0.2747976650324516, "education_grad": 0.09101770546393136, "education_field_stem": 0.1059259248735978, "education_field_humanities": 0.10016095876302004, "education_field_business": 0.068710781395837, "generation_silent": 0.06155357224188185, "generation_boomer": 0.21936925608575122, "generation_genx": 0.18266266131475417, "generation_millenial": 0.2037382844446739, "generation_genz": 0.1996540532405539, "generation_genalpha": 0.13302217267238503, "poverty_below_line": 0.13415509885525304, "household_income_under_50k": 0.4103602698287588, "household_income_over_100k": 0.2748764487320182, "individual_income_under_50k": 0.6806098945382375, "individual_income_over_100k": 0.0930746248999696, "housing_per_pop": 0.5678241393698873, "vacancy": 0.09099358548791041, "rent_or_own_rent": 0.3448046627398236, "rent_burden_under_20": 0.3118488678983189, "rent_burden_over_40": 0.28545631337686195, "rent_1br_under_750": 0.5310095730310666, "rent_1br_over_1500": 0.0366770423445116, "rent_2br_under_750": 0.2439424008861379, "rent_2br_over_1500": 0.0477454193012412, "year_built_1969_or_earlier": 0.3201572861933827, "year_built_2010_or_later": 0.09329054561230754, "transportation_means_car": 0.8994203725839018, "transportation_means_bike": 0.002770451663022081, "transportation_means_walk": 0.012622615555302903, "transportation_means_transit": 0.0032876312530982733, "transportation_means_worked_at_home": 0.07059823300550032, "transportation_commute_time_under_15": 0.28655178703782586, "transportation_commute_time_over_60": 0.03546829650119692, "vehicle_ownership_at_least_1": 0.9460574391004328, "traffic_fatalities_last_decade_per_capita": 0.00013266609608098245, "traffic_fatalities_ped_last_decade_per_capita": 2.3736101822952316e-05, "GHLTH_cdc_2": 0.19507306060354737, "ARTHRITIS_cdc_2": 0.24779308042940587, "CASTHMA_cdc_2": 0.11384535109257359, "BPHIGH_cdc_2": 0.3605134698414782, "CANCER_cdc_2": 0.06671727228189389, "KIDNEY_cdc_2": 0.03063758634421874, "COPD_cdc_2": 0.07582293382687867, "CHD_cdc_2": 0.06406228960087523, "DIABETES_cdc_2": 0.11677367428854879, "OBESITY_cdc_2": 0.3861105206008466, "STROKE_cdc_2": 0.0329579173101007, "DISABILITY_cdc_2": 0.3448786969364481, "HEARING_cdc_2": 0.0807533871573089, "VISION_cdc_2": 0.057297412323551136, "COGNITION_cdc_2": 0.15396363013875858, "MOBILITY_cdc_2": 0.16507297608576615, "SELFCARE_cdc_2": 0.04332869536069064, "INDEPLIVE_cdc_2": 0.0897430287159896, "BINGE_cdc_2": 0.13987175501878044, "CSMOKING_cdc_2": 0.1845829348582812, "LPA_cdc_2": 0.2865113712221277, "SLEEP_cdc_2": 0.3306551817991702, "heating_utility_gas": 0.6035872382748682, "heating_electricity": 0.334255780756407, "industry_agriculture,_forestry,_fishing_and_hunting": 0.006277659884150166, "industry_mining,_quarrying,_and_oil_and_gas_extraction": 0.01760740156350848, "industry_accommodation_and_food_services": 0.0665377102573081, "industry_arts,_entertainment,_and_recreation": 0.024292181191489917, "industry_construction": 0.07283224557125517, "industry_educational_services": 0.0810611270255792, "industry_health_care_and_social_assistance": 0.13519750581147558, "industry_finance_and_insurance": 0.042344672215870585, "industry_real_estate_and_rental_and_leasing": 0.01875493078964371, "industry_information": 0.020507866059713706, "industry_manufacturing": 0.11867856946981563, "industry_other_services,_except_public_administration": 0.0529255666980268, "industry_administrative_and_support_and_waste_management_services": 0.04094823040024316, "industry_management_of_companies_and_enterprises": 0.0017128561243044144, "industry_professional,_scientific,_and_technical_services": 0.05703895271082716, "industry_public_administration": 0.037168134125916026, "industry_retail_trade": 0.11283756133163918, "industry_transportation_and_warehousing": 0.052035387776282416, "industry_utilities": 0.013643784990149043, "industry_wholesale_trade": 0.027597656002801393, "occupation_architecture_and_engineering_occupations": 0.02147187498681582, "occupation_computer_and_mathematical_occupations": 0.024325932051081637, "occupation_life,_physical,_and_social_science_occupations": 0.0053600583889870865, "occupation_arts,_design,_entertainment,_sports,_and_media_occupations": 0.015962047158388542, "occupation_community_and_social_service_occupations": 0.01907345452704502, "occupation_educational_instruction,_and_library_occupations": 0.055802827478262984, "occupation_legal_occupations": 0.01090152764828227, "occupation_health_diagnosing_and_treating_practitioners_and_other_technical_occupations": 0.042568271660668726, "occupation_health_technologists_and_technicians": 0.02271643793427864, "occupation_business_and_financial_operations_occupations": 0.05214929692740634, "occupation_management_occupations": 0.10462555530711126, "occupation_construction_and_extraction_occupations": 0.055695246613312224, "occupation_farming,_fishing,_and_forestry_occupations": 0.0026325670481920096, "occupation_installation,_maintenance,_and_repair_occupations": 0.03952858486864596, "occupation_material_moving_occupations": 0.038176441056233204, "occupation_transportation_occupations": 0.03199370546468614, "occupation_office_and_administrative_support_occupations": 0.12150942281811354, "occupation_sales_and_related_occupations": 0.10072100273803726, "occupation_building_and_grounds_cleaning_and_maintenance_occupations": 0.03457142736604069, "occupation_food_preparation_and_serving_related_occupations": 0.05429669536896031, "occupation_healthcare_support_occupations": 0.02882534352046781, "occupation_personal_care_and_service_occupations": 0.026509190780952756, "occupation_firefighting_and_prevention,_and_other_protective_service_workers_including_supervisors": 0.011344507680429996, "occupation_law_enforcement_workers_including_supervisors": 0.007068695655842534, "sors_cohabiting_partnered_gay": 0.005643664936602812, "2020 Presidential Election-margin": -0.28127276331407663, "2016 Presidential Election-margin": -0.3262428193377667, "2016-2020 Swing-margin": 0.044970056023690086, "park_percent_1km_v2": 0.01741006643977484, "mean_dist_Hospital_updated": 5.99947714734571, "mean_dist_Active Superfund Site_updated": 29.73526745593241, "mean_dist_Airport_updated": 23.098306249624066, "mean_dist_Public School_updated": 1.8196406968077956, "lapop1share_usda_fra_1": 0.5194500140813425, "mean_high_temp_4": 71.87771397015162, "mean_high_temp_winter_4": 53.52890145857731, "mean_high_temp_spring_4": 77.16669561517138, "mean_high_temp_summer_4": 90.67039919983418, "mean_high_temp_fall_4": 65.17102874870268, "mean_high_heat_index_4": 73.29215290786355, "days_above_90_4": 0.1716031663968484, "days_below_40_4": 0.050850124576715026, "wind_speed_over_10mph_4": 0.21654311377864116, "snowfall_4": 0.029203543585068915, "rainfall_4": 1.0189289994352364, "hours_sunny_4": 6.192013704435752, "internet_no_access": 0.11072976413173881, "insurance_coverage_none": 0.1890184438568468, "insurance_coverage_govt": 0.12042503337958373,