{"population": 307594.0, "ad_1": 322.172285666601, "population_change_2010": -0.006222538123546136, "ad_1_change_2010": -0.009785958509803147, "population_change_2000": 0.030607219082017967, "ad_1_change_2000": -0.0110975684934221, "gpw_population": NaN, "gpw_pw_density_4": NaN, "white": 0.9157493319115457, "hispanic": 0.019629771712062004, "black": 0.01839762804215947, "asian": 0.0066256168845946276, "homogeneity_250_2020": 0.8554245773355081, "homogeneity_250_diff_2010": -0.05580186460718373, "homogeneity_250_diff_2000": -0.08082716752571373, "citizenship_citizen_by_birth": 0.9867005917038325, "citizenship_citizen_by_naturalization": 0.006556025671988204, "citizenship_not_citizen": 0.006743382624179103, "birthplace_non_us": 0.013299408296167336, "birthplace_us_not_state": 0.39914372018807304, "birthplace_us_state": 0.5875568715157596, "language_english_only": 0.9776355520416057, "language_spanish": 0.014105194503287644, "education_high_school": 0.8829059390036866, "education_ugrad": 0.21184423081940118, "education_grad": 0.07498340174493695, "education_field_stem": 0.09160562233732597, "education_field_humanities": 0.07695140455850719, "education_field_business": 0.043287203923567906, "generation_silent": 0.09261216846839511, "generation_boomer": 0.27493619362187105, "generation_genx": 0.19888770074325066, "generation_millenial": 0.16712037973702468, "generation_genz": 0.1715211664852795, "generation_genalpha": 0.09492239094417906, "poverty_below_line": 0.15587220620151843, "household_income_under_50k": 0.5049607429022848, "household_income_over_100k": 0.19536867731757027, "individual_income_under_50k": 0.7604363517868222, "individual_income_over_100k": 0.059329295650520426, "housing_per_pop": 0.5953102882511904, "vacancy": 0.11583590588839277, "rent_or_own_rent": 0.26548149943157273, "rent_burden_under_20": 0.33565499017973277, "rent_burden_over_40": 0.28469466848417635, "rent_1br_under_750": 0.8032786885245897, "rent_1br_over_1500": 0.033739992375143024, "rent_2br_under_750": 0.596378974422751, "rent_2br_over_1500": 0.0053683206897981155, "year_built_1969_or_earlier": 0.37780914902906687, "year_built_2010_or_later": 0.051409378839947124, "transportation_means_car": 0.9147845222001983, "transportation_means_bike": 0.0015496598300947335, "transportation_means_walk": 0.01291910286925918, "transportation_means_transit": 0.0014073441314125645, "transportation_means_worked_at_home": 0.05832571717657616, "transportation_commute_time_under_15": 0.2846128901628323, "transportation_commute_time_over_60": 0.05335448533951017, "vehicle_ownership_at_least_1": 0.9438487956624522, "GHLTH_cdc_2": 0.20703468970627842, "ARTHRITIS_cdc_2": 0.3413993794939881, "CASTHMA_cdc_2": 0.10807626035194619, "BPHIGH_cdc_2": 0.3956286694950442, "CANCER_cdc_2": 0.07901851339136727, "KIDNEY_cdc_2": 0.03476327939871161, "COPD_cdc_2": 0.10340721317882988, "CHD_cdc_2": 0.07828352727539174, "DIABETES_cdc_2": 0.13300491030349326, "OBESITY_cdc_2": 0.3760211680496402, "STROKE_cdc_2": 0.037765388467708355, "DISABILITY_cdc_2": 0.3542360325073518, "HEARING_cdc_2": 0.0848429598625444, "VISION_cdc_2": 0.057739261255832064, "COGNITION_cdc_2": 0.16458855239692644, "MOBILITY_cdc_2": 0.17911901175052738, "SELFCARE_cdc_2": 0.04688236036578901, "INDEPLIVE_cdc_2": 0.09689427782708769, "BINGE_cdc_2": 0.13652398557038567, "CSMOKING_cdc_2": 0.21511181322932132, "LPA_cdc_2": 0.30857895165427734, "SLEEP_cdc_2": 0.35970569937216545, "heating_utility_gas": 0.10774175058235576, "heating_electricity": 0.823135756270668, "industry_agriculture,_forestry,_fishing_and_hunting": 0.0060130485187500134, "industry_mining,_quarrying,_and_oil_and_gas_extraction": 0.004461294062298393, "industry_accommodation_and_food_services": 0.08194039407292718, "industry_arts,_entertainment,_and_recreation": 0.011459706660895155, "industry_construction": 0.0688020435701905, "industry_educational_services": 0.08171538967674195, "industry_health_care_and_social_assistance": 0.15524994071050066, "industry_finance_and_insurance": 0.03574864276194359, "industry_real_estate_and_rental_and_leasing": 0.011837137473851903, "industry_information": 0.01791500519973394, "industry_manufacturing": 0.16260253493378127, "industry_other_services,_except_public_administration": 0.04798975183738658, "industry_administrative_and_support_and_waste_management_services": 0.03576018144892758, "industry_management_of_companies_and_enterprises": 0.0026379825759677415, "industry_professional,_scientific,_and_technical_services": 0.036680382693033, "industry_public_administration": 0.03721107186570966, "industry_retail_trade": 0.12905466159970033, "industry_transportation_and_warehousing": 0.04244119876974463, "industry_utilities": 0.0074949740246612875, "industry_wholesale_trade": 0.02298465754325473, "occupation_architecture_and_engineering_occupations": 0.018330886245492742, "occupation_computer_and_mathematical_occupations": 0.018147768368201506, "occupation_life,_physical,_and_social_science_occupations": 0.007386351212709672, "occupation_arts,_design,_entertainment,_sports,_and_media_occupations": 0.013314053236354848, "occupation_community_and_social_service_occupations": 0.016371009515564576, "occupation_educational_instruction,_and_library_occupations": 0.056414033264297905, "occupation_legal_occupations": 0.007401868757274173, "occupation_health_diagnosing_and_treating_practitioners_and_other_technical_occupations": 0.04867853729888684, "occupation_health_technologists_and_technicians": 0.030429904891016102, "occupation_business_and_financial_operations_occupations": 0.03816540085642725, "occupation_management_occupations": 0.08741862987569013, "occupation_construction_and_extraction_occupations": 0.05285000775786823, "occupation_farming,_fishing,_and_forestry_occupations": 0.002917298378129033, "occupation_installation,_maintenance,_and_repair_occupations": 0.03831854165899146, "occupation_material_moving_occupations": 0.04710198732542139, "occupation_transportation_occupations": 0.04264997123557262, "occupation_office_and_administrative_support_occupations": 0.10833476074849024, "occupation_sales_and_related_occupations": 0.10202724964019867, "occupation_building_and_grounds_cleaning_and_maintenance_occupations": 0.033013576061008035, "occupation_food_preparation_and_serving_related_occupations": 0.06234949406022579, "occupation_healthcare_support_occupations": 0.03468171210169359, "occupation_personal_care_and_service_occupations": 0.02115817201371773, "occupation_firefighting_and_prevention,_and_other_protective_service_workers_including_supervisors": 0.009923469749008075, "occupation_law_enforcement_workers_including_supervisors": 0.010932110145701581, "sors_cohabiting_partnered_gay": 0.006660262155905041, "2020 Presidential Election-margin": -0.5485644174883587, "2016 Presidential Election-margin": -0.5636324087533159, "2016-2020 Swing-margin": 0.01506799126495717, "park_percent_1km_v2": 0.0046833698514158, "mean_dist_Hospital_updated": 7.9692308454599825, "mean_dist_Active Superfund Site_updated": 58.402871162116085, "mean_dist_Airport_updated": 27.435447191700266, "mean_dist_Public School_updated": 2.417668715220546, "lapop1share_usda_fra_1": 0.3371645594120176, "mean_high_temp_4": 65.62204998061316, "mean_high_temp_winter_4": 49.180486187964874, "mean_high_temp_spring_4": 71.08743801183974, "mean_high_temp_summer_4": 81.26093131223091, "mean_high_temp_fall_4": 60.12886930285706, "mean_high_heat_index_4": 65.3625812688412, "days_above_90_4": 0.010781291334100601, "days_below_40_4": 0.0707902244533641, "wind_speed_over_10mph_4": 0.03202541850982004, "snowfall_4": 0.06330608192152609, "rainfall_4": 1.0944442994154233, "hours_sunny_4": 4.767445940366324, "internet_no_access": 0.1633962866049738, "insurance_coverage_none": 0.13859809784475027, "insurance_coverage_govt": 0.22753730064333913, "insurance_coverage_private": 0.6338646015119105, "marriage_divorced": 0.1459528893279228}