{"population": 3898338.0, "ad_1": 5725.811739290659, "population_change_2010": 0.027972238190419434, "ad_1_change_2010": 0.012424447833334991, "population_change_2000": 0.05486728441497013, "ad_1_change_2000": 0.005586407027331271, "gpw_population": NaN, "gpw_pw_density_4": NaN, "white": 0.2887515141067809, "hispanic": 0.46944877534990553, "black": 0.08273833618326579, "asian": 0.11659609813207578, "homogeneity_250_2020": 0.49617172135582216, "homogeneity_250_diff_2010": -0.0459036490876053, "homogeneity_250_diff_2000": -0.049713580745249175, "citizenship_citizen_by_birth": 0.6376306021303952, "citizenship_citizen_by_naturalization": 0.17863872757636806, "citizenship_not_citizen": 0.18373067029323684, "birthplace_non_us": 0.36236939786960237, "birthplace_us_not_state": 0.16712360031327675, "birthplace_us_state": 0.47050700181712074, "language_english_only": 0.4194316939687479, "language_spanish": 0.41479617247621187, "education_high_school": 0.7872608778135604, "education_ugrad": 0.35527943177704047, "education_grad": 0.12293245671696196, "education_field_stem": 0.1507627798546528, "education_field_humanities": 0.14461791062337523, "education_field_business": 0.05989874129901287, "generation_silent": 0.05297301945162997, "generation_boomer": 0.19036007363629406, "generation_genx": 0.1990463672724557, "generation_millenial": 0.25661633280049057, "generation_genz": 0.19006037122556219, "generation_genalpha": 0.11094383561356747, "poverty_below_line": 0.16605041600177695, "household_income_under_50k": 0.3759930723390658, "household_income_over_100k": 0.3557759135510085, "individual_income_under_50k": 0.661486982192101, "individual_income_over_100k": 0.13550679540081714, "housing_per_pop": 0.47542304721102324, "vacancy": 0.05754246889402077, "rent_or_own_rent": 0.6312041617631893, "rent_burden_under_20": 0.19254137601905416, "rent_burden_over_40": 0.4235640697237022, "rent_1br_under_750": 0.09912655157854534, "rent_1br_over_1500": 0.46761151043532534, "rent_2br_under_750": 0.044410175465000236, "rent_2br_over_1500": 0.6983523874794252, "year_built_1969_or_earlier": 0.594856775213977, "year_built_2010_or_later": 0.04990724127957654, "transportation_means_car": 0.7453864292685719, "transportation_means_bike": 0.009410117572714202, "transportation_means_walk": 0.03171431545447222, "transportation_means_transit": 0.07682119800477899, "transportation_means_worked_at_home": 0.12370328386557015, "transportation_commute_time_under_15": 0.15216414458525088, "transportation_commute_time_over_60": 0.1367116218751766, "vehicle_ownership_at_least_1": 0.8832102372027741, "traffic_fatalities_last_decade_per_capita": 7.349285772552303e-05, "traffic_fatalities_ped_last_decade_per_capita": 3.606665199374708e-05, "GHLTH_cdc_2": 0.19300295046408955, "ARTHRITIS_cdc_2": 0.16974612837405104, "CASTHMA_cdc_2": 0.09730436381518343, "BPHIGH_cdc_2": 0.2617904175715244, "CANCER_cdc_2": 0.04692345032462136, "KIDNEY_cdc_2": 0.02839915971413599, "COPD_cdc_2": 0.04822461584434127, "CHD_cdc_2": 0.04304904539559341, "DIABETES_cdc_2": 0.11134081580252683, "OBESITY_cdc_2": 0.2923422318776813, "STROKE_cdc_2": 0.02693160476687342, "DISABILITY_cdc_2": 0.2766448470201876, "HEARING_cdc_2": 0.05516380006778327, "VISION_cdc_2": 0.065456114717598, "COGNITION_cdc_2": 0.14274500141244756, "MOBILITY_cdc_2": 0.12126977224227914, "SELFCARE_cdc_2": 0.04380576278189666, "INDEPLIVE_cdc_2": 0.08209456703738105, "BINGE_cdc_2": 0.15498126877605936, "CSMOKING_cdc_2": 0.1179055127799958, "LPA_cdc_2": 0.22395601068865217, "SLEEP_cdc_2": 0.33343657252719605, "heating_utility_gas": 0.5899284539874312, "heating_electricity": 0.31828121976436863, "industry_agriculture,_forestry,_fishing_and_hunting": 0.0036247004091496857, "industry_mining,_quarrying,_and_oil_and_gas_extraction": 0.0003236121935462294, "industry_accommodation_and_food_services": 0.08229303764054666, "industry_arts,_entertainment,_and_recreation": 0.04084539006315546, "industry_construction": 0.06424178636537792, "industry_educational_services": 0.07906809455526209, "industry_health_care_and_social_assistance": 0.12125539450199596, "industry_finance_and_insurance": 0.035879454674076404, "industry_real_estate_and_rental_and_leasing": 0.024063508107230725, "industry_information": 0.06311031295966014, "industry_manufacturing": 0.07314513173012598, "industry_other_services,_except_public_administration": 0.06320438217741914, "industry_administrative_and_support_and_waste_management_services": 0.05299489490094382, "industry_management_of_companies_and_enterprises": 0.0011833268539754543, "industry_professional,_scientific,_and_technical_services": 0.09491466966068535, "industry_public_administration": 0.025579738245273244, "industry_retail_trade": 0.09738699658446798, "industry_transportation_and_warehousing": 0.04793640499441485, "industry_utilities": 0.003389072950761786, "industry_wholesale_trade": 0.025560090431931064, "occupation_architecture_and_engineering_occupations": 0.014619199612158436, "occupation_computer_and_mathematical_occupations": 0.025681847243843366, "occupation_life,_physical,_and_social_science_occupations": 0.008574682992130324, "occupation_arts,_design,_entertainment,_sports,_and_media_occupations": 0.07066931132686935, "occupation_community_and_social_service_occupations": 0.016120968863209, "occupation_educational_instruction,_and_library_occupations": 0.05014858992642278, "occupation_legal_occupations": 0.01873874914031695, "occupation_health_diagnosing_and_treating_practitioners_and_other_technical_occupations": 0.031228836741584873, "occupation_health_technologists_and_technicians": 0.01420735843121647, "occupation_business_and_financial_operations_occupations": 0.055715679215183264, "occupation_management_occupations": 0.10293966249170033, "occupation_construction_and_extraction_occupations": 0.05267406147290007, "occupation_farming,_fishing,_and_forestry_occupations": 0.002786713751445507, "occupation_installation,_maintenance,_and_repair_occupations": 0.021600893911170052, "occupation_material_moving_occupations": 0.03347219914207157, "occupation_transportation_occupations": 0.03496143969294161, "occupation_office_and_administrative_support_occupations": 0.10306013927529424, "occupation_sales_and_related_occupations": 0.09523524934305873, "occupation_building_and_grounds_cleaning_and_maintenance_occupations": 0.05196035128494609, "occupation_food_preparation_and_serving_related_occupations": 0.06157829436032578, "occupation_healthcare_support_occupations": 0.03858857864331243, "occupation_personal_care_and_service_occupations": 0.030739924992098606, "occupation_firefighting_and_prevention,_and_other_protective_service_workers_including_supervisors": 0.012206478432659922, "occupation_law_enforcement_workers_including_supervisors": 0.002764325336607942, "sors_cohabiting_partnered_gay": 0.009791852058424127, "2020 Presidential Election-margin": 0.5512171427728947, "2016 Presidential Election-margin": 0.6206188500964583, "2016-2020 Swing-margin": -0.06940170732356366, "park_percent_1km_v2": 0.018102623930091894, "mean_dist_Hospital_updated": 2.3458210721815913, "mean_dist_Active Superfund Site_updated": 11.175806663568293, "mean_dist_Airport_updated": 13.336786779847163, "mean_dist_Public School_updated": 0.5334623151875669, "lapop1share_usda_fra_1": 0.9538366939593359, "mean_high_temp_4": 74.22019377559555, "mean_high_temp_winter_4": 65.26525509192732, "mean_high_temp_spring_4": 73.47516623737027, "mean_high_temp_summer_4": 84.521745721749, "mean_high_temp_fall_4": 73.19305897690813, "mean_high_heat_index_4": 73.57181431541171, "days_above_90_4": 0.07877346870754655, "days_below_40_4": 2.9225176591183434e-07, "wind_speed_over_10mph_4": 0.006843920060786821, "snowfall_4": 4.809581370951625e-06, "rainfall_4": 0.36061935772336384, "hours_sunny_4": 8.308313717682129, "internet_no_access": 0.09160646140918582, "insurance_coverage_none": 0.14124048855715382, "insurance_coverage_govt": 0.25687101898489295,