{"population": 409129.0, "ad_1": 314.690670669062, "population_change_2010": -0.025618858452056033, "ad_1_change_2010": -0.0759625760328282, "gpw_population": NaN, "gpw_pw_density_4": NaN, "white": 0.5044716947466447, "hispanic": 0.07696350050961921, "black": 0.3796333185865583, "asian": 0.009236695516573013, "citizenship_citizen_by_birth": 0.9578169161903182, "citizenship_citizen_by_naturalization": 0.013921906500632148, "citizenship_not_citizen": 0.02826117730904973, "birthplace_non_us": 0.04218308380968187, "birthplace_us_not_state": 0.19062077449147455, "birthplace_us_state": 0.7671961416988435, "language_english_only": 0.918473730279474, "language_spanish": 0.06472604880895318, "education_high_school": 0.8293760238890157, "education_ugrad": 0.1594087192142062, "education_grad": 0.06731573453884385, "education_field_stem": 0.05973981986465656, "education_field_humanities": 0.06526622842488716, "education_field_business": 0.0344026709246625, "generation_silent": 0.061176820904338146, "generation_boomer": 0.22435894306760326, "generation_genx": 0.18656184558008757, "generation_millenial": 0.18994225240045495, "generation_genz": 0.208909141498704, "generation_genalpha": 0.1290509965488121, "poverty_below_line": 0.2293838476007932, "household_income_under_50k": 0.5412746927056458, "household_income_over_100k": 0.174029823099009, "individual_income_under_50k": 0.7724511440745416, "individual_income_over_100k": 0.045862933169462224, "housing_per_pop": 0.5675239716820504, "vacancy": 0.11330107599648102, "rent_or_own_rent": 0.3918614959181783, "rent_burden_under_20": 0.3219871023724535, "rent_burden_over_40": 0.32735125327864, "rent_1br_under_750": 0.8064781321933574, "rent_1br_over_1500": 0.01775731667214732, "rent_2br_under_750": 0.6187150837988827, "rent_2br_over_1500": 0.007412978083369145, "year_built_1969_or_earlier": 0.3023999279571345, "year_built_2010_or_later": 0.048634562564726015, "transportation_means_car": 0.9285084807146737, "transportation_means_bike": 0.0030180479266010743, "transportation_means_walk": 0.011661737188386551, "transportation_means_transit": 0.005746363252248446, "transportation_means_worked_at_home": 0.034393674171545846, "transportation_commute_time_under_15": 0.36588903058035155, "transportation_commute_time_over_60": 0.05395944290250794, "vehicle_ownership_at_least_1": 0.9136995726326096, "GHLTH_cdc_2": 0.2384261338209775, "ARTHRITIS_cdc_2": 0.2813107443763703, "CASTHMA_cdc_2": 0.11321476196761844, "BPHIGH_cdc_2": 0.4185204420992309, "CANCER_cdc_2": 0.061616034950693635, "KIDNEY_cdc_2": 0.036982360459613214, "COPD_cdc_2": 0.08919747657022173, "CHD_cdc_2": 0.06913028598656189, "DIABETES_cdc_2": 0.14856679297766645, "OBESITY_cdc_2": 0.40449646017984026, "STROKE_cdc_2": 0.04185060316990171, "DISABILITY_cdc_2": 0.37584474049367533, "HEARING_cdc_2": 0.06910877662913824, "VISION_cdc_2": 0.08344909838414212, "COGNITION_cdc_2": 0.18631063169450982, "MOBILITY_cdc_2": 0.1914291665727651, "SELFCARE_cdc_2": 0.061897607603128055, "INDEPLIVE_cdc_2": 0.11740347832805874, "BINGE_cdc_2": 0.13994304736823465, "CSMOKING_cdc_2": 0.2176683966015151, "LPA_cdc_2": 0.329144184489181, "SLEEP_cdc_2": 0.39404969913943255, "heating_utility_gas": 0.09538363831222958, "heating_electricity": 0.8510432792177721, "industry_agriculture,_forestry,_fishing_and_hunting": 0.04465529351539899, "industry_mining,_quarrying,_and_oil_and_gas_extraction": 0.0015714472791342755, "industry_accommodation_and_food_services": 0.07469136537339731, "industry_arts,_entertainment,_and_recreation": 0.010553697067822236, "industry_construction": 0.06948297003535757, "industry_educational_services": 0.09651305372683008, "industry_health_care_and_social_assistance": 0.13715044226716985, "industry_finance_and_insurance": 0.02747651757759021, "industry_real_estate_and_rental_and_leasing": 0.014988273669924642, "industry_information": 0.00863105513160871, "industry_manufacturing": 0.12322170502029786, "industry_other_services,_except_public_administration": 0.04972083000988107, "industry_administrative_and_support_and_waste_management_services": 0.03342301694067786, "industry_management_of_companies_and_enterprises": 0.0006547696996392814, "industry_professional,_scientific,_and_technical_services": 0.033048012476339005, "industry_public_administration": 0.06575673519922856, "industry_retail_trade": 0.1188942725508637, "industry_transportation_and_warehousing": 0.05505422683603376, "industry_utilities": 0.008303670281789069, "industry_wholesale_trade": 0.026208645341015965, "occupation_architecture_and_engineering_occupations": 0.009488208192954678, "occupation_computer_and_mathematical_occupations": 0.01077393778497363, "occupation_life,_physical,_and_social_science_occupations": 0.008065572209192967, "occupation_arts,_design,_entertainment,_sports,_and_media_occupations": 0.00832748008904868, "occupation_community_and_social_service_occupations": 0.018339504041714784, "occupation_educational_instruction,_and_library_occupations": 0.06460791199895237, "occupation_legal_occupations": 0.004506006023881236, "occupation_health_diagnosing_and_treating_practitioners_and_other_technical_occupations": 0.03995880903344087, "occupation_health_technologists_and_technicians": 0.024232431338468315, "occupation_business_and_financial_operations_occupations": 0.02801819069274634, "occupation_management_occupations": 0.085643876712818, "occupation_construction_and_extraction_occupations": 0.06067334134930178, "occupation_farming,_fishing,_and_forestry_occupations": 0.022387171275848522, "occupation_installation,_maintenance,_and_repair_occupations": 0.040595721377635445, "occupation_material_moving_occupations": 0.05641733830164645, "occupation_transportation_occupations": 0.04799461898355933, "occupation_office_and_administrative_support_occupations": 0.11414421600257146, "occupation_sales_and_related_occupations": 0.09622138358789986, "occupation_building_and_grounds_cleaning_and_maintenance_occupations": 0.0397802354789938, "occupation_food_preparation_and_serving_related_occupations": 0.0521137156394719, "occupation_healthcare_support_occupations": 0.03147656519720473, "occupation_personal_care_and_service_occupations": 0.02389909403683377, "occupation_firefighting_and_prevention,_and_other_protective_service_workers_including_supervisors": 0.009006059595947571, "occupation_law_enforcement_workers_including_supervisors": 0.01800616674008024, "2020 Presidential Election-margin": -0.2018257161732028, "2016 Presidential Election-margin": -0.19997723498848358, "2016-2020 Swing-margin": -0.001848481184719225, "park_percent_1km_v2": 0.0051608215958021545, "mean_dist_Hospital_updated": 8.871193617377386, "mean_dist_Active Superfund Site_updated": 26.074753182388264, "mean_dist_Airport_updated": 46.37872050884008, "mean_dist_Public School_updated": 4.081926018589637, "mean_high_temp_4": 78.02476450780448, "mean_high_temp_winter_4": 64.71149220625459, "mean_high_temp_spring_4": 82.73065434621897, "mean_high_temp_summer_4": 90.59454411614495, "mean_high_temp_fall_4": 73.38539032861239, "mean_high_heat_index_4": 80.9531797229333, "days_above_90_4": 0.1966391099695139, "days_below_40_4": 0.001723163884723175, "wind_speed_over_10mph_4": 0.10098319797737434, "snowfall_4": 0.0008889651503001537, "rainfall_4": 1.0528698477994245, "hours_sunny_4": 5.52105079088828, "internet_no_access": 0.22123208827849006, "insurance_coverage_none": 0.2484551791487069, "insurance_coverage_govt": 0.18636348329741378, "insurance_coverage_private": 0.5651813375538793, "marriage_divorced": 0.12952986294672186}