{"population": 875026.0, "ad_1": 1402.9744761689276, "population_change_2010": 0.18841284371273587, "ad_1_change_2010": 0.1954941950863301, "gpw_population": NaN, "gpw_pw_density_4": NaN, "white": 0.3971002004511866, "hispanic": 0.16318486536400062, "black": 0.3250749120597559, "asian": 0.0701659150699522, "citizenship_citizen_by_birth": 0.8270267981601005, "citizenship_citizen_by_naturalization": 0.06218056032690891, "citizenship_not_citizen": 0.11079264151299054, "birthplace_non_us": 0.17297320183989942, "birthplace_us_not_state": 0.4145554310841151, "birthplace_us_state": 0.41247136707598536, "language_english_only": 0.7777888620451551, "language_spanish": 0.12774651384529526, "education_high_school": 0.8998946389713252, "education_ugrad": 0.4477090131583378, "education_grad": 0.1583940297606095, "education_field_stem": 0.18468565915743704, "education_field_humanities": 0.1402386974134824, "education_field_business": 0.12278465658741833, "generation_silent": 0.03827160813295427, "generation_boomer": 0.17398927933838904, "generation_genx": 0.20036900293167528, "generation_millenial": 0.2600794327765435, "generation_genz": 0.1961726807541735, "generation_genalpha": 0.13111799606626443, "poverty_below_line": 0.11508635815551692, "household_income_under_50k": 0.3574279817683686, "household_income_over_100k": 0.33456689180402427, "individual_income_under_50k": 0.6192509695529399, "individual_income_over_100k": 0.14162166387958686, "housing_per_pop": 0.5622870819483953, "vacancy": 0.06443771555749647, "rent_or_own_rent": 0.4752517275088259, "rent_burden_under_20": 0.2701428517967255, "rent_burden_over_40": 0.29910530888883335, "rent_1br_under_750": 0.11244515466313686, "rent_1br_over_1500": 0.1662128145793417, "rent_2br_under_750": 0.07513185655425005, "rent_2br_over_1500": 0.25516642057842337, "year_built_1969_or_earlier": 0.20184158636225316, "year_built_2010_or_later": 0.13672895238611946, "transportation_means_car": 0.7761242572592507, "transportation_means_bike": 0.0019818457464821954, "transportation_means_walk": 0.017686408054555396, "transportation_means_transit": 0.026577183976384578, "transportation_means_worked_at_home": 0.16709479295219148, "transportation_commute_time_under_15": 0.2119614831635826, "transportation_commute_time_over_60": 0.05363822453613349, "vehicle_ownership_at_least_1": 0.9372922204267481, "GHLTH_cdc_2": 0.13698501759197665, "ARTHRITIS_cdc_2": 0.1965288985905052, "CASTHMA_cdc_2": 0.09957735768569219, "BPHIGH_cdc_2": 0.285647391305746, "CANCER_cdc_2": 0.05000679268340238, "KIDNEY_cdc_2": 0.02575720973742819, "COPD_cdc_2": 0.05109480270128592, "CHD_cdc_2": 0.0429143239428271, "DIABETES_cdc_2": 0.10110881404304993, "OBESITY_cdc_2": 0.34833426648842863, "STROKE_cdc_2": 0.026376996701500614, "DISABILITY_cdc_2": 0.26633587271875514, "HEARING_cdc_2": 0.05226866843023903, "VISION_cdc_2": 0.05128836477955866, "COGNITION_cdc_2": 0.12941700254136865, "MOBILITY_cdc_2": 0.11794726208851107, "SELFCARE_cdc_2": 0.03644731001132387, "INDEPLIVE_cdc_2": 0.07361576326256628, "BINGE_cdc_2": 0.18613657524144442, "CSMOKING_cdc_2": 0.14250506248722303, "LPA_cdc_2": 0.20867366497345546, "SLEEP_cdc_2": 0.32758283890971346, "heating_utility_gas": 0.4591955213505986, "heating_electricity": 0.5205375257788502, "industry_agriculture,_forestry,_fishing_and_hunting": 0.0018727357823161719, "industry_mining,_quarrying,_and_oil_and_gas_extraction": 0.0003785778999126388, "industry_accommodation_and_food_services": 0.07199123457513452, "industry_arts,_entertainment,_and_recreation": 0.019793323650332883, "industry_construction": 0.07133205550981107, "industry_educational_services": 0.06669972455613928, "industry_health_care_and_social_assistance": 0.11069638036771041, "industry_finance_and_insurance": 0.11619207956443012, "industry_real_estate_and_rental_and_leasing": 0.023525552314032284, "industry_information": 0.02458584317094832, "industry_manufacturing": 0.07909341337766346, "industry_other_services,_except_public_administration": 0.048099120072151384, "industry_administrative_and_support_and_waste_management_services": 0.05225029508280051, "industry_management_of_companies_and_enterprises": 0.0013738429584141938, "industry_professional,_scientific,_and_technical_services": 0.09677551613984521, "industry_public_administration": 0.01869349239627719, "industry_retail_trade": 0.10352690491417837, "industry_transportation_and_warehousing": 0.055467254287010014, "industry_utilities": 0.008470030259194714, "industry_wholesale_trade": 0.029182623121697355, "occupation_architecture_and_engineering_occupations": 0.0191145688330213, "occupation_computer_and_mathematical_occupations": 0.053090056898172706, "occupation_life,_physical,_and_social_science_occupations": 0.005567204087641761, "occupation_arts,_design,_entertainment,_sports,_and_media_occupations": 0.021792911069757993, "occupation_community_and_social_service_occupations": 0.018998357742417645, "occupation_educational_instruction,_and_library_occupations": 0.051683328682143245, "occupation_legal_occupations": 0.014963096476140364, "occupation_health_diagnosing_and_treating_practitioners_and_other_technical_occupations": 0.032345630149905, "occupation_health_technologists_and_technicians": 0.013916302334970723, "occupation_business_and_financial_operations_occupations": 0.09435250108517008, "occupation_management_occupations": 0.1261205955682349, "occupation_construction_and_extraction_occupations": 0.049679529411587285, "occupation_farming,_fishing,_and_forestry_occupations": 0.00129995897453724, "occupation_installation,_maintenance,_and_repair_occupations": 0.018638781921951012, "occupation_material_moving_occupations": 0.04253395219423291, "occupation_transportation_occupations": 0.03515673407888092, "occupation_office_and_administrative_support_occupations": 0.10450568849406933, "occupation_sales_and_related_occupations": 0.10981181798817351, "occupation_building_and_grounds_cleaning_and_maintenance_occupations": 0.0316374737616168, "occupation_food_preparation_and_serving_related_occupations": 0.05108035237070733, "occupation_healthcare_support_occupations": 0.022652304359310094, "occupation_personal_care_and_service_occupations": 0.02628087860763338, "occupation_firefighting_and_prevention,_and_other_protective_service_workers_including_supervisors": 0.010937825586098984, "occupation_law_enforcement_workers_including_supervisors": 0.004174951070075412, "2020 Presidential Election-margin": 0.43265353037950327, "2016 Presidential Election-margin": 0.3843802911164135, "2016-2020 Swing-margin": 0.048273239263089796, "park_percent_1km_v2": 0.029013165797286203, "mean_dist_Hospital_updated": 5.500404055788728, "mean_dist_Active Superfund Site_updated": 16.37993215207, "mean_dist_Airport_updated": 13.16023835551667, "mean_dist_Public School_updated": 1.0488010740737326, "mean_high_temp_4": 71.7716254886345, "mean_high_temp_winter_4": 55.578356745795496, "mean_high_temp_spring_4": 77.58946330494251, "mean_high_temp_summer_4": 87.49912364204275, "mean_high_temp_fall_4": 65.56848686226368, "mean_high_heat_index_4": 72.87319737184619, "days_above_90_4": 0.11314526710536443, "days_below_40_4": 0.02214739149085165, "wind_speed_over_10mph_4": 0.0582202691207887, "snowfall_4": 0.015933022354424734, "rainfall_4": 1.06913805829259, "hours_sunny_4": 5.370691153094965, "internet_no_access": 0.07625014828009927, "insurance_coverage_none": 0.15944525788139535, "insurance_coverage_govt": 0.09849086800155102, "insurance_coverage_private": 0.7420638741170537, "marriage_divorced": 0.1018918430369395}