{"population": 766987.0, "ad_1": 1116.8464784999328, "population_change_2010": 0.25390646712812953, "ad_1_change_2010": 0.18672025971183104, "population_change_2000": 0.6565880187994609, "ad_1_change_2000": 0.3514563549901781, "gpw_population": NaN, "gpw_pw_density_4": NaN, "white": 0.5950661484484092, "hispanic": 0.1428381445839369, "black": 0.08825442934495631, "asian": 0.11650393031433388, "homogeneity_250_2020": 0.5097162424739066, "homogeneity_250_diff_2010": -0.099790907483988, "homogeneity_250_diff_2000": -0.2075244065187204, "citizenship_citizen_by_birth": 0.8417959947804611, "citizenship_citizen_by_naturalization": 0.06797049342206989, "citizenship_not_citizen": 0.09023351179746908, "birthplace_non_us": 0.15820400521954162, "birthplace_us_not_state": 0.3161732383159696, "birthplace_us_state": 0.5256227564644886, "language_english_only": 0.7873883755398594, "language_spanish": 0.09423022365778935, "education_high_school": 0.9264176964414723, "education_ugrad": 0.40863506793007254, "education_grad": 0.15294197411807953, "education_field_stem": 0.1952387582403602, "education_field_humanities": 0.11241773098172242, "education_field_business": 0.10097857870798906, "generation_silent": 0.05573736545076784, "generation_boomer": 0.2071147643614589, "generation_genx": 0.20934834042136513, "generation_millenial": 0.20120756607088322, "generation_genz": 0.1978630552367669, "generation_genalpha": 0.128728908458758, "poverty_below_line": 0.08551531430073564, "household_income_under_50k": 0.29452827040750895, "household_income_over_100k": 0.4170059895994851, "individual_income_under_50k": 0.5699586501894847, "individual_income_over_100k": 0.1744251206141259, "housing_per_pop": 0.547010870506263, "vacancy": 0.08138000018992571, "rent_or_own_rent": 0.35033621562742656, "rent_burden_under_20": 0.2973605146498417, "rent_burden_over_40": 0.2735973101881358, "rent_1br_under_750": 0.12710200534203395, "rent_1br_over_1500": 0.14485221752499652, "rent_2br_under_750": 0.12606147463220263, "rent_2br_over_1500": 0.41553132819672756, "year_built_1969_or_earlier": 0.1441829248316653, "year_built_2010_or_later": 0.18421647117544054, "transportation_means_car": 0.8224189055283729, "transportation_means_bike": 0.001989504561961127, "transportation_means_walk": 0.013133203972027488, "transportation_means_transit": 0.006823944570118709, "transportation_means_worked_at_home": 0.14480262309474964, "transportation_commute_time_under_15": 0.2620388071740279, "transportation_commute_time_over_60": 0.09767938380124204, "vehicle_ownership_at_least_1": 0.9655124256296159, "GHLTH_cdc_2": 0.15447155059797393, "ARTHRITIS_cdc_2": 0.23035283108497456, "CASTHMA_cdc_2": 0.09497420508377055, "BPHIGH_cdc_2": 0.3215587461678226, "CANCER_cdc_2": 0.062401108858108165, "KIDNEY_cdc_2": 0.027250135253418923, "COPD_cdc_2": 0.0650773781509651, "CHD_cdc_2": 0.05206255305672762, "DIABETES_cdc_2": 0.09641843009267655, "OBESITY_cdc_2": 0.3331820928872127, "STROKE_cdc_2": 0.02740270550822331, "DISABILITY_cdc_2": 0.26673030688231036, "HEARING_cdc_2": 0.061201259286301386, "VISION_cdc_2": 0.04361668081512735, "COGNITION_cdc_2": 0.12483492265263704, "MOBILITY_cdc_2": 0.11890380293027097, "SELFCARE_cdc_2": 0.03414616166192373, "INDEPLIVE_cdc_2": 0.07166865551504019, "BINGE_cdc_2": 0.1804383706251555, "CSMOKING_cdc_2": 0.14856265642112906, "LPA_cdc_2": 0.2220416778461507, "SLEEP_cdc_2": 0.34022827258292454, "heating_utility_gas": 0.3798683179806893, "heating_electricity": 0.5562508470114926, "industry_agriculture,_forestry,_fishing_and_hunting": 0.008501416327007554, "industry_mining,_quarrying,_and_oil_and_gas_extraction": 0.0069736863455434235, "industry_accommodation_and_food_services": 0.059899843534615436, "industry_arts,_entertainment,_and_recreation": 0.016576541403428645, "industry_construction": 0.06595421588194797, "industry_educational_services": 0.08623578712111074, "industry_health_care_and_social_assistance": 0.11595789731632142, "industry_finance_and_insurance": 0.07806641435096935, "industry_real_estate_and_rental_and_leasing": 0.021112109552322907, "industry_information": 0.025591745174130327, "industry_manufacturing": 0.09152881769362088, "industry_other_services,_except_public_administration": 0.049801803403555896, "industry_administrative_and_support_and_waste_management_services": 0.03238851298300342, "industry_management_of_companies_and_enterprises": 0.004485034284718396, "industry_professional,_scientific,_and_technical_services": 0.11436454538053718, "industry_public_administration": 0.032685272380090016, "industry_retail_trade": 0.11267507723696889, "industry_transportation_and_warehousing": 0.04216179878333961, "industry_utilities": 0.007256791330473549, "industry_wholesale_trade": 0.027782689516294232, "occupation_architecture_and_engineering_occupations": 0.027249624385450904, "occupation_computer_and_mathematical_occupations": 0.06710971613140934, "occupation_life,_physical,_and_social_science_occupations": 0.006576588281077273, "occupation_arts,_design,_entertainment,_sports,_and_media_occupations": 0.01747452125550211, "occupation_community_and_social_service_occupations": 0.014514050625305317, "occupation_educational_instruction,_and_library_occupations": 0.06240717226016822, "occupation_legal_occupations": 0.010876629753218854, "occupation_health_diagnosing_and_treating_practitioners_and_other_technical_occupations": 0.04304897470300305, "occupation_health_technologists_and_technicians": 0.017356224320847123, "occupation_business_and_financial_operations_occupations": 0.07377713640787666, "occupation_management_occupations": 0.13952404396518533, "occupation_construction_and_extraction_occupations": 0.03871134711857534, "occupation_farming,_fishing,_and_forestry_occupations": 0.0045103666221855175, "occupation_installation,_maintenance,_and_repair_occupations": 0.026956542835491606, "occupation_material_moving_occupations": 0.027474195013880987, "occupation_transportation_occupations": 0.03209246657867875, "occupation_office_and_administrative_support_occupations": 0.10623147674287639, "occupation_sales_and_related_occupations": 0.11081697313937702, "occupation_building_and_grounds_cleaning_and_maintenance_occupations": 0.024778878009968003, "occupation_food_preparation_and_serving_related_occupations": 0.041796614140630524, "occupation_healthcare_support_occupations": 0.02165674443996028, "occupation_personal_care_and_service_occupations": 0.027853822262454673, "occupation_firefighting_and_prevention,_and_other_protective_service_workers_including_supervisors": 0.008868120465947569, "occupation_law_enforcement_workers_including_supervisors": 0.009502711965474187, "sors_cohabiting_partnered_gay": 0.004762691413336516, "2020 Presidential Election-margin": -0.25904796328552276, "2016 Presidential Election-margin": -0.34312743798700457, "2016-2020 Swing-margin": 0.0840794747014818, "park_percent_1km_v2": 0.021528721901967293, "mean_dist_Hospital_updated": 6.947638459081831, "mean_dist_Active Superfund Site_updated": 46.38722821050913, "mean_dist_Airport_updated": 57.89562016252611, "mean_dist_Public School_updated": 2.065205273549591, "lapop1share_usda_fra_1": 0.5444809006754912, "mean_high_temp_4": 75.74965303543397, "mean_high_temp_winter_4": 59.70130440251483, "mean_high_temp_spring_4": 80.05223629260625, "mean_high_temp_summer_4": 92.32347339340923, "mean_high_temp_fall_4": 70.07345291787315, "mean_high_heat_index_4": 78.09556564437172, "days_above_90_4": 0.21615644318595922, "days_below_40_4": 0.01691361385169805, "wind_speed_over_10mph_4": 0.26338226678815463, "snowfall_4": 0.009784190714961557, "rainfall_4": 1.0518091205476725, "hours_sunny_4": 6.295015647537413, "internet_no_access": 0.07621608137950979, "insurance_coverage_none": 0.1596692244973995, "insurance_coverage_govt": 0.07698275862040714, "insurance_coverage_private": 0.7633480168821933, "marriage_divorced": 0.10734008036578234}