{"population": 303093.0, "ad_1": 2854.665186293351, "population_change_2010": -0.00875818831740093, "ad_1_change_2010": 0.012776620624427084, "population_change_2000": -0.0938517422305933, "ad_1_change_2000": -0.03659762432074944, "gpw_population": NaN, "gpw_pw_density_4": NaN, "white": 0.6175068378352518, "hispanic": 0.03833806785376106, "black": 0.22550834232397318, "asian": 0.06519121193824998, "homogeneity_250_2020": 0.5754130835356353, "homogeneity_250_diff_2010": -0.08313659964351838, "homogeneity_250_diff_2000": -0.16101288159452454, "citizenship_citizen_by_birth": 0.9098347171897676, "citizenship_citizen_by_naturalization": 0.03338819274624104, "citizenship_not_citizen": 0.05677709006399156, "birthplace_non_us": 0.0901652828102327, "birthplace_us_not_state": 0.23134136434237357, "birthplace_us_state": 0.6784933528473938, "language_english_only": 0.8881499935060323, "language_spanish": 0.022828752005207523, "education_high_school": 0.9380167738427048, "education_ugrad": 0.43907200156302756, "education_grad": 0.2136395981316832, "education_field_stem": 0.22462411451871558, "education_field_humanities": 0.14870547210241983, "education_field_business": 0.06574241494189406, "generation_silent": 0.06205998207239655, "generation_boomer": 0.20514378862154733, "generation_genx": 0.14507404419851735, "generation_millenial": 0.2773646641550742, "generation_genz": 0.22598951905739262, "generation_genalpha": 0.08436800189507201, "poverty_below_line": 0.19724812360385544, "household_income_under_50k": 0.4677268980874324, "household_income_over_100k": 0.2538878920376107, "individual_income_under_50k": 0.6803564019638225, "individual_income_over_100k": 0.09672537368844081, "housing_per_pop": 0.6095548518557183, "vacancy": 0.11387812319617382, "rent_or_own_rent": 0.5265200782578084, "rent_burden_under_20": 0.2956479189213831, "rent_burden_over_40": 0.3308881620353579, "rent_1br_under_750": 0.3406666148149382, "rent_1br_over_1500": 0.13071048951942146, "rent_2br_under_750": 0.18475594384677388, "rent_2br_over_1500": 0.23931365226274495, "year_built_1969_or_earlier": 0.7854511710150667, "year_built_2010_or_later": 0.039706486998189676, "transportation_means_car": 0.58906730159912, "transportation_means_bike": 0.01475005001509421, "transportation_means_walk": 0.09688312305776256, "transportation_means_transit": 0.1507976642721826, "transportation_means_worked_at_home": 0.1387268793578424, "transportation_commute_time_under_15": 0.22067531812714755, "transportation_commute_time_over_60": 0.052234258948891714, "vehicle_ownership_at_least_1": 0.7727571677387668, "GHLTH_cdc_2": 0.17089954299595703, "ARTHRITIS_cdc_2": 0.23876983373162858, "CASTHMA_cdc_2": 0.11534892937887137, "BPHIGH_cdc_2": 0.29090828669850544, "CANCER_cdc_2": 0.057480859657573366, "KIDNEY_cdc_2": 0.02858115308781541, "COPD_cdc_2": 0.06242144511351832, "CHD_cdc_2": 0.05422129116112083, "DIABETES_cdc_2": 0.09477864278756212, "OBESITY_cdc_2": 0.3277908787856615, "STROKE_cdc_2": 0.030969864412033126, "DISABILITY_cdc_2": 0.28648181220165375, "HEARING_cdc_2": 0.06139318063505797, "VISION_cdc_2": 0.05468762565171541, "COGNITION_cdc_2": 0.14885486611481852, "MOBILITY_cdc_2": 0.1275814942093338, "SELFCARE_cdc_2": 0.039566294189621494, "INDEPLIVE_cdc_2": 0.08702016658764825, "BINGE_cdc_2": 0.1968518896559692, "CSMOKING_cdc_2": 0.16999665238360404, "LPA_cdc_2": 0.2466193349509978, "SLEEP_cdc_2": 0.3632523968954218, "heating_utility_gas": 0.7640738519792425, "heating_electricity": 0.1949653752153225, "industry_agriculture,_forestry,_fishing_and_hunting": 0.0010474152237543296, "industry_mining,_quarrying,_and_oil_and_gas_extraction": 0.00220145355411838, "industry_accommodation_and_food_services": 0.07366437720371917, "industry_arts,_entertainment,_and_recreation": 0.025032151766799023, "industry_construction": 0.03448532043612424, "industry_educational_services": 0.14646820052338805, "industry_health_care_and_social_assistance": 0.1832240746436194, "industry_finance_and_insurance": 0.06750384139199193, "industry_real_estate_and_rental_and_leasing": 0.017059522829456282, "industry_information": 0.016951255231025, "industry_manufacturing": 0.05485065560963128, "industry_other_services,_except_public_administration": 0.04701522935650655, "industry_administrative_and_support_and_waste_management_services": 0.03916111332004488, "industry_management_of_companies_and_enterprises": 0.0015178112823266334, "industry_professional,_scientific,_and_technical_services": 0.1036057145662151, "industry_public_administration": 0.030949012324628315, "industry_retail_trade": 0.09502906832064578, "industry_transportation_and_warehousing": 0.03685388731717806, "industry_utilities": 0.007864339250685672, "industry_wholesale_trade": 0.015515555848141986, "occupation_architecture_and_engineering_occupations": 0.022212187657537567, "occupation_computer_and_mathematical_occupations": 0.0557886764362733, "occupation_life,_physical,_and_social_science_occupations": 0.021061552538333455, "occupation_arts,_design,_entertainment,_sports,_and_media_occupations": 0.02907350299202089, "occupation_community_and_social_service_occupations": 0.02671358203596299, "occupation_educational_instruction,_and_library_occupations": 0.08119835511073564, "occupation_legal_occupations": 0.022665808377439936, "occupation_health_diagnosing_and_treating_practitioners_and_other_technical_occupations": 0.06368739138425528, "occupation_health_technologists_and_technicians": 0.019244984534822502, "occupation_business_and_financial_operations_occupations": 0.0732100144373207, "occupation_management_occupations": 0.0994187105157581, "occupation_construction_and_extraction_occupations": 0.027098721335554875, "occupation_farming,_fishing,_and_forestry_occupations": 0.0007839934309538403, "occupation_installation,_maintenance,_and_repair_occupations": 0.014610789169126236, "occupation_material_moving_occupations": 0.025176921619464367, "occupation_transportation_occupations": 0.027585294491914467, "occupation_office_and_administrative_support_occupations": 0.10301923044346638, "occupation_sales_and_related_occupations": 0.08031343537552972, "occupation_building_and_grounds_cleaning_and_maintenance_occupations": 0.030454788479753598, "occupation_food_preparation_and_serving_related_occupations": 0.06353743513302455, "occupation_healthcare_support_occupations": 0.03928143359496967, "occupation_personal_care_and_service_occupations": 0.024719207285206716, "occupation_firefighting_and_prevention,_and_other_protective_service_workers_including_supervisors": 0.018783985234480167, "occupation_law_enforcement_workers_including_supervisors": 0.0052889397758616495, "sors_cohabiting_partnered_gay": 0.00965826314972997, "2020 Presidential Election-margin": 0.5701250004747042, "2016 Presidential Election-margin": 0.5481617975684471, "2016-2020 Swing-margin": 0.021963202906257084, "park_percent_1km_v2": 0.05528176947729168, "mean_dist_Hospital_updated": 2.016817201603831, "mean_dist_Active Superfund Site_updated": 16.600487587032852, "mean_dist_Airport_updated": 23.064534550689935, "mean_dist_Public School_updated": 0.6048692076307114, "lapop1share_usda_fra_1": 0.9282379027550784, "mean_high_temp_4": 61.42747278594877, "mean_high_temp_winter_4": 41.057228082160506, "mean_high_temp_spring_4": 67.93854064252741, "mean_high_temp_summer_4": 80.54479904183488, "mean_high_temp_fall_4": 55.16725251546581, "mean_high_heat_index_4": 60.89088176717148, "days_above_90_4": 0.018141335262805498, "days_below_40_4": 0.16492005801901566, "wind_speed_over_10mph_4": 0.0990829511553479, "snowfall_4": 0.11313855035643078, "rainfall_4": 1.1456579469477985, "hours_sunny_4": 3.9884121356228914, "internet_no_access": 0.11805408885990121, "insurance_coverage_none": 0.06441889740823047, "insurance_coverage_govt": 0.1803383735042292, "insurance_coverage_private": 0.7552427290875403, "marriage_divorced": 0.0922532903986313}