{"population": 654261.0, "ad_1": 1150.4715680827655, "population_change_2010": 0.07608717105263157, "ad_1_change_2010": 0.09759685255490273, "population_change_2000": 0.15946983391106478, "ad_1_change_2000": 0.18499726661928279, "gpw_population": NaN, "gpw_pw_density_4": NaN, "white": 0.7913753074078999, "hispanic": 0.08749413460377434, "black": 0.00906671802231831, "asian": 0.027041196097581852, "homogeneity_250_2020": 0.6633770332714711, "homogeneity_250_diff_2010": -0.09025614960426342, "homogeneity_250_diff_2000": -0.14413979994845783, "citizenship_citizen_by_birth": 0.9447438794605274, "citizenship_citizen_by_naturalization": 0.025788866148015704, "citizenship_not_citizen": 0.029467254391456976, "birthplace_non_us": 0.055256120539472854, "birthplace_us_not_state": 0.4869538747285633, "birthplace_us_state": 0.45779000473196385, "language_english_only": 0.9194923048800886, "language_spanish": 0.0412028702913986, "education_high_school": 0.9291156694647202, "education_ugrad": 0.2994879956065548, "education_grad": 0.12267892298470609, "education_field_stem": 0.15150320852404636, "education_field_humanities": 0.11302718673256959, "education_field_business": 0.03495760034994072, "generation_silent": 0.08016926096293547, "generation_boomer": 0.2615573252331324, "generation_genx": 0.16729690396682953, "generation_millenial": 0.18452243547157732, "generation_genz": 0.2109466374415306, "generation_genalpha": 0.09550743692399459, "poverty_below_line": 0.16245615481690417, "household_income_under_50k": 0.4333655956493863, "household_income_over_100k": 0.2540324052549281, "individual_income_under_50k": 0.7187513086935192, "individual_income_over_100k": 0.0791478250563912, "housing_per_pop": 0.5353725139331581, "vacancy": 0.06942365139160649, "rent_or_own_rent": 0.38219960528631386, "rent_burden_under_20": 0.23223736796830857, "rent_burden_over_40": 0.3719180147064888, "rent_1br_under_750": 0.4091461596699373, "rent_1br_over_1500": 0.07202363100803674, "rent_2br_under_750": 0.14971741262307783, "rent_2br_over_1500": 0.1206949700278832, "year_built_1969_or_earlier": 0.36309142586095455, "year_built_2010_or_later": 0.05836224704005863, "transportation_means_car": 0.7936171768609447, "transportation_means_bike": 0.029374279712015984, "transportation_means_walk": 0.043374231056199024, "transportation_means_transit": 0.01978133580135052, "transportation_means_worked_at_home": 0.10421902521809188, "transportation_commute_time_under_15": 0.397972079451558, "transportation_commute_time_over_60": 0.046561799580073816, "vehicle_ownership_at_least_1": 0.9292700054806545, "GHLTH_cdc_2": 0.1624802878303942, "ARTHRITIS_cdc_2": 0.27264211779043557, "CASTHMA_cdc_2": 0.11579823244819448, "BPHIGH_cdc_2": 0.31287731423733856, "CANCER_cdc_2": 0.07363221876418603, "KIDNEY_cdc_2": 0.03127212200278974, "COPD_cdc_2": 0.07507238701287007, "CHD_cdc_2": 0.0643615997120874, "DIABETES_cdc_2": 0.09943677587426787, "OBESITY_cdc_2": 0.33283450161337513, "STROKE_cdc_2": 0.03214852015589792, "DISABILITY_cdc_2": 0.33248039416159797, "HEARING_cdc_2": 0.080303571501601, "VISION_cdc_2": 0.05132567407849741, "COGNITION_cdc_2": 0.15899372850371443, "MOBILITY_cdc_2": 0.144063011463322, "SELFCARE_cdc_2": 0.04027355133956907, "INDEPLIVE_cdc_2": 0.08532075830508021, "BINGE_cdc_2": 0.1561061389912444, "CSMOKING_cdc_2": 0.14681899157120687, "LPA_cdc_2": 0.2106769105877259, "SLEEP_cdc_2": 0.29307195555355636, "heating_utility_gas": 0.20685890789897796, "heating_electricity": 0.6753672761271716, "industry_agriculture,_forestry,_fishing_and_hunting": 0.030950657599074373, "industry_mining,_quarrying,_and_oil_and_gas_extraction": 0.0012368365880230077, "industry_accommodation_and_food_services": 0.08172287152648591, "industry_arts,_entertainment,_and_recreation": 0.023759634818817366, "industry_construction": 0.05863112195503246, "industry_educational_services": 0.12402742112883958, "industry_health_care_and_social_assistance": 0.15052068603846994, "industry_finance_and_insurance": 0.02632836933481592, "industry_real_estate_and_rental_and_leasing": 0.018504822421484737, "industry_information": 0.012327702759527987, "industry_manufacturing": 0.09765136693987, "industry_other_services,_except_public_administration": 0.045752455847901254, "industry_administrative_and_support_and_waste_management_services": 0.042745436771758634, "industry_management_of_companies_and_enterprises": 0.0013113856426435757, "industry_professional,_scientific,_and_technical_services": 0.05693784760981647, "industry_public_administration": 0.044094360357696975, "industry_retail_trade": 0.11907680746066833, "industry_transportation_and_warehousing": 0.033004565863288926, "industry_utilities": 0.006004587490347327, "industry_wholesale_trade": 0.025411061845437274, "occupation_architecture_and_engineering_occupations": 0.018525440073210435, "occupation_computer_and_mathematical_occupations": 0.023476012366211465, "occupation_life,_physical,_and_social_science_occupations": 0.01773551635774475, "occupation_arts,_design,_entertainment,_sports,_and_media_occupations": 0.02179470286240892, "occupation_community_and_social_service_occupations": 0.023472334612850265, "occupation_educational_instruction,_and_library_occupations": 0.07337583839665507, "occupation_legal_occupations": 0.007498957176150449, "occupation_health_diagnosing_and_treating_practitioners_and_other_technical_occupations": 0.03930542808920248, "occupation_health_technologists_and_technicians": 0.017630851417763636, "occupation_business_and_financial_operations_occupations": 0.039944214402202395, "occupation_management_occupations": 0.09669265773934266, "occupation_construction_and_extraction_occupations": 0.046288088944696396, "occupation_farming,_fishing,_and_forestry_occupations": 0.014719620557107927, "occupation_installation,_maintenance,_and_repair_occupations": 0.027915033564530765, "occupation_material_moving_occupations": 0.039747723667370956, "occupation_transportation_occupations": 0.033983489831071814, "occupation_office_and_administrative_support_occupations": 0.11117975929919732, "occupation_sales_and_related_occupations": 0.09499855603482492, "occupation_building_and_grounds_cleaning_and_maintenance_occupations": 0.03989982402373513, "occupation_food_preparation_and_serving_related_occupations": 0.07136915163724329, "occupation_healthcare_support_occupations": 0.04858398011731079, "occupation_personal_care_and_service_occupations": 0.024755585182042707, "occupation_firefighting_and_prevention,_and_other_protective_service_workers_including_supervisors": 0.009220362619207126, "occupation_law_enforcement_workers_including_supervisors": 0.00477113949571616, "sors_cohabiting_partnered_gay": 0.008839442040238052, "2020 Presidential Election-margin": 0.11489620327557953, "2016 Presidential Election-margin": 0.07205931487795704, "2016-2020 Swing-margin": 0.042836888397622494, "park_percent_1km_v2": 0.02632830943236764, "mean_dist_Hospital_updated": 7.871946469511427, "mean_dist_Active Superfund Site_updated": 44.69025647047704, "mean_dist_Airport_updated": 32.327774827077825, "mean_dist_Public School_updated": 1.8404278633467666, "lapop1share_usda_fra_1": 0.5918055945031033, "mean_high_temp_4": 63.384358877827665, "mean_high_temp_winter_4": 50.99640815984757, "mean_high_temp_spring_4": 64.19213060282665, "mean_high_temp_summer_4": 79.65683335274196, "mean_high_temp_fall_4": 57.92541586136816, "mean_high_heat_index_4": 62.200870960800074, "days_above_90_4": 0.03422872446919318, "days_below_40_4": 0.01732382928286986, "wind_speed_over_10mph_4": 0.0616066312777665, "snowfall_4": 0.04263257629965864, "rainfall_4": 1.2800149778132137, "hours_sunny_4": 4.715201344533267, "internet_no_access": 0.0822886191477744, "insurance_coverage_none": 0.09013629356187344, "insurance_coverage_govt": 0.2563016213672739, "insurance_coverage_private": 0.6535620850708527, "marriage_divorced": 0.13060418163815826}