{"population": 374557.0, "ad_1": 2110.6891688147057, "population_change_2010": 0.07170304752258246, "ad_1_change_2010": 0.05368735903980017, "population_change_2000": 0.19995322656602904, "ad_1_change_2000": 0.15286233315818956, "gpw_population": NaN, "gpw_pw_density_4": NaN, "white": 0.6087030812399715, "hispanic": 0.2589218730393505, "black": 0.06127238310857894, "asian": 0.03664328793748348, "homogeneity_250_2020": 0.5837014056319364, "homogeneity_250_diff_2010": -0.088170858372971, "homogeneity_250_diff_2000": -0.1898791259288567, "citizenship_citizen_by_birth": 0.8743194484713762, "citizenship_citizen_by_naturalization": 0.06612491006518233, "citizenship_not_citizen": 0.059555641463441306, "birthplace_non_us": 0.1256805515286238, "birthplace_us_not_state": 0.2873377146354816, "birthplace_us_state": 0.5869817338358946, "language_english_only": 0.7487541457121489, "language_spanish": 0.18293935986208537, "education_high_school": 0.9002419164052898, "education_ugrad": 0.30448270335859257, "education_grad": 0.1173256408495313, "education_field_stem": 0.14358158382746944, "education_field_humanities": 0.10342117111960736, "education_field_business": 0.057479948411517566, "generation_silent": 0.06937061735554084, "generation_boomer": 0.22770958839384461, "generation_genx": 0.1873892593666443, "generation_millenial": 0.19643643353414306, "generation_genz": 0.20008751865811797, "generation_genalpha": 0.11900658269170922, "poverty_below_line": 0.1210311672729869, "household_income_under_50k": 0.36344912713807376, "household_income_over_100k": 0.3307141597601791, "individual_income_under_50k": 0.6604919638058355, "individual_income_over_100k": 0.10301642578944631, "housing_per_pop": 0.5130285851302516, "vacancy": 0.045803259643055066, "rent_or_own_rent": 0.3529677305589843, "rent_burden_under_20": 0.22883701278124088, "rent_burden_over_40": 0.35783247068764995, "rent_1br_under_750": 0.2605294825511443, "rent_1br_over_1500": 0.05762802513705054, "rent_2br_under_750": 0.07775621361046839, "rent_2br_over_1500": 0.23477117636010944, "year_built_1969_or_earlier": 0.5292130312374289, "year_built_2010_or_later": 0.04139294811636943, "transportation_means_car": 0.8626803036338434, "transportation_means_bike": 0.0014418680326075458, "transportation_means_walk": 0.02262105800573388, "transportation_means_transit": 0.016146677812624525, "transportation_means_worked_at_home": 0.08761171672062018, "transportation_commute_time_under_15": 0.2640368946963872, "transportation_commute_time_over_60": 0.07522213681783171, "vehicle_ownership_at_least_1": 0.9198871451243165, "traffic_fatalities_last_decade_per_capita": 8.1162546688488e-05, "traffic_fatalities_ped_last_decade_per_capita": 1.4150049258190342e-05, "GHLTH_cdc_2": 0.17675859109427022, "ARTHRITIS_cdc_2": 0.2579326167373156, "CASTHMA_cdc_2": 0.10738984397545813, "BPHIGH_cdc_2": 0.32466104483597347, "CANCER_cdc_2": 0.07027373068432682, "KIDNEY_cdc_2": 0.030343040360996682, "COPD_cdc_2": 0.06971100417139836, "CHD_cdc_2": 0.062471023210664764, "DIABETES_cdc_2": 0.10514408377277223, "OBESITY_cdc_2": 0.3356957352792389, "STROKE_cdc_2": 0.031232380245636474, "DISABILITY_cdc_2": 0.2965647766071892, "HEARING_cdc_2": 0.07149634393610606, "VISION_cdc_2": 0.05402578921133194, "COGNITION_cdc_2": 0.13966393445695074, "MOBILITY_cdc_2": 0.13778593942664868, "SELFCARE_cdc_2": 0.03915355468354745, "INDEPLIVE_cdc_2": 0.08066586461882096, "BINGE_cdc_2": 0.1698522170626317, "CSMOKING_cdc_2": 0.17858716273700795, "LPA_cdc_2": 0.27024933568700615, "SLEEP_cdc_2": 0.3756215158704337, "heating_utility_gas": 0.3317721742197151, "heating_electricity": 0.4075542232410483, "industry_agriculture,_forestry,_fishing_and_hunting": 0.0037777263051079163, "industry_mining,_quarrying,_and_oil_and_gas_extraction": 0.0004687689575681371, "industry_accommodation_and_food_services": 0.06176168889182963, "industry_arts,_entertainment,_and_recreation": 0.021480648114445725, "industry_construction": 0.050103129170664756, "industry_educational_services": 0.08799620572890803, "industry_health_care_and_social_assistance": 0.16908220553037104, "industry_finance_and_insurance": 0.03596285143884487, "industry_real_estate_and_rental_and_leasing": 0.013522605693612527, "industry_information": 0.017664317306949957, "industry_manufacturing": 0.13727209556268857, "industry_other_services,_except_public_administration": 0.04690447040137644, "industry_administrative_and_support_and_waste_management_services": 0.04318740831430694, "industry_management_of_companies_and_enterprises": 0.000678336256245658, "industry_professional,_scientific,_and_technical_services": 0.05125023438447916, "industry_public_administration": 0.022175529157429083, "industry_retail_trade": 0.11263690811025438, "industry_transportation_and_warehousing": 0.08121835809536476, "industry_utilities": 0.009016908772045902, "industry_wholesale_trade": 0.03383960380750658, "occupation_architecture_and_engineering_occupations": 0.02015706517542999, "occupation_computer_and_mathematical_occupations": 0.026328270628591662, "occupation_life,_physical,_and_social_science_occupations": 0.00812900521712276, "occupation_arts,_design,_entertainment,_sports,_and_media_occupations": 0.017173488633731575, "occupation_community_and_social_service_occupations": 0.017835280103239443, "occupation_educational_instruction,_and_library_occupations": 0.05560702822540604, "occupation_legal_occupations": 0.006413862325314635, "occupation_health_diagnosing_and_treating_practitioners_and_other_technical_occupations": 0.049220740544654216, "occupation_health_technologists_and_technicians": 0.0218611782094129, "occupation_business_and_financial_operations_occupations": 0.046744537462912246, "occupation_management_occupations": 0.10183316237053662, "occupation_construction_and_extraction_occupations": 0.03305096897300993, "occupation_farming,_fishing,_and_forestry_occupations": 0.001990889337436443, "occupation_installation,_maintenance,_and_repair_occupations": 0.031032504991010595, "occupation_material_moving_occupations": 0.0726426436363237, "occupation_transportation_occupations": 0.04935309883855594, "occupation_office_and_administrative_support_occupations": 0.11054123512347892, "occupation_sales_and_related_occupations": 0.09705723393225503, "occupation_building_and_grounds_cleaning_and_maintenance_occupations": 0.033767909731643765, "occupation_food_preparation_and_serving_related_occupations": 0.04949648699028267, "occupation_healthcare_support_occupations": 0.03866516660600249, "occupation_personal_care_and_service_occupations": 0.025495516362794013, "occupation_firefighting_and_prevention,_and_other_protective_service_workers_including_supervisors": 0.008062826070171952, "occupation_law_enforcement_workers_including_supervisors": 0.005410145263227571, "sors_cohabiting_partnered_gay": 0.004794733846632932, "2020 Presidential Election-margin": 0.07607027856417474, "2016 Presidential Election-margin": 0.04741821072965859, "2016-2020 Swing-margin": 0.028652067834516147, "park_percent_1km_v2": 0.03506594627847636, "mean_dist_Hospital_updated": 3.648487623121526, "mean_dist_Active Superfund Site_updated": 6.154004684525091, "mean_dist_Airport_updated": 10.476253371804509, "mean_dist_Public School_updated": 1.2288164954156588, "lapop1share_usda_fra_1": 0.6544541604505305, "mean_high_temp_4": 62.10102423118738, "mean_high_temp_winter_4": 41.09645941611995, "mean_high_temp_spring_4": 67.86578237348802, "mean_high_temp_summer_4": 82.48185489598669, "mean_high_temp_fall_4": 55.91936919686682, "mean_high_heat_index_4": 61.47743374480128, "days_above_90_4": 0.0403412809256208, "days_below_40_4": 0.15269894188493638, "wind_speed_over_10mph_4": 0.09704757879583825, "snowfall_4": 0.12146141470281555, "rainfall_4": 1.0541253279081346, "hours_sunny_4": 4.606171871466712, "internet_no_access": 0.10733204020455032, "insurance_coverage_none": 0.08898161723243544, "insurance_coverage_govt": 0.19530931457174952,