{"population": 639111.0, "ad_1": 2229.265831448912, "population_change_2010": -0.10460690103491707, "ad_1_change_2010": -0.05172054111897287, "population_change_2000": -0.3281454990412756, "ad_1_change_2000": -0.27301535595451193, "gpw_population": NaN, "gpw_pw_density_4": NaN, "white": 0.09508520429158628, "hispanic": 0.08021924204089743, "black": 0.7717157113553045, "asian": 0.015779731533333022, "homogeneity_250_2020": 0.7561895369535939, "homogeneity_250_diff_2010": -0.04999602869808184, "homogeneity_250_diff_2000": -0.032682112141888986, "citizenship_citizen_by_birth": 0.9434133474715192, "citizenship_citizen_by_naturalization": 0.022002058816990615, "citizenship_not_citizen": 0.034584593711490315, "birthplace_non_us": 0.05658665252848057, "birthplace_us_not_state": 0.17709169908644123, "birthplace_us_state": 0.7663216483850782, "language_english_only": 0.8920647584017063, "language_spanish": 0.06425658994907096, "education_high_school": 0.8368343967334798, "education_ugrad": 0.15204272070101404, "education_grad": 0.06233345054039322, "education_field_stem": 0.05968118679227573, "education_field_humanities": 0.06300948450664673, "education_field_business": 0.02935204940209069, "generation_silent": 0.056145397055350946, "generation_boomer": 0.20714223803441356, "generation_genx": 0.17873820593388104, "generation_millenial": 0.21216303666098943, "generation_genz": 0.20789852523142272, "generation_genalpha": 0.13791259708394235, "poverty_below_line": 0.31849515946985063, "household_income_under_50k": 0.6539011221217625, "household_income_over_100k": 0.11057326251818544, "individual_income_under_50k": 0.8250682031186951, "individual_income_over_100k": 0.030440201805043386, "housing_per_pop": 0.6450997463123649, "vacancy": 0.1793048004029394, "rent_or_own_rent": 0.5166999096641277, "rent_burden_under_20": 0.19468904889583766, "rent_burden_over_40": 0.41903076134029116, "rent_1br_under_750": 0.6640595398966934, "rent_1br_over_1500": 0.06041399328125076, "rent_2br_under_750": 0.3210641231281722, "rent_2br_over_1500": 0.06690488920614433, "year_built_1969_or_earlier": 0.8566990207820376, "year_built_2010_or_later": 0.011509301372555797, "transportation_means_car": 0.8032510285694221, "transportation_means_bike": 0.005807036027828105, "transportation_means_walk": 0.03312326225075566, "transportation_means_transit": 0.06698131050196506, "transportation_means_worked_at_home": 0.07320695188762769, "transportation_commute_time_under_15": 0.19539779110932048, "transportation_commute_time_over_60": 0.06521357556229226, "vehicle_ownership_at_least_1": 0.7816442146593411, "GHLTH_cdc_2": 0.3047333297788324, "ARTHRITIS_cdc_2": 0.2951227349326821, "CASTHMA_cdc_2": 0.14527447371618987, "BPHIGH_cdc_2": 0.46213569912958496, "CANCER_cdc_2": 0.05489228598114906, "KIDNEY_cdc_2": 0.044680669901303795, "COPD_cdc_2": 0.10371720233001715, "CHD_cdc_2": 0.07456373584595634, "DIABETES_cdc_2": 0.1824501564096968, "OBESITY_cdc_2": 0.45535656513378864, "STROKE_cdc_2": 0.05584836966548404, "DISABILITY_cdc_2": 0.3951734993025246, "HEARING_cdc_2": 0.05876030095085055, "VISION_cdc_2": 0.11342345312408564, "COGNITION_cdc_2": 0.19398416190375697, "MOBILITY_cdc_2": 0.23081304114924628, "SELFCARE_cdc_2": 0.08971177696733552, "INDEPLIVE_cdc_2": 0.15527866712832003, "BINGE_cdc_2": 0.12751610436674657, "CSMOKING_cdc_2": 0.2850920082623621, "LPA_cdc_2": 0.3740975841456132, "SLEEP_cdc_2": 0.4564401220049867, "heating_utility_gas": 0.8487547432776904, "heating_electricity": 0.12358804555397099, "industry_agriculture,_forestry,_fishing_and_hunting": 0.002140483370237489, "industry_mining,_quarrying,_and_oil_and_gas_extraction": 0.0004324208828762605, "industry_accommodation_and_food_services": 0.09485851570260154, "industry_arts,_entertainment,_and_recreation": 0.024863183304484088, "industry_construction": 0.03914273831795904, "industry_educational_services": 0.0667009211836634, "industry_health_care_and_social_assistance": 0.169037647325159, "industry_finance_and_insurance": 0.040011904292540285, "industry_real_estate_and_rental_and_leasing": 0.014347724893834294, "industry_information": 0.013422344204479134, "industry_manufacturing": 0.15919752858747171, "industry_other_services,_except_public_administration": 0.04557716105515789, "industry_administrative_and_support_and_waste_management_services": 0.07034991752207581, "industry_management_of_companies_and_enterprises": 0.0007999786333210818, "industry_professional,_scientific,_and_technical_services": 0.03988561195821831, "industry_public_administration": 0.03554385192891509, "industry_retail_trade": 0.09611418963690584, "industry_transportation_and_warehousing": 0.059583273451519495, "industry_utilities": 0.00878246813121688, "industry_wholesale_trade": 0.019208135617363533, "occupation_architecture_and_engineering_occupations": 0.01106908432334403, "occupation_computer_and_mathematical_occupations": 0.016427669340469155, "occupation_life,_physical,_and_social_science_occupations": 0.005521124396041577, "occupation_arts,_design,_entertainment,_sports,_and_media_occupations": 0.014931493085717226, "occupation_community_and_social_service_occupations": 0.022818849989380344, "occupation_educational_instruction,_and_library_occupations": 0.04168104890044297, "occupation_legal_occupations": 0.0064257743195412585, "occupation_health_diagnosing_and_treating_practitioners_and_other_technical_occupations": 0.02230426913875753, "occupation_health_technologists_and_technicians": 0.021290369351025268, "occupation_business_and_financial_operations_occupations": 0.03687252868285883, "occupation_management_occupations": 0.06025785002880673, "occupation_construction_and_extraction_occupations": 0.03875355952337035, "occupation_farming,_fishing,_and_forestry_occupations": 0.002283182261586657, "occupation_installation,_maintenance,_and_repair_occupations": 0.01931191662925379, "occupation_material_moving_occupations": 0.07288021559996465, "occupation_transportation_occupations": 0.047419274016210565, "occupation_office_and_administrative_support_occupations": 0.11898772814970855, "occupation_sales_and_related_occupations": 0.08153295746631885, "occupation_building_and_grounds_cleaning_and_maintenance_occupations": 0.05856276016793193, "occupation_food_preparation_and_serving_related_occupations": 0.07027437105018515, "occupation_healthcare_support_occupations": 0.06571703649250714, "occupation_personal_care_and_service_occupations": 0.026057682402123607, "occupation_firefighting_and_prevention,_and_other_protective_service_workers_including_supervisors": 0.022726896960462775, "occupation_law_enforcement_workers_including_supervisors": 0.0043415056640776625, "sors_cohabiting_partnered_gay": 0.004664278596548701, "2020 Presidential Election-margin": 0.8907311546500495, "2016 Presidential Election-margin": 0.921977812326203, "2016-2020 Swing-margin": -0.031246657676153533, "park_percent_1km_v2": 0.0334180646561247, "mean_dist_Hospital_updated": 3.654467820618719, "mean_dist_Active Superfund Site_updated": 21.439706537625632, "mean_dist_Airport_updated": 18.500304477124203, "mean_dist_Public School_updated": 0.6137709808850215, "lapop1share_usda_fra_1": 0.9526326402427653, "mean_high_temp_4": 57.95777547873803, "mean_high_temp_winter_4": 35.1622494558416, "mean_high_temp_spring_4": 64.4098684441668, "mean_high_temp_summer_4": 79.57571475673086, "mean_high_temp_fall_4": 51.57101642614936, "mean_high_heat_index_4": 57.04378099670565, "days_above_90_4": 0.015564491473759004, "days_below_40_4": 0.2401518099945831, "wind_speed_over_10mph_4": 0.31138664603615, "snowfall_4": 0.11501346395552049, "rainfall_4": 0.7815221747690207, "hours_sunny_4": 4.295245993272147, "internet_no_access": 0.19764759928874862, "insurance_coverage_none": 0.10658526883922072, "insurance_coverage_govt": 0.47147128020637236, "insurance_coverage_private": 0.4219434509544068, "marriage_divorced": 0.12386342130963952}