{"population": 775218.0, "ad_1": 1640.833948875729, "population_change_2010": 0.03625886086355574, "ad_1_change_2010": 0.026658271364382067, "gpw_population": NaN, "gpw_pw_density_4": NaN, "white": 0.7275347063664672, "hispanic": 0.03025858532696609, "black": 0.13268009772734896, "asian": 0.06083579070661414, "citizenship_citizen_by_birth": 0.8640625664377051, "citizenship_citizen_by_naturalization": 0.0890998136410209, "citizenship_not_citizen": 0.04683761992127404, "birthplace_non_us": 0.13593743356229493, "birthplace_us_not_state": 0.11565247774595738, "birthplace_us_state": 0.7484100886917477, "language_english_only": 0.8306195895707774, "language_spanish": 0.014228096830528007, "education_high_school": 0.9092577818619645, "education_ugrad": 0.27897000476988104, "education_grad": 0.10413865869879896, "education_field_stem": 0.12956909823877447, "education_field_humanities": 0.082579239920856, "education_field_business": 0.06682166661025056, "generation_silent": 0.07290639756098156, "generation_boomer": 0.24685408909397125, "generation_genx": 0.19246049246948257, "generation_millenial": 0.20141109690124295, "generation_genz": 0.1770027496915383, "generation_genalpha": 0.1093651742827832, "poverty_below_line": 0.10453690145064641, "household_income_under_50k": 0.3766310798173385, "household_income_over_100k": 0.3049640215063603, "individual_income_under_50k": 0.6592962316371906, "individual_income_over_100k": 0.09993781190485042, "housing_per_pop": 0.5377286093842701, "vacancy": 0.04667833949954728, "rent_or_own_rent": 0.28182992801313655, "rent_burden_under_20": 0.28173181196661795, "rent_burden_over_40": 0.3290702060446037, "rent_1br_under_750": 0.2882123019954742, "rent_1br_over_1500": 0.07249537132277309, "rent_2br_under_750": 0.11276916211090036, "rent_2br_over_1500": 0.1250139462233627, "year_built_1969_or_earlier": 0.45414624342092497, "year_built_2010_or_later": 0.029658647401609655, "transportation_means_car": 0.8958287646103691, "transportation_means_bike": 0.002081834789267104, "transportation_means_walk": 0.010689959645455572, "transportation_means_transit": 0.0075151799414895715, "transportation_means_worked_at_home": 0.07760897747437946, "transportation_commute_time_under_15": 0.20434910444179763, "transportation_commute_time_over_60": 0.06422740904329868, "vehicle_ownership_at_least_1": 0.9371778528669372, "GHLTH_cdc_2": 0.1582001694531074, "ARTHRITIS_cdc_2": 0.2944419440928985, "CASTHMA_cdc_2": 0.11179707182285802, "BPHIGH_cdc_2": 0.3418950144335428, "CANCER_cdc_2": 0.07316979404942064, "KIDNEY_cdc_2": 0.030555721790490653, "COPD_cdc_2": 0.07644695583972855, "CHD_cdc_2": 0.06245900374996681, "DIABETES_cdc_2": 0.09640339482694245, "OBESITY_cdc_2": 0.36922631920063037, "STROKE_cdc_2": 0.03140119548762715, "DISABILITY_cdc_2": 0.28763761997169146, "HEARING_cdc_2": 0.06750250362809476, "VISION_cdc_2": 0.04559424160264512, "COGNITION_cdc_2": 0.12788539597651455, "MOBILITY_cdc_2": 0.13905791725794397, "SELFCARE_cdc_2": 0.036807146897799056, "INDEPLIVE_cdc_2": 0.080504115574889, "BINGE_cdc_2": 0.16863596024456678, "CSMOKING_cdc_2": 0.19053785043561408, "LPA_cdc_2": 0.2354027708134768, "SLEEP_cdc_2": 0.3478213833331778, "heating_utility_gas": 0.8899109044012221, "heating_electricity": 0.08713103245638666, "industry_agriculture,_forestry,_fishing_and_hunting": 0.0018864377132151108, "industry_mining,_quarrying,_and_oil_and_gas_extraction": 0.00021106995392616626, "industry_accommodation_and_food_services": 0.07726956850886346, "industry_arts,_entertainment,_and_recreation": 0.016025169297973242, "industry_construction": 0.05225142244419209, "industry_educational_services": 0.05673412992524534, "industry_health_care_and_social_assistance": 0.14169468259087473, "industry_finance_and_insurance": 0.049676154989734135, "industry_real_estate_and_rental_and_leasing": 0.014622027887398215, "industry_information": 0.011957112889917318, "industry_manufacturing": 0.21341796991384526, "industry_other_services,_except_public_administration": 0.04339140171989862, "industry_administrative_and_support_and_waste_management_services": 0.03908745990530624, "industry_management_of_companies_and_enterprises": 0.0015729645191973505, "industry_professional,_scientific,_and_technical_services": 0.06572655304041114, "industry_public_administration": 0.03144414638615062, "industry_retail_trade": 0.1176609392250517, "industry_transportation_and_warehousing": 0.037412677008297784, "industry_utilities": 0.0050208265290186795, "industry_wholesale_trade": 0.022937285551482584, "occupation_architecture_and_engineering_occupations": 0.044561918568623994, "occupation_computer_and_mathematical_occupations": 0.03146345634033007, "occupation_life,_physical,_and_social_science_occupations": 0.0048150333239406675, "occupation_arts,_design,_entertainment,_sports,_and_media_occupations": 0.01844573980689203, "occupation_community_and_social_service_occupations": 0.012134579917857479, "occupation_educational_instruction,_and_library_occupations": 0.03767761225484682, "occupation_legal_occupations": 0.009748793496964803, "occupation_health_diagnosing_and_treating_practitioners_and_other_technical_occupations": 0.04069692549138893, "occupation_health_technologists_and_technicians": 0.022752217058596286, "occupation_business_and_financial_operations_occupations": 0.0594901890308156, "occupation_management_occupations": 0.0932897535860566, "occupation_construction_and_extraction_occupations": 0.03901891935767591, "occupation_farming,_fishing,_and_forestry_occupations": 0.0009841136601807501, "occupation_installation,_maintenance,_and_repair_occupations": 0.03028590001398078, "occupation_material_moving_occupations": 0.03783701581997762, "occupation_transportation_occupations": 0.03587551431891394, "occupation_office_and_administrative_support_occupations": 0.1252941811714793, "occupation_sales_and_related_occupations": 0.09878225768361491, "occupation_building_and_grounds_cleaning_and_maintenance_occupations": 0.029885303276572805, "occupation_food_preparation_and_serving_related_occupations": 0.06150338464202238, "occupation_healthcare_support_occupations": 0.03333513059424948, "occupation_personal_care_and_service_occupations": 0.022989174098770975, "occupation_firefighting_and_prevention,_and_other_protective_service_workers_including_supervisors": 0.008511136125597396, "occupation_law_enforcement_workers_including_supervisors": 0.007606433464614216, "2020 Presidential Election-margin": -0.009789939720214318, "2016 Presidential Election-margin": -0.05385480778453687, "2016-2020 Swing-margin": 0.044064868064322554, "park_percent_1km_v2": 0.02443320005845595, "mean_dist_Hospital_updated": 3.956827060908409, "mean_dist_Active Superfund Site_updated": 7.393031378817574, "mean_dist_Airport_updated": 33.340927612863936, "mean_dist_Public School_updated": 0.815391197662866, "mean_high_temp_4": 57.64438402941417, "mean_high_temp_winter_4": 34.868703236438506, "mean_high_temp_spring_4": 64.13548904159664, "mean_high_temp_summer_4": 79.24443359631798, "mean_high_temp_fall_4": 51.21837042967282, "mean_high_heat_index_4": 56.66513004285253, "days_above_90_4": 0.014731082943489763, "days_below_40_4": 0.24607439925879646, "wind_speed_over_10mph_4": 0.293765777856046, "snowfall_4": 0.11890747514852198, "rainfall_4": 0.7758869428965611, "hours_sunny_4": 4.272519203550195, "internet_no_access": 0.08533256963906148, "insurance_coverage_none": 0.07214068211974772, "insurance_coverage_govt": 0.21280613880653718, "insurance_coverage_private": 0.715053179073715, "marriage_divorced": 0.11367825437168258}