{"population": 425259.0, "ad_1": 1041.567681534658, "population_change_2010": 0.13170024216941215, "ad_1_change_2010": 0.02745817579013325, "population_change_2000": 1.3661386436094745, "ad_1_change_2000": 0.5504921790193751, "gpw_population": NaN, "gpw_pw_density_4": NaN, "white": 0.5643666565551817, "hispanic": 0.2857858387476808, "black": 0.048704436590407255, "asian": 0.014790986198998728, "homogeneity_250_2020": 0.51616782847694, "homogeneity_250_diff_2010": -0.036747011664400975, "homogeneity_250_diff_2000": -0.12702445858922373, "citizenship_citizen_by_birth": 0.9086547263139285, "citizenship_citizen_by_naturalization": 0.042137184637979774, "citizenship_not_citizen": 0.04920808904809171, "birthplace_non_us": 0.0913452736860715, "birthplace_us_not_state": 0.5125581646691569, "birthplace_us_state": 0.3960965616447716, "language_english_only": 0.7937340893379631, "language_spanish": 0.17237548762562754, "education_high_school": 0.8829643831268937, "education_ugrad": 0.1967677589713446, "education_grad": 0.06516911470153794, "education_field_stem": 0.08222998025321344, "education_field_humanities": 0.07056616084187071, "education_field_business": 0.04397161787625983, "generation_silent": 0.08070162324783468, "generation_boomer": 0.24167223343687227, "generation_genx": 0.1739935228471738, "generation_millenial": 0.20025280699713321, "generation_genz": 0.18586828605470476, "generation_genalpha": 0.11751152741628125, "poverty_below_line": 0.11395643328134082, "household_income_under_50k": 0.3627519683416484, "household_income_over_100k": 0.28697940283331275, "individual_income_under_50k": 0.69453701888382, "individual_income_over_100k": 0.07100809859332606, "housing_per_pop": 0.5300658712976185, "vacancy": 0.1509142102335929, "rent_or_own_rent": 0.21908020391057648, "rent_burden_under_20": 0.2561066986362964, "rent_burden_over_40": 0.29533193466207147, "rent_1br_under_750": 0.5687612208258528, "rent_1br_over_1500": 0.04165170556552957, "rent_2br_under_750": 0.3035326086956528, "rent_2br_over_1500": 0.060190217391304465, "year_built_1969_or_earlier": 0.07713109849515974, "year_built_2010_or_later": 0.14476878813794422, "transportation_means_car": 0.8640613135565423, "transportation_means_bike": 0.00882526228474195, "transportation_means_walk": 0.0130091684681979, "transportation_means_transit": 0.002012667729685748, "transportation_means_worked_at_home": 0.10294252108866452, "transportation_commute_time_under_15": 0.22303688512377035, "transportation_commute_time_over_60": 0.13891236349430458, "vehicle_ownership_at_least_1": 0.9620896711873259, "GHLTH_cdc_2": 0.18789353787083068, "ARTHRITIS_cdc_2": 0.2551262940558539, "CASTHMA_cdc_2": 0.1046914152207768, "BPHIGH_cdc_2": 0.30184303980874366, "CANCER_cdc_2": 0.06545265693483582, "KIDNEY_cdc_2": 0.03240513637845472, "COPD_cdc_2": 0.07369254899119802, "CHD_cdc_2": 0.05990937443401995, "DIABETES_cdc_2": 0.10951124714746265, "OBESITY_cdc_2": 0.3796975477234041, "STROKE_cdc_2": 0.03170733871844086, "DISABILITY_cdc_2": 0.30540128228348007, "HEARING_cdc_2": 0.07179470786394716, "VISION_cdc_2": 0.05787263737457896, "COGNITION_cdc_2": 0.15404312674321874, "MOBILITY_cdc_2": 0.13896786322309526, "SELFCARE_cdc_2": 0.04231272503350572, "INDEPLIVE_cdc_2": 0.0833388959321914, "BINGE_cdc_2": 0.1771212880791085, "CSMOKING_cdc_2": 0.19192537399934761, "LPA_cdc_2": 0.25504174665845897, "SLEEP_cdc_2": 0.3739516282102367, "heating_utility_gas": 0.32818060651029857, "heating_electricity": 0.6265028786567185, "industry_agriculture,_forestry,_fishing_and_hunting": 0.018445168112425695, "industry_mining,_quarrying,_and_oil_and_gas_extraction": 0.008979792408642382, "industry_accommodation_and_food_services": 0.0668236938772162, "industry_arts,_entertainment,_and_recreation": 0.022378850520903975, "industry_construction": 0.07446080817997527, "industry_educational_services": 0.0808714957651333, "industry_health_care_and_social_assistance": 0.12920790198818125, "industry_finance_and_insurance": 0.0493132705341297, "industry_real_estate_and_rental_and_leasing": 0.018370591961027936, "industry_information": 0.017034435915147975, "industry_manufacturing": 0.08842746994093909, "industry_other_services,_except_public_administration": 0.04176781157331619, "industry_administrative_and_support_and_waste_management_services": 0.05860279093366482, "industry_management_of_companies_and_enterprises": 0.0017710857927449222, "industry_professional,_scientific,_and_technical_services": 0.05005820770890579, "industry_public_administration": 0.06591813909879053, "industry_retail_trade": 0.12894058694789953, "industry_transportation_and_warehousing": 0.04578351433535515, "industry_utilities": 0.014759863297510554, "industry_wholesale_trade": 0.018084521108089707, "occupation_architecture_and_engineering_occupations": 0.01966246282827486, "occupation_computer_and_mathematical_occupations": 0.021956224385947146, "occupation_life,_physical,_and_social_science_occupations": 0.006332450808822478, "occupation_arts,_design,_entertainment,_sports,_and_media_occupations": 0.009924703096701184, "occupation_community_and_social_service_occupations": 0.014635569711847315, "occupation_educational_instruction,_and_library_occupations": 0.049667716831033354, "occupation_legal_occupations": 0.0052699642010162195, "occupation_health_diagnosing_and_treating_practitioners_and_other_technical_occupations": 0.02515016435381627, "occupation_health_technologists_and_technicians": 0.01852562361868517, "occupation_business_and_financial_operations_occupations": 0.0547624265173903, "occupation_management_occupations": 0.09566120293617988, "occupation_construction_and_extraction_occupations": 0.05271070212733989, "occupation_farming,_fishing,_and_forestry_occupations": 0.012280206263528794, "occupation_installation,_maintenance,_and_repair_occupations": 0.047000627417142456, "occupation_material_moving_occupations": 0.032515104206549, "occupation_transportation_occupations": 0.04783357607514797, "occupation_office_and_administrative_support_occupations": 0.13365096454826403, "occupation_sales_and_related_occupations": 0.10391442277087794, "occupation_building_and_grounds_cleaning_and_maintenance_occupations": 0.049449993478359315, "occupation_food_preparation_and_serving_related_occupations": 0.04872087802754964, "occupation_healthcare_support_occupations": 0.03352781749268631, "occupation_personal_care_and_service_occupations": 0.02232276471699565, "occupation_firefighting_and_prevention,_and_other_protective_service_workers_including_supervisors": 0.01849482965928749, "occupation_law_enforcement_workers_including_supervisors": 0.026878012856746313, "sors_cohabiting_partnered_gay": 0.005392040795663314, "2020 Presidential Election-margin": -0.17283869580413125, "2016 Presidential Election-margin": -0.19241614879595567, "2016-2020 Swing-margin": 0.019577452991824423, "park_percent_1km_v2": 0.005043855107206468, "mean_dist_Hospital_updated": 10.30331892500386, "mean_dist_Active Superfund Site_updated": 33.74218028253991, "mean_dist_Airport_updated": 33.47539855419771, "mean_dist_Public School_updated": 2.068246870841391, "lapop1share_usda_fra_1": 0.3398446080110836, "mean_high_temp_4": 85.76222007238934, "mean_high_temp_winter_4": 69.46142022462708, "mean_high_temp_spring_4": 90.83049781531754, "mean_high_temp_summer_4": 102.37537183410781, "mean_high_temp_fall_4": 79.50716837947252, "mean_high_heat_index_4": 84.47900926342552, "days_above_90_4": 0.4462836204139266, "days_below_40_4": 7.670413566185603e-05, "wind_speed_over_10mph_4": 0.021989332993105515, "snowfall_4": 0.001091426745204294, "rainfall_4": 0.23604184005924933, "hours_sunny_4": 8.788647720608543, "internet_no_access": 0.08631847973947826, "insurance_coverage_none": 0.12638766200870363, "insurance_coverage_govt": 0.2255152114830166, "insurance_coverage_private": 0.6480971265082798, "marriage_divorced": 0.11963705714711548}