{"population": 776971.0, "ad_1": 638.1900565115563, "population_change_2010": -0.018150363816037223, "ad_1_change_2010": 0.058308212676735145, "population_change_2000": -0.008381214440142023, "ad_1_change_2000": 0.0943772102076325, "gpw_population": NaN, "gpw_pw_density_4": NaN, "white": 0.8021007219059656, "hispanic": 0.06611057555558701, "black": 0.04121131934139112, "asian": 0.03490091650782333, "homogeneity_250_2020": 0.7105996468893997, "homogeneity_250_diff_2010": -0.09061318815949992, "homogeneity_250_diff_2000": -0.13844606106041213, "citizenship_citizen_by_birth": 0.9335133390868803, "citizenship_citizen_by_naturalization": 0.03549983101412413, "citizenship_not_citizen": 0.030986829898995552, "birthplace_non_us": 0.06648666091312118, "birthplace_us_not_state": 0.20290359543506328, "birthplace_us_state": 0.7306097436518155, "language_english_only": 0.9062692220483071, "language_spanish": 0.0315168839985393, "education_high_school": 0.9123548113182512, "education_ugrad": 0.2992558995494917, "education_grad": 0.14335947089209883, "education_field_stem": 0.1388345005120566, "education_field_humanities": 0.12702392543715188, "education_field_business": 0.03339747360028765, "generation_silent": 0.08204369871329757, "generation_boomer": 0.26436482470660083, "generation_genx": 0.17254306589656662, "generation_millenial": 0.1672766195896746, "generation_genz": 0.21935338176730226, "generation_genalpha": 0.09441840932655825, "poverty_below_line": 0.14409354633727328, "household_income_under_50k": 0.4199906106037879, "household_income_over_100k": 0.2756002751345695, "individual_income_under_50k": 0.6890402270499532, "individual_income_over_100k": 0.08402468061915824, "housing_per_pop": 0.6240527291789323, "vacancy": 0.196290868180018, "rent_or_own_rent": 0.31541757266813997, "rent_burden_under_20": 0.26406862457407576, "rent_burden_over_40": 0.3768981124669519, "rent_1br_under_750": 0.5127573537843901, "rent_1br_over_1500": 0.06400861963341895, "rent_2br_under_750": 0.26139385362206163, "rent_2br_over_1500": 0.14154633059497948, "year_built_1969_or_earlier": 0.5568609471391737, "year_built_2010_or_later": 0.03517151840228205, "transportation_means_car": 0.823480265168315, "transportation_means_bike": 0.006547565528108911, "transportation_means_walk": 0.04977347997070641, "transportation_means_transit": 0.02496244871827057, "transportation_means_worked_at_home": 0.08737207863349765, "transportation_commute_time_under_15": 0.35976785342314327, "transportation_commute_time_over_60": 0.06464654019119404, "vehicle_ownership_at_least_1": 0.9016400179766648, "GHLTH_cdc_2": 0.15138962174918683, "ARTHRITIS_cdc_2": 0.2842899675116266, "CASTHMA_cdc_2": 0.11580700730435442, "BPHIGH_cdc_2": 0.3084051525878404, "CANCER_cdc_2": 0.07153313846630766, "KIDNEY_cdc_2": 0.030079876499859312, "COPD_cdc_2": 0.07717934884044458, "CHD_cdc_2": 0.062093347948360335, "DIABETES_cdc_2": 0.10530788515499152, "OBESITY_cdc_2": 0.3306948954962328, "STROKE_cdc_2": 0.030312029242707605, "DISABILITY_cdc_2": 0.29086737337597957, "HEARING_cdc_2": 0.06766997719170016, "VISION_cdc_2": 0.04880864437716908, "COGNITION_cdc_2": 0.1316906391069022, "MOBILITY_cdc_2": 0.1356742051101965, "SELFCARE_cdc_2": 0.038204298779234716, "INDEPLIVE_cdc_2": 0.08389648638303432, "BINGE_cdc_2": 0.1695931312536986, "CSMOKING_cdc_2": 0.17762984280937533, "LPA_cdc_2": 0.23381629986745864, "SLEEP_cdc_2": 0.32826325554469593, "heating_utility_gas": 0.3342093428341915, "heating_electricity": 0.16206227422173886, "industry_agriculture,_forestry,_fishing_and_hunting": 0.01409730598258794, "industry_mining,_quarrying,_and_oil_and_gas_extraction": 0.0021429893983961326, "industry_accommodation_and_food_services": 0.0707564349066826, "industry_arts,_entertainment,_and_recreation": 0.02381062634161904, "industry_construction": 0.06054950895629567, "industry_educational_services": 0.167793089628149, "industry_health_care_and_social_assistance": 0.15245253874748158, "industry_finance_and_insurance": 0.03324690497736088, "industry_real_estate_and_rental_and_leasing": 0.014427611001389727, "industry_information": 0.01578230890551789, "industry_manufacturing": 0.0908312364201642, "industry_other_services,_except_public_administration": 0.04474239331628723, "industry_administrative_and_support_and_waste_management_services": 0.027404318843951468, "industry_management_of_companies_and_enterprises": 0.0007078366074726047, "industry_professional,_scientific,_and_technical_services": 0.0604396373364799, "industry_public_administration": 0.048822034643534344, "industry_retail_trade": 0.11379047676456099, "industry_transportation_and_warehousing": 0.0339200133761304, "industry_utilities": 0.008106433087105784, "industry_wholesale_trade": 0.016176300758832664, "occupation_architecture_and_engineering_occupations": 0.020769602088312376, "occupation_computer_and_mathematical_occupations": 0.025474989154366485, "occupation_life,_physical,_and_social_science_occupations": 0.013711560551405039, "occupation_arts,_design,_entertainment,_sports,_and_media_occupations": 0.023034754050703966, "occupation_community_and_social_service_occupations": 0.02449975296724619, "occupation_educational_instruction,_and_library_occupations": 0.09381822952331624, "occupation_legal_occupations": 0.01005744934071823, "occupation_health_diagnosing_and_treating_practitioners_and_other_technical_occupations": 0.041510120943244674, "occupation_health_technologists_and_technicians": 0.021245427141216952, "occupation_business_and_financial_operations_occupations": 0.036345114643066584, "occupation_management_occupations": 0.09548128894675716, "occupation_construction_and_extraction_occupations": 0.048067161261308625, "occupation_farming,_fishing,_and_forestry_occupations": 0.006146181902396509, "occupation_installation,_maintenance,_and_repair_occupations": 0.02961730277165612, "occupation_material_moving_occupations": 0.03407569378814082, "occupation_transportation_occupations": 0.0369125107938719, "occupation_office_and_administrative_support_occupations": 0.10817612582825176, "occupation_sales_and_related_occupations": 0.08960335081924974, "occupation_building_and_grounds_cleaning_and_maintenance_occupations": 0.03858295887863797, "occupation_food_preparation_and_serving_related_occupations": 0.05946234389119407, "occupation_healthcare_support_occupations": 0.039420909058134106, "occupation_personal_care_and_service_occupations": 0.028139867687255116, "occupation_firefighting_and_prevention,_and_other_protective_service_workers_including_supervisors": 0.009203132951532187, "occupation_law_enforcement_workers_including_supervisors": 0.015660168665068964, "sors_cohabiting_partnered_gay": 0.009164356792733041, "2020 Presidential Election-margin": 0.046202401855019726, "2016 Presidential Election-margin": -0.016467501804154506, "2016-2020 Swing-margin": 0.06266990365917423, "park_percent_1km_v2": 0.011635855954756323, "mean_dist_Hospital_updated": 10.648126485033531, "mean_dist_Active Superfund Site_updated": 17.392591456439142, "mean_dist_Airport_updated": 36.37324514244839, "mean_dist_Public School_updated": 3.050550810213192, "lapop1share_usda_fra_1": 0.36831197190293197, "mean_high_temp_4": 56.669138204035704, "mean_high_temp_winter_4": 34.989876000055546, "mean_high_temp_spring_4": 62.807395498870264, "mean_high_temp_summer_4": 77.14044583000455, "mean_high_temp_fall_4": 50.68867360246146, "mean_high_heat_index_4": 55.406194105371895, "days_above_90_4": 0.007294228020919918, "days_below_40_4": 0.24678235881162405, "wind_speed_over_10mph_4": 0.12574960508620472, "snowfall_4": 0.20070430838853384, "rainfall_4": 0.9693883079819735, "hours_sunny_4": 3.912863047892896, "internet_no_access": 0.11900211395926659, "insurance_coverage_none": 0.05423923091839386, "insurance_coverage_govt": 0.2508955757178884, "insurance_coverage_private": 0.6948651933637177, "marriage_divorced": 0.10637960671458077}