{"population": 448231.0, "ad_1": 2342.288518839015, "population_change_2010": 0.05725830038966308, "ad_1_change_2010": 0.042746723178065237, "gpw_population": NaN, "gpw_pw_density_4": NaN, "white": 0.4121669407069123, "hispanic": 0.46981355595663843, "black": 0.014427828508068384, "asian": 0.05661812770647278, "citizenship_citizen_by_birth": 0.7760530621194565, "citizenship_citizen_by_naturalization": 0.08291515943771177, "citizenship_not_citizen": 0.14103177844283168, "birthplace_non_us": 0.22394693788054346, "birthplace_us_not_state": 0.19724704313531405, "birthplace_us_state": 0.5788060189841424, "language_english_only": 0.6011563785304452, "language_spanish": 0.3301190003738783, "education_high_school": 0.823586277079094, "education_ugrad": 0.3426100753294092, "education_grad": 0.13630926132026863, "education_field_stem": 0.17651232085046772, "education_field_humanities": 0.11794664049471142, "education_field_business": 0.04815111398423005, "generation_silent": 0.06599568647686457, "generation_boomer": 0.19946670069174105, "generation_genx": 0.16481110691376744, "generation_millenial": 0.19047894786932887, "generation_genz": 0.25614311663283396, "generation_genalpha": 0.12310444141546414, "poverty_below_line": 0.13423502445170374, "household_income_under_50k": 0.2929344459415203, "household_income_over_100k": 0.4215092135699908, "individual_income_under_50k": 0.6409126441741397, "individual_income_over_100k": 0.14487483297169085, "housing_per_pop": 0.45108278911196187, "vacancy": 0.06263784180026921, "rent_or_own_rent": 0.4739553929396012, "rent_burden_under_20": 0.19729178207829368, "rent_burden_over_40": 0.3813469792258, "rent_1br_under_750": 0.09653032389894405, "rent_1br_over_1500": 0.5471565888766028, "rent_2br_under_750": 0.04504820470544104, "rent_2br_over_1500": 0.6532390467028324, "year_built_1969_or_earlier": 0.4393340099208152, "year_built_2010_or_later": 0.046442140508473305, "transportation_means_car": 0.799482620892571, "transportation_means_bike": 0.030092458289230704, "transportation_means_walk": 0.040039808747152544, "transportation_means_transit": 0.023268159612492928, "transportation_means_worked_at_home": 0.10054808304019562, "transportation_commute_time_under_15": 0.4091506446137255, "transportation_commute_time_over_60": 0.04938685473694834, "vehicle_ownership_at_least_1": 0.9407377761647573, "GHLTH_cdc_2": 0.16770445543119544, "ARTHRITIS_cdc_2": 0.18927520694445435, "CASTHMA_cdc_2": 0.09946909346799734, "BPHIGH_cdc_2": 0.25543505663252286, "CANCER_cdc_2": 0.05901476203186613, "KIDNEY_cdc_2": 0.02796958997093781, "COPD_cdc_2": 0.05185529086676861, "CHD_cdc_2": 0.04833953280899025, "DIABETES_cdc_2": 0.09453652432607104, "OBESITY_cdc_2": 0.2854853338680248, "STROKE_cdc_2": 0.026360353774830706, "DISABILITY_cdc_2": 0.2718377709100346, "HEARING_cdc_2": 0.060639836054976755, "VISION_cdc_2": 0.053861595363993695, "COGNITION_cdc_2": 0.1416259728246619, "MOBILITY_cdc_2": 0.11344560040620455, "SELFCARE_cdc_2": 0.0361190212566597, "INDEPLIVE_cdc_2": 0.07700923095487575, "BINGE_cdc_2": 0.16467857099169528, "CSMOKING_cdc_2": 0.11558861262749716, "LPA_cdc_2": 0.21616389561293792, "SLEEP_cdc_2": 0.29011467215101894, "heating_utility_gas": 0.7159541249039494, "heating_electricity": 0.20263638364476813, "industry_agriculture,_forestry,_fishing_and_hunting": 0.08158311926972682, "industry_mining,_quarrying,_and_oil_and_gas_extraction": 0.0024679094896085277, "industry_accommodation_and_food_services": 0.08766577612948721, "industry_arts,_entertainment,_and_recreation": 0.02443299370194019, "industry_construction": 0.06346586969348143, "industry_educational_services": 0.11054913175907571, "industry_health_care_and_social_assistance": 0.12276076708513951, "industry_finance_and_insurance": 0.027753323799647532, "industry_real_estate_and_rental_and_leasing": 0.020733364937954392, "industry_information": 0.017299150502955083, "industry_manufacturing": 0.07276306654486871, "industry_other_services,_except_public_administration": 0.04943426226908026, "industry_administrative_and_support_and_waste_management_services": 0.04793249151888281, "industry_management_of_companies_and_enterprises": 0.0015252722757273433, "industry_professional,_scientific,_and_technical_services": 0.0779974247048269, "industry_public_administration": 0.04303458412363584, "industry_retail_trade": 0.09688332707540118, "industry_transportation_and_warehousing": 0.028682398605585014, "industry_utilities": 0.004149498489245816, "industry_wholesale_trade": 0.018886268023729624, "occupation_architecture_and_engineering_occupations": 0.023466456068177828, "occupation_computer_and_mathematical_occupations": 0.031035975001756384, "occupation_life,_physical,_and_social_science_occupations": 0.013452711997098311, "occupation_arts,_design,_entertainment,_sports,_and_media_occupations": 0.0213634185658096, "occupation_community_and_social_service_occupations": 0.016730692811177526, "occupation_educational_instruction,_and_library_occupations": 0.06714518808674762, "occupation_legal_occupations": 0.009213296072833587, "occupation_health_diagnosing_and_treating_practitioners_and_other_technical_occupations": 0.031301239745361135, "occupation_health_technologists_and_technicians": 0.01596325332050046, "occupation_business_and_financial_operations_occupations": 0.04203507122350056, "occupation_management_occupations": 0.11082913897308008, "occupation_construction_and_extraction_occupations": 0.04978937796531205, "occupation_farming,_fishing,_and_forestry_occupations": 0.06205773939224823, "occupation_installation,_maintenance,_and_repair_occupations": 0.02102249686024439, "occupation_material_moving_occupations": 0.03008386404703217, "occupation_transportation_occupations": 0.02780607757760502, "occupation_office_and_administrative_support_occupations": 0.09927614470338025, "occupation_sales_and_related_occupations": 0.08812478718363087, "occupation_building_and_grounds_cleaning_and_maintenance_occupations": 0.05302934747183337, "occupation_food_preparation_and_serving_related_occupations": 0.06635467920608788, "occupation_healthcare_support_occupations": 0.03956250796646037, "occupation_personal_care_and_service_occupations": 0.027601743946159104, "occupation_firefighting_and_prevention,_and_other_protective_service_workers_including_supervisors": 0.010710263470217642, "occupation_law_enforcement_workers_including_supervisors": 0.007157411206906883, "2020 Presidential Election-margin": 0.32053927658825176, "2016 Presidential Election-margin": 0.28548671130986863, "2016-2020 Swing-margin": 0.03505256527838313, "park_percent_1km_v2": 0.030832685994446066, "mean_dist_Hospital_updated": 4.835931824923883, "mean_dist_Active Superfund Site_updated": 38.80819578694701, "mean_dist_Airport_updated": 12.273037071620845, "mean_dist_Public School_updated": 0.8462651348666028, "mean_high_temp_4": 65.96055649342519, "mean_high_temp_winter_4": 60.14217263797958, "mean_high_temp_spring_4": 64.92268849382705, "mean_high_temp_summer_4": 72.38185301904807, "mean_high_temp_fall_4": 66.15126411163573, "mean_high_heat_index_4": 65.15441014656716, "days_above_90_4": 0.004275683466845911, "days_below_40_4": 2.4169064360432204e-06, "wind_speed_over_10mph_4": 0.19234132343259805, "snowfall_4": 0.00010910879851217073, "rainfall_4": 0.4066588318818452, "hours_sunny_4": 8.516559738978428, "internet_no_access": 0.06466861146427513, "insurance_coverage_none": 0.1406144793230636, "insurance_coverage_govt": 0.19562935165745485, "insurance_coverage_private": 0.6637561690194815, "marriage_divorced": 0.09095719577373453}