{"population": 448231.0, "ad_1": 2342.288518839015, "population_change_2010": 0.05725830038966308, "ad_1_change_2010": 0.04274672317806798, "population_change_2000": 0.12240983405409331, "ad_1_change_2000": 0.10760799406208685, "gpw_population": NaN, "gpw_pw_density_4": NaN, "white": 0.4121669407069123, "hispanic": 0.46981355595663843, "black": 0.014427828508068384, "asian": 0.05661812770647278, "homogeneity_250_2020": 0.5415769771952773, "homogeneity_250_diff_2010": -0.026298244809245586, "homogeneity_250_diff_2000": -0.04833637022490489, "citizenship_citizen_by_birth": 0.7760530621194565, "citizenship_citizen_by_naturalization": 0.08291515943771159, "citizenship_not_citizen": 0.14103177844283202, "birthplace_non_us": 0.22394693788054354, "birthplace_us_not_state": 0.19724704313531397, "birthplace_us_state": 0.5788060189841425, "language_english_only": 0.6011563785304451, "language_spanish": 0.33011900037387826, "education_high_school": 0.8235862770790945, "education_ugrad": 0.34261007532940946, "education_grad": 0.13630926132026905, "education_field_stem": 0.17651232085046786, "education_field_humanities": 0.11794664049471122, "education_field_business": 0.04815111398423004, "generation_silent": 0.0659956864768645, "generation_boomer": 0.1994667006917407, "generation_genx": 0.1648111069137678, "generation_millenial": 0.1904789478693282, "generation_genz": 0.2561431166328345, "generation_genalpha": 0.12310444141546424, "poverty_below_line": 0.13423502445170268, "household_income_under_50k": 0.292934445941519, "household_income_over_100k": 0.4215092135699914, "individual_income_under_50k": 0.6409126441741402, "individual_income_over_100k": 0.14487483297169076, "housing_per_pop": 0.45108278911196187, "vacancy": 0.06263784180026921, "rent_or_own_rent": 0.4739553929395997, "rent_burden_under_20": 0.1972917820782946, "rent_burden_over_40": 0.3813469792257988, "rent_1br_under_750": 0.09653032389894387, "rent_1br_over_1500": 0.547156588876604, "rent_2br_under_750": 0.04504820470544102, "rent_2br_over_1500": 0.6532390467028324, "year_built_1969_or_earlier": 0.439334009920815, "year_built_2010_or_later": 0.04644214050847329, "transportation_means_car": 0.799482620892571, "transportation_means_bike": 0.030092458289230788, "transportation_means_walk": 0.04003980874715259, "transportation_means_transit": 0.023268159612492928, "transportation_means_worked_at_home": 0.1005480830401956, "transportation_commute_time_under_15": 0.4091506446137268, "transportation_commute_time_over_60": 0.049386854736948524, "vehicle_ownership_at_least_1": 0.9407377761647574, "traffic_fatalities_last_decade_per_capita": 7.875403530768734e-05, "traffic_fatalities_ped_last_decade_per_capita": 1.5616947511439413e-05, "GHLTH_cdc_2": 0.16770445543119541, "ARTHRITIS_cdc_2": 0.18927520694445416, "CASTHMA_cdc_2": 0.09946909346799719, "BPHIGH_cdc_2": 0.25543505663252325, "CANCER_cdc_2": 0.05901476203186601, "KIDNEY_cdc_2": 0.027969589970937937, "COPD_cdc_2": 0.051855290866768676, "CHD_cdc_2": 0.04833953280899045, "DIABETES_cdc_2": 0.09453652432607133, "OBESITY_cdc_2": 0.28548533386802394, "STROKE_cdc_2": 0.02636035377483079, "DISABILITY_cdc_2": 0.27183777091003325, "HEARING_cdc_2": 0.06063983605497669, "VISION_cdc_2": 0.053861595363993715, "COGNITION_cdc_2": 0.14162597282466183, "MOBILITY_cdc_2": 0.11344560040620463, "SELFCARE_cdc_2": 0.03611902125665968, "INDEPLIVE_cdc_2": 0.07700923095487582, "BINGE_cdc_2": 0.1646785709916965, "CSMOKING_cdc_2": 0.11558861262749763, "LPA_cdc_2": 0.2161638956129372, "SLEEP_cdc_2": 0.2901146721510168, "heating_utility_gas": 0.7159541249039496, "heating_electricity": 0.20263638364476794, "industry_agriculture,_forestry,_fishing_and_hunting": 0.0815831192697271, "industry_mining,_quarrying,_and_oil_and_gas_extraction": 0.0024679094896085337, "industry_accommodation_and_food_services": 0.08766577612948735, "industry_arts,_entertainment,_and_recreation": 0.024432993701940353, "industry_construction": 0.06346586969348131, "industry_educational_services": 0.11054913175907545, "industry_health_care_and_social_assistance": 0.12276076708513958, "industry_finance_and_insurance": 0.027753323799647657, "industry_real_estate_and_rental_and_leasing": 0.02073336493795439, "industry_information": 0.017299150502955045, "industry_manufacturing": 0.07276306654486871, "industry_other_services,_except_public_administration": 0.049434262269080265, "industry_administrative_and_support_and_waste_management_services": 0.047932491518882674, "industry_management_of_companies_and_enterprises": 0.0015252722757273453, "industry_professional,_scientific,_and_technical_services": 0.077997424704827, "industry_public_administration": 0.04303458412363598, "industry_retail_trade": 0.09688332707540079, "industry_transportation_and_warehousing": 0.028682398605585052, "industry_utilities": 0.004149498489245824, "industry_wholesale_trade": 0.018886268023729648, "occupation_architecture_and_engineering_occupations": 0.023466456068177797, "occupation_computer_and_mathematical_occupations": 0.031035975001756397, "occupation_life,_physical,_and_social_science_occupations": 0.013452711997098342, "occupation_arts,_design,_entertainment,_sports,_and_media_occupations": 0.02136341856580958, "occupation_community_and_social_service_occupations": 0.01673069281117751, "occupation_educational_instruction,_and_library_occupations": 0.06714518808674769, "occupation_legal_occupations": 0.009213296072833596, "occupation_health_diagnosing_and_treating_practitioners_and_other_technical_occupations": 0.03130123974536117, "occupation_health_technologists_and_technicians": 0.015963253320500432, "occupation_business_and_financial_operations_occupations": 0.042035071223500656, "occupation_management_occupations": 0.11082913897307992, "occupation_construction_and_extraction_occupations": 0.049789377965312145, "occupation_farming,_fishing,_and_forestry_occupations": 0.0620577393922482, "occupation_installation,_maintenance,_and_repair_occupations": 0.021022496860244447, "occupation_material_moving_occupations": 0.030083864047032168, "occupation_transportation_occupations": 0.027806077577605042, "occupation_office_and_administrative_support_occupations": 0.09927614470338059, "occupation_sales_and_related_occupations": 0.08812478718363086, "occupation_building_and_grounds_cleaning_and_maintenance_occupations": 0.05302934747183313, "occupation_food_preparation_and_serving_related_occupations": 0.06635467920608795, "occupation_healthcare_support_occupations": 0.03956250796646024, "occupation_personal_care_and_service_occupations": 0.02760174394615909, "occupation_firefighting_and_prevention,_and_other_protective_service_workers_including_supervisors": 0.010710263470217628, "occupation_law_enforcement_workers_including_supervisors": 0.007157411206906883, "sors_cohabiting_partnered_gay": 0.005254139351819351, "2020 Presidential Election-margin": 0.3205392765882526, "2016 Presidential Election-margin": 0.28548671130987, "2016-2020 Swing-margin": 0.035052565278382575, "park_percent_1km_v2": 0.030832685994446066, "mean_dist_Hospital_updated": 4.835931824923883, "mean_dist_Active Superfund Site_updated": 38.80819578694701, "mean_dist_Airport_updated": 12.273037071620845, "mean_dist_Public School_updated": 0.8462651348666028, "lapop1share_usda_fra_1": 0.789471466249094, "mean_high_temp_4": 65.96055649342519, "mean_high_temp_winter_4": 60.14217263797958, "mean_high_temp_spring_4": 64.92268849382705, "mean_high_temp_summer_4": 72.38185301904807, "mean_high_temp_fall_4": 66.15126411163573, "mean_high_heat_index_4": 65.15441014656716, "days_above_90_4": 0.004275683466845911, "days_below_40_4": 2.4169064360432204e-06, "wind_speed_over_10mph_4": 0.19234132343259805, "snowfall_4": 0.00010910879851217073, "rainfall_4": 0.4066588318818452, "hours_sunny_4": 8.516559738978428, "internet_no_access": 0.06466861146427512, "insurance_coverage_none": 0.14061447932306348, "insurance_coverage_govt": 0.19562935165745554,