{"population": 1015850.0, "ad_1": 3480.143496835568, "population_change_2010": 0.06650806665819774, "ad_1_change_2010": 0.03651119290510273, "gpw_population": NaN, "gpw_pw_density_4": NaN, "white": 0.17260323866712604, "hispanic": 0.09083722990599005, "black": 0.01903922823251464, "asian": 0.42257715213860314, "citizenship_citizen_by_birth": 0.805372512361311, "citizenship_citizen_by_naturalization": 0.1212903444590014, "citizenship_not_citizen": 0.07333714317968755, "birthplace_non_us": 0.19462748763868898, "birthplace_us_not_state": 0.2753720107659096, "birthplace_us_state": 0.5300005015954014, "language_english_only": 0.7319690703629389, "language_spanish": 0.020231088723573643, "education_high_school": 0.9292783412635045, "education_ugrad": 0.3532776321907185, "education_grad": 0.12673054998468883, "education_field_stem": 0.164437344701411, "education_field_humanities": 0.11571477878798309, "education_field_business": 0.07312550870132443, "generation_silent": 0.07978876188852724, "generation_boomer": 0.2183354991042174, "generation_genx": 0.18082296741468373, "generation_millenial": 0.21723691787227917, "generation_genz": 0.18280246264396724, "generation_genalpha": 0.12101339107632526, "poverty_below_line": 0.08595152126332671, "household_income_under_50k": 0.25375847243303307, "household_income_over_100k": 0.4634577348976113, "individual_income_under_50k": 0.5908125017335757, "individual_income_over_100k": 0.13379264837397747, "housing_per_pop": 0.4576897603313546, "vacancy": 0.09232156500657396, "rent_or_own_rent": 0.41579548963067015, "rent_burden_under_20": 0.20294993411728088, "rent_burden_over_40": 0.3939885969822384, "rent_1br_under_750": 0.12999631466080716, "rent_1br_over_1500": 0.4247871037439905, "rent_2br_under_750": 0.05628738569130558, "rent_2br_over_1500": 0.710046493601535, "year_built_1969_or_earlier": 0.34960260369557644, "year_built_2010_or_later": 0.06784867077710822, "transportation_means_car": 0.7873092182426585, "transportation_means_bike": 0.015487828507785158, "transportation_means_walk": 0.05217609069999869, "transportation_means_transit": 0.06318264922414266, "transportation_means_worked_at_home": 0.06379732560142451, "transportation_commute_time_under_15": 0.21820501541677284, "transportation_commute_time_over_60": 0.09866341454559804, "vehicle_ownership_at_least_1": 0.906040638676345, "GHLTH_cdc_2": 0.1339617278928803, "ARTHRITIS_cdc_2": 0.1821913067023338, "CASTHMA_cdc_2": 0.08263668644989305, "BPHIGH_cdc_2": 0.276344033658706, "CANCER_cdc_2": 0.05419633757570216, "KIDNEY_cdc_2": 0.02718282326851999, "COPD_cdc_2": 0.03781570221187752, "CHD_cdc_2": 0.04169607570128187, "DIABETES_cdc_2": 0.09780530406493491, "OBESITY_cdc_2": 0.23905676563712036, "STROKE_cdc_2": 0.02665965777136377, "DISABILITY_cdc_2": 0.22231288132899465, "HEARING_cdc_2": 0.05754208009740118, "VISION_cdc_2": 0.04031222767408648, "COGNITION_cdc_2": 0.0932855764226118, "MOBILITY_cdc_2": 0.09134280439969596, "SELFCARE_cdc_2": 0.026775125617478506, "INDEPLIVE_cdc_2": 0.052961393195668574, "BINGE_cdc_2": 0.17182231023052918, "CSMOKING_cdc_2": 0.11035953088608795, "LPA_cdc_2": 0.20698633274435746, "SLEEP_cdc_2": 0.4158498027804241, "heating_utility_gas": 0.03361823618640498, "heating_electricity": 0.4036833841607578, "industry_agriculture,_forestry,_fishing_and_hunting": 0.006179840812646607, "industry_mining,_quarrying,_and_oil_and_gas_extraction": 0.0001924673801619083, "industry_accommodation_and_food_services": 0.11420153218321315, "industry_arts,_entertainment,_and_recreation": 0.020893094181016494, "industry_construction": 0.07128918829532523, "industry_educational_services": 0.10231395733440762, "industry_health_care_and_social_assistance": 0.12731693098353866, "industry_finance_and_insurance": 0.04087950451285091, "industry_real_estate_and_rental_and_leasing": 0.025610601017649077, "industry_information": 0.015149917586128252, "industry_manufacturing": 0.031624483982514086, "industry_other_services,_except_public_administration": 0.04071447409149895, "industry_administrative_and_support_and_waste_management_services": 0.04152265657478364, "industry_management_of_companies_and_enterprises": 0.0010194426070114265, "industry_professional,_scientific,_and_technical_services": 0.05984570062559011, "industry_public_administration": 0.09816961747125767, "industry_retail_trade": 0.1089959441471015, "industry_transportation_and_warehousing": 0.05925854183296279, "industry_utilities": 0.011247701974315509, "industry_wholesale_trade": 0.023574402406026387, "occupation_architecture_and_engineering_occupations": 0.020312465706537646, "occupation_computer_and_mathematical_occupations": 0.025961703255592702, "occupation_life,_physical,_and_social_science_occupations": 0.0100224583713915, "occupation_arts,_design,_entertainment,_sports,_and_media_occupations": 0.022234392624605595, "occupation_community_and_social_service_occupations": 0.016989857239096053, "occupation_educational_instruction,_and_library_occupations": 0.06929820572170389, "occupation_legal_occupations": 0.011168337051439678, "occupation_health_diagnosing_and_treating_practitioners_and_other_technical_occupations": 0.0421776341708136, "occupation_health_technologists_and_technicians": 0.017233702928298504, "occupation_business_and_financial_operations_occupations": 0.05102993929654718, "occupation_management_occupations": 0.09831228807230492, "occupation_construction_and_extraction_occupations": 0.051413053501487914, "occupation_farming,_fishing,_and_forestry_occupations": 0.004107864901226349, "occupation_installation,_maintenance,_and_repair_occupations": 0.03008733836603697, "occupation_material_moving_occupations": 0.028667228641132587, "occupation_transportation_occupations": 0.04005588251130839, "occupation_office_and_administrative_support_occupations": 0.1268908075131519, "occupation_sales_and_related_occupations": 0.10483903836811265, "occupation_building_and_grounds_cleaning_and_maintenance_occupations": 0.042960775427881154, "occupation_food_preparation_and_serving_related_occupations": 0.07134089841095209, "occupation_healthcare_support_occupations": 0.02892130469165252, "occupation_personal_care_and_service_occupations": 0.029750128111589606, "occupation_firefighting_and_prevention,_and_other_protective_service_workers_including_supervisors": 0.02154161946503513, "occupation_law_enforcement_workers_including_supervisors": 0.011467085633141957, "2020 Presidential Election-margin": 0.26859250370516347, "2016 Presidential Election-margin": 0.2987787717142209, "2016-2020 Swing-margin": -0.030186268009057438, "park_percent_1km_v2": 0.027618369386653692, "mean_dist_Hospital_updated": 4.094932871680275, "mean_dist_Active Superfund Site_updated": 13.263319417994861, "mean_dist_Airport_updated": 14.260320531641304, "mean_dist_Public School_updated": 0.7181114737661295, "mean_high_temp_4": 77.31744939207334, "mean_high_temp_winter_4": 74.57994596300884, "mean_high_temp_spring_4": 76.53499293475834, "mean_high_temp_summer_4": 79.78651118379763, "mean_high_temp_fall_4": 78.29351554698195, "mean_high_heat_index_4": 78.95005740386544, "days_above_90_4": 0.0, "days_below_40_4": 0.0, "wind_speed_over_10mph_4": 0.7589997159664104, "snowfall_4": 0.0, "rainfall_4": 0.43037669767651304, "hours_sunny_4": 8.384017032070576, "internet_no_access": 0.07665825760896221, "insurance_coverage_none": 0.04884829714753771, "insurance_coverage_govt": 0.14757170672593525, "insurance_coverage_private": 0.803579996126527, "marriage_divorced": 0.08659011924736613}