{"population": 397848.0, "ad_1": 543.0446146158151, "population_change_2010": 0.07334734433889727, "ad_1_change_2010": 0.03372267755111757, "population_change_2000": 0.09322928116069466, "ad_1_change_2000": -0.06481418002034468, "gpw_population": NaN, "gpw_pw_density_4": NaN, "white": 0.641549033801854, "hispanic": 0.06520580724296716, "black": 0.2130637831533651, "asian": 0.02390360137539965, "homogeneity_250_2020": 0.593546545076586, "homogeneity_250_diff_2010": -0.0811946316342671, "homogeneity_250_diff_2000": -0.14545646148569302, "citizenship_citizen_by_birth": 0.9624576325350502, "citizenship_citizen_by_naturalization": 0.021090970594874175, "citizenship_not_citizen": 0.01645139687007566, "birthplace_non_us": 0.03754236746495006, "birthplace_us_not_state": 0.404329782043358, "birthplace_us_state": 0.5581278504916919, "language_english_only": 0.9398576221017845, "language_spanish": 0.03386258042566846, "education_high_school": 0.8959706736967119, "education_ugrad": 0.22361376196275262, "education_grad": 0.08215387614511092, "education_field_stem": 0.09971578429312893, "education_field_humanities": 0.0780495631365177, "education_field_business": 0.04584841453310665, "generation_silent": 0.06162817935321339, "generation_boomer": 0.23367777313516594, "generation_genx": 0.18371019706586533, "generation_millenial": 0.2010379104566529, "generation_genz": 0.19866131779116733, "generation_genalpha": 0.12128462219793505, "poverty_below_line": 0.1665575312186954, "household_income_under_50k": 0.4697626698332183, "household_income_over_100k": 0.2201741116335983, "individual_income_under_50k": 0.725209261570295, "individual_income_over_100k": 0.06238159508386874, "housing_per_pop": 0.5763290388728924, "vacancy": 0.11185063089689667, "rent_or_own_rent": 0.3425785788972587, "rent_burden_under_20": 0.23926787747118322, "rent_burden_over_40": 0.34904752933353866, "rent_1br_under_750": 0.5157682184004417, "rent_1br_over_1500": 0.013138950618592661, "rent_2br_under_750": 0.2634063208061658, "rent_2br_over_1500": 0.01087652397331108, "year_built_1969_or_earlier": 0.22565102000812445, "year_built_2010_or_later": 0.08716414415827878, "transportation_means_car": 0.9156243815838594, "transportation_means_bike": 0.0033181748871799564, "transportation_means_walk": 0.02431781315919294, "transportation_means_transit": 0.0014270472416892804, "transportation_means_worked_at_home": 0.04387880217942161, "transportation_commute_time_under_15": 0.2576588505721942, "transportation_commute_time_over_60": 0.06787065600052603, "vehicle_ownership_at_least_1": 0.9462722618610292, "traffic_fatalities_last_decade_per_capita": 0.00016538979710844343, "traffic_fatalities_ped_last_decade_per_capita": 3.845689811184172e-05, "GHLTH_cdc_2": 0.20610336760980902, "ARTHRITIS_cdc_2": 0.2683647861248458, "CASTHMA_cdc_2": 0.10014093658732577, "BPHIGH_cdc_2": 0.39435914234663694, "CANCER_cdc_2": 0.0644582367588278, "KIDNEY_cdc_2": 0.03029605976018436, "COPD_cdc_2": 0.0755424413556544, "CHD_cdc_2": 0.0629603033934433, "DIABETES_cdc_2": 0.12182831863487331, "OBESITY_cdc_2": 0.3594608021125601, "STROKE_cdc_2": 0.03368694073494704, "DISABILITY_cdc_2": 0.37023002073810485, "HEARING_cdc_2": 0.07530697776215028, "VISION_cdc_2": 0.061223523037952816, "COGNITION_cdc_2": 0.16909101803282203, "MOBILITY_cdc_2": 0.17039414597042205, "SELFCARE_cdc_2": 0.04581026787316036, "INDEPLIVE_cdc_2": 0.09586833456518143, "BINGE_cdc_2": 0.15087976922580207, "CSMOKING_cdc_2": 0.19744461347474446, "LPA_cdc_2": 0.28524327805564176, "SLEEP_cdc_2": 0.3507311616926323, "heating_utility_gas": 0.16126374118908066, "heating_electricity": 0.8001540931223815, "industry_agriculture,_forestry,_fishing_and_hunting": 0.005903794135196996, "industry_mining,_quarrying,_and_oil_and_gas_extraction": 0.004934691976045822, "industry_accommodation_and_food_services": 0.09859314316837954, "industry_arts,_entertainment,_and_recreation": 0.05821394192164061, "industry_construction": 0.0723580556961503, "industry_educational_services": 0.08101863702064577, "industry_health_care_and_social_assistance": 0.15143817028654777, "industry_finance_and_insurance": 0.032267166947210296, "industry_real_estate_and_rental_and_leasing": 0.018177457918654442, "industry_information": 0.011635171321833355, "industry_manufacturing": 0.1021399729173741, "industry_other_services,_except_public_administration": 0.04422941539490907, "industry_administrative_and_support_and_waste_management_services": 0.03191497171977591, "industry_management_of_companies_and_enterprises": 0.0006837223822232164, "industry_professional,_scientific,_and_technical_services": 0.04171316965723995, "industry_public_administration": 0.06191657811665363, "industry_retail_trade": 0.11081058921631577, "industry_transportation_and_warehousing": 0.041481717584715805, "industry_utilities": 0.013222596330995073, "industry_wholesale_trade": 0.01734703628749254, "occupation_architecture_and_engineering_occupations": 0.015291599713722747, "occupation_computer_and_mathematical_occupations": 0.01898370057772812, "occupation_life,_physical,_and_social_science_occupations": 0.008970868209515072, "occupation_arts,_design,_entertainment,_sports,_and_media_occupations": 0.012390238648288565, "occupation_community_and_social_service_occupations": 0.013599331734164178, "occupation_educational_instruction,_and_library_occupations": 0.06335606592772622, "occupation_legal_occupations": 0.0076400133744464315, "occupation_health_diagnosing_and_treating_practitioners_and_other_technical_occupations": 0.04739338048343002, "occupation_health_technologists_and_technicians": 0.035256293274640665, "occupation_business_and_financial_operations_occupations": 0.03900086283305569, "occupation_management_occupations": 0.08974741932228758, "occupation_construction_and_extraction_occupations": 0.06639584745452463, "occupation_farming,_fishing,_and_forestry_occupations": 0.005029818568355137, "occupation_installation,_maintenance,_and_repair_occupations": 0.036729819443047186, "occupation_material_moving_occupations": 0.025975505112462917, "occupation_transportation_occupations": 0.04226652094343988, "occupation_office_and_administrative_support_occupations": 0.10197971631606259, "occupation_sales_and_related_occupations": 0.10625688039832025, "occupation_building_and_grounds_cleaning_and_maintenance_occupations": 0.035238457038582686, "occupation_food_preparation_and_serving_related_occupations": 0.07812488837997779, "occupation_healthcare_support_occupations": 0.027616438829798647, "occupation_personal_care_and_service_occupations": 0.03733161772117973, "occupation_firefighting_and_prevention,_and_other_protective_service_workers_including_supervisors": 0.020261964161884524, "occupation_law_enforcement_workers_including_supervisors": 0.006732511769728419, "sors_cohabiting_partnered_gay": 0.005981542702450217, "2020 Presidential Election-margin": -0.32816887210879947, "2016 Presidential Election-margin": -0.3725619702253708, "2016-2020 Swing-margin": 0.04439309811657133, "park_percent_1km_v2": 0.005253394483955654, "mean_dist_Hospital_updated": 7.462886177390949, "mean_dist_Active Superfund Site_updated": 23.376737952521747, "mean_dist_Airport_updated": 21.955479344418432, "mean_dist_Public School_updated": 2.4550674791890725, "lapop1share_usda_fra_1": 0.3746502512931734, "mean_high_temp_4": 75.1023355039496, "mean_high_temp_winter_4": 62.58885654999493, "mean_high_temp_spring_4": 78.68104755689654, "mean_high_temp_summer_4": 86.75585876488296, "mean_high_temp_fall_4": 71.78567555760603, "mean_high_heat_index_4": 78.8788052489671, "days_above_90_4": 0.06317930432244984, "days_below_40_4": 0.0016945367499862985, "wind_speed_over_10mph_4": 0.2353286725191997, "snowfall_4": 0.00111277833185417, "rainfall_4": 1.4998970852295868, "hours_sunny_4": 5.799317502325649, "internet_no_access": 0.1329642647093409, "insurance_coverage_none": 0.19997319073973538, "insurance_coverage_govt": 0.16452081770661375,