{"population": 3297640.0, "ad_1": 2689.0878137445457, "population_change_2010": 0.06551224648912868, "ad_1_change_2010": 0.02951939668501878, "gpw_population": NaN, "gpw_pw_density_4": NaN, "white": 0.4310794992782717, "hispanic": 0.3394639803010638, "black": 0.04396113584260259, "asian": 0.12147171916886015, "citizenship_citizen_by_birth": 0.7727109047120984, "citizenship_citizen_by_naturalization": 0.13072672772120875, "citizenship_not_citizen": 0.09656236756669295, "birthplace_non_us": 0.22728909528790167, "birthplace_us_not_state": 0.266097485594095, "birthplace_us_state": 0.5066134191180033, "language_english_only": 0.6327307696430174, "language_spanish": 0.24086907369689387, "education_high_school": 0.8858918164749059, "education_ugrad": 0.3931489148117073, "education_grad": 0.15350984886701738, "education_field_stem": 0.20455867257473562, "education_field_humanities": 0.11534018548661358, "education_field_business": 0.07325005675035806, "generation_silent": 0.05717347719878714, "generation_boomer": 0.20285927214469607, "generation_genx": 0.1884086085481064, "generation_millenial": 0.23461854223471196, "generation_genz": 0.19855815822381537, "generation_genalpha": 0.11838194164988312, "poverty_below_line": 0.10719871839515598, "household_income_under_50k": 0.27993695262910323, "household_income_over_100k": 0.4440512019811003, "individual_income_under_50k": 0.5917364143021874, "individual_income_over_100k": 0.16598340183416876, "housing_per_pop": 0.47088133212067856, "vacancy": 0.056694050809269404, "rent_or_own_rent": 0.45932578771912264, "rent_burden_under_20": 0.18962117846683887, "rent_burden_over_40": 0.3957706690079633, "rent_1br_under_750": 0.0830708441320633, "rent_1br_over_1500": 0.5118774257389946, "rent_2br_under_750": 0.034395749271029105, "rent_2br_over_1500": 0.7670765694191576, "year_built_1969_or_earlier": 0.29938850849698206, "year_built_2010_or_later": 0.05256787821674424, "transportation_means_car": 0.8013413592025889, "transportation_means_bike": 0.009822199589540004, "transportation_means_walk": 0.029200988361434022, "transportation_means_transit": 0.02429520172708789, "transportation_means_worked_at_home": 0.12457743524954282, "transportation_commute_time_under_15": 0.20569604440615574, "transportation_commute_time_over_60": 0.07096391264893526, "vehicle_ownership_at_least_1": 0.9459698105594145, "GHLTH_cdc_2": 0.14838412487366273, "ARTHRITIS_cdc_2": 0.19528595711097124, "CASTHMA_cdc_2": 0.09535639012584496, "BPHIGH_cdc_2": 0.23888381047085602, "CANCER_cdc_2": 0.054957367459668484, "KIDNEY_cdc_2": 0.026182477490776183, "COPD_cdc_2": 0.047889808796850536, "CHD_cdc_2": 0.04500278644370305, "DIABETES_cdc_2": 0.09292369097050383, "OBESITY_cdc_2": 0.23725841949215815, "STROKE_cdc_2": 0.02488712227087482, "DISABILITY_cdc_2": 0.24438727863691584, "HEARING_cdc_2": 0.05404086332214699, "VISION_cdc_2": 0.04679388446308364, "COGNITION_cdc_2": 0.1267576219999937, "MOBILITY_cdc_2": 0.10447856200944683, "SELFCARE_cdc_2": 0.03279045604999699, "INDEPLIVE_cdc_2": 0.06772627400354386, "BINGE_cdc_2": 0.18961884047472197, "CSMOKING_cdc_2": 0.10883466700792103, "LPA_cdc_2": 0.17430762757441334, "SLEEP_cdc_2": 0.3358719149531353, "heating_utility_gas": 0.568228381009281, "heating_electricity": 0.32634797178668945, "industry_agriculture,_forestry,_fishing_and_hunting": 0.006547653592289795, "industry_mining,_quarrying,_and_oil_and_gas_extraction": 0.00025432719333034744, "industry_accommodation_and_food_services": 0.08074041617295398, "industry_arts,_entertainment,_and_recreation": 0.027871828669322217, "industry_construction": 0.06416133892656056, "industry_educational_services": 0.08649595823807411, "industry_health_care_and_social_assistance": 0.12740054653175137, "industry_finance_and_insurance": 0.037323710008281274, "industry_real_estate_and_rental_and_leasing": 0.025066797315848054, "industry_information": 0.020092484091080772, "industry_manufacturing": 0.09614458053063789, "industry_other_services,_except_public_administration": 0.0495588034358748, "industry_administrative_and_support_and_waste_management_services": 0.046452696061726195, "industry_management_of_companies_and_enterprises": 0.001911268857877561, "industry_professional,_scientific,_and_technical_services": 0.11070750234963997, "industry_public_administration": 0.05009417479005127, "industry_retail_trade": 0.10385781483413295, "industry_transportation_and_warehousing": 0.037128472291831235, "industry_utilities": 0.007293468086731039, "industry_wholesale_trade": 0.02089615802200467, "occupation_architecture_and_engineering_occupations": 0.033141875709705615, "occupation_computer_and_mathematical_occupations": 0.04488417498353741, "occupation_life,_physical,_and_social_science_occupations": 0.01918189766337184, "occupation_arts,_design,_entertainment,_sports,_and_media_occupations": 0.024064354637323756, "occupation_community_and_social_service_occupations": 0.016666696796920996, "occupation_educational_instruction,_and_library_occupations": 0.05491755300714268, "occupation_legal_occupations": 0.013717137172272291, "occupation_health_diagnosing_and_treating_practitioners_and_other_technical_occupations": 0.03960675306077802, "occupation_health_technologists_and_technicians": 0.017622967043843103, "occupation_business_and_financial_operations_occupations": 0.06518817086185291, "occupation_management_occupations": 0.1141892003618978, "occupation_construction_and_extraction_occupations": 0.04567696924424206, "occupation_farming,_fishing,_and_forestry_occupations": 0.0038753106083711697, "occupation_installation,_maintenance,_and_repair_occupations": 0.024282419864494323, "occupation_material_moving_occupations": 0.027274048212746465, "occupation_transportation_occupations": 0.02855764587659853, "occupation_office_and_administrative_support_occupations": 0.10022906202106571, "occupation_sales_and_related_occupations": 0.10230499643439064, "occupation_building_and_grounds_cleaning_and_maintenance_occupations": 0.03853690850159207, "occupation_food_preparation_and_serving_related_occupations": 0.06040950033812601, "occupation_healthcare_support_occupations": 0.0322786178928418, "occupation_personal_care_and_service_occupations": 0.030465455010015446, "occupation_firefighting_and_prevention,_and_other_protective_service_workers_including_supervisors": 0.01227065126020594, "occupation_law_enforcement_workers_including_supervisors": 0.008485478249863463, "2020 Presidential Election-margin": 0.227730817444315, "2016 Presidential Election-margin": 0.19885535176554914, "2016-2020 Swing-margin": 0.028875465678765866, "park_percent_1km_v2": 0.025710043835402353, "mean_dist_Hospital_updated": 4.958249576266321, "mean_dist_Active Superfund Site_updated": 53.061264259135456, "mean_dist_Airport_updated": 25.0243318010632, "mean_dist_Public School_updated": 0.8477068850568065, "mean_high_temp_4": 70.04816601889321, "mean_high_temp_winter_4": 63.47134994077565, "mean_high_temp_spring_4": 68.33842117139733, "mean_high_temp_summer_4": 77.82350035220085, "mean_high_temp_fall_4": 70.27317675130433, "mean_high_heat_index_4": 69.79976091267996, "days_above_90_4": 0.015193011949935475, "days_below_40_4": 1.2433133336835738e-06, "wind_speed_over_10mph_4": 0.02789931492235205, "snowfall_4": 7.18622696172132e-05, "rainfall_4": 0.34798508318672333, "hours_sunny_4": 7.560482310257894, "internet_no_access": 0.052623815202450526, "insurance_coverage_none": 0.10091498675806086, "insurance_coverage_govt": 0.17997994868086667, "insurance_coverage_private": 0.7191050645610725, "marriage_divorced": 0.09804389679146702}