{"population": 1567254.0, "ad_1": 1787.2463458576221, "population_change_2010": 0.1572445650809497, "ad_1_change_2010": 0.10175231104277346, "population_change_2000": 0.33248483024411896, "ad_1_change_2000": 0.049386858711210374, "gpw_population": NaN, "gpw_pw_density_4": NaN, "white": 0.6144243370889466, "hispanic": 0.06363486709876, "black": 0.20317893589679784, "asian": 0.06333115117268803, "homogeneity_250_2020": 0.5579816961308112, "homogeneity_250_diff_2010": -0.09538205295978952, "homogeneity_250_diff_2000": -0.1752595766536087, "citizenship_citizen_by_birth": 0.887459500339509, "citizenship_citizen_by_naturalization": 0.05594418723983785, "citizenship_not_citizen": 0.056596312420653196, "birthplace_non_us": 0.11254049966049028, "birthplace_us_not_state": 0.23287153248355533, "birthplace_us_state": 0.6545879678559543, "language_english_only": 0.8618060847067639, "language_spanish": 0.03662837777263808, "education_high_school": 0.9245109748022438, "education_ugrad": 0.4214966084624821, "education_grad": 0.16305388224435574, "education_field_stem": 0.18830524312666377, "education_field_humanities": 0.14176814975123916, "education_field_business": 0.09142321558458014, "generation_silent": 0.04523614599940828, "generation_boomer": 0.18900214603741936, "generation_genx": 0.18871058286723627, "generation_millenial": 0.24280831794864458, "generation_genz": 0.19929229315083805, "generation_genalpha": 0.13495051399645355, "poverty_below_line": 0.13084859665961687, "household_income_under_50k": 0.3484744085214514, "household_income_over_100k": 0.3441664554363118, "individual_income_under_50k": 0.6111212594013872, "individual_income_over_100k": 0.12503528724413088, "housing_per_pop": 0.5610077650039134, "vacancy": 0.06690940027545506, "rent_or_own_rent": 0.43266745439770277, "rent_burden_under_20": 0.2963549279406531, "rent_burden_over_40": 0.27984589576725055, "rent_1br_under_750": 0.287150150626847, "rent_1br_over_1500": 0.049148256394353246, "rent_2br_under_750": 0.10838663200420143, "rent_2br_over_1500": 0.14205333666268352, "year_built_1969_or_earlier": 0.3527889030940659, "year_built_2010_or_later": 0.08767805109168682, "transportation_means_car": 0.8271527887258221, "transportation_means_bike": 0.0038504020454600187, "transportation_means_walk": 0.022047607583152794, "transportation_means_transit": 0.01703228801672811, "transportation_means_worked_at_home": 0.12229588321921375, "transportation_commute_time_under_15": 0.24325479210257794, "transportation_commute_time_over_60": 0.03413571020396606, "vehicle_ownership_at_least_1": 0.9370777736651568, "GHLTH_cdc_2": 0.15354739974811946, "ARTHRITIS_cdc_2": 0.23599905665178636, "CASTHMA_cdc_2": 0.10453875318607644, "BPHIGH_cdc_2": 0.29076799841437884, "CANCER_cdc_2": 0.05815848924320814, "KIDNEY_cdc_2": 0.026318527939862436, "COPD_cdc_2": 0.06587811073204566, "CHD_cdc_2": 0.05082803510459441, "DIABETES_cdc_2": 0.10083107583314467, "OBESITY_cdc_2": 0.3627014257479859, "STROKE_cdc_2": 0.02753358240663646, "DISABILITY_cdc_2": 0.2665174385378981, "HEARING_cdc_2": 0.0498122200704988, "VISION_cdc_2": 0.046630830414757546, "COGNITION_cdc_2": 0.1405510183793079, "MOBILITY_cdc_2": 0.12221492549897005, "SELFCARE_cdc_2": 0.0358197535299707, "INDEPLIVE_cdc_2": 0.07851382768909344, "BINGE_cdc_2": 0.19060711824404566, "CSMOKING_cdc_2": 0.17351431100007306, "LPA_cdc_2": 0.24714043090579846, "SLEEP_cdc_2": 0.36159971279845904, "heating_utility_gas": 0.7071130313932457, "heating_electricity": 0.2686016972223824, "industry_agriculture,_forestry,_fishing_and_hunting": 0.0023925847120282906, "industry_mining,_quarrying,_and_oil_and_gas_extraction": 0.0006214833059820905, "industry_accommodation_and_food_services": 0.06811067189101556, "industry_arts,_entertainment,_and_recreation": 0.01984388826170746, "industry_construction": 0.04284431480244786, "industry_educational_services": 0.09590584948308863, "industry_health_care_and_social_assistance": 0.15309714388299947, "industry_finance_and_insurance": 0.08503785087971852, "industry_real_estate_and_rental_and_leasing": 0.01634545981645251, "industry_information": 0.021041830310798138, "industry_manufacturing": 0.07649038413243602, "industry_other_services,_except_public_administration": 0.03941005756481267, "industry_administrative_and_support_and_waste_management_services": 0.04369381004645726, "industry_management_of_companies_and_enterprises": 0.0021348543790401906, "industry_professional,_scientific,_and_technical_services": 0.08221469755140665, "industry_public_administration": 0.04488214600071591, "industry_retail_trade": 0.11274823108055713, "industry_transportation_and_warehousing": 0.05668756919185658, "industry_utilities": 0.008521858463486753, "industry_wholesale_trade": 0.02797531424299248, "occupation_architecture_and_engineering_occupations": 0.01925843580050473, "occupation_computer_and_mathematical_occupations": 0.05321871318809757, "occupation_life,_physical,_and_social_science_occupations": 0.011312802655993007, "occupation_arts,_design,_entertainment,_sports,_and_media_occupations": 0.02217124987054964, "occupation_community_and_social_service_occupations": 0.018817689506370385, "occupation_educational_instruction,_and_library_occupations": 0.0628745217490993, "occupation_legal_occupations": 0.014164259459250173, "occupation_health_diagnosing_and_treating_practitioners_and_other_technical_occupations": 0.05267885459103873, "occupation_health_technologists_and_technicians": 0.01967820837999711, "occupation_business_and_financial_operations_occupations": 0.07770074855100464, "occupation_management_occupations": 0.11742313064347495, "occupation_construction_and_extraction_occupations": 0.026966804969899578, "occupation_farming,_fishing,_and_forestry_occupations": 0.0010822150417449795, "occupation_installation,_maintenance,_and_repair_occupations": 0.01920285523286508, "occupation_material_moving_occupations": 0.048157845498941546, "occupation_transportation_occupations": 0.034399185252763635, "occupation_office_and_administrative_support_occupations": 0.11525772990557634, "occupation_sales_and_related_occupations": 0.09326614722344785, "occupation_building_and_grounds_cleaning_and_maintenance_occupations": 0.027472557560877298, "occupation_food_preparation_and_serving_related_occupations": 0.05110731021126486, "occupation_healthcare_support_occupations": 0.028949523090475757, "occupation_personal_care_and_service_occupations": 0.02368885849876294, "occupation_firefighting_and_prevention,_and_other_protective_service_workers_including_supervisors": 0.01209207056815419, "occupation_law_enforcement_workers_including_supervisors": 0.006625680340466031, "sors_cohabiting_partnered_gay": 0.008214456443490059, "2020 Presidential Election-margin": 0.26261960669219353, "2016 Presidential Election-margin": 0.20737207169256705, "2016-2020 Swing-margin": 0.05524753499962648, "park_percent_1km_v2": 0.04110357770410402, "mean_dist_Hospital_updated": 4.308865031311202, "mean_dist_Active Superfund Site_updated": 64.79852758799896, "mean_dist_Airport_updated": 14.357056546628154, "mean_dist_Public School_updated": 1.0001639115981307, "lapop1share_usda_fra_1": 0.6952262967508315, "mean_high_temp_4": 62.20308969029389, "mean_high_temp_winter_4": 40.96977957493286, "mean_high_temp_spring_4": 69.08750105332224, "mean_high_temp_summer_4": 81.82387429493448, "mean_high_temp_fall_4": 55.8953467891229, "mean_high_heat_index_4": 61.73544443160783, "days_above_90_4": 0.022353285104551774, "days_below_40_4": 0.16261289464112885, "wind_speed_over_10mph_4": 0.19883965827897807, "snowfall_4": 0.08610123250530317, "rainfall_4": 1.0024093757575636, "hours_sunny_4": 4.473202464890145, "internet_no_access": 0.06575274399810914, "insurance_coverage_none": 0.09339929214971289, "insurance_coverage_govt": 0.1617001287347217, "insurance_coverage_private": 0.7449005791155654, "marriage_divorced": 0.10676924812589578}