{"population": 779094.0, "ad_1": 834.1048220227392, "population_change_2010": 0.15834734630704247, "ad_1_change_2010": 0.038228647632196446, "population_change_2000": 0.21316412332606666, "ad_1_change_2000": 0.050409820680434446, "gpw_population": NaN, "gpw_pw_density_4": NaN, "white": 0.8165381840958857, "hispanic": 0.04288571083848675, "black": 0.033567194715913615, "asian": 0.01675022526165007, "homogeneity_250_2020": 0.7438235394564141, "homogeneity_250_diff_2010": -0.1179841499786457, "homogeneity_250_diff_2000": -0.1612619397817009, "citizenship_citizen_by_birth": 0.9560932780237509, "citizenship_citizen_by_naturalization": 0.018226041709769176, "citizenship_not_citizen": 0.02568068026647996, "birthplace_non_us": 0.04390672197624707, "birthplace_us_not_state": 0.33310531923698, "birthplace_us_state": 0.622987958786773, "language_english_only": 0.9370255595358955, "language_spanish": 0.0192741764095533, "education_high_school": 0.9354748267713385, "education_ugrad": 0.29877915038326885, "education_grad": 0.08511997741781177, "education_field_stem": 0.1264202080079058, "education_field_humanities": 0.11269351734766038, "education_field_business": 0.05966542502770272, "generation_silent": 0.06530858195059196, "generation_boomer": 0.21098760706749092, "generation_genx": 0.16121803492365291, "generation_millenial": 0.21406773699672788, "generation_genz": 0.21171044192493987, "generation_genalpha": 0.13670759713659636, "poverty_below_line": 0.10723055970911104, "household_income_under_50k": 0.3658440270169561, "household_income_over_100k": 0.31807785380770415, "individual_income_under_50k": 0.6319324323133042, "individual_income_over_100k": 0.09963412591358498, "housing_per_pop": 0.6064657696030653, "vacancy": 0.1269646759425742, "rent_or_own_rent": 0.37030473049389695, "rent_burden_under_20": 0.3715496591118425, "rent_burden_over_40": 0.2644462870831022, "rent_1br_under_750": 0.5486941472624249, "rent_1br_over_1500": 0.029893014474512664, "rent_2br_under_750": 0.3366512971721423, "rent_2br_over_1500": 0.0446045158609224, "year_built_1969_or_earlier": 0.3324516158665947, "year_built_2010_or_later": 0.17271034905743857, "transportation_means_car": 0.8921078524922137, "transportation_means_bike": 0.004044840226332528, "transportation_means_walk": 0.032274454305945326, "transportation_means_transit": 0.0052493698525566115, "transportation_means_worked_at_home": 0.05766871469749057, "transportation_commute_time_under_15": 0.5152455623091479, "transportation_commute_time_over_60": 0.04376277258034369, "vehicle_ownership_at_least_1": 0.9488630260755303, "traffic_fatalities_last_decade_per_capita": 0.00014645216109994432, "traffic_fatalities_ped_last_decade_per_capita": 1.0525045758278204e-05, "GHLTH_cdc_2": 0.13912629132230592, "ARTHRITIS_cdc_2": 0.24936791016223867, "CASTHMA_cdc_2": 0.09124172214569112, "BPHIGH_cdc_2": 0.3089108222375114, "CANCER_cdc_2": 0.07054220806550192, "KIDNEY_cdc_2": 0.028357416972759997, "COPD_cdc_2": 0.058286432506883215, "CHD_cdc_2": 0.058188420186714246, "DIABETES_cdc_2": 0.09157323614937501, "OBESITY_cdc_2": 0.36523470691764914, "STROKE_cdc_2": 0.02875612947658517, "DISABILITY_cdc_2": 0.27544051882462944, "HEARING_cdc_2": 0.07849575107132004, "VISION_cdc_2": 0.04130821089685182, "COGNITION_cdc_2": 0.12037094046526498, "MOBILITY_cdc_2": 0.11370603382307963, "SELFCARE_cdc_2": 0.032120657330883505, "INDEPLIVE_cdc_2": 0.06591022918580001, "BINGE_cdc_2": 0.20951497359963273, "CSMOKING_cdc_2": 0.1541179484236215, "LPA_cdc_2": 0.2508552513774281, "SLEEP_cdc_2": 0.29654079048057363, "heating_utility_gas": 0.4089094022278266, "heating_electricity": 0.40342197875795294, "industry_agriculture,_forestry,_fishing_and_hunting": 0.05734219993459131, "industry_mining,_quarrying,_and_oil_and_gas_extraction": 0.031161115130372067, "industry_accommodation_and_food_services": 0.06395498647215599, "industry_arts,_entertainment,_and_recreation": 0.018621844741980063, "industry_construction": 0.07488627691941846, "industry_educational_services": 0.09611706292181608, "industry_health_care_and_social_assistance": 0.16596632409343842, "industry_finance_and_insurance": 0.04495406479490217, "industry_real_estate_and_rental_and_leasing": 0.01198923718819053, "industry_information": 0.011530876188022234, "industry_manufacturing": 0.0683379086845785, "industry_other_services,_except_public_administration": 0.04364587772415054, "industry_administrative_and_support_and_waste_management_services": 0.02339127677075971, "industry_management_of_companies_and_enterprises": 0.0010777677571529106, "industry_professional,_scientific,_and_technical_services": 0.04301656045905379, "industry_public_administration": 0.04701297285511884, "industry_retail_trade": 0.11190450234383252, "industry_transportation_and_warehousing": 0.03949337482532791, "industry_utilities": 0.013775606275333672, "industry_wholesale_trade": 0.03182016391980407, "occupation_architecture_and_engineering_occupations": 0.017472225801017323, "occupation_computer_and_mathematical_occupations": 0.017239328860390812, "occupation_life,_physical,_and_social_science_occupations": 0.010287107419997565, "occupation_arts,_design,_entertainment,_sports,_and_media_occupations": 0.013014974777756793, "occupation_community_and_social_service_occupations": 0.0195113128450096, "occupation_educational_instruction,_and_library_occupations": 0.06392773257484931, "occupation_legal_occupations": 0.005314509974926499, "occupation_health_diagnosing_and_treating_practitioners_and_other_technical_occupations": 0.050769055429472874, "occupation_health_technologists_and_technicians": 0.022786735775943267, "occupation_business_and_financial_operations_occupations": 0.04469639158399525, "occupation_management_occupations": 0.12296710702357584, "occupation_construction_and_extraction_occupations": 0.0596067510381262, "occupation_farming,_fishing,_and_forestry_occupations": 0.01603520212481312, "occupation_installation,_maintenance,_and_repair_occupations": 0.04188428490728663, "occupation_material_moving_occupations": 0.035685262083387036, "occupation_transportation_occupations": 0.0410022496853412, "occupation_office_and_administrative_support_occupations": 0.1048061009087938, "occupation_sales_and_related_occupations": 0.09013359364934527, "occupation_building_and_grounds_cleaning_and_maintenance_occupations": 0.03680762712704376, "occupation_food_preparation_and_serving_related_occupations": 0.05378184989544557, "occupation_healthcare_support_occupations": 0.0368175376351547, "occupation_personal_care_and_service_occupations": 0.03074487378967956, "occupation_firefighting_and_prevention,_and_other_protective_service_workers_including_supervisors": 0.007440313964897022, "occupation_law_enforcement_workers_including_supervisors": 0.008183602073278357, "sors_cohabiting_partnered_gay": 0.0035999503455125237, "2020 Presidential Election-margin": -0.333428170508036, "2016 Presidential Election-margin": -0.35728888372632467, "2016-2020 Swing-margin": 0.023860713218288643, "park_percent_1km_v2": 0.02010912416967091, "mean_dist_Hospital_updated": 8.955785353688318, "mean_dist_Active Superfund Site_updated": 270.63407608208223, "mean_dist_Airport_updated": 39.16738531078474, "mean_dist_Public School_updated": 2.7829284024062004, "lapop1share_usda_fra_1": 0.5606883513581575, "mean_high_temp_4": 52.732630834566855, "mean_high_temp_winter_4": 24.615604448275178, "mean_high_temp_spring_4": 61.92016521460346, "mean_high_temp_summer_4": 79.02986441136038, "mean_high_temp_fall_4": 43.97577479431076, "mean_high_heat_index_4": 50.80101538579092, "days_above_90_4": 0.023513384268413793, "days_below_40_4": 0.34188284979212225, "wind_speed_over_10mph_4": 0.3564143807916107, "snowfall_4": 0.12794922234000594, "rainfall_4": 0.4731787514414062, "hours_sunny_4": 5.052229758979393, "internet_no_access": 0.10727170486065166, "insurance_coverage_none": 0.09201915984836476, "insurance_coverage_govt": 0.107313161460745,