{"population": 797066.0, "ad_1": 1246.639457258987, "population_change_2010": 0.10491069262599029, "ad_1_change_2010": 0.08825704739896749, "population_change_2000": 0.3016701478424603, "ad_1_change_2000": 0.10033955790050648, "gpw_population": NaN, "gpw_pw_density_4": NaN, "white": 0.626726017669804, "hispanic": 0.23087046743933376, "black": 0.021161359285178392, "asian": 0.04304913269415581, "homogeneity_250_2020": 0.5309707754350756, "homogeneity_250_diff_2010": -0.0744290114710423, "homogeneity_250_diff_2000": -0.13485028238140795, "citizenship_citizen_by_birth": 0.8779331721317643, "citizenship_citizen_by_naturalization": 0.05949210931524137, "citizenship_not_citizen": 0.0625747185529944, "birthplace_non_us": 0.12206682786823532, "birthplace_us_not_state": 0.5245971171415188, "birthplace_us_state": 0.35333605499024595, "language_english_only": 0.7949261747745394, "language_spanish": 0.1511545569688429, "education_high_school": 0.8903124290536075, "education_ugrad": 0.27070963297062506, "education_grad": 0.0999102981285176, "education_field_stem": 0.1280792840772566, "education_field_humanities": 0.09289372684502813, "education_field_business": 0.04973662204834288, "generation_silent": 0.06484491381739363, "generation_boomer": 0.252921025512347, "generation_genx": 0.18496079810495913, "generation_millenial": 0.20584707002350167, "generation_genz": 0.17959472838375984, "generation_genalpha": 0.11183146415803871, "poverty_below_line": 0.10669382888412503, "household_income_under_50k": 0.3423152361652792, "household_income_over_100k": 0.33268061658963116, "individual_income_under_50k": 0.646819183715644, "individual_income_over_100k": 0.10934007120310557, "housing_per_pop": 0.5705808563547259, "vacancy": 0.13155533896709456, "rent_or_own_rent": 0.37494348362082075, "rent_burden_under_20": 0.27642224628910056, "rent_burden_over_40": 0.30316985047188183, "rent_1br_under_750": 0.277095161426998, "rent_1br_over_1500": 0.08863655622404881, "rent_2br_under_750": 0.10092583662841187, "rent_2br_over_1500": 0.2236956312084102, "year_built_1969_or_earlier": 0.1940805575909398, "year_built_2010_or_later": 0.07157164390388532, "transportation_means_car": 0.8523204247221796, "transportation_means_bike": 0.007829548672241216, "transportation_means_walk": 0.023548567297473125, "transportation_means_transit": 0.021956486646035122, "transportation_means_worked_at_home": 0.08004928286947728, "transportation_commute_time_under_15": 0.32812271916541697, "transportation_commute_time_over_60": 0.05896666622779592, "vehicle_ownership_at_least_1": 0.9465119229230433, "traffic_fatalities_last_decade_per_capita": 0.0001304785300088073, "traffic_fatalities_ped_last_decade_per_capita": 2.5719325626736054e-05, "GHLTH_cdc_2": 0.17025456405647843, "ARTHRITIS_cdc_2": 0.2497068890183151, "CASTHMA_cdc_2": 0.10119534272085988, "BPHIGH_cdc_2": 0.3053301769930846, "CANCER_cdc_2": 0.06575323267055053, "KIDNEY_cdc_2": 0.028960878601434956, "COPD_cdc_2": 0.07038215185347864, "CHD_cdc_2": 0.05622037480217927, "DIABETES_cdc_2": 0.09892310411274492, "OBESITY_cdc_2": 0.3026177129080595, "STROKE_cdc_2": 0.029089622112296366, "DISABILITY_cdc_2": 0.3097946635852724, "HEARING_cdc_2": 0.0711492754519289, "VISION_cdc_2": 0.04951551065252535, "COGNITION_cdc_2": 0.14477734052774885, "MOBILITY_cdc_2": 0.1326940879697241, "SELFCARE_cdc_2": 0.037248574818549464, "INDEPLIVE_cdc_2": 0.07727921585152217, "BINGE_cdc_2": 0.17246232569301242, "CSMOKING_cdc_2": 0.1673489433255555, "LPA_cdc_2": 0.22779016804759333, "SLEEP_cdc_2": 0.32865452191989014, "heating_utility_gas": 0.6145501621491537, "heating_electricity": 0.24298302394342566, "industry_agriculture,_forestry,_fishing_and_hunting": 0.01056802433263793, "industry_mining,_quarrying,_and_oil_and_gas_extraction": 0.01278328507496824, "industry_accommodation_and_food_services": 0.08732320236913314, "industry_arts,_entertainment,_and_recreation": 0.05623354411072241, "industry_construction": 0.0810826988217345, "industry_educational_services": 0.07733095117975154, "industry_health_care_and_social_assistance": 0.11188730148560647, "industry_finance_and_insurance": 0.02787759792691933, "industry_real_estate_and_rental_and_leasing": 0.024578770848689018, "industry_information": 0.014457789772805043, "industry_manufacturing": 0.08245924062593248, "industry_other_services,_except_public_administration": 0.04477055068301405, "industry_administrative_and_support_and_waste_management_services": 0.04272119629423745, "industry_management_of_companies_and_enterprises": 0.0010960874599404598, "industry_professional,_scientific,_and_technical_services": 0.06296080927522904, "industry_public_administration": 0.06470672788866581, "industry_retail_trade": 0.1097773928035032, "industry_transportation_and_warehousing": 0.05270816294438617, "industry_utilities": 0.009016970092136674, "industry_wholesale_trade": 0.025659696009986774, "occupation_architecture_and_engineering_occupations": 0.020598814186918595, "occupation_computer_and_mathematical_occupations": 0.021002817539802765, "occupation_life,_physical,_and_social_science_occupations": 0.010375218586672473, "occupation_arts,_design,_entertainment,_sports,_and_media_occupations": 0.0176859898857452, "occupation_community_and_social_service_occupations": 0.015149777518598717, "occupation_educational_instruction,_and_library_occupations": 0.05437386153685361, "occupation_legal_occupations": 0.008288005901911234, "occupation_health_diagnosing_and_treating_practitioners_and_other_technical_occupations": 0.03523923629240634, "occupation_health_technologists_and_technicians": 0.01600610501742239, "occupation_business_and_financial_operations_occupations": 0.04550743839704635, "occupation_management_occupations": 0.10166664855391208, "occupation_construction_and_extraction_occupations": 0.06650761330222814, "occupation_farming,_fishing,_and_forestry_occupations": 0.004376426315955048, "occupation_installation,_maintenance,_and_repair_occupations": 0.0329328061156569, "occupation_material_moving_occupations": 0.04999479404629646, "occupation_transportation_occupations": 0.035251757416446594, "occupation_office_and_administrative_support_occupations": 0.11805679919275193, "occupation_sales_and_related_occupations": 0.095441980373974, "occupation_building_and_grounds_cleaning_and_maintenance_occupations": 0.040967456358332516, "occupation_food_preparation_and_serving_related_occupations": 0.06345187210868695, "occupation_healthcare_support_occupations": 0.025085876372324206, "occupation_personal_care_and_service_occupations": 0.03675986811434044, "occupation_firefighting_and_prevention,_and_other_protective_service_workers_including_supervisors": 0.014740986762994275, "occupation_law_enforcement_workers_including_supervisors": 0.013654872693716038, "sors_cohabiting_partnered_gay": 0.008204854684992793, "2020 Presidential Election-margin": -0.07034090741675368, "2016 Presidential Election-margin": -0.100240624334805, "2016-2020 Swing-margin": 0.029899716918051322, "park_percent_1km_v2": 0.02116598373665033, "mean_dist_Hospital_updated": 6.931624150342296, "mean_dist_Active Superfund Site_updated": 49.70481740060374, "mean_dist_Airport_updated": 35.40682843902846, "mean_dist_Public School_updated": 1.896343092444829, "lapop1share_usda_fra_1": 0.5536418245706187, "mean_high_temp_4": 62.72575705067288, "mean_high_temp_winter_4": 43.92096432563074, "mean_high_temp_spring_4": 64.7770559721336, "mean_high_temp_summer_4": 84.79504716942532, "mean_high_temp_fall_4": 56.36665565924756, "mean_high_heat_index_4": 60.02962495718007, "days_above_90_4": 0.06928387950871735, "days_below_40_4": 0.1294205531805022, "wind_speed_over_10mph_4": 0.007369572263232287, "snowfall_4": 0.26946350998990887, "rainfall_4": 0.18841441162453693, "hours_sunny_4": 7.054030111567207, "internet_no_access": 0.09042945942693176, "insurance_coverage_none": 0.12573769593476355, "insurance_coverage_govt": 0.15388613710721277,