{"population": 775273.0, "ad_1": 1234.62385068895, "population_change_2010": 0.07904303796058913, "ad_1_change_2010": 0.06942012959214228, "gpw_population": NaN, "gpw_pw_density_4": NaN, "white": 0.6914777117221933, "hispanic": 0.04956060639284484, "black": 0.09901802332855653, "asian": 0.10382149255810534, "citizenship_citizen_by_birth": 0.8724323081598323, "citizenship_citizen_by_naturalization": 0.06917938077674848, "citizenship_not_citizen": 0.05838831106341914, "birthplace_non_us": 0.12756769184016764, "birthplace_us_not_state": 0.21546017861628872, "birthplace_us_state": 0.6569721295435436, "language_english_only": 0.849634501658939, "language_spanish": 0.022737572318036893, "education_high_school": 0.9537733703817569, "education_ugrad": 0.48991109381014697, "education_grad": 0.23809790860311883, "education_field_stem": 0.26302292481269535, "education_field_humanities": 0.14315312887849416, "education_field_business": 0.08373504011895748, "generation_silent": 0.06049664962189674, "generation_boomer": 0.2290377005948106, "generation_genx": 0.19286035092429335, "generation_millenial": 0.18853849895173064, "generation_genz": 0.22535193177289967, "generation_genalpha": 0.1037148681343689, "poverty_below_line": 0.09792433525868667, "household_income_under_50k": 0.29393109651591565, "household_income_over_100k": 0.42389639491975356, "individual_income_under_50k": 0.5751313628390741, "individual_income_over_100k": 0.16993033309817968, "housing_per_pop": 0.523836584192462, "vacancy": 0.05142413353139504, "rent_or_own_rent": 0.31059110022109404, "rent_burden_under_20": 0.28957567341071766, "rent_burden_over_40": 0.35038339521291895, "rent_1br_under_750": 0.17814664727332288, "rent_1br_over_1500": 0.13178013173870556, "rent_2br_under_750": 0.09193901154064904, "rent_2br_over_1500": 0.31665004774949945, "year_built_1969_or_earlier": 0.3110301382319557, "year_built_2010_or_later": 0.054923150783512203, "transportation_means_car": 0.7950177579046125, "transportation_means_bike": 0.007663967576783828, "transportation_means_walk": 0.03775094532257821, "transportation_means_transit": 0.021593985059367236, "transportation_means_worked_at_home": 0.12959428868627582, "transportation_commute_time_under_15": 0.23827105338975815, "transportation_commute_time_over_60": 0.055564947393384446, "vehicle_ownership_at_least_1": 0.9420586034698973, "GHLTH_cdc_2": 0.12094361033950243, "ARTHRITIS_cdc_2": 0.22655020693247058, "CASTHMA_cdc_2": 0.10585214960877926, "BPHIGH_cdc_2": 0.265767066357807, "CANCER_cdc_2": 0.0629844887915366, "KIDNEY_cdc_2": 0.02514980992176374, "COPD_cdc_2": 0.053223076649284044, "CHD_cdc_2": 0.04508325831780776, "DIABETES_cdc_2": 0.07591323712932314, "OBESITY_cdc_2": 0.28846455113809466, "STROKE_cdc_2": 0.024139777213387975, "DISABILITY_cdc_2": 0.22705878151552625, "HEARING_cdc_2": 0.05124567710652382, "VISION_cdc_2": 0.03553462088324523, "COGNITION_cdc_2": 0.1080089952515577, "MOBILITY_cdc_2": 0.09500189157011313, "SELFCARE_cdc_2": 0.027133635902615375, "INDEPLIVE_cdc_2": 0.06379329783308342, "BINGE_cdc_2": 0.1741283354056511, "CSMOKING_cdc_2": 0.13448046988420587, "LPA_cdc_2": 0.17453457115793922, "SLEEP_cdc_2": 0.33110116282733715, "heating_utility_gas": 0.8294219867183261, "heating_electricity": 0.13218186914897653, "industry_agriculture,_forestry,_fishing_and_hunting": 0.0033973499927559517, "industry_mining,_quarrying,_and_oil_and_gas_extraction": 0.0008535989368136336, "industry_accommodation_and_food_services": 0.06283260897819647, "industry_arts,_entertainment,_and_recreation": 0.019210028332811564, "industry_construction": 0.0349419282322226, "industry_educational_services": 0.14867816786901766, "industry_health_care_and_social_assistance": 0.1513915855255454, "industry_finance_and_insurance": 0.038639630891463314, "industry_real_estate_and_rental_and_leasing": 0.014211074056432103, "industry_information": 0.015644745282788645, "industry_manufacturing": 0.17033154041799314, "industry_other_services,_except_public_administration": 0.03842123572427034, "industry_administrative_and_support_and_waste_management_services": 0.03056075030882136, "industry_management_of_companies_and_enterprises": 0.0027197251410188148, "industry_professional,_scientific,_and_technical_services": 0.08917062522219264, "industry_public_administration": 0.026971770216931777, "industry_retail_trade": 0.08959642038886102, "industry_transportation_and_warehousing": 0.03587259192454458, "industry_utilities": 0.007617013061821935, "industry_wholesale_trade": 0.018937609495496995, "occupation_architecture_and_engineering_occupations": 0.05230806709131747, "occupation_computer_and_mathematical_occupations": 0.04971472123105123, "occupation_life,_physical,_and_social_science_occupations": 0.021156627885736072, "occupation_arts,_design,_entertainment,_sports,_and_media_occupations": 0.02247415539196429, "occupation_community_and_social_service_occupations": 0.017224789497775204, "occupation_educational_instruction,_and_library_occupations": 0.08279024327207876, "occupation_legal_occupations": 0.010012246143857465, "occupation_health_diagnosing_and_treating_practitioners_and_other_technical_occupations": 0.06597032337774696, "occupation_health_technologists_and_technicians": 0.018152091060743187, "occupation_business_and_financial_operations_occupations": 0.06515310168475506, "occupation_management_occupations": 0.12041217308260665, "occupation_construction_and_extraction_occupations": 0.025249138039512464, "occupation_farming,_fishing,_and_forestry_occupations": 0.001579029865096692, "occupation_installation,_maintenance,_and_repair_occupations": 0.02177518801923608, "occupation_material_moving_occupations": 0.029734820043174962, "occupation_transportation_occupations": 0.027622069965771004, "occupation_office_and_administrative_support_occupations": 0.09661180966155407, "occupation_sales_and_related_occupations": 0.08191183730597375, "occupation_building_and_grounds_cleaning_and_maintenance_occupations": 0.023397236438087506, "occupation_food_preparation_and_serving_related_occupations": 0.050368864655523725, "occupation_healthcare_support_occupations": 0.026010505875402597, "occupation_personal_care_and_service_occupations": 0.0240605752205746, "occupation_firefighting_and_prevention,_and_other_protective_service_workers_including_supervisors": 0.008292659155443128, "occupation_law_enforcement_workers_including_supervisors": 0.006159848991736908, "2020 Presidential Election-margin": 0.26673236312704973, "2016 Presidential Election-margin": 0.20792166462501527, "2016-2020 Swing-margin": 0.058810698502034464, "park_percent_1km_v2": 0.044350747395645526, "mean_dist_Hospital_updated": 6.020667447864612, "mean_dist_Active Superfund Site_updated": 29.145518008385153, "mean_dist_Airport_updated": 24.813603077723158, "mean_dist_Public School_updated": 1.369996956538666, "mean_high_temp_4": 58.23411228190872, "mean_high_temp_winter_4": 35.468582485483, "mean_high_temp_spring_4": 64.91849265679988, "mean_high_temp_summer_4": 79.6774347931975, "mean_high_temp_fall_4": 51.76564702455819, "mean_high_heat_index_4": 57.30042002623972, "days_above_90_4": 0.016869021912327843, "days_below_40_4": 0.23890177219982942, "wind_speed_over_10mph_4": 0.26528002940845946, "snowfall_4": 0.1163302208443383, "rainfall_4": 0.8041096020329895, "hours_sunny_4": 4.252611359755526, "internet_no_access": 0.05127444881756141, "insurance_coverage_none": 0.0434901013517924, "insurance_coverage_govt": 0.12945717290712405, "insurance_coverage_private": 0.8270527257410836, "marriage_divorced": 0.09449907019655714}