{"population": 620539.0, "ad_1": 1684.3096834797147, "population_change_2010": 0.05329990596430718, "ad_1_change_2010": 0.13417429722757704, "population_change_2000": 0.09710492119197688, "ad_1_change_2000": 0.19945993938124318, "gpw_population": NaN, "gpw_pw_density_4": NaN, "white": 0.6301038290905164, "hispanic": 0.19396363484003423, "black": 0.06083421025914568, "asian": 0.061523933225792415, "homogeneity_250_2020": 0.552178952201704, "homogeneity_250_diff_2010": -0.09679855260024539, "homogeneity_250_diff_2000": -0.16350053790161978, "citizenship_citizen_by_birth": 0.7742985565513597, "citizenship_citizen_by_naturalization": 0.11109035401402509, "citizenship_not_citizen": 0.11461108943461532, "birthplace_non_us": 0.22570144344863993, "birthplace_us_not_state": 0.39333119400057776, "birthplace_us_state": 0.38096736255078234, "language_english_only": 0.7151853014372599, "language_spanish": 0.14781671502559673, "education_high_school": 0.9198333577797151, "education_ugrad": 0.5359035387907799, "education_grad": 0.24390656153812446, "education_field_stem": 0.23270354122914014, "education_field_humanities": 0.17500467234553024, "education_field_business": 0.12819532521610877, "generation_silent": 0.06682696097990157, "generation_boomer": 0.23977632556561243, "generation_genx": 0.2116937478159071, "generation_millenial": 0.17595274121464566, "generation_genz": 0.19167866535252595, "generation_genalpha": 0.11407155907140736, "poverty_below_line": 0.0698171954583784, "household_income_under_50k": 0.22693632918464002, "household_income_over_100k": 0.5516204022846608, "individual_income_under_50k": 0.5053737291956841, "individual_income_over_100k": 0.2652268195385225, "housing_per_pop": 0.5163473174457874, "vacancy": 0.06731495923716413, "rent_or_own_rent": 0.32746780549346716, "rent_burden_under_20": 0.23464017089436687, "rent_burden_over_40": 0.3565676671543849, "rent_1br_under_750": 0.15728168062305145, "rent_1br_over_1500": 0.5080493195239678, "rent_2br_under_750": 0.06200367995073028, "rent_2br_over_1500": 0.7128760373209483, "year_built_1969_or_earlier": 0.5112125585910648, "year_built_2010_or_later": 0.06769873064733999, "transportation_means_car": 0.7359930402129605, "transportation_means_bike": 0.001833228754499094, "transportation_means_walk": 0.027071622851011303, "transportation_means_transit": 0.0832869995250076, "transportation_means_worked_at_home": 0.14266169563926548, "transportation_commute_time_under_15": 0.25261921754120636, "transportation_commute_time_over_60": 0.16077481243445865, "vehicle_ownership_at_least_1": 0.9446279576756971, "GHLTH_cdc_2": 0.10732256605753078, "ARTHRITIS_cdc_2": 0.20994014461884863, "CASTHMA_cdc_2": 0.10053527289007047, "BPHIGH_cdc_2": 0.2564037547539259, "CANCER_cdc_2": 0.06876453084795096, "KIDNEY_cdc_2": 0.025793307647433934, "COPD_cdc_2": 0.04575642486648318, "CHD_cdc_2": 0.04558098972111787, "DIABETES_cdc_2": 0.07536265053158026, "OBESITY_cdc_2": 0.2447182216132366, "STROKE_cdc_2": 0.024297836596075803, "DISABILITY_cdc_2": 0.19619944332143968, "HEARING_cdc_2": 0.05250325369800083, "VISION_cdc_2": 0.03577199242085099, "COGNITION_cdc_2": 0.092945942034884, "MOBILITY_cdc_2": 0.09062553757241078, "SELFCARE_cdc_2": 0.02711646610863155, "INDEPLIVE_cdc_2": 0.05498224145649893, "BINGE_cdc_2": 0.1614761365332168, "CSMOKING_cdc_2": 0.10974087992294221, "LPA_cdc_2": 0.1870414546901637, "SLEEP_cdc_2": 0.3051380390986421, "heating_utility_gas": 0.31680259375228903, "heating_electricity": 0.2039486842765554, "industry_agriculture,_forestry,_fishing_and_hunting": 0.0017527838781569434, "industry_mining,_quarrying,_and_oil_and_gas_extraction": 0.0006331230022524194, "industry_accommodation_and_food_services": 0.05074021650719353, "industry_arts,_entertainment,_and_recreation": 0.025808630320585068, "industry_construction": 0.06860438879783819, "industry_educational_services": 0.08294152201451573, "industry_health_care_and_social_assistance": 0.12497151775769488, "industry_finance_and_insurance": 0.10820769941742875, "industry_real_estate_and_rental_and_leasing": 0.026967183981904428, "industry_information": 0.029119421391672878, "industry_manufacturing": 0.07481942113169984, "industry_other_services,_except_public_administration": 0.052133176611982614, "industry_administrative_and_support_and_waste_management_services": 0.0545531637249227, "industry_management_of_companies_and_enterprises": 0.0032217539966834952, "industry_professional,_scientific,_and_technical_services": 0.11344760332413788, "industry_public_administration": 0.02314804661121471, "industry_retail_trade": 0.10003471978773265, "industry_transportation_and_warehousing": 0.029469231272191223, "industry_utilities": 0.004466168173524468, "industry_wholesale_trade": 0.02496022829666775, "occupation_architecture_and_engineering_occupations": 0.015669226209426575, "occupation_computer_and_mathematical_occupations": 0.041012408454676845, "occupation_life,_physical,_and_social_science_occupations": 0.01211666435345147, "occupation_arts,_design,_entertainment,_sports,_and_media_occupations": 0.02743351155567063, "occupation_community_and_social_service_occupations": 0.014857658739030324, "occupation_educational_instruction,_and_library_occupations": 0.06683573485447993, "occupation_legal_occupations": 0.02059970505612946, "occupation_health_diagnosing_and_treating_practitioners_and_other_technical_occupations": 0.04034205757214496, "occupation_health_technologists_and_technicians": 0.01374432656147933, "occupation_business_and_financial_operations_occupations": 0.09496170972778319, "occupation_management_occupations": 0.160260834915926, "occupation_construction_and_extraction_occupations": 0.05067761787079478, "occupation_farming,_fishing,_and_forestry_occupations": 0.0011726810288025095, "occupation_installation,_maintenance,_and_repair_occupations": 0.01918408410517181, "occupation_material_moving_occupations": 0.017468971631581672, "occupation_transportation_occupations": 0.021551077386814044, "occupation_office_and_administrative_support_occupations": 0.08711956994824653, "occupation_sales_and_related_occupations": 0.11868190666041291, "occupation_building_and_grounds_cleaning_and_maintenance_occupations": 0.04709246849940312, "occupation_food_preparation_and_serving_related_occupations": 0.037229434015777225, "occupation_healthcare_support_occupations": 0.024581489443276525, "occupation_personal_care_and_service_occupations": 0.03192148937531633, "occupation_firefighting_and_prevention,_and_other_protective_service_workers_including_supervisors": 0.008201825119405044, "occupation_law_enforcement_workers_including_supervisors": 0.004095027103238554, "sors_cohabiting_partnered_gay": 0.007113367378593378, "2020 Presidential Election-margin": 0.2661638349755351, "2016 Presidential Election-margin": 0.19138735332923668, "2016-2020 Swing-margin": 0.07477648164629841, "park_percent_1km_v2": 0.02063012050288773, "mean_dist_Hospital_updated": 4.694993025337472, "mean_dist_Active Superfund Site_updated": 11.80817060148735, "mean_dist_Airport_updated": 25.13410546601234, "mean_dist_Public School_updated": 1.2849789785483787, "lapop1share_usda_fra_1": 0.6215119508357205, "mean_high_temp_4": 60.04937899726084, "mean_high_temp_winter_4": 39.83596435323059, "mean_high_temp_spring_4": 64.28741373495096, "mean_high_temp_summer_4": 79.92543358551642, "mean_high_temp_fall_4": 55.17782576731162, "mean_high_heat_index_4": 59.392494609845784, "days_above_90_4": 0.01646709740949899, "days_below_40_4": 0.16082966919137975, "wind_speed_over_10mph_4": 0.16310447433827366, "snowfall_4": 0.10581915283258911, "rainfall_4": 1.0624787816429357, "hours_sunny_4": 4.850236718059717, "internet_no_access": 0.05404126612198818, "insurance_coverage_none": 0.10078924056859277, "insurance_coverage_govt": 0.1333944674998217, "insurance_coverage_private": 0.7658162919315856, "marriage_divorced": 0.0879579004594731}