{"population": 769364.0, "ad_1": 387.87665818735445, "population_change_2010": -0.026369240231282925, "ad_1_change_2010": 0.013900373835130722, "gpw_population": NaN, "gpw_pw_density_4": NaN, "white": 0.8683769971041015, "hispanic": 0.024200508471932662, "black": 0.04494231599087038, "asian": 0.008023510328011189, "citizenship_citizen_by_birth": 0.9828469534267541, "citizenship_citizen_by_naturalization": 0.008705746206484727, "citizenship_not_citizen": 0.008447300366761189, "birthplace_non_us": 0.017153046573245914, "birthplace_us_not_state": 0.24945839212767038, "birthplace_us_state": 0.7333885612990837, "language_english_only": 0.9709135811320236, "language_spanish": 0.012823077221620877, "education_high_school": 0.874782871906046, "education_ugrad": 0.17934350019182185, "education_grad": 0.06729966341474464, "education_field_stem": 0.06982678236448414, "education_field_humanities": 0.07697982012966396, "education_field_business": 0.03253689769767377, "generation_silent": 0.07400698935807172, "generation_boomer": 0.247208726746113, "generation_genx": 0.1808664629960903, "generation_millenial": 0.18344916519030158, "generation_genz": 0.1933617276745885, "generation_genalpha": 0.12110692803483494, "poverty_below_line": 0.16380317485803406, "household_income_under_50k": 0.4888352850105431, "household_income_over_100k": 0.19994806991802616, "individual_income_under_50k": 0.7679247969182943, "individual_income_over_100k": 0.048535671781218856, "housing_per_pop": 0.5740905459745037, "vacancy": 0.11205502918967589, "rent_or_own_rent": 0.28512978927358945, "rent_burden_under_20": 0.31057882153046723, "rent_burden_over_40": 0.2837894766106451, "rent_1br_under_750": 0.8681649707897239, "rent_1br_over_1500": 0.02215360027484332, "rent_2br_under_750": 0.5590622420826624, "rent_2br_over_1500": 0.007160946383052545, "year_built_1969_or_earlier": 0.32999797518567425, "year_built_2010_or_later": 0.06105460664509354, "transportation_means_car": 0.9242576644381937, "transportation_means_bike": 0.001609259369321107, "transportation_means_walk": 0.013431999655370298, "transportation_means_transit": 0.0021436549334730216, "transportation_means_worked_at_home": 0.05219997423301433, "transportation_commute_time_under_15": 0.347418649593189, "transportation_commute_time_over_60": 0.07791623160985274, "vehicle_ownership_at_least_1": 0.939278450264916, "GHLTH_cdc_2": 0.2177913437421204, "ARTHRITIS_cdc_2": 0.3043718448502382, "CASTHMA_cdc_2": 0.1028229234403408, "BPHIGH_cdc_2": 0.3728414794367842, "CANCER_cdc_2": 0.0730804496834897, "KIDNEY_cdc_2": 0.03270850530171327, "COPD_cdc_2": 0.10260276963093706, "CHD_cdc_2": 0.07585945980916486, "DIABETES_cdc_2": 0.12484124387881039, "OBESITY_cdc_2": 0.4055734808169548, "STROKE_cdc_2": 0.03729885173782066, "DISABILITY_cdc_2": 0.3743626365240933, "HEARING_cdc_2": 0.09275029030031984, "VISION_cdc_2": 0.061544762650458516, "COGNITION_cdc_2": 0.18097386965349754, "MOBILITY_cdc_2": 0.1852711322044245, "SELFCARE_cdc_2": 0.0494636560588165, "INDEPLIVE_cdc_2": 0.10595984897747933, "BINGE_cdc_2": 0.16149997511711545, "CSMOKING_cdc_2": 0.23643489807970486, "LPA_cdc_2": 0.308074033216992, "SLEEP_cdc_2": 0.34569614016694755, "heating_utility_gas": 0.2827092321920284, "heating_electricity": 0.49751553098253426, "industry_agriculture,_forestry,_fishing_and_hunting": 0.026652405566836374, "industry_mining,_quarrying,_and_oil_and_gas_extraction": 0.005760733373616133, "industry_accommodation_and_food_services": 0.066142526945368, "industry_arts,_entertainment,_and_recreation": 0.011586052471757194, "industry_construction": 0.07189306097343472, "industry_educational_services": 0.0908398432309226, "industry_health_care_and_social_assistance": 0.16389170875028916, "industry_finance_and_insurance": 0.0389309330098347, "industry_real_estate_and_rental_and_leasing": 0.012521760954092166, "industry_information": 0.01200556792041118, "industry_manufacturing": 0.1315847323889572, "industry_other_services,_except_public_administration": 0.0480064798514012, "industry_administrative_and_support_and_waste_management_services": 0.0296852042398859, "industry_management_of_companies_and_enterprises": 0.0008440981380781664, "industry_professional,_scientific,_and_technical_services": 0.03523729881937883, "industry_public_administration": 0.04712159294407749, "industry_retail_trade": 0.12379201722619128, "industry_transportation_and_warehousing": 0.047798516314222564, "industry_utilities": 0.00953189186210155, "industry_wholesale_trade": 0.026173575019143615, "occupation_architecture_and_engineering_occupations": 0.011199922326844336, "occupation_computer_and_mathematical_occupations": 0.015195070002923578, "occupation_life,_physical,_and_social_science_occupations": 0.006247045758631114, "occupation_arts,_design,_entertainment,_sports,_and_media_occupations": 0.009243724089496374, "occupation_community_and_social_service_occupations": 0.018020969843088756, "occupation_educational_instruction,_and_library_occupations": 0.06077974027776423, "occupation_legal_occupations": 0.007050914640695831, "occupation_health_diagnosing_and_treating_practitioners_and_other_technical_occupations": 0.038380848001526274, "occupation_health_technologists_and_technicians": 0.029079183060850014, "occupation_business_and_financial_operations_occupations": 0.03630045797924347, "occupation_management_occupations": 0.0889291936003959, "occupation_construction_and_extraction_occupations": 0.059200586630681215, "occupation_farming,_fishing,_and_forestry_occupations": 0.01224687969946626, "occupation_installation,_maintenance,_and_repair_occupations": 0.04320331488789191, "occupation_material_moving_occupations": 0.044946053018648346, "occupation_transportation_occupations": 0.05105027713852048, "occupation_office_and_administrative_support_occupations": 0.11026792551064621, "occupation_sales_and_related_occupations": 0.09752550180808142, "occupation_building_and_grounds_cleaning_and_maintenance_occupations": 0.03927087716836063, "occupation_food_preparation_and_serving_related_occupations": 0.058071638018508086, "occupation_healthcare_support_occupations": 0.04170032176197596, "occupation_personal_care_and_service_occupations": 0.02101192655185166, "occupation_firefighting_and_prevention,_and_other_protective_service_workers_including_supervisors": 0.007942075370859029, "occupation_law_enforcement_workers_including_supervisors": 0.013227544836702108, "2020 Presidential Election-margin": -0.5130105080864036, "2016 Presidential Election-margin": -0.5086372801497098, "2016-2020 Swing-margin": -0.004373227936693813, "park_percent_1km_v2": 0.008334765421011772, "mean_dist_Hospital_updated": 12.429166760142488, "mean_dist_Active Superfund Site_updated": 32.61458806230733, "mean_dist_Airport_updated": 60.984683884757274, "mean_dist_Public School_updated": 3.2970070537452365, "mean_high_temp_4": 67.74030462986197, "mean_high_temp_winter_4": 48.24678555360942, "mean_high_temp_spring_4": 74.03329842977301, "mean_high_temp_summer_4": 86.55385906905563, "mean_high_temp_fall_4": 61.13447190053506, "mean_high_heat_index_4": 68.5787016419661, "days_above_90_4": 0.09035892622918072, "days_below_40_4": 0.08739862118100064, "wind_speed_over_10mph_4": 0.11979659205551066, "snowfall_4": 0.041145450825655606, "rainfall_4": 1.0792672339432456, "hours_sunny_4": 5.3670222111627055, "internet_no_access": 0.15268517688273148, "insurance_coverage_none": 0.16134706038531965, "insurance_coverage_govt": 0.1889420879723439, "insurance_coverage_private": 0.6497108516423364, "marriage_divorced": 0.13360806169101683}