{"population": 576967.0, "ad_1": 2471.15083453031, "population_change_2010": 0.03183491127858275, "ad_1_change_2010": 0.022722560350968223, "population_change_2000": 0.04724868224258353, "ad_1_change_2000": 0.010535544177957464, "gpw_population": NaN, "gpw_pw_density_4": NaN, "white": 0.6297483218277649, "hispanic": 0.046420332532016564, "black": 0.2202223004088622, "asian": 0.06295680688843557, "homogeneity_250_2020": 0.6302390762753669, "homogeneity_250_diff_2010": -0.09400409006226573, "homogeneity_250_diff_2000": -0.17106720276416376, "citizenship_citizen_by_birth": 0.8922985674013901, "citizenship_citizen_by_naturalization": 0.06358553678395618, "citizenship_not_citizen": 0.044115895814653694, "birthplace_non_us": 0.10770143259860997, "birthplace_us_not_state": 0.1770995215631431, "birthplace_us_state": 0.715199045838247, "language_english_only": 0.8712490727118131, "language_spanish": 0.027775105499490582, "education_high_school": 0.9361161166781188, "education_ugrad": 0.3947805979423751, "education_grad": 0.16853220766130517, "education_field_stem": 0.1765160413187153, "education_field_humanities": 0.13331790685836584, "education_field_business": 0.08494664976529276, "generation_silent": 0.06868294822179623, "generation_boomer": 0.2345578207272847, "generation_genx": 0.1835951623139089, "generation_millenial": 0.19467543158951514, "generation_genz": 0.19952049409962144, "generation_genalpha": 0.1189681430478735, "poverty_below_line": 0.09622631450915063, "household_income_under_50k": 0.32045418397282743, "household_income_over_100k": 0.40571747964148214, "individual_income_under_50k": 0.5947592513855176, "individual_income_over_100k": 0.1547307150214726, "housing_per_pop": 0.509588754884397, "vacancy": 0.05979543323228578, "rent_or_own_rent": 0.31059590082786703, "rent_burden_under_20": 0.2552225805547991, "rent_burden_over_40": 0.3582620992161636, "rent_1br_under_750": 0.14661229302805476, "rent_1br_over_1500": 0.13265857613128315, "rent_2br_under_750": 0.06204058994672995, "rent_2br_over_1500": 0.2381819170563593, "year_built_1969_or_earlier": 0.713105136604391, "year_built_2010_or_later": 0.02427676320825342, "transportation_means_car": 0.7728390664038537, "transportation_means_bike": 0.0024134241328690608, "transportation_means_walk": 0.028713195482191246, "transportation_means_transit": 0.07980240425063237, "transportation_means_worked_at_home": 0.10856426014165099, "transportation_commute_time_under_15": 0.20396914718141665, "transportation_commute_time_over_60": 0.08907261805209231, "vehicle_ownership_at_least_1": 0.8966838815683422, "traffic_fatalities_last_decade_per_capita": 4.436995530073644e-05, "traffic_fatalities_ped_last_decade_per_capita": 1.0572528411503604e-05, "GHLTH_cdc_2": 0.15321708037301218, "ARTHRITIS_cdc_2": 0.2646077657991345, "CASTHMA_cdc_2": 0.1033574893988233, "BPHIGH_cdc_2": 0.3197724257451135, "CANCER_cdc_2": 0.07045959890466175, "KIDNEY_cdc_2": 0.028656468233790366, "COPD_cdc_2": 0.059539437776108754, "CHD_cdc_2": 0.05510072867052608, "DIABETES_cdc_2": 0.09567685421457958, "OBESITY_cdc_2": 0.324592464651082, "STROKE_cdc_2": 0.02951253247995225, "DISABILITY_cdc_2": 0.2649337572248948, "HEARING_cdc_2": 0.06083361400988063, "VISION_cdc_2": 0.043930941906952244, "COGNITION_cdc_2": 0.12287656918404716, "MOBILITY_cdc_2": 0.12200740099737323, "SELFCARE_cdc_2": 0.0332301749835559, "INDEPLIVE_cdc_2": 0.07090963692428252, "BINGE_cdc_2": 0.16000177502647372, "CSMOKING_cdc_2": 0.15876410807835342, "LPA_cdc_2": 0.23345897146429137, "SLEEP_cdc_2": 0.3649085243255623, "heating_utility_gas": 0.6155336000542475, "heating_electricity": 0.20319672410742756, "industry_agriculture,_forestry,_fishing_and_hunting": 0.0035420294751560997, "industry_mining,_quarrying,_and_oil_and_gas_extraction": 0.00015270997152768852, "industry_accommodation_and_food_services": 0.057380521975076884, "industry_arts,_entertainment,_and_recreation": 0.019938634924990862, "industry_construction": 0.054019529576407654, "industry_educational_services": 0.10917030865266919, "industry_health_care_and_social_assistance": 0.18438076537420361, "industry_finance_and_insurance": 0.06645941377446037, "industry_real_estate_and_rental_and_leasing": 0.019990865938720397, "industry_information": 0.02048956998827538, "industry_manufacturing": 0.0734310048980987, "industry_other_services,_except_public_administration": 0.047797032656291254, "industry_administrative_and_support_and_waste_management_services": 0.040842164657986596, "industry_management_of_companies_and_enterprises": 0.0026426426822131442, "industry_professional,_scientific,_and_technical_services": 0.08393929861201434, "industry_public_administration": 0.03632940633965942, "industry_retail_trade": 0.09781485924219899, "industry_transportation_and_warehousing": 0.05314811986316867, "industry_utilities": 0.007122262684235306, "industry_wholesale_trade": 0.021408858712645595, "occupation_architecture_and_engineering_occupations": 0.018260034939800617, "occupation_computer_and_mathematical_occupations": 0.038091408004000085, "occupation_life,_physical,_and_social_science_occupations": 0.012605895207393485, "occupation_arts,_design,_entertainment,_sports,_and_media_occupations": 0.01928428139583154, "occupation_community_and_social_service_occupations": 0.02169202924389083, "occupation_educational_instruction,_and_library_occupations": 0.06784010636638056, "occupation_legal_occupations": 0.018833388356278215, "occupation_health_diagnosing_and_treating_practitioners_and_other_technical_occupations": 0.053139100908071175, "occupation_health_technologists_and_technicians": 0.02306357908291636, "occupation_business_and_financial_operations_occupations": 0.06727499335712596, "occupation_management_occupations": 0.1193194719125367, "occupation_construction_and_extraction_occupations": 0.03637868755935954, "occupation_farming,_fishing,_and_forestry_occupations": 0.001686815651668518, "occupation_installation,_maintenance,_and_repair_occupations": 0.028810686273850524, "occupation_material_moving_occupations": 0.02905200453050661, "occupation_transportation_occupations": 0.036055979492621466, "occupation_office_and_administrative_support_occupations": 0.11308165158597622, "occupation_sales_and_related_occupations": 0.09250918005701188, "occupation_building_and_grounds_cleaning_and_maintenance_occupations": 0.027255179605164565, "occupation_food_preparation_and_serving_related_occupations": 0.04739470869422, "occupation_healthcare_support_occupations": 0.04310455170624, "occupation_personal_care_and_service_occupations": 0.02902847025133961, "occupation_firefighting_and_prevention,_and_other_protective_service_workers_including_supervisors": 0.013810253945999586, "occupation_law_enforcement_workers_including_supervisors": 0.007914279131269146, "sors_cohabiting_partnered_gay": 0.005148128892202805, "2020 Presidential Election-margin": 0.2682279382353276, "2016 Presidential Election-margin": 0.22419629728150497, "2016-2020 Swing-margin": 0.044031640953822615, "park_percent_1km_v2": 0.03412036538398594, "mean_dist_Hospital_updated": 2.988821535823536, "mean_dist_Active Superfund Site_updated": 6.282434603509058, "mean_dist_Airport_updated": 12.418433773227285, "mean_dist_Public School_updated": 0.8515658370445606, "lapop1share_usda_fra_1": 0.836474396392729, "mean_high_temp_4": 64.42517609190848, "mean_high_temp_winter_4": 44.45159651234279, "mean_high_temp_spring_4": 69.89832025858422, "mean_high_temp_summer_4": 83.6653784611771, "mean_high_temp_fall_4": 58.70179270952638, "mean_high_heat_index_4": 64.35494027868882, "days_above_90_4": 0.048766334038217375, "days_below_40_4": 0.10789643708731764, "wind_speed_over_10mph_4": 0.1347340362783701, "snowfall_4": 0.079395280845757, "rainfall_4": 1.0405401912775951, "hours_sunny_4": 4.892424699438416, "internet_no_access": 0.08070278019977073, "insurance_coverage_none": 0.06529049838168896, "insurance_coverage_govt": 0.16434172662446087,