{"population": 2177482.0, "ad_1": 1393.0877032260287, "population_change_2010": 0.13378160816600262, "ad_1_change_2010": 0.12695428158720093, "gpw_population": NaN, "gpw_pw_density_4": NaN, "white": 0.5584629402217791, "hispanic": 0.21630259170913926, "black": 0.15796227018179715, "asian": 0.024757495125103217, "citizenship_citizen_by_birth": 0.7772501216325347, "citizenship_citizen_by_naturalization": 0.12722728114211715, "citizenship_not_citizen": 0.09552259722534813, "birthplace_non_us": 0.2227498783674653, "birthplace_us_not_state": 0.4606671210692253, "birthplace_us_state": 0.31658300056330935, "language_english_only": 0.7139833505062279, "language_spanish": 0.17410982533071448, "education_high_school": 0.895510853978171, "education_ugrad": 0.33593214114420805, "education_grad": 0.1294659484288276, "education_field_stem": 0.13800103725272542, "education_field_humanities": 0.11384988167772614, "education_field_business": 0.0840812222137565, "generation_silent": 0.12196492877082062, "generation_boomer": 0.2665177283865125, "generation_genx": 0.180558099540786, "generation_millenial": 0.1697641235829799, "generation_genz": 0.16193881655790968, "generation_genalpha": 0.09925630316099131, "poverty_below_line": 0.11624984398225349, "household_income_under_50k": 0.37923497228600833, "household_income_over_100k": 0.31986333252935567, "individual_income_under_50k": 0.6699779985386649, "individual_income_over_100k": 0.12102144732348653, "housing_per_pop": 0.5855025367619822, "vacancy": 0.14022129172160322, "rent_or_own_rent": 0.280643064343541, "rent_burden_under_20": 0.1800320221112859, "rent_burden_over_40": 0.4195915337604303, "rent_1br_under_750": 0.1430144500264978, "rent_1br_over_1500": 0.3128426078148074, "rent_2br_under_750": 0.07002498115494343, "rent_2br_over_1500": 0.42766206847236365, "year_built_1969_or_earlier": 0.14372416588369402, "year_built_2010_or_later": 0.06293067704384331, "transportation_means_car": 0.8592914509174221, "transportation_means_bike": 0.006221764968032969, "transportation_means_walk": 0.011737852079316371, "transportation_means_transit": 0.01142928339267656, "transportation_means_worked_at_home": 0.0980693307108445, "transportation_commute_time_under_15": 0.22715292858403235, "transportation_commute_time_over_60": 0.0772111175105644, "vehicle_ownership_at_least_1": 0.9448723710487634, "GHLTH_cdc_2": 0.17895230729346656, "ARTHRITIS_cdc_2": 0.2682640394241174, "CASTHMA_cdc_2": 0.10427776663481221, "BPHIGH_cdc_2": 0.3395216390932594, "CANCER_cdc_2": 0.0695706763656685, "KIDNEY_cdc_2": 0.03160970520185274, "COPD_cdc_2": 0.07570033914847692, "CHD_cdc_2": 0.06344030106626503, "DIABETES_cdc_2": 0.11329064190900304, "OBESITY_cdc_2": 0.3592584343269335, "STROKE_cdc_2": 0.033198565310702983, "DISABILITY_cdc_2": 0.308298693888963, "HEARING_cdc_2": 0.07226797181784209, "VISION_cdc_2": 0.054784103052383334, "COGNITION_cdc_2": 0.14369272355477816, "MOBILITY_cdc_2": 0.14800279890634693, "SELFCARE_cdc_2": 0.042378652452575084, "INDEPLIVE_cdc_2": 0.0850159777537789, "BINGE_cdc_2": 0.16555453666054534, "CSMOKING_cdc_2": 0.17630184278568375, "LPA_cdc_2": 0.2610754203780086, "SLEEP_cdc_2": 0.3360628402466042, "heating_utility_gas": 0.030966109370549857, "heating_electricity": 0.9333035310508583, "industry_agriculture,_forestry,_fishing_and_hunting": 0.010942314940773374, "industry_mining,_quarrying,_and_oil_and_gas_extraction": 0.0003503530803788424, "industry_accommodation_and_food_services": 0.07769801919290188, "industry_arts,_entertainment,_and_recreation": 0.03284470864601324, "industry_construction": 0.08445961234701455, "industry_educational_services": 0.07144817200736973, "industry_health_care_and_social_assistance": 0.1424643921185177, "industry_finance_and_insurance": 0.04074205884788204, "industry_real_estate_and_rental_and_leasing": 0.03233845977467679, "industry_information": 0.016926425502747824, "industry_manufacturing": 0.0475802516379079, "industry_other_services,_except_public_administration": 0.05804783857258603, "industry_administrative_and_support_and_waste_management_services": 0.06524993182527768, "industry_management_of_companies_and_enterprises": 0.0015604496785032876, "industry_professional,_scientific,_and_technical_services": 0.07986366745117765, "industry_public_administration": 0.034062592082706115, "industry_retail_trade": 0.1248618367283111, "industry_transportation_and_warehousing": 0.04125591572571788, "industry_utilities": 0.01137668586246707, "industry_wholesale_trade": 0.025926313977069317, "occupation_architecture_and_engineering_occupations": 0.01440304823824508, "occupation_computer_and_mathematical_occupations": 0.021903080499797875, "occupation_life,_physical,_and_social_science_occupations": 0.006841219250815729, "occupation_arts,_design,_entertainment,_sports,_and_media_occupations": 0.01878729117435552, "occupation_community_and_social_service_occupations": 0.015128475232490064, "occupation_educational_instruction,_and_library_occupations": 0.0488920499507879, "occupation_legal_occupations": 0.015067283615306784, "occupation_health_diagnosing_and_treating_practitioners_and_other_technical_occupations": 0.04611672115137675, "occupation_health_technologists_and_technicians": 0.020744036289604785, "occupation_business_and_financial_operations_occupations": 0.052458144334135974, "occupation_management_occupations": 0.11541225805549994, "occupation_construction_and_extraction_occupations": 0.05586225603456813, "occupation_farming,_fishing,_and_forestry_occupations": 0.005879752422260867, "occupation_installation,_maintenance,_and_repair_occupations": 0.03204088915418032, "occupation_material_moving_occupations": 0.027192144358418435, "occupation_transportation_occupations": 0.035144845163162054, "occupation_office_and_administrative_support_occupations": 0.1058700260821387, "occupation_sales_and_related_occupations": 0.12457190407656935, "occupation_building_and_grounds_cleaning_and_maintenance_occupations": 0.053185722738505796, "occupation_food_preparation_and_serving_related_occupations": 0.06282911192827309, "occupation_healthcare_support_occupations": 0.03510410704764131, "occupation_personal_care_and_service_occupations": 0.033847130464434605, "occupation_firefighting_and_prevention,_and_other_protective_service_workers_including_supervisors": 0.014847116929960125, "occupation_law_enforcement_workers_including_supervisors": 0.008021275980293783, "2020 Presidential Election-margin": 0.03797425057460592, "2016 Presidential Election-margin": 0.051646286662474075, "2016-2020 Swing-margin": -0.013672036087868156, "park_percent_1km_v2": 0.023602294747837142, "mean_dist_Hospital_updated": 4.706384370214863, "mean_dist_Active Superfund Site_updated": 17.18745416830076, "mean_dist_Airport_updated": 32.92685595280286, "mean_dist_Public School_updated": 1.4669411509839276, "mean_high_temp_4": 80.85594397033455, "mean_high_temp_winter_4": 74.50759548432947, "mean_high_temp_spring_4": 82.07335838326456, "mean_high_temp_summer_4": 86.86683336115907, "mean_high_temp_fall_4": 79.68810309655652, "mean_high_heat_index_4": 85.84240259413238, "days_above_90_4": 0.044004652532393294, "days_below_40_4": 0.0, "wind_speed_over_10mph_4": 0.2518146707646548, "snowfall_4": 1.6644691772009153e-08, "rainfall_4": 1.1876496127650118, "hours_sunny_4": 5.30274995101522, "internet_no_access": 0.09038245524206495, "insurance_coverage_none": 0.19348171511713597, "insurance_coverage_govt": 0.12147006170173073, "insurance_coverage_private": 0.6850482231811332, "marriage_divorced": 0.12846705720473475}