{"population": 769221.0, "ad_1": 2057.959389847257, "population_change_2010": 0.12211164793614117, "ad_1_change_2010": 0.11341631714741374, "gpw_population": NaN, "gpw_pw_density_4": NaN, "white": 0.5517361070485595, "hispanic": 0.21922178411665827, "black": 0.12225355262011828, "asian": 0.036776167057321625, "citizenship_citizen_by_birth": 0.726269551919446, "citizenship_citizen_by_naturalization": 0.16340296551133868, "citizenship_not_citizen": 0.11032748256921544, "birthplace_non_us": 0.2737304480805541, "birthplace_us_not_state": 0.43986491412259004, "birthplace_us_state": 0.2864046377968558, "language_english_only": 0.6695737700982629, "language_spanish": 0.17679300179710716, "education_high_school": 0.9301140118099928, "education_ugrad": 0.4213744723027472, "education_grad": 0.16452855905029512, "education_field_stem": 0.17437936226076736, "education_field_humanities": 0.13389870894851333, "education_field_business": 0.11309640109346653, "generation_silent": 0.09946566221983126, "generation_boomer": 0.26605011470236484, "generation_genx": 0.19687318357706074, "generation_millenial": 0.18178503289518247, "generation_genz": 0.15836103496943632, "generation_genalpha": 0.09746497163612441, "poverty_below_line": 0.10061043418334893, "household_income_under_50k": 0.3513104144322686, "household_income_over_100k": 0.3627475345614285, "individual_income_under_50k": 0.606779911751255, "individual_income_over_100k": 0.16004150485220534, "housing_per_pop": 0.6229492908367541, "vacancy": 0.16022298512840422, "rent_or_own_rent": 0.34284337218298927, "rent_burden_under_20": 0.17115666691104908, "rent_burden_over_40": 0.4302467464457259, "rent_1br_under_750": 0.054039912610903844, "rent_1br_over_1500": 0.36755685047463044, "rent_2br_under_750": 0.01588567418989498, "rent_2br_over_1500": 0.6226110061316351, "year_built_1969_or_earlier": 0.23171974527458913, "year_built_2010_or_later": 0.054273941703989415, "transportation_means_car": 0.8187727047590525, "transportation_means_bike": 0.007418451539491018, "transportation_means_walk": 0.013206680899580077, "transportation_means_transit": 0.013144502384837622, "transportation_means_worked_at_home": 0.12761005779138726, "transportation_commute_time_under_15": 0.21497403306571067, "transportation_commute_time_over_60": 0.07303810582466155, "vehicle_ownership_at_least_1": 0.932736864815398, "GHLTH_cdc_2": 0.17895230729346656, "ARTHRITIS_cdc_2": 0.2682640394241174, "CASTHMA_cdc_2": 0.10427776663481221, "BPHIGH_cdc_2": 0.3395216390932594, "CANCER_cdc_2": 0.0695706763656685, "KIDNEY_cdc_2": 0.03160970520185274, "COPD_cdc_2": 0.07570033914847692, "CHD_cdc_2": 0.06344030106626503, "DIABETES_cdc_2": 0.11329064190900305, "OBESITY_cdc_2": 0.3592584343269335, "STROKE_cdc_2": 0.033198565310702983, "DISABILITY_cdc_2": 0.308298693888963, "HEARING_cdc_2": 0.07226797181784209, "VISION_cdc_2": 0.054784103052383334, "COGNITION_cdc_2": 0.14369272355477816, "MOBILITY_cdc_2": 0.14800279890634693, "SELFCARE_cdc_2": 0.042378652452575084, "INDEPLIVE_cdc_2": 0.0850159777537789, "BINGE_cdc_2": 0.16555453666054534, "CSMOKING_cdc_2": 0.17630184278568375, "LPA_cdc_2": 0.2610754203780086, "SLEEP_cdc_2": 0.33825856222478723, "heating_utility_gas": 0.026364690069432428, "heating_electricity": 0.9215972861799828, "industry_agriculture,_forestry,_fishing_and_hunting": 0.001965810215212874, "industry_mining,_quarrying,_and_oil_and_gas_extraction": 0.0002562109696816075, "industry_accommodation_and_food_services": 0.07387740689468993, "industry_arts,_entertainment,_and_recreation": 0.0274484276465599, "industry_construction": 0.07450444143808463, "industry_educational_services": 0.07399498612726733, "industry_health_care_and_social_assistance": 0.11457916356435527, "industry_finance_and_insurance": 0.05270668055235695, "industry_real_estate_and_rental_and_leasing": 0.03626874105399655, "industry_information": 0.022309419932572735, "industry_manufacturing": 0.0520941728831565, "industry_other_services,_except_public_administration": 0.057005171040855444, "industry_administrative_and_support_and_waste_management_services": 0.0622725356880988, "industry_management_of_companies_and_enterprises": 0.0012425302390418978, "industry_professional,_scientific,_and_technical_services": 0.11548301297819089, "industry_public_administration": 0.03047555211893226, "industry_retail_trade": 0.11751603251711618, "industry_transportation_and_warehousing": 0.04652243272601169, "industry_utilities": 0.0056139398277011004, "industry_wholesale_trade": 0.0338633315861175, "occupation_architecture_and_engineering_occupations": 0.014640692954712967, "occupation_computer_and_mathematical_occupations": 0.034347193398599686, "occupation_life,_physical,_and_social_science_occupations": 0.006671589690207651, "occupation_arts,_design,_entertainment,_sports,_and_media_occupations": 0.024615605627298875, "occupation_community_and_social_service_occupations": 0.014383105938098292, "occupation_educational_instruction,_and_library_occupations": 0.04971716960442832, "occupation_legal_occupations": 0.02270554684684442, "occupation_health_diagnosing_and_treating_practitioners_and_other_technical_occupations": 0.044140105359786456, "occupation_health_technologists_and_technicians": 0.013879735593256348, "occupation_business_and_financial_operations_occupations": 0.07549720330035528, "occupation_management_occupations": 0.1359986490091523, "occupation_construction_and_extraction_occupations": 0.048420743676783735, "occupation_farming,_fishing,_and_forestry_occupations": 0.0010576375958798996, "occupation_installation,_maintenance,_and_repair_occupations": 0.02527438550520769, "occupation_material_moving_occupations": 0.021394274655132325, "occupation_transportation_occupations": 0.03353409366140525, "occupation_office_and_administrative_support_occupations": 0.110998548578912, "occupation_sales_and_related_occupations": 0.13367161146357012, "occupation_building_and_grounds_cleaning_and_maintenance_occupations": 0.04027066146143838, "occupation_food_preparation_and_serving_related_occupations": 0.0526805177155663, "occupation_healthcare_support_occupations": 0.021612709287198467, "occupation_personal_care_and_service_occupations": 0.03153466444556915, "occupation_firefighting_and_prevention,_and_other_protective_service_workers_including_supervisors": 0.010279754025521216, "occupation_law_enforcement_workers_including_supervisors": 0.00900947482427918, "2020 Presidential Election-margin": 0.13164775342839788, "2016 Presidential Election-margin": 0.14201478178357424, "2016-2020 Swing-margin": -0.010367028355176361, "park_percent_1km_v2": 0.028378361610516187, "mean_dist_Hospital_updated": 2.8207613372016955, "mean_dist_Active Superfund Site_updated": 8.885378577467813, "mean_dist_Airport_updated": 23.051430391435847, "mean_dist_Public School_updated": 1.107687554392382, "mean_high_temp_4": 81.95425059383933, "mean_high_temp_winter_4": 76.01293663297578, "mean_high_temp_spring_4": 83.17263443569178, "mean_high_temp_summer_4": 87.53471574314494, "mean_high_temp_fall_4": 80.82734394227518, "mean_high_heat_index_4": 87.33756686218952, "days_above_90_4": 0.06521706803810055, "days_below_40_4": 0.0, "wind_speed_over_10mph_4": 0.22646726737073106, "snowfall_4": 0.0, "rainfall_4": 1.234754054656273, "hours_sunny_4": 5.257114868093751, "internet_no_access": 0.06786474853877754, "insurance_coverage_none": 0.16321421756556825, "insurance_coverage_govt": 0.08674663823519269, "insurance_coverage_private": 0.750039144199239, "marriage_divorced": 0.13733301248324958}