{"population": 473117.0, "ad_1": 1463.169239609735, "population_change_2010": 0.06996714000438736, "ad_1_change_2010": 0.09775151808963387, "population_change_2000": 0.28557066036992457, "ad_1_change_2000": 0.18979409711540737, "gpw_population": NaN, "gpw_pw_density_4": NaN, "white": 0.26425176013544216, "hispanic": 0.6550071124055995, "black": 0.01126993957097293, "asian": 0.033811932354998867, "homogeneity_250_2020": 0.5974559352200449, "homogeneity_250_diff_2010": -0.0018972778324664041, "homogeneity_250_diff_2000": 0.009190936189354959, "citizenship_citizen_by_birth": 0.7833116418506185, "citizenship_citizen_by_naturalization": 0.07706810417856547, "citizenship_not_citizen": 0.139620253970816, "birthplace_non_us": 0.21668835814937898, "birthplace_us_not_state": 0.09643544890753439, "birthplace_us_state": 0.6868761929430867, "language_english_only": 0.4952525784699194, "language_spanish": 0.46489990958387933, "education_high_school": 0.736521835283384, "education_ugrad": 0.14627808454909236, "education_grad": 0.04832512076960824, "education_field_stem": 0.06239935865982039, "education_field_humanities": 0.05842553750250495, "education_field_business": 0.025453188386766818, "generation_silent": 0.044743194783853156, "generation_boomer": 0.16728910252463466, "generation_genx": 0.17017870526264334, "generation_millenial": 0.20901105947146364, "generation_genz": 0.24259287174707336, "generation_genalpha": 0.16618506621033183, "poverty_below_line": 0.19764587425586402, "household_income_under_50k": 0.4383052474020823, "household_income_over_100k": 0.24778165307130856, "individual_income_under_50k": 0.7516975160127891, "individual_income_over_100k": 0.06838895482914341, "housing_per_pop": 0.4541714865611777, "vacancy": 0.056226849234902544, "rent_or_own_rent": 0.4261661092450834, "rent_burden_under_20": 0.2615700692041527, "rent_burden_over_40": 0.3678633217993081, "rent_1br_under_750": 0.5946922110552758, "rent_1br_over_1500": 0.07726130653266335, "rent_2br_under_750": 0.23826047769265327, "rent_2br_over_1500": 0.057368183866606734, "year_built_1969_or_earlier": 0.2810975650444751, "year_built_2010_or_later": 0.07658532353745888, "transportation_means_car": 0.921151411745281, "transportation_means_bike": 0.0034399251472287673, "transportation_means_walk": 0.014359623534591779, "transportation_means_transit": 0.004793879685178014, "transportation_means_worked_at_home": 0.04892949529418203, "transportation_commute_time_under_15": 0.374120370370371, "transportation_commute_time_over_60": 0.058946759259259116, "vehicle_ownership_at_least_1": 0.9494381620127332, "traffic_fatalities_last_decade_per_capita": 0.00016021406966987024, "traffic_fatalities_ped_last_decade_per_capita": 3.720010060936301e-05, "GHLTH_cdc_2": 0.24863587592893713, "ARTHRITIS_cdc_2": 0.2261630873496524, "CASTHMA_cdc_2": 0.10768366912147065, "BPHIGH_cdc_2": 0.2958453976615061, "CANCER_cdc_2": 0.05192060861250447, "KIDNEY_cdc_2": 0.03243204442133173, "COPD_cdc_2": 0.07123124926607509, "CHD_cdc_2": 0.05836819714482228, "DIABETES_cdc_2": 0.12836692892251314, "OBESITY_cdc_2": 0.3515178977034446, "STROKE_cdc_2": 0.03231294224220382, "DISABILITY_cdc_2": 0.3561561154820397, "HEARING_cdc_2": 0.07142142893090161, "VISION_cdc_2": 0.08872287665028346, "COGNITION_cdc_2": 0.18972038717686404, "MOBILITY_cdc_2": 0.16167287916659606, "SELFCARE_cdc_2": 0.05984271694821403, "INDEPLIVE_cdc_2": 0.10872200432805998, "BINGE_cdc_2": 0.15135346160943466, "CSMOKING_cdc_2": 0.1594544060659946, "LPA_cdc_2": 0.28294460753887735, "SLEEP_cdc_2": 0.34804790055526846, "heating_utility_gas": 0.6817755369509626, "heating_electricity": 0.20600010026426854, "industry_agriculture,_forestry,_fishing_and_hunting": 0.1519204993885801, "industry_mining,_quarrying,_and_oil_and_gas_extraction": 0.0005126315620844883, "industry_accommodation_and_food_services": 0.06906108325456968, "industry_arts,_entertainment,_and_recreation": 0.014278924968895, "industry_construction": 0.059769636191788385, "industry_educational_services": 0.09430284777512557, "industry_health_care_and_social_assistance": 0.1243291735418041, "industry_finance_and_insurance": 0.01676198409774172, "industry_real_estate_and_rental_and_leasing": 0.011998782500040035, "industry_information": 0.010930800079030682, "industry_manufacturing": 0.0836337033892418, "industry_other_services,_except_public_administration": 0.04358970251349633, "industry_administrative_and_support_and_waste_management_services": 0.038997378103156434, "industry_management_of_companies_and_enterprises": 0.0007208881341813115, "industry_professional,_scientific,_and_technical_services": 0.02739908901099486, "industry_public_administration": 0.06086965808542792, "industry_retail_trade": 0.10829341749034829, "industry_transportation_and_warehousing": 0.044508167395564735, "industry_utilities": 0.006407894526056074, "industry_wholesale_trade": 0.03171373799187252, "occupation_architecture_and_engineering_occupations": 0.005142335357160027, "occupation_computer_and_mathematical_occupations": 0.008623958049650507, "occupation_life,_physical,_and_social_science_occupations": 0.005590887973983949, "occupation_arts,_design,_entertainment,_sports,_and_media_occupations": 0.010583705792202653, "occupation_community_and_social_service_occupations": 0.023757268955352965, "occupation_educational_instruction,_and_library_occupations": 0.060891017733848314, "occupation_legal_occupations": 0.003230646823553289, "occupation_health_diagnosing_and_treating_practitioners_and_other_technical_occupations": 0.025460700916862925, "occupation_health_technologists_and_technicians": 0.018262499399259863, "occupation_business_and_financial_operations_occupations": 0.02453689612268995, "occupation_management_occupations": 0.08106520566671474, "occupation_construction_and_extraction_occupations": 0.04200908853040283, "occupation_farming,_fishing,_and_forestry_occupations": 0.11962471097725746, "occupation_installation,_maintenance,_and_repair_occupations": 0.03398854054862253, "occupation_material_moving_occupations": 0.06316048037849294, "occupation_transportation_occupations": 0.038367268474760956, "occupation_office_and_administrative_support_occupations": 0.10584239783413119, "occupation_sales_and_related_occupations": 0.09127511761156439, "occupation_building_and_grounds_cleaning_and_maintenance_occupations": 0.04412903363610632, "occupation_food_preparation_and_serving_related_occupations": 0.04853446112276983, "occupation_healthcare_support_occupations": 0.036044406709065654, "occupation_personal_care_and_service_occupations": 0.026224308347884643, "occupation_firefighting_and_prevention,_and_other_protective_service_workers_including_supervisors": 0.010450207989576498, "occupation_law_enforcement_workers_including_supervisors": 0.015699341588837488, "sors_cohabiting_partnered_gay": 0.0027346130246560995, "2020 Presidential Election-margin": -0.07797173958979553, "2016 Presidential Election-margin": -0.09572139481278417, "2016-2020 Swing-margin": 0.017749655222988645, "park_percent_1km_v2": 0.010622043454244551, "mean_dist_Hospital_updated": 6.792215591616349, "mean_dist_Active Superfund Site_updated": 26.60906666661291, "mean_dist_Airport_updated": 64.55224902580055, "mean_dist_Public School_updated": 1.0824825202050574, "lapop1share_usda_fra_1": 0.7224552446900998, "mean_high_temp_4": 76.72070148561524, "mean_high_temp_winter_4": 61.48183680516735, "mean_high_temp_spring_4": 78.60078573743958, "mean_high_temp_summer_4": 94.72007365035668, "mean_high_temp_fall_4": 71.22263195853854, "mean_high_heat_index_4": 75.8756315443375, "days_above_90_4": 0.2609894960101615, "days_below_40_4": 0.0007722572715620287, "wind_speed_over_10mph_4": 0.0008664040401064156, "snowfall_4": 0.004525196456812169, "rainfall_4": 0.4815297452559727, "hours_sunny_4": 8.301988643491368, "internet_no_access": 0.13841482192349824, "insurance_coverage_none": 0.11583245013093244, "insurance_coverage_govt": 0.39465125341899426,