{"population": 473117.0, "ad_1": 1463.169239609735, "population_change_2010": 0.06996714000438736, "ad_1_change_2010": 0.09775151808963556, "gpw_population": NaN, "gpw_pw_density_4": NaN, "white": 0.26425176013544216, "hispanic": 0.6550071124055995, "black": 0.01126993957097293, "asian": 0.033811932354998867, "citizenship_citizen_by_birth": 0.7833116418506196, "citizenship_citizen_by_naturalization": 0.07706810417856513, "citizenship_not_citizen": 0.13962025397081523, "birthplace_non_us": 0.21668835814938037, "birthplace_us_not_state": 0.09643544890753483, "birthplace_us_state": 0.6868761929430848, "language_english_only": 0.49525257846991994, "language_spanish": 0.4648999095838788, "education_high_school": 0.7365218352833853, "education_ugrad": 0.14627808454909225, "education_grad": 0.04832512076960822, "education_field_stem": 0.06239935865982017, "education_field_humanities": 0.05842553750250524, "education_field_business": 0.02545318838676683, "generation_silent": 0.044743194783853045, "generation_boomer": 0.1672891025246338, "generation_genx": 0.17017870526264386, "generation_millenial": 0.20901105947146384, "generation_genz": 0.24259287174707378, "generation_genalpha": 0.16618506621033166, "poverty_below_line": 0.19764587425586433, "household_income_under_50k": 0.4383052474020812, "household_income_over_100k": 0.2477816530713094, "individual_income_under_50k": 0.7516975160127889, "individual_income_over_100k": 0.06838895482914345, "housing_per_pop": 0.4541714865611777, "vacancy": 0.056226849234902544, "rent_or_own_rent": 0.4261661092450817, "rent_burden_under_20": 0.26157006920415227, "rent_burden_over_40": 0.367863321799308, "rent_1br_under_750": 0.5946922110552764, "rent_1br_over_1500": 0.07726130653266332, "rent_2br_under_750": 0.23826047769265435, "rent_2br_over_1500": 0.05736818386660658, "year_built_1969_or_earlier": 0.28109756504447514, "year_built_2010_or_later": 0.07658532353745855, "transportation_means_car": 0.9211514117452804, "transportation_means_bike": 0.0034399251472287964, "transportation_means_walk": 0.014359623534591887, "transportation_means_transit": 0.004793879685178051, "transportation_means_worked_at_home": 0.0489294952941824, "transportation_commute_time_under_15": 0.3741203703703704, "transportation_commute_time_over_60": 0.05894675925925926, "vehicle_ownership_at_least_1": 0.9494381620127336, "GHLTH_cdc_2": 0.2486358759289393, "ARTHRITIS_cdc_2": 0.22616308734965024, "CASTHMA_cdc_2": 0.10768366912147087, "BPHIGH_cdc_2": 0.2958453976615054, "CANCER_cdc_2": 0.0519206086125044, "KIDNEY_cdc_2": 0.032432044421331636, "COPD_cdc_2": 0.07123124926607506, "CHD_cdc_2": 0.05836819714482227, "DIABETES_cdc_2": 0.1283669289225143, "OBESITY_cdc_2": 0.351517897703444, "STROKE_cdc_2": 0.032312942242203616, "DISABILITY_cdc_2": 0.3561561154820419, "HEARING_cdc_2": 0.07142142893090202, "VISION_cdc_2": 0.08872287665028267, "COGNITION_cdc_2": 0.18972038717686332, "MOBILITY_cdc_2": 0.16167287916659678, "SELFCARE_cdc_2": 0.05984271694821426, "INDEPLIVE_cdc_2": 0.10872200432806026, "BINGE_cdc_2": 0.1513534616094345, "CSMOKING_cdc_2": 0.1594544060659945, "LPA_cdc_2": 0.282944607538877, "SLEEP_cdc_2": 0.34804790055526663, "heating_utility_gas": 0.6817755369509636, "heating_electricity": 0.20600010026426796, "industry_agriculture,_forestry,_fishing_and_hunting": 0.15192049938858007, "industry_mining,_quarrying,_and_oil_and_gas_extraction": 0.000512631562084488, "industry_accommodation_and_food_services": 0.06906108325456962, "industry_arts,_entertainment,_and_recreation": 0.014278924968895011, "industry_construction": 0.05976963619178828, "industry_educational_services": 0.09430284777512563, "industry_health_care_and_social_assistance": 0.1243291735418035, "industry_finance_and_insurance": 0.016761984097741753, "industry_real_estate_and_rental_and_leasing": 0.011998782500040049, "industry_information": 0.0109308000790307, "industry_manufacturing": 0.08363370338924221, "industry_other_services,_except_public_administration": 0.04358970251349663, "industry_administrative_and_support_and_waste_management_services": 0.03899737810315642, "industry_management_of_companies_and_enterprises": 0.0007208881341813114, "industry_professional,_scientific,_and_technical_services": 0.02739908901099488, "industry_public_administration": 0.060869658085427915, "industry_retail_trade": 0.10829341749034811, "industry_transportation_and_warehousing": 0.044508167395564666, "industry_utilities": 0.006407894526056101, "industry_wholesale_trade": 0.03171373799187265, "occupation_architecture_and_engineering_occupations": 0.005142335357160021, "occupation_computer_and_mathematical_occupations": 0.008623958049650503, "occupation_life,_physical,_and_social_science_occupations": 0.005590887973983948, "occupation_arts,_design,_entertainment,_sports,_and_media_occupations": 0.01058370579220266, "occupation_community_and_social_service_occupations": 0.023757268955352996, "occupation_educational_instruction,_and_library_occupations": 0.0608910177338481, "occupation_legal_occupations": 0.0032306468235532844, "occupation_health_diagnosing_and_treating_practitioners_and_other_technical_occupations": 0.025460700916862908, "occupation_health_technologists_and_technicians": 0.018262499399259887, "occupation_business_and_financial_operations_occupations": 0.02453689612268982, "occupation_management_occupations": 0.08106520566671473, "occupation_construction_and_extraction_occupations": 0.04200908853040279, "occupation_farming,_fishing,_and_forestry_occupations": 0.11962471097725731, "occupation_installation,_maintenance,_and_repair_occupations": 0.03398854054862257, "occupation_material_moving_occupations": 0.06316048037849296, "occupation_transportation_occupations": 0.03836726847476091, "occupation_office_and_administrative_support_occupations": 0.10584239783413164, "occupation_sales_and_related_occupations": 0.09127511761156411, "occupation_building_and_grounds_cleaning_and_maintenance_occupations": 0.04412903363610635, "occupation_food_preparation_and_serving_related_occupations": 0.04853446112276992, "occupation_healthcare_support_occupations": 0.03604440670906557, "occupation_personal_care_and_service_occupations": 0.026224308347884594, "occupation_firefighting_and_prevention,_and_other_protective_service_workers_including_supervisors": 0.010450207989576491, "occupation_law_enforcement_workers_including_supervisors": 0.015699341588837446, "2020 Presidential Election-margin": -0.07797173958979463, "2016 Presidential Election-margin": -0.0957213948127831, "2016-2020 Swing-margin": 0.017749655222988478, "park_percent_1km_v2": 0.010622043454244551, "mean_dist_Hospital_updated": 6.792215591616349, "mean_dist_Active Superfund Site_updated": 26.60906666661291, "mean_dist_Airport_updated": 64.55224902580055, "mean_dist_Public School_updated": 1.0824825202050574, "mean_high_temp_4": 76.72070148561524, "mean_high_temp_winter_4": 61.48183680516735, "mean_high_temp_spring_4": 78.60078573743958, "mean_high_temp_summer_4": 94.72007365035668, "mean_high_temp_fall_4": 71.22263195853854, "mean_high_heat_index_4": 75.8756315443375, "days_above_90_4": 0.2609894960101615, "days_below_40_4": 0.0007722572715620287, "wind_speed_over_10mph_4": 0.0008664040401064156, "snowfall_4": 0.004525196456812169, "rainfall_4": 0.4815297452559727, "hours_sunny_4": 8.301988643491368, "internet_no_access": 0.13841482192349835, "insurance_coverage_none": 0.11583245013093248, "insurance_coverage_govt": 0.3946512534189949, "insurance_coverage_private": 0.48951629645007266, "marriage_divorced": 0.08925672186063499}