{"population": 740319.0, "ad_1": 410.6601052183295, "population_change_2010": -0.08972993842340304, "ad_1_change_2010": -0.14063660546777992, "population_change_2000": -0.14395680000925054, "ad_1_change_2000": -0.25380021307779044, "gpw_population": NaN, "gpw_pw_density_4": NaN, "white": 0.3176846737690104, "hispanic": 0.022859064808548747, "black": 0.6293476190669157, "asian": 0.005658371593866968, "homogeneity_250_2020": 0.7294079521573416, "homogeneity_250_diff_2010": -0.04468793028924101, "homogeneity_250_diff_2000": -0.06493707292591244, "citizenship_citizen_by_birth": 0.9849399128801624, "citizenship_citizen_by_naturalization": 0.0051456918334728515, "citizenship_not_citizen": 0.009914395286364756, "birthplace_non_us": 0.015060087119837601, "birthplace_us_not_state": 0.1492345939430126, "birthplace_us_state": 0.8357053189371497, "language_english_only": 0.9707196599639328, "language_spanish": 0.019966964398185252, "education_high_school": 0.8368376055113663, "education_ugrad": 0.19121713034973506, "education_grad": 0.07529251056428807, "education_field_stem": 0.07226856775187698, "education_field_humanities": 0.07943696211105462, "education_field_business": 0.03951160048680213, "generation_silent": 0.061615272218685985, "generation_boomer": 0.23212214000290304, "generation_genx": 0.17625800299599956, "generation_millenial": 0.1931988913995373, "generation_genz": 0.2097431694479301, "generation_genalpha": 0.12706252393494397, "poverty_below_line": 0.2589280164798794, "household_income_under_50k": 0.5936908398292272, "household_income_over_100k": 0.14644280710548432, "individual_income_under_50k": 0.8037998693055743, "individual_income_over_100k": 0.04386406879524037, "housing_per_pop": 0.5900859694078343, "vacancy": 0.13808650081070425, "rent_or_own_rent": 0.37492125303017926, "rent_burden_under_20": 0.24468195867021691, "rent_burden_over_40": 0.36306167754821894, "rent_1br_under_750": 0.7787428517908318, "rent_1br_over_1500": 0.006922717241241453, "rent_2br_under_750": 0.5470213341362, "rent_2br_over_1500": 0.010313528294094295, "year_built_1969_or_earlier": 0.35532439356805945, "year_built_2010_or_later": 0.04475829569885916, "transportation_means_car": 0.9396122580483175, "transportation_means_bike": 0.0013852233593829475, "transportation_means_walk": 0.011329990575212907, "transportation_means_transit": 0.004163560729679993, "transportation_means_worked_at_home": 0.03612470584844807, "transportation_commute_time_under_15": 0.31628740852987486, "transportation_commute_time_over_60": 0.07375018760568827, "vehicle_ownership_at_least_1": 0.9095124091550936, "GHLTH_cdc_2": 0.2764954851672212, "ARTHRITIS_cdc_2": 0.291959963087011, "CASTHMA_cdc_2": 0.11479329892348326, "BPHIGH_cdc_2": 0.46569274773172503, "CANCER_cdc_2": 0.06074880474996035, "KIDNEY_cdc_2": 0.037892673638750166, "COPD_cdc_2": 0.08928446533733177, "CHD_cdc_2": 0.07240148553100687, "DIABETES_cdc_2": 0.16529875827496654, "OBESITY_cdc_2": 0.4474232511802284, "STROKE_cdc_2": 0.04672933865334415, "DISABILITY_cdc_2": 0.4192865295946384, "HEARING_cdc_2": 0.07379315874756229, "VISION_cdc_2": 0.0967971921428061, "COGNITION_cdc_2": 0.20588667110557135, "MOBILITY_cdc_2": 0.2233246808077486, "SELFCARE_cdc_2": 0.07241951649319882, "INDEPLIVE_cdc_2": 0.13502119660173584, "BINGE_cdc_2": 0.11948796573032328, "CSMOKING_cdc_2": 0.22589688726018067, "LPA_cdc_2": 0.35920173985017834, "SLEEP_cdc_2": 0.36862595557423433, "heating_utility_gas": 0.36523993241555425, "heating_electricity": 0.47628922312495386, "industry_agriculture,_forestry,_fishing_and_hunting": 0.021466444312283457, "industry_mining,_quarrying,_and_oil_and_gas_extraction": 0.004354942315795786, "industry_accommodation_and_food_services": 0.07381594528633739, "industry_arts,_entertainment,_and_recreation": 0.02010815102967089, "industry_construction": 0.06438143109425344, "industry_educational_services": 0.098108124827123, "industry_health_care_and_social_assistance": 0.16578801342964358, "industry_finance_and_insurance": 0.028005571055772893, "industry_real_estate_and_rental_and_leasing": 0.008428937303304832, "industry_information": 0.011748416760186148, "industry_manufacturing": 0.1208019226039502, "industry_other_services,_except_public_administration": 0.04833299741048536, "industry_administrative_and_support_and_waste_management_services": 0.0384427257668979, "industry_management_of_companies_and_enterprises": 0.00040981867940252295, "industry_professional,_scientific,_and_technical_services": 0.02859980939278356, "industry_public_administration": 0.06677222511862031, "industry_retail_trade": 0.11693594819451343, "industry_transportation_and_warehousing": 0.05139096155399695, "industry_utilities": 0.012104513089985456, "industry_wholesale_trade": 0.020003100774992854, "occupation_architecture_and_engineering_occupations": 0.012338523568809507, "occupation_computer_and_mathematical_occupations": 0.009215553551092274, "occupation_life,_physical,_and_social_science_occupations": 0.00786545037598288, "occupation_arts,_design,_entertainment,_sports,_and_media_occupations": 0.009968639919787988, "occupation_community_and_social_service_occupations": 0.021458407470867823, "occupation_educational_instruction,_and_library_occupations": 0.0626677169009662, "occupation_legal_occupations": 0.005693696021291991, "occupation_health_diagnosing_and_treating_practitioners_and_other_technical_occupations": 0.041066765791606875, "occupation_health_technologists_and_technicians": 0.028626016049741677, "occupation_business_and_financial_operations_occupations": 0.032030262541751606, "occupation_management_occupations": 0.07519265179499096, "occupation_construction_and_extraction_occupations": 0.04874759755259413, "occupation_farming,_fishing,_and_forestry_occupations": 0.008816355692787709, "occupation_installation,_maintenance,_and_repair_occupations": 0.039489222739708965, "occupation_material_moving_occupations": 0.05071455349741442, "occupation_transportation_occupations": 0.05149655527856811, "occupation_office_and_administrative_support_occupations": 0.1051215065819263, "occupation_sales_and_related_occupations": 0.0905724320137464, "occupation_building_and_grounds_cleaning_and_maintenance_occupations": 0.047214144656839194, "occupation_food_preparation_and_serving_related_occupations": 0.0645531794851171, "occupation_healthcare_support_occupations": 0.04228691153539777, "occupation_personal_care_and_service_occupations": 0.024368477326104823, "occupation_firefighting_and_prevention,_and_other_protective_service_workers_including_supervisors": 0.01472568578524098, "occupation_law_enforcement_workers_including_supervisors": 0.016462763365985553, "sors_cohabiting_partnered_gay": 0.00231795959946206, "2020 Presidential Election-margin": 0.26082206396478635, "2016 Presidential Election-margin": 0.25897635241852895, "2016-2020 Swing-margin": 0.0018457115462574003, "park_percent_1km_v2": 0.0055680966208757786, "mean_dist_Hospital_updated": 8.759837553929165, "mean_dist_Active Superfund Site_updated": 52.77924722562424, "mean_dist_Airport_updated": 55.97664967848817, "mean_dist_Public School_updated": 3.899451527680883, "lapop1share_usda_fra_1": 0.37153032159857746, "mean_high_temp_4": 75.30511149916245, "mean_high_temp_winter_4": 60.05916962648282, "mean_high_temp_spring_4": 80.26581557780383, "mean_high_temp_summer_4": 90.09896661197392, "mean_high_temp_fall_4": 70.0140420034457, "mean_high_heat_index_4": 78.05750076450231, "days_above_90_4": 0.17081572615398427, "days_below_40_4": 0.013842416438130124, "wind_speed_over_10mph_4": 0.08669398282801515, "snowfall_4": 0.005221693829651584, "rainfall_4": 1.2830863396412002, "hours_sunny_4": 5.721967947694802, "internet_no_access": 0.22784409176252382, "insurance_coverage_none": 0.1931933423550652, "insurance_coverage_govt": 0.24119745045953858, "insurance_coverage_private": 0.5656092071853962, "marriage_divorced": 0.1140170076833308}