{"population": 276781.0, "ad_1": 670.0456995918393, "population_change_2010": 0.10008783818695623, "ad_1_change_2010": 0.022915951425420005, "gpw_population": NaN, "gpw_pw_density_4": NaN, "white": 0.7651609033857093, "hispanic": 0.06207796055365072, "black": 0.09523413818145032, "asian": 0.01635950444575314, "citizenship_citizen_by_birth": 0.9524590402891959, "citizenship_citizen_by_naturalization": 0.02517345927351175, "citizenship_not_citizen": 0.022367500437292288, "birthplace_non_us": 0.047540959710804034, "birthplace_us_not_state": 0.4343770042563116, "birthplace_us_state": 0.5180820360328844, "language_english_only": 0.9351478117514116, "language_spanish": 0.036903596320476156, "education_high_school": 0.8966733220093175, "education_ugrad": 0.21741117104230612, "education_grad": 0.08288881604434246, "education_field_stem": 0.09390489813352405, "education_field_humanities": 0.08391195081006447, "education_field_business": 0.039594322098717605, "generation_silent": 0.06295915690047228, "generation_boomer": 0.23275246341321207, "generation_genx": 0.2026521777155851, "generation_millenial": 0.1960745729112005, "generation_genz": 0.18708092822575942, "generation_genalpha": 0.11848070083377063, "poverty_below_line": 0.1202694970424291, "household_income_under_50k": 0.3683392118936549, "household_income_over_100k": 0.30414912580119086, "individual_income_under_50k": 0.6643766019078817, "individual_income_over_100k": 0.09000510588389928, "housing_per_pop": 0.5342993277201227, "vacancy": 0.07652437960280618, "rent_or_own_rent": 0.3072780369401145, "rent_burden_under_20": 0.2798557757110123, "rent_burden_over_40": 0.28696589836905245, "rent_1br_under_750": 0.6176517699823802, "rent_1br_over_1500": 0.04533077046291847, "rent_2br_under_750": 0.21530075919797548, "rent_2br_over_1500": 0.0488612030367919, "year_built_1969_or_earlier": 0.33129136741304044, "year_built_2010_or_later": 0.08145859738065062, "transportation_means_car": 0.8892867707733267, "transportation_means_bike": 0.0021563468215292157, "transportation_means_walk": 0.015039935231748899, "transportation_means_transit": 0.00924037428575877, "transportation_means_worked_at_home": 0.07636737299350761, "transportation_commute_time_under_15": 0.22817072348459308, "transportation_commute_time_over_60": 0.11990088328501113, "vehicle_ownership_at_least_1": 0.9275704479083704, "GHLTH_cdc_2": 0.17549259410033194, "ARTHRITIS_cdc_2": 0.3009529237385441, "CASTHMA_cdc_2": 0.1126616145800714, "BPHIGH_cdc_2": 0.3773088975177971, "CANCER_cdc_2": 0.06565927120519405, "KIDNEY_cdc_2": 0.029581825014091564, "COPD_cdc_2": 0.08348442099329868, "CHD_cdc_2": 0.06206672094528298, "DIABETES_cdc_2": 0.11680077660174108, "OBESITY_cdc_2": 0.39633941358217994, "STROKE_cdc_2": 0.030977109037389615, "DISABILITY_cdc_2": 0.31140029435711153, "HEARING_cdc_2": 0.06830186739316507, "VISION_cdc_2": 0.04919631114172982, "COGNITION_cdc_2": 0.14835749775578796, "MOBILITY_cdc_2": 0.14227018746999018, "SELFCARE_cdc_2": 0.037882554643953154, "INDEPLIVE_cdc_2": 0.08327355378802113, "BINGE_cdc_2": 0.14587954844366505, "CSMOKING_cdc_2": 0.1905666061251331, "LPA_cdc_2": 0.2639261236717396, "SLEEP_cdc_2": 0.37327044842487633, "heating_utility_gas": 0.17362612356354534, "heating_electricity": 0.5949671938407858, "industry_agriculture,_forestry,_fishing_and_hunting": 0.008375505683653535, "industry_mining,_quarrying,_and_oil_and_gas_extraction": 0.0017766224177446894, "industry_accommodation_and_food_services": 0.057605635969297506, "industry_arts,_entertainment,_and_recreation": 0.014759040777714541, "industry_construction": 0.07536416914060698, "industry_educational_services": 0.08478565165895002, "industry_health_care_and_social_assistance": 0.12876282475273415, "industry_finance_and_insurance": 0.03699373952100414, "industry_real_estate_and_rental_and_leasing": 0.012228699758502408, "industry_information": 0.017243235760102137, "industry_manufacturing": 0.09937549030164126, "industry_other_services,_except_public_administration": 0.04458476257864054, "industry_administrative_and_support_and_waste_management_services": 0.04457707157250312, "industry_management_of_companies_and_enterprises": 0.0018996785159434556, "industry_professional,_scientific,_and_technical_services": 0.0608281675408777, "industry_public_administration": 0.07660242112873206, "industry_retail_trade": 0.12337142945040071, "industry_transportation_and_warehousing": 0.0765485840857701, "industry_utilities": 0.009098460260571288, "industry_wholesale_trade": 0.025218809124609682, "occupation_architecture_and_engineering_occupations": 0.013813047022811524, "occupation_computer_and_mathematical_occupations": 0.0399701588961868, "occupation_life,_physical,_and_social_science_occupations": 0.008529325806401993, "occupation_arts,_design,_entertainment,_sports,_and_media_occupations": 0.013782282998261832, "occupation_community_and_social_service_occupations": 0.019181369306732705, "occupation_educational_instruction,_and_library_occupations": 0.05029148913260833, "occupation_legal_occupations": 0.004945316946362923, "occupation_health_diagnosing_and_treating_practitioners_and_other_technical_occupations": 0.0339250280721724, "occupation_health_technologists_and_technicians": 0.019942778914337572, "occupation_business_and_financial_operations_occupations": 0.049045546138345816, "occupation_management_occupations": 0.09610681269323652, "occupation_construction_and_extraction_occupations": 0.051337465967297845, "occupation_farming,_fishing,_and_forestry_occupations": 0.0037609020011997968, "occupation_installation,_maintenance,_and_repair_occupations": 0.04473089169525157, "occupation_material_moving_occupations": 0.06568888341972896, "occupation_transportation_occupations": 0.047345833781975356, "occupation_office_and_administrative_support_occupations": 0.11541892910430543, "occupation_sales_and_related_occupations": 0.09069234437249081, "occupation_building_and_grounds_cleaning_and_maintenance_occupations": 0.030487148328744367, "occupation_food_preparation_and_serving_related_occupations": 0.05165279721893218, "occupation_healthcare_support_occupations": 0.024334343418806047, "occupation_personal_care_and_service_occupations": 0.027087723616003447, "occupation_firefighting_and_prevention,_and_other_protective_service_workers_including_supervisors": 0.01955822860746643, "occupation_law_enforcement_workers_including_supervisors": 0.01704326960052914, "2020 Presidential Election-margin": -0.25370669929847206, "2016 Presidential Election-margin": -0.328840499816244, "2016-2020 Swing-margin": 0.07513380051777196, "park_percent_1km_v2": 0.010917883123139531, "mean_dist_Hospital_updated": 6.978111384853207, "mean_dist_Active Superfund Site_updated": 18.76199490081971, "mean_dist_Airport_updated": 75.53313000788444, "mean_dist_Public School_updated": 2.083002054756445, "mean_high_temp_4": 64.4894441688111, "mean_high_temp_winter_4": 44.1792060641129, "mean_high_temp_spring_4": 70.50487675511596, "mean_high_temp_summer_4": 84.22939751724357, "mean_high_temp_fall_4": 58.0206849392964, "mean_high_heat_index_4": 64.20522422329888, "days_above_90_4": 0.05806036381637184, "days_below_40_4": 0.12067577701221432, "wind_speed_over_10mph_4": 0.07360030423858205, "snowfall_4": 0.09074986906755787, "rainfall_4": 0.9313590932679651, "hours_sunny_4": 4.73951778986905, "internet_no_access": 0.12546933667083854, "insurance_coverage_none": 0.0710623102380825, "insurance_coverage_govt": 0.20895052375774645, "insurance_coverage_private": 0.719987166004171, "marriage_divorced": 0.1275965718988746}