{"population": 769221.0, "ad_1": 1733.4590465187314, "population_change_2010": 0.11713149609043697, "ad_1_change_2010": 0.0889042834250732, "population_change_2000": 0.19928998732454314, "ad_1_change_2000": 0.0883402145653378, "gpw_population": NaN, "gpw_pw_density_4": NaN, "white": 0.4639030915692629, "hispanic": 0.2714902479261487, "black": 0.17693744710557824, "asian": 0.04080491822246143, "homogeneity_250_2020": 0.49702877940578016, "homogeneity_250_diff_2010": -0.056882657654388935, "homogeneity_250_diff_2000": -0.10167189916140196, "citizenship_citizen_by_birth": 0.8148015202545714, "citizenship_citizen_by_naturalization": 0.10284664886849913, "citizenship_not_citizen": 0.08235183087692942, "birthplace_non_us": 0.1851984797454285, "birthplace_us_not_state": 0.4197353304396098, "birthplace_us_state": 0.3950661898149618, "language_english_only": 0.7136864845868072, "language_spanish": 0.2208862090479469, "education_high_school": 0.903905730348176, "education_ugrad": 0.36663993998568084, "education_grad": 0.13732780994042382, "education_field_stem": 0.16328422162237327, "education_field_humanities": 0.10918377987811428, "education_field_business": 0.0941719384851947, "generation_silent": 0.05888162217618738, "generation_boomer": 0.22174633694300236, "generation_genx": 0.20428332467336327, "generation_millenial": 0.23684093169138684, "generation_genz": 0.16715337455752824, "generation_genalpha": 0.11109440995853194, "poverty_below_line": 0.14353943206556743, "household_income_under_50k": 0.4081907878952776, "household_income_over_100k": 0.2940766894376714, "individual_income_under_50k": 0.6633163730708871, "individual_income_over_100k": 0.12181639300415785, "housing_per_pop": 0.57351587425699, "vacancy": 0.08400212514160584, "rent_or_own_rent": 0.43630413285681086, "rent_burden_under_20": 0.21141159453412228, "rent_burden_over_40": 0.3514350697419821, "rent_1br_under_750": 0.19712574928336393, "rent_1br_over_1500": 0.1834828930856489, "rent_2br_under_750": 0.06639312028655996, "rent_2br_over_1500": 0.3341821632079924, "year_built_1969_or_earlier": 0.34481264277784784, "year_built_2010_or_later": 0.09323728455435976, "transportation_means_car": 0.8209741492534192, "transportation_means_bike": 0.010084040577228962, "transportation_means_walk": 0.015334069829063079, "transportation_means_transit": 0.014673423256297467, "transportation_means_worked_at_home": 0.1279864433781275, "transportation_commute_time_under_15": 0.23435787703640898, "transportation_commute_time_over_60": 0.05627979209310464, "vehicle_ownership_at_least_1": 0.9271838657607028, "GHLTH_cdc_2": 0.17895230729346756, "ARTHRITIS_cdc_2": 0.26826403942411703, "CASTHMA_cdc_2": 0.10427776663481153, "BPHIGH_cdc_2": 0.33952163909325744, "CANCER_cdc_2": 0.06957067636566822, "KIDNEY_cdc_2": 0.031609705201849886, "COPD_cdc_2": 0.07570033914847704, "CHD_cdc_2": 0.06344030106627042, "DIABETES_cdc_2": 0.11329064190900234, "OBESITY_cdc_2": 0.35925843432693494, "STROKE_cdc_2": 0.033198565310702505, "DISABILITY_cdc_2": 0.30829869388896375, "HEARING_cdc_2": 0.07226797181784338, "VISION_cdc_2": 0.05478410305238254, "COGNITION_cdc_2": 0.14369272355477813, "MOBILITY_cdc_2": 0.14800279890634835, "SELFCARE_cdc_2": 0.042378652452575404, "INDEPLIVE_cdc_2": 0.08501597775377973, "BINGE_cdc_2": 0.16555453666054934, "CSMOKING_cdc_2": 0.17630184278568334, "LPA_cdc_2": 0.2610754203779868, "SLEEP_cdc_2": 0.33672295058025836, "heating_utility_gas": 0.053979878669114995, "heating_electricity": 0.9208522513542351, "industry_agriculture,_forestry,_fishing_and_hunting": 0.0034419942023536537, "industry_mining,_quarrying,_and_oil_and_gas_extraction": 0.0005247021187114448, "industry_accommodation_and_food_services": 0.07799081197791803, "industry_arts,_entertainment,_and_recreation": 0.0243384073887137, "industry_construction": 0.06489879868466493, "industry_educational_services": 0.06993322529114737, "industry_health_care_and_social_assistance": 0.14165346839862983, "industry_finance_and_insurance": 0.08334340760240286, "industry_real_estate_and_rental_and_leasing": 0.028834497541399814, "industry_information": 0.0196612454933788, "industry_manufacturing": 0.05825041531480082, "industry_other_services,_except_public_administration": 0.04477679747349084, "industry_administrative_and_support_and_waste_management_services": 0.05364365478249122, "industry_management_of_companies_and_enterprises": 0.0018335225785240112, "industry_professional,_scientific,_and_technical_services": 0.10777967267800292, "industry_public_administration": 0.03233042424913273, "industry_retail_trade": 0.10652880428940834, "industry_transportation_and_warehousing": 0.04720690976896557, "industry_utilities": 0.005474942742400211, "industry_wholesale_trade": 0.027554297423463003, "occupation_architecture_and_engineering_occupations": 0.016117629569075538, "occupation_computer_and_mathematical_occupations": 0.03922302413739178, "occupation_life,_physical,_and_social_science_occupations": 0.008469533302426403, "occupation_arts,_design,_entertainment,_sports,_and_media_occupations": 0.022879040545187416, "occupation_community_and_social_service_occupations": 0.0128903950557807, "occupation_educational_instruction,_and_library_occupations": 0.04578429772160727, "occupation_legal_occupations": 0.021030465682337858, "occupation_health_diagnosing_and_treating_practitioners_and_other_technical_occupations": 0.04908493793888571, "occupation_health_technologists_and_technicians": 0.0201939182092816, "occupation_business_and_financial_operations_occupations": 0.07544860680498562, "occupation_management_occupations": 0.11342672946910269, "occupation_construction_and_extraction_occupations": 0.041802693241531366, "occupation_farming,_fishing,_and_forestry_occupations": 0.0023722915796749277, "occupation_installation,_maintenance,_and_repair_occupations": 0.025718621447912354, "occupation_material_moving_occupations": 0.02935316388275186, "occupation_transportation_occupations": 0.039187606549781866, "occupation_office_and_administrative_support_occupations": 0.11820802676839302, "occupation_sales_and_related_occupations": 0.11352667857221438, "occupation_building_and_grounds_cleaning_and_maintenance_occupations": 0.0385731427623863, "occupation_food_preparation_and_serving_related_occupations": 0.05800322512439228, "occupation_healthcare_support_occupations": 0.03003824710634387, "occupation_personal_care_and_service_occupations": 0.02616737617058493, "occupation_firefighting_and_prevention,_and_other_protective_service_workers_including_supervisors": 0.009894144717559443, "occupation_law_enforcement_workers_including_supervisors": 0.005246863357946938, "sors_cohabiting_partnered_gay": 0.011665034208446282, "2020 Presidential Election-margin": 0.19109771239607765, "2016 Presidential Election-margin": 0.21623525236500268, "2016-2020 Swing-margin": -0.025137539968925038, "park_percent_1km_v2": 0.01829034169379789, "mean_dist_Hospital_updated": 3.9053370737257405, "mean_dist_Active Superfund Site_updated": 10.602135289971049, "mean_dist_Airport_updated": 10.921716870036718, "mean_dist_Public School_updated": 1.0511136318657932, "lapop1share_usda_fra_1": 0.7928945032655953, "mean_high_temp_4": 80.07191430661265, "mean_high_temp_winter_4": 71.00807833892753, "mean_high_temp_spring_4": 82.78823158184045, "mean_high_temp_summer_4": 87.56990828613529, "mean_high_temp_fall_4": 78.5380142746091, "mean_high_heat_index_4": 84.5214539106929, "days_above_90_4": 0.09437252405323253, "days_below_40_4": 0.0, "wind_speed_over_10mph_4": 0.2032805159538429, "snowfall_4": 5.216416154646887e-06, "rainfall_4": 1.0431844636834124, "hours_sunny_4": 5.940361477890636, "internet_no_access": 0.07714064178261963, "insurance_coverage_none": 0.16170356672095762, "insurance_coverage_govt": 0.1393213117746061, "insurance_coverage_private": 0.6989751215044363, "marriage_divorced": 0.1440471971491665}