{"population": 4637385.0, "ad_1": 1667.2377753166345, "population_change_2010": 0.15041585928830967, "ad_1_change_2010": 0.09982685518656335, "population_change_2000": 0.34012781740865594, "ad_1_change_2000": 0.07973219579088818, "gpw_population": NaN, "gpw_pw_density_4": NaN, "white": 0.6542413450683953, "hispanic": 0.21787623844041415, "black": 0.037554138808832994, "asian": 0.03676382271474118, "homogeneity_250_2020": 0.5773158623792467, "homogeneity_250_diff_2010": -0.0700397943761909, "homogeneity_250_diff_2000": -0.1180501010195043, "citizenship_citizen_by_birth": 0.8952827237681413, "citizenship_citizen_by_naturalization": 0.0474762143628779, "citizenship_not_citizen": 0.057241061868980696, "birthplace_non_us": 0.10471727623185165, "birthplace_us_not_state": 0.46869375532671653, "birthplace_us_state": 0.4265889684414319, "language_english_only": 0.8245577764210007, "language_spanish": 0.11949734240609601, "education_high_school": 0.9246059568661711, "education_ugrad": 0.43220265162475446, "education_grad": 0.16291045207978855, "education_field_stem": 0.20643261139048036, "education_field_humanities": 0.14019803427680524, "education_field_business": 0.0855720059574785, "generation_silent": 0.050654303515561334, "generation_boomer": 0.21134271112540234, "generation_genx": 0.19416863058509495, "generation_millenial": 0.23320605024643767, "generation_genz": 0.19410902781795883, "generation_genalpha": 0.11651927670954487, "poverty_below_line": 0.09199509725468367, "household_income_under_50k": 0.2863685841543578, "household_income_over_100k": 0.4171540913685071, "individual_income_under_50k": 0.5740620465038719, "individual_income_over_100k": 0.15439229775723526, "housing_per_pop": 0.5576514402165513, "vacancy": 0.0993366700271162, "rent_or_own_rent": 0.3426710792380072, "rent_burden_under_20": 0.22539288950046096, "rent_burden_over_40": 0.34188368972117816, "rent_1br_under_750": 0.14770065759841736, "rent_1br_over_1500": 0.3235463021349396, "rent_2br_under_750": 0.07991848865870904, "rent_2br_over_1500": 0.5133879708481268, "year_built_1969_or_earlier": 0.2561475594526988, "year_built_2010_or_later": 0.10519274119813274, "transportation_means_car": 0.7775793052102637, "transportation_means_bike": 0.012810841658521943, "transportation_means_walk": 0.02598122978832276, "transportation_means_transit": 0.029060128305203926, "transportation_means_worked_at_home": 0.14649407342783763, "transportation_commute_time_under_15": 0.25534450476448833, "transportation_commute_time_over_60": 0.07477070962572542, "vehicle_ownership_at_least_1": 0.9495534871322107, "GHLTH_cdc_2": 0.1297034363934703, "ARTHRITIS_cdc_2": 0.21541735950290775, "CASTHMA_cdc_2": 0.1032357517909129, "BPHIGH_cdc_2": 0.24283371799364614, "CANCER_cdc_2": 0.058779404240544994, "KIDNEY_cdc_2": 0.02501197939015366, "COPD_cdc_2": 0.05136108696293179, "CHD_cdc_2": 0.042696890180189496, "DIABETES_cdc_2": 0.07153012470069971, "OBESITY_cdc_2": 0.25488732258730606, "STROKE_cdc_2": 0.02353038838354312, "DISABILITY_cdc_2": 0.22779314293576974, "HEARING_cdc_2": 0.05162014143882922, "VISION_cdc_2": 0.04005341330075284, "COGNITION_cdc_2": 0.11569969570016146, "MOBILITY_cdc_2": 0.09166997716931692, "SELFCARE_cdc_2": 0.02897183146571549, "INDEPLIVE_cdc_2": 0.06110260571061984, "BINGE_cdc_2": 0.2035153417558993, "CSMOKING_cdc_2": 0.13722796413913185, "LPA_cdc_2": 0.17002572954983583, "SLEEP_cdc_2": 0.2773886285543804, "heating_utility_gas": 0.6726609215861483, "heating_electricity": 0.25206415815058514, "industry_agriculture,_forestry,_fishing_and_hunting": 0.013383518838933166, "industry_mining,_quarrying,_and_oil_and_gas_extraction": 0.011903051803837343, "industry_accommodation_and_food_services": 0.07039582418717591, "industry_arts,_entertainment,_and_recreation": 0.026156531647857972, "industry_construction": 0.0807498127727702, "industry_educational_services": 0.09119176587557902, "industry_health_care_and_social_assistance": 0.11714936859230883, "industry_finance_and_insurance": 0.049118095188906225, "industry_real_estate_and_rental_and_leasing": 0.024798327221547668, "industry_information": 0.027620858404565952, "industry_manufacturing": 0.07102973362084675, "industry_other_services,_except_public_administration": 0.04759203186736467, "industry_administrative_and_support_and_waste_management_services": 0.04034141530873287, "industry_management_of_companies_and_enterprises": 0.0016676942643906708, "industry_professional,_scientific,_and_technical_services": 0.1060626113679225, "industry_public_administration": 0.043466173204554585, "industry_retail_trade": 0.10161717519303516, "industry_transportation_and_warehousing": 0.042576036851482674, "industry_utilities": 0.008350576530744119, "industry_wholesale_trade": 0.024829397257443764, "occupation_architecture_and_engineering_occupations": 0.02849929305580612, "occupation_computer_and_mathematical_occupations": 0.04704124486739076, "occupation_life,_physical,_and_social_science_occupations": 0.014294234046948247, "occupation_arts,_design,_entertainment,_sports,_and_media_occupations": 0.0242075930325642, "occupation_community_and_social_service_occupations": 0.016087822482762595, "occupation_educational_instruction,_and_library_occupations": 0.05756430286909761, "occupation_legal_occupations": 0.012402593419931017, "occupation_health_diagnosing_and_treating_practitioners_and_other_technical_occupations": 0.03999117126772174, "occupation_health_technologists_and_technicians": 0.014997950184644549, "occupation_business_and_financial_operations_occupations": 0.06805871187666304, "occupation_management_occupations": 0.13200407380626888, "occupation_construction_and_extraction_occupations": 0.05659023706840931, "occupation_farming,_fishing,_and_forestry_occupations": 0.006012253699351907, "occupation_installation,_maintenance,_and_repair_occupations": 0.027216140923998263, "occupation_material_moving_occupations": 0.02857394184334875, "occupation_transportation_occupations": 0.03502924618443753, "occupation_office_and_administrative_support_occupations": 0.10309844924205167, "occupation_sales_and_related_occupations": 0.09976830630374761, "occupation_building_and_grounds_cleaning_and_maintenance_occupations": 0.029888971024970783, "occupation_food_preparation_and_serving_related_occupations": 0.05307488443560704, "occupation_healthcare_support_occupations": 0.024411364047206726, "occupation_personal_care_and_service_occupations": 0.026505161661027957, "occupation_firefighting_and_prevention,_and_other_protective_service_workers_including_supervisors": 0.011095230870542008, "occupation_law_enforcement_workers_including_supervisors": 0.007356738889032169, "sors_cohabiting_partnered_gay": 0.008194292839271273, "2020 Presidential Election-margin": 0.1860986470500493, "2016 Presidential Election-margin": 0.10041117706417273, "2016-2020 Swing-margin": 0.08568746998587658, "park_percent_1km_v2": 0.03709479184356727, "mean_dist_Hospital_updated": 6.504759602282148, "mean_dist_Active Superfund Site_updated": 27.95611770820864, "mean_dist_Airport_updated": 43.70946812081129, "mean_dist_Public School_updated": 1.4239931595509836, "lapop1share_usda_fra_1": 0.6821089054186487, "mean_high_temp_4": 61.67707164631722, "mean_high_temp_winter_4": 43.56092478179074, "mean_high_temp_spring_4": 65.60251018918468, "mean_high_temp_summer_4": 82.01553046932223, "mean_high_temp_fall_4": 54.5085192571915, "mean_high_heat_index_4": 59.16593722684044, "days_above_90_4": 0.04997653961707724, "days_below_40_4": 0.1520038571433677, "wind_speed_over_10mph_4": 0.04201827843965081, "snowfall_4": 0.18754083084124634, "rainfall_4": 0.30420023187627715, "hours_sunny_4": 6.531761755150437, "internet_no_access": 0.061442408779677014, "insurance_coverage_none": 0.1021448174787657, "insurance_coverage_govt": 0.14044866151992988, "insurance_coverage_private": 0.7574065210013045, "marriage_divorced": 0.11374519368174225}