{"population": 745671.0, "ad_1": 370.72919483244374, "population_change_2010": 0.07650918540441044, "ad_1_change_2010": 0.13798218464284892, "gpw_population": NaN, "gpw_pw_density_4": NaN, "white": 0.696128721648019, "hispanic": 0.10097482669971072, "black": 0.13580251880521035, "asian": 0.021938629771038432, "citizenship_citizen_by_birth": 0.9339600691050918, "citizenship_citizen_by_naturalization": 0.028346103947581122, "citizenship_not_citizen": 0.03769382694732712, "birthplace_non_us": 0.06603993089490823, "birthplace_us_not_state": 0.3055588118816972, "birthplace_us_state": 0.6284012572233946, "language_english_only": 0.893555249000556, "language_spanish": 0.07544999637104312, "education_high_school": 0.8791368438699672, "education_ugrad": 0.2366291719549274, "education_grad": 0.0737677641539547, "education_field_stem": 0.0915201797175242, "education_field_humanities": 0.08722975661466029, "education_field_business": 0.05787923562274292, "generation_silent": 0.06308709850998198, "generation_boomer": 0.23344036228384882, "generation_genx": 0.2090092467073221, "generation_millenial": 0.17280401043449073, "generation_genz": 0.20143753237512987, "generation_genalpha": 0.12022174968922635, "poverty_below_line": 0.13023912755382336, "household_income_under_50k": 0.4076518017473845, "household_income_over_100k": 0.2754883594294286, "individual_income_under_50k": 0.7095715002127837, "individual_income_over_100k": 0.08341883015590566, "housing_per_pop": 0.5391057676948003, "vacancy": 0.08771986949471532, "rent_or_own_rent": 0.25097896202862535, "rent_burden_under_20": 0.31400777651486994, "rent_burden_over_40": 0.29115395080807605, "rent_1br_under_750": 0.6980977228410007, "rent_1br_over_1500": 0.015131025249804943, "rent_2br_under_750": 0.4851496657902429, "rent_2br_over_1500": 0.017780390266507098, "year_built_1969_or_earlier": 0.2797070364177949, "year_built_2010_or_later": 0.0845357872953523, "transportation_means_car": 0.8959401598045575, "transportation_means_bike": 0.0019658847273481246, "transportation_means_walk": 0.00929730625663714, "transportation_means_transit": 0.002472675319973019, "transportation_means_worked_at_home": 0.08387546231782272, "transportation_commute_time_under_15": 0.24120780366483127, "transportation_commute_time_over_60": 0.08061363719100771, "vehicle_ownership_at_least_1": 0.9519833386595178, "GHLTH_cdc_2": 0.16770367600640995, "ARTHRITIS_cdc_2": 0.274512280872141, "CASTHMA_cdc_2": 0.09982415966590588, "BPHIGH_cdc_2": 0.34354999077356385, "CANCER_cdc_2": 0.06685478172194435, "KIDNEY_cdc_2": 0.03130347011120284, "COPD_cdc_2": 0.07790148885543631, "CHD_cdc_2": 0.06350035643179722, "DIABETES_cdc_2": 0.1148036828048366, "OBESITY_cdc_2": 0.3655718059534793, "STROKE_cdc_2": 0.03397675132326519, "DISABILITY_cdc_2": 0.3171448181420871, "HEARING_cdc_2": 0.07749733210314184, "VISION_cdc_2": 0.056586758607293744, "COGNITION_cdc_2": 0.14588864565629098, "MOBILITY_cdc_2": 0.15153621716117127, "SELFCARE_cdc_2": 0.04401248579614432, "INDEPLIVE_cdc_2": 0.08540872335259554, "BINGE_cdc_2": 0.16760765697081534, "CSMOKING_cdc_2": 0.18370044189773224, "LPA_cdc_2": 0.24113183703200117, "SLEEP_cdc_2": 0.3294841820035934, "heating_utility_gas": 0.2452203841009045, "heating_electricity": 0.6230289613877479, "industry_agriculture,_forestry,_fishing_and_hunting": 0.012627864753936286, "industry_mining,_quarrying,_and_oil_and_gas_extraction": 0.0020497612820240003, "industry_accommodation_and_food_services": 0.06099101826961641, "industry_arts,_entertainment,_and_recreation": 0.014549830773572013, "industry_construction": 0.08328436507276314, "industry_educational_services": 0.08033101131394103, "industry_health_care_and_social_assistance": 0.13230500777945564, "industry_finance_and_insurance": 0.053386426909129064, "industry_real_estate_and_rental_and_leasing": 0.014268622421891593, "industry_information": 0.013824701651173058, "industry_manufacturing": 0.15316362495432526, "industry_other_services,_except_public_administration": 0.05930399719794843, "industry_administrative_and_support_and_waste_management_services": 0.03777273677422086, "industry_management_of_companies_and_enterprises": 0.002013667870600839, "industry_professional,_scientific,_and_technical_services": 0.04963676198795374, "industry_public_administration": 0.03325121431812004, "industry_retail_trade": 0.11731334639642005, "industry_transportation_and_warehousing": 0.04101397326529096, "industry_utilities": 0.009950206233006681, "industry_wholesale_trade": 0.028961860774610722, "occupation_architecture_and_engineering_occupations": 0.01699979820663856, "occupation_computer_and_mathematical_occupations": 0.023420590179209767, "occupation_life,_physical,_and_social_science_occupations": 0.004813921515497127, "occupation_arts,_design,_entertainment,_sports,_and_media_occupations": 0.013881706518051184, "occupation_community_and_social_service_occupations": 0.01800689406425895, "occupation_educational_instruction,_and_library_occupations": 0.05687718696250538, "occupation_legal_occupations": 0.006604837659415546, "occupation_health_diagnosing_and_treating_practitioners_and_other_technical_occupations": 0.0365152035184978, "occupation_health_technologists_and_technicians": 0.02229982474806872, "occupation_business_and_financial_operations_occupations": 0.05118130583554102, "occupation_management_occupations": 0.10412691477370917, "occupation_construction_and_extraction_occupations": 0.061501546816291136, "occupation_farming,_fishing,_and_forestry_occupations": 0.006218078944901639, "occupation_installation,_maintenance,_and_repair_occupations": 0.04588851963507291, "occupation_material_moving_occupations": 0.04222774734238835, "occupation_transportation_occupations": 0.04152970180509881, "occupation_office_and_administrative_support_occupations": 0.09915520996628913, "occupation_sales_and_related_occupations": 0.10175311112855909, "occupation_building_and_grounds_cleaning_and_maintenance_occupations": 0.03233839380328368, "occupation_food_preparation_and_serving_related_occupations": 0.04854273402083656, "occupation_healthcare_support_occupations": 0.0320530640585153, "occupation_personal_care_and_service_occupations": 0.02516668087509584, "occupation_firefighting_and_prevention,_and_other_protective_service_workers_including_supervisors": 0.009270061277547152, "occupation_law_enforcement_workers_including_supervisors": 0.009293267749034355, "2020 Presidential Election-margin": -0.34010616204360505, "2016 Presidential Election-margin": -0.36162191687987694, "2016-2020 Swing-margin": 0.021515754836271883, "park_percent_1km_v2": 0.004697848488988491, "mean_dist_Hospital_updated": 9.60313094496071, "mean_dist_Active Superfund Site_updated": 24.17397803074609, "mean_dist_Airport_updated": 39.27572801566359, "mean_dist_Public School_updated": 2.431628447234175, "mean_high_temp_4": 71.31356325454115, "mean_high_temp_winter_4": 55.25649427310644, "mean_high_temp_spring_4": 76.97648629727021, "mean_high_temp_summer_4": 86.87579678139399, "mean_high_temp_fall_4": 65.30718552110892, "mean_high_heat_index_4": 72.47062670015099, "days_above_90_4": 0.09776925520790622, "days_below_40_4": 0.024816279450971337, "wind_speed_over_10mph_4": 0.05497790970012411, "snowfall_4": 0.019277740458714852, "rainfall_4": 1.0922180005731432, "hours_sunny_4": 5.357345964933072, "internet_no_access": 0.1168829761178423, "insurance_coverage_none": 0.14486261742791465, "insurance_coverage_govt": 0.15180145806483258, "insurance_coverage_private": 0.7033359245072527, "marriage_divorced": 0.10375602800804276}