{"population": 263901.0, "ad_1": 1284.173077598907, "population_change_2010": 0.03846517082077395, "ad_1_change_2010": 0.03827273381969494, "population_change_2000": 0.046482855432054215, "ad_1_change_2000": -0.026112326217748096, "gpw_population": NaN, "gpw_pw_density_4": NaN, "white": 0.6285425216274285, "hispanic": 0.10571009583139132, "black": 0.14991985630975252, "asian": 0.0577072462779603, "homogeneity_250_2020": 0.5450608988703168, "homogeneity_250_diff_2010": -0.10040285737374377, "homogeneity_250_diff_2000": -0.19035191046939548, "citizenship_citizen_by_birth": 0.9140747765677191, "citizenship_citizen_by_naturalization": 0.03890049818044767, "citizenship_not_citizen": 0.0470247252518331, "birthplace_non_us": 0.08592522343228139, "birthplace_us_not_state": 0.25527038216859793, "birthplace_us_state": 0.6588043943991208, "language_english_only": 0.8651059590356284, "language_spanish": 0.06625583027552542, "education_high_school": 0.8932297219519351, "education_ugrad": 0.2654136292704668, "education_grad": 0.08563178438362186, "education_field_stem": 0.10484850076830303, "education_field_humanities": 0.10206780584502959, "education_field_business": 0.058497322657134546, "generation_silent": 0.05753427335713572, "generation_boomer": 0.206206402425321, "generation_genx": 0.1760316200997816, "generation_millenial": 0.21322394734474842, "generation_genz": 0.20876095235024789, "generation_genalpha": 0.13824280442276543, "poverty_below_line": 0.15400602092085874, "household_income_under_50k": 0.4620900039994596, "household_income_over_100k": 0.20679676842235628, "individual_income_under_50k": 0.7325177195128273, "individual_income_over_100k": 0.060235940183547255, "housing_per_pop": 0.5839137578243909, "vacancy": 0.07383112231246601, "rent_or_own_rent": 0.37465334791560834, "rent_burden_under_20": 0.30610310957332876, "rent_burden_over_40": 0.2834017673392901, "rent_1br_under_750": 0.6265437052266326, "rent_1br_over_1500": 0.017718550138926807, "rent_2br_under_750": 0.31551133896587313, "rent_2br_over_1500": 0.026700357480554594, "year_built_1969_or_earlier": 0.4845598549936234, "year_built_2010_or_later": 0.02836899297121013, "transportation_means_car": 0.9062785610269082, "transportation_means_bike": 0.004854871829369679, "transportation_means_walk": 0.01494870314339161, "transportation_means_transit": 0.01066667031175047, "transportation_means_worked_at_home": 0.05703457658586945, "transportation_commute_time_under_15": 0.30180875920535816, "transportation_commute_time_over_60": 0.04433931141143334, "vehicle_ownership_at_least_1": 0.9326171480965713, "traffic_fatalities_last_decade_per_capita": 7.275455568565485e-05, "traffic_fatalities_ped_last_decade_per_capita": 1.5157199101178094e-05, "GHLTH_cdc_2": 0.18520756612879927, "ARTHRITIS_cdc_2": 0.26085292655681314, "CASTHMA_cdc_2": 0.11607355542846746, "BPHIGH_cdc_2": 0.34246496202504656, "CANCER_cdc_2": 0.06413304328770664, "KIDNEY_cdc_2": 0.03055067692159685, "COPD_cdc_2": 0.07887216256807968, "CHD_cdc_2": 0.061486945274376426, "DIABETES_cdc_2": 0.12157869981881073, "OBESITY_cdc_2": 0.39568806554888586, "STROKE_cdc_2": 0.03255951725575505, "DISABILITY_cdc_2": 0.29786342378552305, "HEARING_cdc_2": 0.06206132647770961, "VISION_cdc_2": 0.05698218571115525, "COGNITION_cdc_2": 0.14575806667129856, "MOBILITY_cdc_2": 0.14620327423742707, "SELFCARE_cdc_2": 0.0431120381406436, "INDEPLIVE_cdc_2": 0.09340445330497014, "BINGE_cdc_2": 0.15926274071738236, "CSMOKING_cdc_2": 0.18884017381358356, "LPA_cdc_2": 0.2604009364126633, "SLEEP_cdc_2": 0.33065684644863436, "heating_utility_gas": 0.7236175877967237, "heating_electricity": 0.2554379165660515, "industry_agriculture,_forestry,_fishing_and_hunting": 0.002324907965070332, "industry_mining,_quarrying,_and_oil_and_gas_extraction": 0.0010340080672948872, "industry_accommodation_and_food_services": 0.08216810579297618, "industry_arts,_entertainment,_and_recreation": 0.013938867394869407, "industry_construction": 0.0475837167383517, "industry_educational_services": 0.07797804312953796, "industry_health_care_and_social_assistance": 0.1612283760998057, "industry_finance_and_insurance": 0.045583760884092536, "industry_real_estate_and_rental_and_leasing": 0.018672359838253758, "industry_information": 0.015776537904060136, "industry_manufacturing": 0.18756202261742727, "industry_other_services,_except_public_administration": 0.04583611539532312, "industry_administrative_and_support_and_waste_management_services": 0.035396505620690834, "industry_management_of_companies_and_enterprises": 0.0005112525983765137, "industry_professional,_scientific,_and_technical_services": 0.04440024616121273, "industry_public_administration": 0.020326672387986845, "industry_retail_trade": 0.11460867820980798, "industry_transportation_and_warehousing": 0.050300427422591935, "industry_utilities": 0.006266682716803538, "industry_wholesale_trade": 0.028502713055466485, "occupation_architecture_and_engineering_occupations": 0.020130436293702807, "occupation_computer_and_mathematical_occupations": 0.023396429010535066, "occupation_life,_physical,_and_social_science_occupations": 0.004458986343644974, "occupation_arts,_design,_entertainment,_sports,_and_media_occupations": 0.017618376133820342, "occupation_community_and_social_service_occupations": 0.022240784244711875, "occupation_educational_instruction,_and_library_occupations": 0.05359496900723109, "occupation_legal_occupations": 0.006817747258519305, "occupation_health_diagnosing_and_treating_practitioners_and_other_technical_occupations": 0.04330456081754341, "occupation_health_technologists_and_technicians": 0.024211172788984724, "occupation_business_and_financial_operations_occupations": 0.04155700049432889, "occupation_management_occupations": 0.08235741114055843, "occupation_construction_and_extraction_occupations": 0.03910217576336274, "occupation_farming,_fishing,_and_forestry_occupations": 0.0007883996426886243, "occupation_installation,_maintenance,_and_repair_occupations": 0.026067368959750183, "occupation_material_moving_occupations": 0.05969156615870511, "occupation_transportation_occupations": 0.036308271516857636, "occupation_office_and_administrative_support_occupations": 0.11539470708108884, "occupation_sales_and_related_occupations": 0.10007143504700412, "occupation_building_and_grounds_cleaning_and_maintenance_occupations": 0.029089415726742826, "occupation_food_preparation_and_serving_related_occupations": 0.06740891680998853, "occupation_healthcare_support_occupations": 0.03394712286349977, "occupation_personal_care_and_service_occupations": 0.02377230752499678, "occupation_firefighting_and_prevention,_and_other_protective_service_workers_including_supervisors": 0.006810764238798892, "occupation_law_enforcement_workers_including_supervisors": 0.005191629260396433, "sors_cohabiting_partnered_gay": 0.008515396589036347, "2020 Presidential Election-margin": 0.03261096476945327, "2016 Presidential Election-margin": -0.061117027009323484, "2016-2020 Swing-margin": 0.09372799177877675, "park_percent_1km_v2": 0.029460458972814338, "mean_dist_Hospital_updated": 3.463537732666354, "mean_dist_Active Superfund Site_updated": 8.419266933338735, "mean_dist_Airport_updated": 14.291603756784491, "mean_dist_Public School_updated": 1.0595282064981852, "lapop1share_usda_fra_1": 0.6281891485355646, "mean_high_temp_4": 60.426493491019066, "mean_high_temp_winter_4": 37.936561885910926, "mean_high_temp_spring_4": 67.68772005235313, "mean_high_temp_summer_4": 80.96139158679966, "mean_high_temp_fall_4": 54.04005351897463, "mean_high_heat_index_4": 59.79163559573217, "days_above_90_4": 0.022488727590442105, "days_below_40_4": 0.19933475534966974, "wind_speed_over_10mph_4": 0.2883143111963154, "snowfall_4": 0.0954955521281836, "rainfall_4": 0.8971069591382509, "hours_sunny_4": 4.394607434311404, "internet_no_access": 0.09692358563284939, "insurance_coverage_none": 0.11829258735362982, "insurance_coverage_govt": 0.20284159902396154,