{"population": 256684.0, "ad_1": 2463.203823172065, "population_change_2010": 0.18674205822657228, "ad_1_change_2010": 0.09311562747969752, "gpw_population": NaN, "gpw_pw_density_4": NaN, "white": 0.21030527808511634, "hispanic": 0.41089043337333064, "black": 0.12355269514266569, "asian": 0.22323557370151625, "citizenship_citizen_by_birth": 0.5992824095930507, "citizenship_citizen_by_naturalization": 0.11058131117615586, "citizenship_not_citizen": 0.29013627923079344, "birthplace_non_us": 0.4007175904069493, "birthplace_us_not_state": 0.1887766342492053, "birthplace_us_state": 0.4105057753438454, "language_english_only": 0.39911818021330736, "language_spanish": 0.3782912158176424, "education_high_school": 0.802731265933382, "education_ugrad": 0.3851360247034745, "education_grad": 0.151578078060107, "education_field_stem": 0.21654438606360188, "education_field_humanities": 0.07842515349906046, "education_field_business": 0.0901664851408122, "generation_silent": 0.02790104805967331, "generation_boomer": 0.14091366883832185, "generation_genx": 0.19887168350486262, "generation_millenial": 0.274332766814591, "generation_genz": 0.19925329682434773, "generation_genalpha": 0.15872753595820352, "poverty_below_line": 0.10773889636608344, "household_income_under_50k": 0.3311535443369082, "household_income_over_100k": 0.30941014909756737, "individual_income_under_50k": 0.6312311687039169, "individual_income_over_100k": 0.11979153908335988, "housing_per_pop": 0.5270982964710763, "vacancy": 0.06058459510246648, "rent_or_own_rent": 0.6319208300636499, "rent_burden_under_20": 0.3141950323627481, "rent_burden_over_40": 0.23006971809639284, "rent_1br_under_750": 0.032787549647402124, "rent_1br_over_1500": 0.12879954608089486, "rent_2br_under_750": 0.01695839963628097, "rent_2br_over_1500": 0.3910434189588543, "year_built_1969_or_earlier": 0.2532085234680574, "year_built_2010_or_later": 0.0991892112125163, "transportation_means_car": 0.8554366512924212, "transportation_means_bike": 0.002476541021970781, "transportation_means_walk": 0.010633222002590145, "transportation_means_transit": 0.010966456880164194, "transportation_means_worked_at_home": 0.11217140390339218, "transportation_commute_time_under_15": 0.22645613675913603, "transportation_commute_time_over_60": 0.049288565871634764, "vehicle_ownership_at_least_1": 0.9508784549655593, "GHLTH_cdc_2": 0.17791663834447338, "ARTHRITIS_cdc_2": 0.16071308988834762, "CASTHMA_cdc_2": 0.09540644235489595, "BPHIGH_cdc_2": 0.2668789635336027, "CANCER_cdc_2": 0.04178703598806691, "KIDNEY_cdc_2": 0.024157830142366225, "COPD_cdc_2": 0.052121156048991105, "CHD_cdc_2": 0.04046854977782813, "DIABETES_cdc_2": 0.09208881210427602, "OBESITY_cdc_2": 0.3216616567853681, "STROKE_cdc_2": 0.02350222801253729, "DISABILITY_cdc_2": 0.27086698009893884, "HEARING_cdc_2": 0.051389669322659016, "VISION_cdc_2": 0.05778487720755762, "COGNITION_cdc_2": 0.1486896831690646, "MOBILITY_cdc_2": 0.1105786412899815, "SELFCARE_cdc_2": 0.03783680752237453, "INDEPLIVE_cdc_2": 0.07944755359188349, "BINGE_cdc_2": 0.1928054831766172, "CSMOKING_cdc_2": 0.15504654280427477, "LPA_cdc_2": 0.2662377364903138, "SLEEP_cdc_2": 0.3384941845096484, "heating_utility_gas": 0.3204071845845322, "heating_electricity": 0.6642035051007062, "industry_agriculture,_forestry,_fishing_and_hunting": 0.0003486827951006358, "industry_mining,_quarrying,_and_oil_and_gas_extraction": 0.0029971882812905716, "industry_accommodation_and_food_services": 0.08516020861617443, "industry_arts,_entertainment,_and_recreation": 0.011884890164919544, "industry_construction": 0.0964664337168844, "industry_educational_services": 0.05214662482473126, "industry_health_care_and_social_assistance": 0.08165112431654463, "industry_finance_and_insurance": 0.07970740320343045, "industry_real_estate_and_rental_and_leasing": 0.024645196709027917, "industry_information": 0.025016135852751996, "industry_manufacturing": 0.08592434325224603, "industry_other_services,_except_public_administration": 0.03728680272714458, "industry_administrative_and_support_and_waste_management_services": 0.06331931183370056, "industry_management_of_companies_and_enterprises": 0.002284985125340337, "industry_professional,_scientific,_and_technical_services": 0.11819604875624105, "industry_public_administration": 0.015386555681674864, "industry_retail_trade": 0.09580616204105555, "industry_transportation_and_warehousing": 0.08503408930730824, "industry_utilities": 0.005460224195618467, "industry_wholesale_trade": 0.03127758859881448, "occupation_architecture_and_engineering_occupations": 0.019340766953773562, "occupation_computer_and_mathematical_occupations": 0.10560637421824576, "occupation_life,_physical,_and_social_science_occupations": 0.004940909394404754, "occupation_arts,_design,_entertainment,_sports,_and_media_occupations": 0.01554976890491346, "occupation_community_and_social_service_occupations": 0.00800486672156566, "occupation_educational_instruction,_and_library_occupations": 0.036819419406052246, "occupation_legal_occupations": 0.007678440275088469, "occupation_health_diagnosing_and_treating_practitioners_and_other_technical_occupations": 0.030098002121771904, "occupation_health_technologists_and_technicians": 0.011536207369818908, "occupation_business_and_financial_operations_occupations": 0.06611619297738013, "occupation_management_occupations": 0.0852121400962958, "occupation_construction_and_extraction_occupations": 0.07981868494654767, "occupation_farming,_fishing,_and_forestry_occupations": 9.644417736826096e-05, "occupation_installation,_maintenance,_and_repair_occupations": 0.02934870505144926, "occupation_material_moving_occupations": 0.05153086584614928, "occupation_transportation_occupations": 0.03940115584637184, "occupation_office_and_administrative_support_occupations": 0.11421216235264442, "occupation_sales_and_related_occupations": 0.08677750328281142, "occupation_building_and_grounds_cleaning_and_maintenance_occupations": 0.05042546719785152, "occupation_food_preparation_and_serving_related_occupations": 0.05336330521614624, "occupation_healthcare_support_occupations": 0.0170261066969353, "occupation_personal_care_and_service_occupations": 0.016143271534871988, "occupation_firefighting_and_prevention,_and_other_protective_service_workers_including_supervisors": 0.010178570103788772, "occupation_law_enforcement_workers_including_supervisors": 0.003412640122261542, "2020 Presidential Election-margin": 0.24783206905441005, "2016 Presidential Election-margin": 0.18764175247444811, "2016-2020 Swing-margin": 0.06019031657996193, "park_percent_1km_v2": 0.03201009935724684, "mean_dist_Hospital_updated": 3.1102370896614757, "mean_dist_Active Superfund Site_updated": 12.899297451544898, "mean_dist_Airport_updated": 8.336362418266106, "mean_dist_Public School_updated": 0.847944644831856, "mean_high_temp_4": 76.93811727894229, "mean_high_temp_winter_4": 61.15669297827629, "mean_high_temp_spring_4": 81.25187664728692, "mean_high_temp_summer_4": 93.20905100466187, "mean_high_temp_fall_4": 71.2994804761371, "mean_high_heat_index_4": 79.35643331072967, "days_above_90_4": 0.24306158362157756, "days_below_40_4": 0.013896656533286823, "wind_speed_over_10mph_4": 0.31057752351185075, "snowfall_4": 0.007644815518640803, "rainfall_4": 0.9734996834236445, "hours_sunny_4": 6.451274370108199, "internet_no_access": 0.09382901735112041, "insurance_coverage_none": 0.2465820165651146, "insurance_coverage_govt": 0.0652499503768353, "insurance_coverage_private": 0.6881680330580501, "marriage_divorced": 0.0933814595096848}