{"population": 312957.0, "ad_1": 865.9897151748255, "population_change_2010": 0.03858560382305114, "ad_1_change_2010": -0.020924415286840293, "population_change_2000": 0.09939086080431667, "ad_1_change_2000": -0.12337764237864723, "gpw_population": NaN, "gpw_pw_density_4": NaN, "white": 0.7589541055160932, "hispanic": 0.10518058391408404, "black": 0.07342861798905281, "asian": 0.011400927283939967, "homogeneity_250_2020": 0.665965413578798, "homogeneity_250_diff_2010": -0.06431041852744268, "homogeneity_250_diff_2000": -0.10310448393571214, "citizenship_citizen_by_birth": 0.972078813814093, "citizenship_citizen_by_naturalization": 0.01702099742064253, "citizenship_not_citizen": 0.01090018876526443, "birthplace_non_us": 0.02792118618590683, "birthplace_us_not_state": 0.19632973138124832, "birthplace_us_state": 0.7757490824328449, "language_english_only": 0.9330763387996328, "language_spanish": 0.04393540037900655, "education_high_school": 0.9127637645953334, "education_ugrad": 0.24921931713683096, "education_grad": 0.08991498421755614, "education_field_stem": 0.10193836202416942, "education_field_humanities": 0.08866682002674676, "education_field_business": 0.05861413508591387, "generation_silent": 0.07415942792887883, "generation_boomer": 0.25318840615311416, "generation_genx": 0.196327403589546, "generation_millenial": 0.17123953905134495, "generation_genz": 0.18863514073141352, "generation_genalpha": 0.11645008254570269, "poverty_below_line": 0.13218167149064233, "household_income_under_50k": 0.40666475105714234, "household_income_over_100k": 0.28216145868204157, "individual_income_under_50k": 0.6765440863404106, "individual_income_over_100k": 0.08536333376712123, "housing_per_pop": 0.5477228336439147, "vacancy": 0.06770992309582127, "rent_or_own_rent": 0.27538803930498074, "rent_burden_under_20": 0.2824760460557489, "rent_burden_over_40": 0.325492516700528, "rent_1br_under_750": 0.7430190014733093, "rent_1br_over_1500": 0.03394381102373057, "rent_2br_under_750": 0.3752349105024184, "rent_2br_over_1500": 0.0642882268459706, "year_built_1969_or_earlier": 0.48808823184284017, "year_built_2010_or_later": 0.06200148254108801, "transportation_means_car": 0.8989066652729597, "transportation_means_bike": 0.0028786606072036735, "transportation_means_walk": 0.018454651636967336, "transportation_means_transit": 0.005377113362423847, "transportation_means_worked_at_home": 0.06314142426749679, "transportation_commute_time_under_15": 0.2662180825865481, "transportation_commute_time_over_60": 0.048952159814937855, "vehicle_ownership_at_least_1": 0.9405833325062817, "traffic_fatalities_last_decade_per_capita": 7.892458069319426e-05, "traffic_fatalities_ped_last_decade_per_capita": 9.585981460711854e-06, "GHLTH_cdc_2": 0.1860396103952753, "ARTHRITIS_cdc_2": 0.31263233125997886, "CASTHMA_cdc_2": 0.10756193458897828, "BPHIGH_cdc_2": 0.3578091146219551, "CANCER_cdc_2": 0.07259052246813628, "KIDNEY_cdc_2": 0.031924709279501674, "COPD_cdc_2": 0.0866404661996529, "CHD_cdc_2": 0.06982998630364035, "DIABETES_cdc_2": 0.12133557389491306, "OBESITY_cdc_2": 0.37971032635720475, "STROKE_cdc_2": 0.03379969728428237, "DISABILITY_cdc_2": 0.30480365352572314, "HEARING_cdc_2": 0.06719771174833607, "VISION_cdc_2": 0.05286462413525377, "COGNITION_cdc_2": 0.13961520208673214, "MOBILITY_cdc_2": 0.15391949244955486, "SELFCARE_cdc_2": 0.04235466156033825, "INDEPLIVE_cdc_2": 0.08621701750865826, "BINGE_cdc_2": 0.1807009090195324, "CSMOKING_cdc_2": 0.2027944150258661, "LPA_cdc_2": 0.2894001736035391, "SLEEP_cdc_2": 0.3580857374660847, "heating_utility_gas": 0.7727246216998729, "heating_electricity": 0.17233683599587338, "industry_agriculture,_forestry,_fishing_and_hunting": 0.004562528253591601, "industry_mining,_quarrying,_and_oil_and_gas_extraction": 0.00042168821737740447, "industry_accommodation_and_food_services": 0.07625748944884342, "industry_arts,_entertainment,_and_recreation": 0.01730304275566625, "industry_construction": 0.054985378377375126, "industry_educational_services": 0.08607079325636474, "industry_health_care_and_social_assistance": 0.1591270247558068, "industry_finance_and_insurance": 0.041097318890306156, "industry_real_estate_and_rental_and_leasing": 0.013307374072975487, "industry_information": 0.01267829820770751, "industry_manufacturing": 0.15966045038309043, "industry_other_services,_except_public_administration": 0.03935526264802561, "industry_administrative_and_support_and_waste_management_services": 0.03550443802127905, "industry_management_of_companies_and_enterprises": 0.0014931910648117938, "industry_professional,_scientific,_and_technical_services": 0.05353766183985053, "industry_public_administration": 0.048680793881502954, "industry_retail_trade": 0.12178853011817609, "industry_transportation_and_warehousing": 0.04015716155320249, "industry_utilities": 0.007652604207160438, "industry_wholesale_trade": 0.026358970046885997, "occupation_architecture_and_engineering_occupations": 0.021720399655734555, "occupation_computer_and_mathematical_occupations": 0.026224708612668214, "occupation_life,_physical,_and_social_science_occupations": 0.005938199651265421, "occupation_arts,_design,_entertainment,_sports,_and_media_occupations": 0.013888059487068933, "occupation_community_and_social_service_occupations": 0.012712862815689296, "occupation_educational_instruction,_and_library_occupations": 0.05784533437846395, "occupation_legal_occupations": 0.00987165203958909, "occupation_health_diagnosing_and_treating_practitioners_and_other_technical_occupations": 0.046966389325607955, "occupation_health_technologists_and_technicians": 0.027421715204550567, "occupation_business_and_financial_operations_occupations": 0.04175404644195927, "occupation_management_occupations": 0.10124664970015533, "occupation_construction_and_extraction_occupations": 0.043413147625083616, "occupation_farming,_fishing,_and_forestry_occupations": 0.0026199972850169885, "occupation_installation,_maintenance,_and_repair_occupations": 0.03465447596250705, "occupation_material_moving_occupations": 0.044659060409780287, "occupation_transportation_occupations": 0.035159119239040644, "occupation_office_and_administrative_support_occupations": 0.11843625904936907, "occupation_sales_and_related_occupations": 0.09949702594112023, "occupation_building_and_grounds_cleaning_and_maintenance_occupations": 0.03036024246085637, "occupation_food_preparation_and_serving_related_occupations": 0.06481660420688272, "occupation_healthcare_support_occupations": 0.03074825870001345, "occupation_personal_care_and_service_occupations": 0.02384957950741056, "occupation_firefighting_and_prevention,_and_other_protective_service_workers_including_supervisors": 0.009560570567753302, "occupation_law_enforcement_workers_including_supervisors": 0.014662306705860254, "sors_cohabiting_partnered_gay": 0.006024496670479166, "2020 Presidential Election-margin": -0.02448212528039508, "2016 Presidential Election-margin": 0.0009303368548266331, "2016-2020 Swing-margin": -0.025412462135221713, "park_percent_1km_v2": 0.023671670134238453, "mean_dist_Hospital_updated": 5.116009797128943, "mean_dist_Active Superfund Site_updated": 53.73116828422605, "mean_dist_Airport_updated": 23.446428538015834, "mean_dist_Public School_updated": 1.5748301655601722, "lapop1share_usda_fra_1": 0.5975421854152357, "mean_high_temp_4": 58.24049056964397, "mean_high_temp_winter_4": 36.75998169012036, "mean_high_temp_spring_4": 63.437333762013594, "mean_high_temp_summer_4": 78.60963716742312, "mean_high_temp_fall_4": 53.14287857670484, "mean_high_heat_index_4": 57.52142533334978, "days_above_90_4": 0.005759494281710996, "days_below_40_4": 0.21484293959864598, "wind_speed_over_10mph_4": 0.41205404711804544, "snowfall_4": 0.13065599985049725, "rainfall_4": 0.980975811038392, "hours_sunny_4": 4.419335539233983, "internet_no_access": 0.11922811193540271, "insurance_coverage_none": 0.07248438722030909, "insurance_coverage_govt": 0.20156504259618133,