{"population": 989948.0, "ad_1": 1097.9672509667648, "population_change_2010": 0.10243986097391758, "ad_1_change_2010": -0.016029216804331347, "population_change_2000": 0.2633478434540468, "ad_1_change_2000": -0.0780216956693659, "gpw_population": NaN, "gpw_pw_density_4": NaN, "white": 0.5857388468889275, "hispanic": 0.1053489678245726, "black": 0.21512241047004488, "asian": 0.04282851220468146, "homogeneity_250_2020": 0.5383504749782698, "homogeneity_250_diff_2010": -0.07891510001569135, "homogeneity_250_diff_2000": -0.16109957879528414, "citizenship_citizen_by_birth": 0.9036156725994307, "citizenship_citizen_by_naturalization": 0.05094042929364955, "citizenship_not_citizen": 0.045443898106919886, "birthplace_non_us": 0.09638432740056982, "birthplace_us_not_state": 0.4620467424115879, "birthplace_us_state": 0.4415689301878423, "language_english_only": 0.8628384598634409, "language_spanish": 0.07160936465809602, "education_high_school": 0.9134472745304864, "education_ugrad": 0.3255098567400266, "education_grad": 0.1374494485744744, "education_field_stem": 0.14276969281823015, "education_field_humanities": 0.11182038362350953, "education_field_business": 0.0709197802982869, "generation_silent": 0.07375454734329255, "generation_boomer": 0.2579845848626933, "generation_genx": 0.18085390246585284, "generation_millenial": 0.1907613057240509, "generation_genz": 0.18388885946723232, "generation_genalpha": 0.11275680013687828, "poverty_below_line": 0.11435095363969512, "household_income_under_50k": 0.3407531415886241, "household_income_over_100k": 0.3456679008231481, "individual_income_under_50k": 0.6269938225435601, "individual_income_over_100k": 0.1148342059336829, "housing_per_pop": 0.5718116299935039, "vacancy": 0.1378451429451454, "rent_or_own_rent": 0.2851295077106341, "rent_burden_under_20": 0.2628357435491277, "rent_burden_over_40": 0.33362666588444795, "rent_1br_under_750": 0.24260179170381677, "rent_1br_over_1500": 0.07523457733622074, "rent_2br_under_750": 0.11286102196988394, "rent_2br_over_1500": 0.17148852135275244, "year_built_1969_or_earlier": 0.32558907581149527, "year_built_2010_or_later": 0.10818819871311004, "transportation_means_car": 0.8493595113703872, "transportation_means_bike": 0.0032530338076162215, "transportation_means_walk": 0.020580062710658324, "transportation_means_transit": 0.019970798853713462, "transportation_means_worked_at_home": 0.0983612978190527, "transportation_commute_time_under_15": 0.2510238508375435, "transportation_commute_time_over_60": 0.08181877417844571, "vehicle_ownership_at_least_1": 0.9412957855873962, "traffic_fatalities_last_decade_per_capita": 0.00012566316614610063, "traffic_fatalities_ped_last_decade_per_capita": 3.3133053453312695e-05, "GHLTH_cdc_2": 0.15193571464688452, "ARTHRITIS_cdc_2": 0.24377935408374599, "CASTHMA_cdc_2": 0.10377449418155268, "BPHIGH_cdc_2": 0.33272833233409677, "CANCER_cdc_2": 0.0672812314448963, "KIDNEY_cdc_2": 0.03020573104399774, "COPD_cdc_2": 0.06462338791814422, "CHD_cdc_2": 0.057051719529900784, "DIABETES_cdc_2": 0.10782991931464371, "OBESITY_cdc_2": 0.35928676456778824, "STROKE_cdc_2": 0.03151098317670593, "DISABILITY_cdc_2": 0.27295649636302227, "HEARING_cdc_2": 0.060576054435527125, "VISION_cdc_2": 0.047484477639971434, "COGNITION_cdc_2": 0.1256983451195111, "MOBILITY_cdc_2": 0.13134420936296842, "SELFCARE_cdc_2": 0.03700397864763538, "INDEPLIVE_cdc_2": 0.07435397973114449, "BINGE_cdc_2": 0.149405202291261, "CSMOKING_cdc_2": 0.15344536005027365, "LPA_cdc_2": 0.2658755841923165, "SLEEP_cdc_2": 0.3377800518639984, "heating_utility_gas": 0.4274659732299132, "heating_electricity": 0.35762548642471587, "industry_agriculture,_forestry,_fishing_and_hunting": 0.01037986293671967, "industry_mining,_quarrying,_and_oil_and_gas_extraction": 0.0004198451094503909, "industry_accommodation_and_food_services": 0.06540971500052775, "industry_arts,_entertainment,_and_recreation": 0.01992434175822516, "industry_construction": 0.06976103277590857, "industry_educational_services": 0.09750310577728426, "industry_health_care_and_social_assistance": 0.1508341999366996, "industry_finance_and_insurance": 0.07698452171029843, "industry_real_estate_and_rental_and_leasing": 0.01721795559115273, "industry_information": 0.012177661225904685, "industry_manufacturing": 0.07707494988771822, "industry_other_services,_except_public_administration": 0.04082616905332464, "industry_administrative_and_support_and_waste_management_services": 0.04196082737476251, "industry_management_of_companies_and_enterprises": 0.0014597691497813588, "industry_professional,_scientific,_and_technical_services": 0.063101643424472, "industry_public_administration": 0.05856946929425103, "industry_retail_trade": 0.11819393399173639, "industry_transportation_and_warehousing": 0.049901282572982895, "industry_utilities": 0.008437810174031191, "industry_wholesale_trade": 0.019861903254768398, "occupation_architecture_and_engineering_occupations": 0.017603351871109667, "occupation_computer_and_mathematical_occupations": 0.03194052409587965, "occupation_life,_physical,_and_social_science_occupations": 0.014442671765093472, "occupation_arts,_design,_entertainment,_sports,_and_media_occupations": 0.014817302785833758, "occupation_community_and_social_service_occupations": 0.02261135045870768, "occupation_educational_instruction,_and_library_occupations": 0.06466045295904665, "occupation_legal_occupations": 0.014233825736289923, "occupation_health_diagnosing_and_treating_practitioners_and_other_technical_occupations": 0.045218394813728816, "occupation_health_technologists_and_technicians": 0.02167046680317011, "occupation_business_and_financial_operations_occupations": 0.05952973041637882, "occupation_management_occupations": 0.10602703802504858, "occupation_construction_and_extraction_occupations": 0.049171397998092455, "occupation_farming,_fishing,_and_forestry_occupations": 0.004891733788057885, "occupation_installation,_maintenance,_and_repair_occupations": 0.033337854742204125, "occupation_material_moving_occupations": 0.03358760875603124, "occupation_transportation_occupations": 0.041349360651254996, "occupation_office_and_administrative_support_occupations": 0.11693655171522901, "occupation_sales_and_related_occupations": 0.09454265949269791, "occupation_building_and_grounds_cleaning_and_maintenance_occupations": 0.038160690871275466, "occupation_food_preparation_and_serving_related_occupations": 0.048921643984265475, "occupation_healthcare_support_occupations": 0.031785504363159515, "occupation_personal_care_and_service_occupations": 0.026609567731781487, "occupation_firefighting_and_prevention,_and_other_protective_service_workers_including_supervisors": 0.014197223854953225, "occupation_law_enforcement_workers_including_supervisors": 0.012253018040421355, "sors_cohabiting_partnered_gay": 0.009198567663246062, "2020 Presidential Election-margin": 0.18980774190988117, "2016 Presidential Election-margin": 0.11430512466314792, "2016-2020 Swing-margin": 0.07550261724673325, "park_percent_1km_v2": 0.025586121344788795, "mean_dist_Hospital_updated": 7.301582685970063, "mean_dist_Active Superfund Site_updated": 10.11627656956283, "mean_dist_Airport_updated": 28.080678931135218, "mean_dist_Public School_updated": 1.9115412897836124, "lapop1share_usda_fra_1": 0.5431728486344722, "mean_high_temp_4": 64.409032064139, "mean_high_temp_winter_4": 45.327191384635896, "mean_high_temp_spring_4": 69.18127675998655, "mean_high_temp_summer_4": 82.80595121073921, "mean_high_temp_fall_4": 59.39710631657777, "mean_high_heat_index_4": 64.58860062937367, "days_above_90_4": 0.03354972369702613, "days_below_40_4": 0.09201470932508642, "wind_speed_over_10mph_4": 0.21402440648876625, "snowfall_4": 0.05839500853316246, "rainfall_4": 1.0690039213106068, "hours_sunny_4": 5.099151268474764, "internet_no_access": 0.08185317648787493, "insurance_coverage_none": 0.07805606269648796, "insurance_coverage_govt": 0.19787372495893424,