{"population": 766987.0, "ad_1": 1336.5457903270408, "population_change_2010": 0.24570735288385329, "ad_1_change_2010": 0.1363282774173466, "gpw_population": NaN, "gpw_pw_density_4": NaN, "white": 0.5489871405903881, "hispanic": 0.24602372660814328, "black": 0.1135012718598881, "asian": 0.04194334454169367, "citizenship_citizen_by_birth": 0.8943631315586753, "citizenship_citizen_by_naturalization": 0.04495033317562421, "citizenship_not_citizen": 0.060686535265700566, "birthplace_non_us": 0.10563686844132476, "birthplace_us_not_state": 0.2897843305475756, "birthplace_us_state": 0.6045788010110996, "language_english_only": 0.7969203435699022, "language_spanish": 0.15415440888809662, "education_high_school": 0.8969996484320567, "education_ugrad": 0.31659348198537957, "education_grad": 0.10651206364837391, "education_field_stem": 0.12989991660241368, "education_field_humanities": 0.10913431205363594, "education_field_business": 0.07755925332932997, "generation_silent": 0.04818192506468456, "generation_boomer": 0.1968657466266993, "generation_genx": 0.18675044570259935, "generation_millenial": 0.22673387280079446, "generation_genz": 0.20405856848079382, "generation_genalpha": 0.1374094413244286, "poverty_below_line": 0.09887656917211592, "household_income_under_50k": 0.3169452733368186, "household_income_over_100k": 0.36464199828082505, "individual_income_under_50k": 0.6073983079577837, "individual_income_over_100k": 0.12512804519331708, "housing_per_pop": 0.5295311436717747, "vacancy": 0.06773617378460417, "rent_or_own_rent": 0.3724538265750085, "rent_burden_under_20": 0.2413401638865972, "rent_burden_over_40": 0.33136439809969864, "rent_1br_under_750": 0.14593997966304123, "rent_1br_over_1500": 0.10911499781405207, "rent_2br_under_750": 0.07159787579345409, "rent_2br_over_1500": 0.26413421890412875, "year_built_1969_or_earlier": 0.24574506947850575, "year_built_2010_or_later": 0.1560431014665812, "transportation_means_car": 0.8802914563470834, "transportation_means_bike": 0.002825004604797886, "transportation_means_walk": 0.012006553074228831, "transportation_means_transit": 0.004506411952089658, "transportation_means_worked_at_home": 0.09260074032641062, "transportation_commute_time_under_15": 0.21647431596473007, "transportation_commute_time_over_60": 0.08651911073737314, "vehicle_ownership_at_least_1": 0.9575090734902523, "GHLTH_cdc_2": 0.1702879687783706, "ARTHRITIS_cdc_2": 0.21106439461059373, "CASTHMA_cdc_2": 0.09763298615896518, "BPHIGH_cdc_2": 0.3064396863836331, "CANCER_cdc_2": 0.05876443551897865, "KIDNEY_cdc_2": 0.02710462045988025, "COPD_cdc_2": 0.06472099825209628, "CHD_cdc_2": 0.049324880392195465, "DIABETES_cdc_2": 0.09771685709847984, "OBESITY_cdc_2": 0.34659489104587643, "STROKE_cdc_2": 0.02697842574909378, "DISABILITY_cdc_2": 0.2970379572933962, "HEARING_cdc_2": 0.0607151157576036, "VISION_cdc_2": 0.04784999967185788, "COGNITION_cdc_2": 0.13716535737958827, "MOBILITY_cdc_2": 0.12707708058514303, "SELFCARE_cdc_2": 0.036128388887795085, "INDEPLIVE_cdc_2": 0.07763017288714755, "BINGE_cdc_2": 0.18063072854114573, "CSMOKING_cdc_2": 0.15542668976787227, "LPA_cdc_2": 0.2395585088346798, "SLEEP_cdc_2": 0.3330593302837992, "heating_utility_gas": 0.2536894181564726, "heating_electricity": 0.7102398591039136, "industry_agriculture,_forestry,_fishing_and_hunting": 0.003307790858644462, "industry_mining,_quarrying,_and_oil_and_gas_extraction": 0.011863417496634828, "industry_accommodation_and_food_services": 0.06592491855384898, "industry_arts,_entertainment,_and_recreation": 0.01565178517054633, "industry_construction": 0.07950480984603724, "industry_educational_services": 0.09366127497939085, "industry_health_care_and_social_assistance": 0.1159296432468334, "industry_finance_and_insurance": 0.05616965927206273, "industry_real_estate_and_rental_and_leasing": 0.020442391056235455, "industry_information": 0.013638066837329413, "industry_manufacturing": 0.1058633254509384, "industry_other_services,_except_public_administration": 0.05021342949903397, "industry_administrative_and_support_and_waste_management_services": 0.04473968052772917, "industry_management_of_companies_and_enterprises": 0.002328568570563424, "industry_professional,_scientific,_and_technical_services": 0.06108687384726919, "industry_public_administration": 0.03261869547234178, "industry_retail_trade": 0.11359955876870272, "industry_transportation_and_warehousing": 0.07867616352954264, "industry_utilities": 0.008714092378063013, "industry_wholesale_trade": 0.02606585463825203, "occupation_architecture_and_engineering_occupations": 0.02622577537930293, "occupation_computer_and_mathematical_occupations": 0.032115445090793275, "occupation_life,_physical,_and_social_science_occupations": 0.005992374276510189, "occupation_arts,_design,_entertainment,_sports,_and_media_occupations": 0.016117726845788924, "occupation_community_and_social_service_occupations": 0.015644382861301168, "occupation_educational_instruction,_and_library_occupations": 0.0663835569577832, "occupation_legal_occupations": 0.011169845431397693, "occupation_health_diagnosing_and_treating_practitioners_and_other_technical_occupations": 0.03640314602343936, "occupation_health_technologists_and_technicians": 0.018600176201248462, "occupation_business_and_financial_operations_occupations": 0.05807288056234661, "occupation_management_occupations": 0.11718522761230328, "occupation_construction_and_extraction_occupations": 0.052143715736330185, "occupation_farming,_fishing,_and_forestry_occupations": 0.0011880160651905763, "occupation_installation,_maintenance,_and_repair_occupations": 0.03738623765750113, "occupation_material_moving_occupations": 0.040947906162662105, "occupation_transportation_occupations": 0.0458399939462076, "occupation_office_and_administrative_support_occupations": 0.12192882768815805, "occupation_sales_and_related_occupations": 0.10319116458418102, "occupation_building_and_grounds_cleaning_and_maintenance_occupations": 0.027927715244821225, "occupation_food_preparation_and_serving_related_occupations": 0.04575556112439133, "occupation_healthcare_support_occupations": 0.023200305792667467, "occupation_personal_care_and_service_occupations": 0.026740270045853793, "occupation_firefighting_and_prevention,_and_other_protective_service_workers_including_supervisors": 0.010469658147516438, "occupation_law_enforcement_workers_including_supervisors": 0.009458610406205933, "2020 Presidential Election-margin": -0.18100967754479644, "2016 Presidential Election-margin": -0.2564369986088334, "2016-2020 Swing-margin": 0.07542732106403696, "park_percent_1km_v2": 0.02347473851777494, "mean_dist_Hospital_updated": 5.777725175974104, "mean_dist_Active Superfund Site_updated": 12.160659153679521, "mean_dist_Airport_updated": 41.02859906173088, "mean_dist_Public School_updated": 1.2416856562532648, "mean_high_temp_4": 76.98373019189575, "mean_high_temp_winter_4": 61.3416179687563, "mean_high_temp_spring_4": 81.40663508744818, "mean_high_temp_summer_4": 93.16491705791931, "mean_high_temp_fall_4": 71.18312581610887, "mean_high_heat_index_4": 79.05419284282831, "days_above_90_4": 0.24372569778741524, "days_below_40_4": 0.0152007137576838, "wind_speed_over_10mph_4": 0.2921080369777383, "snowfall_4": 0.009032928849043288, "rainfall_4": 0.9083618813287785, "hours_sunny_4": 6.574671125159857, "internet_no_access": 0.06272761914837405, "insurance_coverage_none": 0.19327833141812428, "insurance_coverage_govt": 0.08345407437705571, "insurance_coverage_private": 0.72326759420482, "marriage_divorced": 0.11589662395780119}