{"population": 433180.0, "ad_1": 1475.7360529374287, "population_change_2010": 0.2490988886774281, "ad_1_change_2010": 0.11515675080650409, "gpw_population": NaN, "gpw_pw_density_4": NaN, "white": 0.8007594995152131, "hispanic": 0.0907982824691814, "black": 0.01659818089477815, "asian": 0.030049863797959278, "citizenship_citizen_by_birth": 0.9429769504745434, "citizenship_citizen_by_naturalization": 0.031334763549876916, "citizenship_not_citizen": 0.02568828597557965, "birthplace_non_us": 0.057023049525456566, "birthplace_us_not_state": 0.5205950649998058, "birthplace_us_state": 0.42238188547473765, "language_english_only": 0.9122346239577189, "language_spanish": 0.041537323064390216, "education_high_school": 0.9549478093538379, "education_ugrad": 0.4058638215391641, "education_grad": 0.14158166339411557, "education_field_stem": 0.18793005617361042, "education_field_humanities": 0.1349223854934496, "education_field_business": 0.08301137987210408, "generation_silent": 0.056088087147907875, "generation_boomer": 0.21475106991170784, "generation_genx": 0.1952687559748281, "generation_millenial": 0.21713517162789572, "generation_genz": 0.20307826007009816, "generation_genalpha": 0.11367865526756236, "poverty_below_line": 0.09514720511715262, "household_income_under_50k": 0.3163570335454923, "household_income_over_100k": 0.34992654967732506, "individual_income_under_50k": 0.6318846545881327, "individual_income_over_100k": 0.12669305076831314, "housing_per_pop": 0.5326016067129706, "vacancy": 0.04908809787147597, "rent_or_own_rent": 0.3057055604070538, "rent_burden_under_20": 0.29069918406250705, "rent_burden_over_40": 0.2942464382400573, "rent_1br_under_750": 0.23766585099110868, "rent_1br_over_1500": 0.06083374597554539, "rent_2br_under_750": 0.09743593229855506, "rent_2br_over_1500": 0.1143031638086045, "year_built_1969_or_earlier": 0.16200418373703404, "year_built_2010_or_later": 0.15097889665031194, "transportation_means_car": 0.8267905126565835, "transportation_means_bike": 0.018946641437472763, "transportation_means_walk": 0.020494056230962593, "transportation_means_transit": 0.0030827522590709307, "transportation_means_worked_at_home": 0.12186029215586748, "transportation_commute_time_under_15": 0.2954471540007339, "transportation_commute_time_over_60": 0.026800797246608537, "vehicle_ownership_at_least_1": 0.9626246692479357, "GHLTH_cdc_2": 0.1187537032779027, "ARTHRITIS_cdc_2": 0.21030567387771487, "CASTHMA_cdc_2": 0.09805196085690791, "BPHIGH_cdc_2": 0.26026101240466565, "CANCER_cdc_2": 0.061612797499581054, "KIDNEY_cdc_2": 0.02544671605669591, "COPD_cdc_2": 0.049983292867804376, "CHD_cdc_2": 0.04839427584889925, "DIABETES_cdc_2": 0.07886862278202786, "OBESITY_cdc_2": 0.2899635888182636, "STROKE_cdc_2": 0.024189651476829426, "DISABILITY_cdc_2": 0.2705832063508147, "HEARING_cdc_2": 0.06622534558081349, "VISION_cdc_2": 0.039599410749151395, "COGNITION_cdc_2": 0.13243563252882926, "MOBILITY_cdc_2": 0.10354357611351653, "SELFCARE_cdc_2": 0.02849281947957303, "INDEPLIVE_cdc_2": 0.06384458508867992, "BINGE_cdc_2": 0.16635001188634316, "CSMOKING_cdc_2": 0.12991081735172275, "LPA_cdc_2": 0.17472383153349413, "SLEEP_cdc_2": 0.28236789596137135, "heating_utility_gas": 0.7046244528866126, "heating_electricity": 0.2613538322149785, "industry_agriculture,_forestry,_fishing_and_hunting": 0.009753560222927837, "industry_mining,_quarrying,_and_oil_and_gas_extraction": 0.0020020693251846904, "industry_accommodation_and_food_services": 0.06764779179003168, "industry_arts,_entertainment,_and_recreation": 0.02060199251050134, "industry_construction": 0.07561219049158063, "industry_educational_services": 0.08312657129626201, "industry_health_care_and_social_assistance": 0.1445840438923064, "industry_finance_and_insurance": 0.0465979051279042, "industry_real_estate_and_rental_and_leasing": 0.024823914640183485, "industry_information": 0.023096028458536793, "industry_manufacturing": 0.09007583490322742, "industry_other_services,_except_public_administration": 0.039811764616629684, "industry_administrative_and_support_and_waste_management_services": 0.03826842663907027, "industry_management_of_companies_and_enterprises": 0.0013046250471312982, "industry_professional,_scientific,_and_technical_services": 0.08929075663827782, "industry_public_administration": 0.05379764291348735, "industry_retail_trade": 0.11371102821914927, "industry_transportation_and_warehousing": 0.033912955500914915, "industry_utilities": 0.011204387355411844, "industry_wholesale_trade": 0.03077651041128106, "occupation_architecture_and_engineering_occupations": 0.03259869836967455, "occupation_computer_and_mathematical_occupations": 0.043887916868674666, "occupation_life,_physical,_and_social_science_occupations": 0.009926187540470467, "occupation_arts,_design,_entertainment,_sports,_and_media_occupations": 0.022936574193978085, "occupation_community_and_social_service_occupations": 0.020052680006215167, "occupation_educational_instruction,_and_library_occupations": 0.06187841568569878, "occupation_legal_occupations": 0.012526400579741005, "occupation_health_diagnosing_and_treating_practitioners_and_other_technical_occupations": 0.05035630201479733, "occupation_health_technologists_and_technicians": 0.01800683850062848, "occupation_business_and_financial_operations_occupations": 0.06637816741170238, "occupation_management_occupations": 0.12355911257397988, "occupation_construction_and_extraction_occupations": 0.05024279865789874, "occupation_farming,_fishing,_and_forestry_occupations": 0.006193400861995317, "occupation_installation,_maintenance,_and_repair_occupations": 0.02523535163868091, "occupation_material_moving_occupations": 0.022930998157016057, "occupation_transportation_occupations": 0.02950928282209107, "occupation_office_and_administrative_support_occupations": 0.11951190378425819, "occupation_sales_and_related_occupations": 0.10558998010304115, "occupation_building_and_grounds_cleaning_and_maintenance_occupations": 0.024910034022888126, "occupation_food_preparation_and_serving_related_occupations": 0.05554967145633192, "occupation_healthcare_support_occupations": 0.02767436305706325, "occupation_personal_care_and_service_occupations": 0.02377086046450753, "occupation_firefighting_and_prevention,_and_other_protective_service_workers_including_supervisors": 0.008169615763315163, "occupation_law_enforcement_workers_including_supervisors": 0.005442295842605079, "2020 Presidential Election-margin": 0.010517672955961113, "2016 Presidential Election-margin": -0.056701292572804256, "2016-2020 Swing-margin": 0.06721896552876537, "park_percent_1km_v2": 0.023222994601886704, "mean_dist_Hospital_updated": 3.771386739490632, "mean_dist_Active Superfund Site_updated": 72.68316121632972, "mean_dist_Airport_updated": 10.704240171297213, "mean_dist_Public School_updated": 0.7849456104618415, "mean_high_temp_4": 65.10867961196699, "mean_high_temp_winter_4": 44.570869435900136, "mean_high_temp_spring_4": 69.85293536220742, "mean_high_temp_summer_4": 89.34114761053227, "mean_high_temp_fall_4": 55.43733937224897, "mean_high_heat_index_4": 62.57495113504754, "days_above_90_4": 0.15297396010852143, "days_below_40_4": 0.1202321852997285, "wind_speed_over_10mph_4": 0.0640159902469617, "snowfall_4": 0.07497991730834852, "rainfall_4": 0.29066600208930815, "hours_sunny_4": 6.620599339742726, "internet_no_access": 0.0651931468225818, "insurance_coverage_none": 0.1023465275080467, "insurance_coverage_govt": 0.10274600158474528, "insurance_coverage_private": 0.794907470907208, "marriage_divorced": 0.11941851543790856}