{"population": 277915.0, "ad_1": 953.1991976621798, "population_change_2010": 0.13065500406834826, "ad_1_change_2010": 0.10048395944488228, "gpw_population": NaN, "gpw_pw_density_4": NaN, "white": 0.5874458017739237, "hispanic": 0.21261896623068205, "black": 0.1322382742924995, "asian": 0.02209308601550834, "citizenship_citizen_by_birth": 0.9003443441598388, "citizenship_citizen_by_naturalization": 0.05226763989639202, "citizenship_not_citizen": 0.04738801594376922, "birthplace_non_us": 0.09965565584016124, "birthplace_us_not_state": 0.43030979866598545, "birthplace_us_state": 0.47003454549385326, "language_english_only": 0.8164921104439945, "language_spanish": 0.14896331751848998, "education_high_school": 0.8868094722044664, "education_ugrad": 0.22549030329090974, "education_grad": 0.07883965129748956, "education_field_stem": 0.09289311280359004, "education_field_humanities": 0.07766853248674037, "education_field_business": 0.05492865800057933, "generation_silent": 0.07935676033957187, "generation_boomer": 0.22519720183974423, "generation_genx": 0.18633750112956707, "generation_millenial": 0.18913769358149557, "generation_genz": 0.19893705635161302, "generation_genalpha": 0.12103378675800831, "poverty_below_line": 0.1348393869383261, "household_income_under_50k": 0.42385234664387184, "household_income_over_100k": 0.24478623595017118, "individual_income_under_50k": 0.7276442747311366, "individual_income_over_100k": 0.06683262961093994, "housing_per_pop": 0.5378218846923635, "vacancy": 0.08891830104680544, "rent_or_own_rent": 0.3472608540862365, "rent_burden_under_20": 0.2234789297280021, "rent_burden_over_40": 0.3285464748173925, "rent_1br_under_750": 0.30630564585182285, "rent_1br_over_1500": 0.04599682958225279, "rent_2br_under_750": 0.15344428274946173, "rent_2br_over_1500": 0.11586436313880412, "year_built_1969_or_earlier": 0.20102137113175572, "year_built_2010_or_later": 0.0700493438341468, "transportation_means_car": 0.8950734961894986, "transportation_means_bike": 0.004061650090057364, "transportation_means_walk": 0.01107339100068147, "transportation_means_transit": 0.002632351455573234, "transportation_means_worked_at_home": 0.07450773324986554, "transportation_commute_time_under_15": 0.21573381841237338, "transportation_commute_time_over_60": 0.07425021667873977, "vehicle_ownership_at_least_1": 0.9446485873904283, "GHLTH_cdc_2": 0.17895230729346656, "ARTHRITIS_cdc_2": 0.2682640394241174, "CASTHMA_cdc_2": 0.10427776663481221, "BPHIGH_cdc_2": 0.3395216390932594, "CANCER_cdc_2": 0.0695706763656685, "KIDNEY_cdc_2": 0.03160970520185274, "COPD_cdc_2": 0.07570033914847692, "CHD_cdc_2": 0.06344030106626503, "DIABETES_cdc_2": 0.11329064190900305, "OBESITY_cdc_2": 0.35925843432693344, "STROKE_cdc_2": 0.033198565310702983, "DISABILITY_cdc_2": 0.308298693888963, "HEARING_cdc_2": 0.07226797181784209, "VISION_cdc_2": 0.05478410305238334, "COGNITION_cdc_2": 0.14369272355477816, "MOBILITY_cdc_2": 0.14800279890634693, "SELFCARE_cdc_2": 0.042378652452575084, "INDEPLIVE_cdc_2": 0.0850159777537789, "BINGE_cdc_2": 0.16555453666054534, "CSMOKING_cdc_2": 0.17630184278568375, "LPA_cdc_2": 0.2610754203780086, "SLEEP_cdc_2": 0.3337047319050624, "heating_utility_gas": 0.02306674365930657, "heating_electricity": 0.9577805124503794, "industry_agriculture,_forestry,_fishing_and_hunting": 0.0074352257161097056, "industry_mining,_quarrying,_and_oil_and_gas_extraction": 0.0014230617217852147, "industry_accommodation_and_food_services": 0.07280342388420306, "industry_arts,_entertainment,_and_recreation": 0.020727305320171637, "industry_construction": 0.08130164064636039, "industry_educational_services": 0.07468770269883, "industry_health_care_and_social_assistance": 0.13521143208510167, "industry_finance_and_insurance": 0.05138756022436034, "industry_real_estate_and_rental_and_leasing": 0.018915277654359314, "industry_information": 0.012012933538824901, "industry_manufacturing": 0.06526308616352933, "industry_other_services,_except_public_administration": 0.05148538087119083, "industry_administrative_and_support_and_waste_management_services": 0.05678345756187888, "industry_management_of_companies_and_enterprises": 0.0012835001474735732, "industry_professional,_scientific,_and_technical_services": 0.054024337113033186, "industry_public_administration": 0.03718009444513409, "industry_retail_trade": 0.16061647026297457, "industry_transportation_and_warehousing": 0.05476808912486103, "industry_utilities": 0.009877874180553197, "industry_wholesale_trade": 0.03281214663926502, "occupation_architecture_and_engineering_occupations": 0.013392459622594487, "occupation_computer_and_mathematical_occupations": 0.02502047318705601, "occupation_life,_physical,_and_social_science_occupations": 0.006180883923783854, "occupation_arts,_design,_entertainment,_sports,_and_media_occupations": 0.013447063238504996, "occupation_community_and_social_service_occupations": 0.017183401336770338, "occupation_educational_instruction,_and_library_occupations": 0.05354714420975249, "occupation_legal_occupations": 0.006761938990331994, "occupation_health_diagnosing_and_treating_practitioners_and_other_technical_occupations": 0.034299878482920994, "occupation_health_technologists_and_technicians": 0.027918592582560325, "occupation_business_and_financial_operations_occupations": 0.05094662983627127, "occupation_management_occupations": 0.08463226181537441, "occupation_construction_and_extraction_occupations": 0.056212892219689364, "occupation_farming,_fishing,_and_forestry_occupations": 0.0058006757888839355, "occupation_installation,_maintenance,_and_repair_occupations": 0.03776203284700961, "occupation_material_moving_occupations": 0.05674356829972529, "occupation_transportation_occupations": 0.04675361324267773, "occupation_office_and_administrative_support_occupations": 0.13855900408688387, "occupation_sales_and_related_occupations": 0.10682322687079084, "occupation_building_and_grounds_cleaning_and_maintenance_occupations": 0.03497716681462853, "occupation_food_preparation_and_serving_related_occupations": 0.053656488899311336, "occupation_healthcare_support_occupations": 0.028046271950221354, "occupation_personal_care_and_service_occupations": 0.028630166813424843, "occupation_firefighting_and_prevention,_and_other_protective_service_workers_including_supervisors": 0.013324930951086996, "occupation_law_enforcement_workers_including_supervisors": 0.009476701178580961, "2020 Presidential Election-margin": -0.1979730725236867, "2016 Presidential Election-margin": -0.1913399862308539, "2016-2020 Swing-margin": -0.006633086292832796, "park_percent_1km_v2": 0.005695468835823525, "mean_dist_Hospital_updated": 7.653397480893139, "mean_dist_Active Superfund Site_updated": 8.189174838963527, "mean_dist_Airport_updated": 56.92963924082078, "mean_dist_Public School_updated": 1.262292869989723, "mean_high_temp_4": 82.25216341215477, "mean_high_temp_winter_4": 73.56411081803131, "mean_high_temp_spring_4": 85.73024016233184, "mean_high_temp_summer_4": 89.30374471131191, "mean_high_temp_fall_4": 80.01798554251131, "mean_high_heat_index_4": 86.81218948549825, "days_above_90_4": 0.18772241407800583, "days_below_40_4": 0.0, "wind_speed_over_10mph_4": 0.08487490164053595, "snowfall_4": 5.820409455048554e-06, "rainfall_4": 1.0693442794850365, "hours_sunny_4": 5.477794780373548, "internet_no_access": 0.12854704971696418, "insurance_coverage_none": 0.17646338985038101, "insurance_coverage_govt": 0.184281682862178, "insurance_coverage_private": 0.639254927287441, "marriage_divorced": 0.12134936403260642}