{"population": 794611.0, "ad_1": 1660.459857720275, "population_change_2010": 0.09111194109779776, "ad_1_change_2010": 0.07903858235098307, "gpw_population": NaN, "gpw_pw_density_4": NaN, "white": 0.6989017267568659, "hispanic": 0.16351271250964308, "black": 0.03152234237884952, "asian": 0.0451038306794142, "citizenship_citizen_by_birth": 0.8730478432509209, "citizenship_citizen_by_naturalization": 0.06475868293837948, "citizenship_not_citizen": 0.062193473810699604, "birthplace_non_us": 0.1269521567490791, "birthplace_us_not_state": 0.5603421091529197, "birthplace_us_state": 0.3127057340980012, "language_english_only": 0.82569298558635, "language_spanish": 0.10103549108479623, "education_high_school": 0.9431161461248997, "education_ugrad": 0.48721029041057656, "education_grad": 0.19689567683176148, "education_field_stem": 0.2075241429228937, "education_field_humanities": 0.15333292459179293, "education_field_business": 0.12635322289588993, "generation_silent": 0.08509651437175193, "generation_boomer": 0.26225924000527534, "generation_genx": 0.1886459303820787, "generation_millenial": 0.21021808224216684, "generation_genz": 0.15375517088416812, "generation_genalpha": 0.10002506211455915, "poverty_below_line": 0.09086126134731605, "household_income_under_50k": 0.2991935141802153, "household_income_over_100k": 0.422173213097985, "individual_income_under_50k": 0.5468501683096807, "individual_income_over_100k": 0.19966530483160166, "housing_per_pop": 0.6118226479829313, "vacancy": 0.11911210491935079, "rent_or_own_rent": 0.36022193149528775, "rent_burden_under_20": 0.2873922786950755, "rent_burden_over_40": 0.3073767498583646, "rent_1br_under_750": 0.1188178853723428, "rent_1br_over_1500": 0.1640117408707849, "rent_2br_under_750": 0.05008604494636026, "rent_2br_over_1500": 0.36964084581128126, "year_built_1969_or_earlier": 0.17745956433504398, "year_built_2010_or_later": 0.06791550819125122, "transportation_means_car": 0.7727803701121662, "transportation_means_bike": 0.006901259037971425, "transportation_means_walk": 0.015458110892502756, "transportation_means_transit": 0.012656897902687543, "transportation_means_worked_at_home": 0.17998857504704371, "transportation_commute_time_under_15": 0.2454555084665531, "transportation_commute_time_over_60": 0.03589242480258023, "vehicle_ownership_at_least_1": 0.9509292364167296, "GHLTH_cdc_2": 0.12452712580172148, "ARTHRITIS_cdc_2": 0.23337900411318613, "CASTHMA_cdc_2": 0.0975543010496891, "BPHIGH_cdc_2": 0.2840030891730727, "CANCER_cdc_2": 0.07530649403316268, "KIDNEY_cdc_2": 0.029975153216958404, "COPD_cdc_2": 0.05343940448039615, "CHD_cdc_2": 0.0533018196795126, "DIABETES_cdc_2": 0.08650204111969727, "OBESITY_cdc_2": 0.2866534498723389, "STROKE_cdc_2": 0.026533118133017564, "DISABILITY_cdc_2": 0.2507039817066948, "HEARING_cdc_2": 0.06073565439020826, "VISION_cdc_2": 0.037496784529222865, "COGNITION_cdc_2": 0.11486108902094326, "MOBILITY_cdc_2": 0.10937303770897869, "SELFCARE_cdc_2": 0.02901859924025623, "INDEPLIVE_cdc_2": 0.05927785251115174, "BINGE_cdc_2": 0.17421513173146091, "CSMOKING_cdc_2": 0.12264018646482357, "LPA_cdc_2": 0.18386224745794508, "SLEEP_cdc_2": 0.2969625988387071, "heating_utility_gas": 0.26949383581199426, "heating_electricity": 0.7045640977890993, "industry_agriculture,_forestry,_fishing_and_hunting": 0.002390893753964099, "industry_mining,_quarrying,_and_oil_and_gas_extraction": 0.0012375886472199972, "industry_accommodation_and_food_services": 0.07643287159570301, "industry_arts,_entertainment,_and_recreation": 0.027923591232079766, "industry_construction": 0.05386687263282325, "industry_educational_services": 0.07804521996002867, "industry_health_care_and_social_assistance": 0.12980938544052173, "industry_finance_and_insurance": 0.09497581754918714, "industry_real_estate_and_rental_and_leasing": 0.036582414135155006, "industry_information": 0.02010517504720373, "industry_manufacturing": 0.057180687081370675, "industry_other_services,_except_public_administration": 0.04553882060483979, "industry_administrative_and_support_and_waste_management_services": 0.055347500170429664, "industry_management_of_companies_and_enterprises": 0.00231111025439259, "industry_professional,_scientific,_and_technical_services": 0.11728880997083191, "industry_public_administration": 0.028704326356776673, "industry_retail_trade": 0.10529677406576073, "industry_transportation_and_warehousing": 0.0361276623756015, "industry_utilities": 0.005511194856078308, "industry_wholesale_trade": 0.025323284270031766, "occupation_architecture_and_engineering_occupations": 0.02150408899728046, "occupation_computer_and_mathematical_occupations": 0.045793010599751494, "occupation_life,_physical,_and_social_science_occupations": 0.0076970202224662405, "occupation_arts,_design,_entertainment,_sports,_and_media_occupations": 0.02686258233423327, "occupation_community_and_social_service_occupations": 0.01480846618945722, "occupation_educational_instruction,_and_library_occupations": 0.051931782429514226, "occupation_legal_occupations": 0.019274393237828074, "occupation_health_diagnosing_and_treating_practitioners_and_other_technical_occupations": 0.05788744450457512, "occupation_health_technologists_and_technicians": 0.014154298004850963, "occupation_business_and_financial_operations_occupations": 0.08712297636088229, "occupation_management_occupations": 0.15421061121245305, "occupation_construction_and_extraction_occupations": 0.030114673857522846, "occupation_farming,_fishing,_and_forestry_occupations": 0.0009708139828282544, "occupation_installation,_maintenance,_and_repair_occupations": 0.02097319298261923, "occupation_material_moving_occupations": 0.018439890806732574, "occupation_transportation_occupations": 0.02654790300047269, "occupation_office_and_administrative_support_occupations": 0.10881230603987525, "occupation_sales_and_related_occupations": 0.12752067961127647, "occupation_building_and_grounds_cleaning_and_maintenance_occupations": 0.02900905675319359, "occupation_food_preparation_and_serving_related_occupations": 0.05188198124537265, "occupation_healthcare_support_occupations": 0.02244924462204703, "occupation_personal_care_and_service_occupations": 0.0272343082956139, "occupation_firefighting_and_prevention,_and_other_protective_service_workers_including_supervisors": 0.009799484127018174, "occupation_law_enforcement_workers_including_supervisors": 0.0034984241919489983, "2020 Presidential Election-margin": 0.014778932151274073, "2016 Presidential Election-margin": -0.041988721320402975, "2016-2020 Swing-margin": 0.056767653471677046, "park_percent_1km_v2": 0.027366500436577356, "mean_dist_Hospital_updated": 4.384245222222695, "mean_dist_Active Superfund Site_updated": 16.594752618730155, "mean_dist_Airport_updated": 20.42041715908887, "mean_dist_Public School_updated": 1.2357760595893288, "mean_high_temp_4": 85.52832147459301, "mean_high_temp_winter_4": 68.82193061916907, "mean_high_temp_spring_4": 90.33995421388927, "mean_high_temp_summer_4": 102.909971106072, "mean_high_temp_fall_4": 79.13949248165396, "mean_high_heat_index_4": 84.11923255309621, "days_above_90_4": 0.44264437328151657, "days_below_40_4": 1.2853955355017027e-05, "wind_speed_over_10mph_4": 0.015878240096192806, "snowfall_4": 0.0006497627230771747, "rainfall_4": 0.26096710490077524, "hours_sunny_4": 8.797029170717932, "internet_no_access": 0.058056758655813605, "insurance_coverage_none": 0.10791330425306142, "insurance_coverage_govt": 0.11974528466109155, "insurance_coverage_private": 0.772341411085847, "marriage_divorced": 0.13167472382149178}