{"population": 854584.0, "ad_1": 1718.0846895357145, "population_change_2010": 0.08603141238830989, "ad_1_change_2010": -0.04596795211029837, "population_change_2000": 0.2928986070746146, "ad_1_change_2000": -0.05074217714534034, "gpw_population": NaN, "gpw_pw_density_4": NaN, "white": 0.11141093210263707, "hispanic": 0.8293298259738071, "black": 0.028030012263276637, "asian": 0.011941482639506474, "homogeneity_250_2020": 0.7366701186433263, "homogeneity_250_diff_2010": -0.01081444000567433, "homogeneity_250_diff_2000": 0.018101850341879278, "citizenship_citizen_by_birth": 0.7640080213871527, "citizenship_citizen_by_naturalization": 0.12370346009509135, "citizenship_not_citizen": 0.11228851851775595, "birthplace_non_us": 0.23599197861284738, "birthplace_us_not_state": 0.19553805178410782, "birthplace_us_state": 0.5684699696030447, "language_english_only": 0.3064103644869284, "language_spanish": 0.6759720236040508, "education_high_school": 0.8095791313626759, "education_ugrad": 0.23456377109518123, "education_grad": 0.07704631391529677, "education_field_stem": 0.09720081568488707, "education_field_humanities": 0.0843932708036772, "education_field_business": 0.05296968460661693, "generation_silent": 0.0509078870288186, "generation_boomer": 0.17550196063125123, "generation_genx": 0.17477158630188527, "generation_millenial": 0.21502998798129005, "generation_genz": 0.23937832845972792, "generation_genalpha": 0.14441024959702695, "poverty_below_line": 0.19597011668026487, "household_income_under_50k": 0.49606125772601534, "household_income_over_100k": 0.20621617816024582, "individual_income_under_50k": 0.7587323822347509, "individual_income_over_100k": 0.058560581260533776, "housing_per_pop": 0.4958032630101993, "vacancy": 0.06684052563785303, "rent_or_own_rent": 0.37135119889610013, "rent_burden_under_20": 0.2431924434928931, "rent_burden_over_40": 0.3394657326608902, "rent_1br_under_750": 0.5723874809189181, "rent_1br_over_1500": 0.011974909786402132, "rent_2br_under_750": 0.35126376975429696, "rent_2br_over_1500": 0.015966810614380725, "year_built_1969_or_earlier": 0.2613050696362099, "year_built_2010_or_later": 0.1442972538323903, "transportation_means_car": 0.8937008422243051, "transportation_means_bike": 0.0025097229098002918, "transportation_means_walk": 0.01331859716303126, "transportation_means_transit": 0.011825630517946639, "transportation_means_worked_at_home": 0.05762508152437211, "transportation_commute_time_under_15": 0.2389772284738224, "transportation_commute_time_over_60": 0.04308255922272572, "vehicle_ownership_at_least_1": 0.9336071311619369, "GHLTH_cdc_2": 0.24220131410489223, "ARTHRITIS_cdc_2": 0.18630696270895275, "CASTHMA_cdc_2": 0.09282449979561287, "BPHIGH_cdc_2": 0.323298033386299, "CANCER_cdc_2": 0.04802250763515828, "KIDNEY_cdc_2": 0.03486445091703319, "COPD_cdc_2": 0.05857310745510929, "CHD_cdc_2": 0.05631887217881257, "DIABETES_cdc_2": 0.14359613491212148, "OBESITY_cdc_2": 0.3758065683324168, "STROKE_cdc_2": 0.031493274859214174, "DISABILITY_cdc_2": 0.3352224506734736, "HEARING_cdc_2": 0.07112388696324608, "VISION_cdc_2": 0.09349904149318515, "COGNITION_cdc_2": 0.16688455429656932, "MOBILITY_cdc_2": 0.1596865940813821, "SELFCARE_cdc_2": 0.060145237117647174, "INDEPLIVE_cdc_2": 0.10090335917297029, "BINGE_cdc_2": 0.1586747326902606, "CSMOKING_cdc_2": 0.1541856083692295, "LPA_cdc_2": 0.3024721172943174, "SLEEP_cdc_2": 0.3401954518006139, "heating_utility_gas": 0.7128739197700007, "heating_electricity": 0.2613808563948909, "industry_agriculture,_forestry,_fishing_and_hunting": 0.002318573519752571, "industry_mining,_quarrying,_and_oil_and_gas_extraction": 0.00807245150458737, "industry_accommodation_and_food_services": 0.08091678933991511, "industry_arts,_entertainment,_and_recreation": 0.014139834263146672, "industry_construction": 0.07194250154141338, "industry_educational_services": 0.12141873392410527, "industry_health_care_and_social_assistance": 0.14115221745932527, "industry_finance_and_insurance": 0.030873345891929218, "industry_real_estate_and_rental_and_leasing": 0.015474391210417009, "industry_information": 0.017193350306684473, "industry_manufacturing": 0.06741864270838796, "industry_other_services,_except_public_administration": 0.04250801868897201, "industry_administrative_and_support_and_waste_management_services": 0.060803236067584504, "industry_management_of_companies_and_enterprises": 0.0013956301435198303, "industry_professional,_scientific,_and_technical_services": 0.04428317478247654, "industry_public_administration": 0.06967927246792896, "industry_retail_trade": 0.11445263909613787, "industry_transportation_and_warehousing": 0.06333719842611972, "industry_utilities": 0.0081067965921688, "industry_wholesale_trade": 0.024513202065427387, "occupation_architecture_and_engineering_occupations": 0.01261436698259189, "occupation_computer_and_mathematical_occupations": 0.016680350528140684, "occupation_life,_physical,_and_social_science_occupations": 0.006124245846364539, "occupation_arts,_design,_entertainment,_sports,_and_media_occupations": 0.01109543386978208, "occupation_community_and_social_service_occupations": 0.013151166058424507, "occupation_educational_instruction,_and_library_occupations": 0.07914163410744636, "occupation_legal_occupations": 0.00724511128006895, "occupation_health_diagnosing_and_treating_practitioners_and_other_technical_occupations": 0.03505086235338876, "occupation_health_technologists_and_technicians": 0.019868356170622655, "occupation_business_and_financial_operations_occupations": 0.037726131619771563, "occupation_management_occupations": 0.08353252831402067, "occupation_construction_and_extraction_occupations": 0.05744013976042308, "occupation_farming,_fishing,_and_forestry_occupations": 0.0014414086609491213, "occupation_installation,_maintenance,_and_repair_occupations": 0.03820407464068888, "occupation_material_moving_occupations": 0.034903915202097804, "occupation_transportation_occupations": 0.05383311539597716, "occupation_office_and_administrative_support_occupations": 0.12931092207656938, "occupation_sales_and_related_occupations": 0.10847901320571286, "occupation_building_and_grounds_cleaning_and_maintenance_occupations": 0.03768502767875432, "occupation_food_preparation_and_serving_related_occupations": 0.06116193093961359, "occupation_healthcare_support_occupations": 0.04429993142623496, "occupation_personal_care_and_service_occupations": 0.02470023897859245, "occupation_firefighting_and_prevention,_and_other_protective_service_workers_including_supervisors": 0.01813588373279179, "occupation_law_enforcement_workers_including_supervisors": 0.02446160773951062, "sors_cohabiting_partnered_gay": 0.0042745083709965995, "2020 Presidential Election-margin": 0.3559659799000014, "2016 Presidential Election-margin": 0.42851228150390636, "2016-2020 Swing-margin": -0.07254630160390496, "park_percent_1km_v2": 0.02461878626882271, "mean_dist_Hospital_updated": 5.3797933684117885, "mean_dist_Active Superfund Site_updated": 68.8757619915417, "mean_dist_Airport_updated": 12.976579643826646, "mean_dist_Public School_updated": 0.7635713316983016, "lapop1share_usda_fra_1": 0.7390474214199914, "mean_high_temp_4": 78.48001086159599, "mean_high_temp_winter_4": 62.86966555252727, "mean_high_temp_spring_4": 85.95411041802348, "mean_high_temp_summer_4": 92.94093085696797, "mean_high_temp_fall_4": 71.31255408154641, "mean_high_heat_index_4": 76.48355207875035, "days_above_90_4": 0.28333070554414286, "days_below_40_4": 0.0031438881868559553, "wind_speed_over_10mph_4": 0.15883786344058018, "snowfall_4": 0.005015921745331568, "rainfall_4": 0.16027416896419744, "hours_sunny_4": 8.620125218052838, "internet_no_access": 0.1277452358704375, "insurance_coverage_none": 0.2986310784419113, "insurance_coverage_govt": 0.12782702548596034, "insurance_coverage_private": 0.5735418960721284, "marriage_divorced": 0.1034253359851146}