{"population": 769221.0, "ad_1": 1126.339673163004, "population_change_2010": 0.2564310296671006, "ad_1_change_2010": 0.09674459329428363, "population_change_2000": 0.5172490650592524, "ad_1_change_2000": 0.014735486537930073, "gpw_population": NaN, "gpw_pw_density_4": NaN, "white": 0.6466932130038051, "hispanic": 0.12063503206490722, "black": 0.11554546742743634, "asian": 0.05996326153342148, "homogeneity_250_2020": 0.5198514726840922, "homogeneity_250_diff_2010": -0.0866524954565544, "homogeneity_250_diff_2000": -0.15945936298734542, "citizenship_citizen_by_birth": 0.8638209122747351, "citizenship_citizen_by_naturalization": 0.07688877435202512, "citizenship_not_citizen": 0.05929031337323987, "birthplace_non_us": 0.13617908772526474, "birthplace_us_not_state": 0.48431130981382087, "birthplace_us_state": 0.3795096024609144, "language_english_only": 0.82913609112946, "language_spanish": 0.07699456613927222, "education_high_school": 0.9408318611104503, "education_ugrad": 0.41297366040730155, "education_grad": 0.1479339906490141, "education_field_stem": 0.17989051357822158, "education_field_humanities": 0.12378487995326727, "education_field_business": 0.10929826687581093, "generation_silent": 0.05939469889154514, "generation_boomer": 0.22718488885439803, "generation_genx": 0.19222600691962938, "generation_millenial": 0.21444669825640106, "generation_genz": 0.18734517435942472, "generation_genalpha": 0.1194025327186017, "poverty_below_line": 0.09635130642330429, "household_income_under_50k": 0.32529593061374634, "household_income_over_100k": 0.3646750585754681, "individual_income_under_50k": 0.6089408993874872, "individual_income_over_100k": 0.1397249532591179, "housing_per_pop": 0.5556522470048999, "vacancy": 0.08209718897658816, "rent_or_own_rent": 0.36397323774290996, "rent_burden_under_20": 0.2408069385863204, "rent_burden_over_40": 0.32259651172544257, "rent_1br_under_750": 0.1355022027258724, "rent_1br_over_1500": 0.07233886100463839, "rent_2br_under_750": 0.05541074796542974, "rent_2br_over_1500": 0.29717554940555835, "year_built_1969_or_earlier": 0.17555881923045877, "year_built_2010_or_later": 0.14862931345832378, "transportation_means_car": 0.8374905881442454, "transportation_means_bike": 0.007206078050930209, "transportation_means_walk": 0.011190832967506146, "transportation_means_transit": 0.005971363976752186, "transportation_means_worked_at_home": 0.1261034899874573, "transportation_commute_time_under_15": 0.2108706842559277, "transportation_commute_time_over_60": 0.038090089300399484, "vehicle_ownership_at_least_1": 0.9553760598377483, "traffic_fatalities_last_decade_per_capita": 0.00011934151563724859, "traffic_fatalities_ped_last_decade_per_capita": 3.523044742668232e-05, "GHLTH_cdc_2": 0.1789523072934677, "ARTHRITIS_cdc_2": 0.2682640394241172, "CASTHMA_cdc_2": 0.10427776663481168, "BPHIGH_cdc_2": 0.3395216390932592, "CANCER_cdc_2": 0.06957067636566822, "KIDNEY_cdc_2": 0.03160970520185108, "COPD_cdc_2": 0.07570033914847701, "CHD_cdc_2": 0.06344030106626797, "DIABETES_cdc_2": 0.11329064190900227, "OBESITY_cdc_2": 0.3592584343269364, "STROKE_cdc_2": 0.033198565310702824, "DISABILITY_cdc_2": 0.3082986938889638, "HEARING_cdc_2": 0.07226797181784261, "VISION_cdc_2": 0.05478410305238303, "COGNITION_cdc_2": 0.14369272355477797, "MOBILITY_cdc_2": 0.14800279890634682, "SELFCARE_cdc_2": 0.04237865245257528, "INDEPLIVE_cdc_2": 0.0850159777537793, "BINGE_cdc_2": 0.16555453666054845, "CSMOKING_cdc_2": 0.17630184278568384, "LPA_cdc_2": 0.2610754203779962, "SLEEP_cdc_2": 0.32060347488152746, "heating_utility_gas": 0.038481278393625216, "heating_electricity": 0.9396082190945335, "industry_agriculture,_forestry,_fishing_and_hunting": 0.0037060892592612692, "industry_mining,_quarrying,_and_oil_and_gas_extraction": 0.0003759414284574375, "industry_accommodation_and_food_services": 0.07860632117837925, "industry_arts,_entertainment,_and_recreation": 0.023468129390286765, "industry_construction": 0.07392751211903059, "industry_educational_services": 0.07038323075768813, "industry_health_care_and_social_assistance": 0.1349627672209522, "industry_finance_and_insurance": 0.10250976388297578, "industry_real_estate_and_rental_and_leasing": 0.024544233891455543, "industry_information": 0.014679309047473355, "industry_manufacturing": 0.05394934632679538, "industry_other_services,_except_public_administration": 0.04897652991376303, "industry_administrative_and_support_and_waste_management_services": 0.052302226490506934, "industry_management_of_companies_and_enterprises": 0.0010771655113248572, "industry_professional,_scientific,_and_technical_services": 0.09150417800177613, "industry_public_administration": 0.03776639951855346, "industry_retail_trade": 0.11320553460427131, "industry_transportation_and_warehousing": 0.04472997366540525, "industry_utilities": 0.005856162032060049, "industry_wholesale_trade": 0.023469185759583167, "occupation_architecture_and_engineering_occupations": 0.016724303942174137, "occupation_computer_and_mathematical_occupations": 0.04830494765201112, "occupation_life,_physical,_and_social_science_occupations": 0.006954854994746782, "occupation_arts,_design,_entertainment,_sports,_and_media_occupations": 0.023168326570083473, "occupation_community_and_social_service_occupations": 0.015870790984369162, "occupation_educational_instruction,_and_library_occupations": 0.049756903147924345, "occupation_legal_occupations": 0.013275072010473853, "occupation_health_diagnosing_and_treating_practitioners_and_other_technical_occupations": 0.054445140920913515, "occupation_health_technologists_and_technicians": 0.017597216800511444, "occupation_business_and_financial_operations_occupations": 0.07618035129485824, "occupation_management_occupations": 0.12965198635403372, "occupation_construction_and_extraction_occupations": 0.04433171639496267, "occupation_farming,_fishing,_and_forestry_occupations": 0.003077654968199614, "occupation_installation,_maintenance,_and_repair_occupations": 0.028417329746098084, "occupation_material_moving_occupations": 0.028533295057585575, "occupation_transportation_occupations": 0.028582093695800684, "occupation_office_and_administrative_support_occupations": 0.11868721799169636, "occupation_sales_and_related_occupations": 0.11503640013704465, "occupation_building_and_grounds_cleaning_and_maintenance_occupations": 0.02793117484068829, "occupation_food_preparation_and_serving_related_occupations": 0.06154738133135789, "occupation_healthcare_support_occupations": 0.01839335942170802, "occupation_personal_care_and_service_occupations": 0.027396111655189896, "occupation_firefighting_and_prevention,_and_other_protective_service_workers_including_supervisors": 0.010396441596056018, "occupation_law_enforcement_workers_including_supervisors": 0.00829100809303344, "sors_cohabiting_partnered_gay": 0.005717941418696682, "2020 Presidential Election-margin": -0.15736532534070724, "2016 Presidential Election-margin": -0.21918008637063002, "2016-2020 Swing-margin": 0.06181476102992278, "park_percent_1km_v2": 0.01186741643390899, "mean_dist_Hospital_updated": 6.447730201257986, "mean_dist_Active Superfund Site_updated": 18.347265493072673, "mean_dist_Airport_updated": 25.498088226727223, "mean_dist_Public School_updated": 1.5088579353379594, "lapop1share_usda_fra_1": 0.6468701694770143, "mean_high_temp_4": 77.03896603166957, "mean_high_temp_winter_4": 66.81821263189313, "mean_high_temp_spring_4": 79.93249634645335, "mean_high_temp_summer_4": 86.6030238734813, "mean_high_temp_fall_4": 74.31356327618174, "mean_high_heat_index_4": 80.7459005168851, "days_above_90_4": 0.06522898493923819, "days_below_40_4": 0.00010666990137609329, "wind_speed_over_10mph_4": 0.2159502645728738, "snowfall_4": 3.858885945760619e-06, "rainfall_4": 1.0557458402922166, "hours_sunny_4": 5.454430754199294, "internet_no_access": 0.06316654279764948, "insurance_coverage_none": 0.13896143228105665, "insurance_coverage_govt": 0.09376823545684412,