{"population": 769365.0, "ad_1": 595.0527539693917, "population_change_2010": 0.06071614694633861, "ad_1_change_2010": 0.058910945048169905, "gpw_population": NaN, "gpw_pw_density_4": NaN, "white": 0.8278918328751633, "hispanic": 0.061090639683375254, "black": 0.019579783327809297, "asian": 0.014597752692155219, "citizenship_citizen_by_birth": 0.9663207688278902, "citizenship_citizen_by_naturalization": 0.015045076737878327, "citizenship_not_citizen": 0.018634154434231543, "birthplace_non_us": 0.03367923117210987, "birthplace_us_not_state": 0.37243013139412795, "birthplace_us_state": 0.5938906374337622, "language_english_only": 0.9398582070177567, "language_spanish": 0.0338048128247136, "education_high_school": 0.904812859332605, "education_ugrad": 0.2472521122828295, "education_grad": 0.08534368973934063, "education_field_stem": 0.09493561278624162, "education_field_humanities": 0.10055677594975371, "education_field_business": 0.0517597235468342, "generation_silent": 0.07197462656070747, "generation_boomer": 0.2307571942836408, "generation_genx": 0.17825432891551848, "generation_millenial": 0.189140793042349, "generation_genz": 0.2077103898684816, "generation_genalpha": 0.12216266732930268, "poverty_below_line": 0.15046987760218047, "household_income_under_50k": 0.47551489345630343, "household_income_over_100k": 0.19840726843639575, "individual_income_under_50k": 0.7553843786595539, "individual_income_over_100k": 0.0574058107015454, "housing_per_pop": 0.5824955836402235, "vacancy": 0.11210662696145478, "rent_or_own_rent": 0.35064274881435914, "rent_burden_under_20": 0.29157656721341135, "rent_burden_over_40": 0.3052115651449728, "rent_1br_under_750": 0.7137371251760124, "rent_1br_over_1500": 0.025598185991447437, "rent_2br_under_750": 0.4043148126668145, "rent_2br_over_1500": 0.01522329359592333, "year_built_1969_or_earlier": 0.26665688880282573, "year_built_2010_or_later": 0.08450261404548672, "transportation_means_car": 0.8994644036835832, "transportation_means_bike": 0.003563173499197256, "transportation_means_walk": 0.017749082709759403, "transportation_means_transit": 0.004758542243497542, "transportation_means_worked_at_home": 0.06804843339065114, "transportation_commute_time_under_15": 0.31131214462308177, "transportation_commute_time_over_60": 0.04064112999618138, "vehicle_ownership_at_least_1": 0.9418984280486371, "GHLTH_cdc_2": 0.19226649141394236, "ARTHRITIS_cdc_2": 0.276825481914859, "CASTHMA_cdc_2": 0.10109910577719279, "BPHIGH_cdc_2": 0.340667861133309, "CANCER_cdc_2": 0.07107045484952251, "KIDNEY_cdc_2": 0.030273716068890955, "COPD_cdc_2": 0.08955716987340583, "CHD_cdc_2": 0.06789638694933701, "DIABETES_cdc_2": 0.11054460447002926, "OBESITY_cdc_2": 0.3696285467884998, "STROKE_cdc_2": 0.03320422848423268, "DISABILITY_cdc_2": 0.35112858113996237, "HEARING_cdc_2": 0.08577783643641544, "VISION_cdc_2": 0.054372630201082614, "COGNITION_cdc_2": 0.1720665930219524, "MOBILITY_cdc_2": 0.1627730091519528, "SELFCARE_cdc_2": 0.04268478917241903, "INDEPLIVE_cdc_2": 0.09641480294916345, "BINGE_cdc_2": 0.16300635321258494, "CSMOKING_cdc_2": 0.20520108080548757, "LPA_cdc_2": 0.2726750713244839, "SLEEP_cdc_2": 0.3302061919415085, "heating_utility_gas": 0.37437886419005983, "heating_electricity": 0.4582733348616363, "industry_agriculture,_forestry,_fishing_and_hunting": 0.013905397491778625, "industry_mining,_quarrying,_and_oil_and_gas_extraction": 0.0014372391674358288, "industry_accommodation_and_food_services": 0.08171402316352185, "industry_arts,_entertainment,_and_recreation": 0.0221066909960852, "industry_construction": 0.06351221816991326, "industry_educational_services": 0.0867254422054648, "industry_health_care_and_social_assistance": 0.14715418461721202, "industry_finance_and_insurance": 0.04218017554610259, "industry_real_estate_and_rental_and_leasing": 0.01641318660577665, "industry_information": 0.01475415832820843, "industry_manufacturing": 0.12170807660035692, "industry_other_services,_except_public_administration": 0.05294019237450242, "industry_administrative_and_support_and_waste_management_services": 0.04191309262086866, "industry_management_of_companies_and_enterprises": 0.0013558330427177838, "industry_professional,_scientific,_and_technical_services": 0.0463018602592642, "industry_public_administration": 0.03038508065372687, "industry_retail_trade": 0.130922484820771, "industry_transportation_and_warehousing": 0.04959394272719099, "industry_utilities": 0.008737640623874587, "industry_wholesale_trade": 0.026239079985227412, "occupation_architecture_and_engineering_occupations": 0.010495775873130008, "occupation_computer_and_mathematical_occupations": 0.020913742335041837, "occupation_life,_physical,_and_social_science_occupations": 0.005379278136249679, "occupation_arts,_design,_entertainment,_sports,_and_media_occupations": 0.016927003007415713, "occupation_community_and_social_service_occupations": 0.020673391597435472, "occupation_educational_instruction,_and_library_occupations": 0.059906512636594814, "occupation_legal_occupations": 0.007900356363473271, "occupation_health_diagnosing_and_treating_practitioners_and_other_technical_occupations": 0.03877010353328581, "occupation_health_technologists_and_technicians": 0.023655092268061576, "occupation_business_and_financial_operations_occupations": 0.04533067917262608, "occupation_management_occupations": 0.09396738691054943, "occupation_construction_and_extraction_occupations": 0.04912637651232852, "occupation_farming,_fishing,_and_forestry_occupations": 0.0047454644741953475, "occupation_installation,_maintenance,_and_repair_occupations": 0.032526144669151595, "occupation_material_moving_occupations": 0.04557233787761595, "occupation_transportation_occupations": 0.04319490681934648, "occupation_office_and_administrative_support_occupations": 0.1254037771310995, "occupation_sales_and_related_occupations": 0.10631702975619567, "occupation_building_and_grounds_cleaning_and_maintenance_occupations": 0.036532927850875065, "occupation_food_preparation_and_serving_related_occupations": 0.06111270310775084, "occupation_healthcare_support_occupations": 0.03237515085598902, "occupation_personal_care_and_service_occupations": 0.028418312981884686, "occupation_firefighting_and_prevention,_and_other_protective_service_workers_including_supervisors": 0.007907435298149133, "occupation_law_enforcement_workers_including_supervisors": 0.006714612509325955, "2020 Presidential Election-margin": -0.4139117707751948, "2016 Presidential Election-margin": -0.45368684735501247, "2016-2020 Swing-margin": 0.03977507657981766, "park_percent_1km_v2": 0.010332032817128101, "mean_dist_Hospital_updated": 8.773241974541921, "mean_dist_Active Superfund Site_updated": 13.98264609474128, "mean_dist_Airport_updated": 23.98666150695535, "mean_dist_Public School_updated": 2.4807311793015767, "mean_high_temp_4": 68.13232896156222, "mean_high_temp_winter_4": 49.4795840561926, "mean_high_temp_spring_4": 73.66461751892012, "mean_high_temp_summer_4": 86.95099635165008, "mean_high_temp_fall_4": 61.45441620648924, "mean_high_heat_index_4": 68.88885749103981, "days_above_90_4": 0.09650079458274625, "days_below_40_4": 0.07978023445864339, "wind_speed_over_10mph_4": 0.12286876778602795, "snowfall_4": 0.04430878152337716, "rainfall_4": 1.062989741560096, "hours_sunny_4": 5.618734201616202, "internet_no_access": 0.1281016012404098, "insurance_coverage_none": 0.16958957564219487, "insurance_coverage_govt": 0.14355818270450516, "insurance_coverage_private": 0.6868522416532999, "marriage_divorced": 0.1228474889299391}