{"population": 929744.0, "ad_1": 1214.2307204287395, "population_change_2010": 0.002263799474798522, "ad_1_change_2010": -0.024257502211205803, "population_change_2000": 0.03550649096076911, "ad_1_change_2000": -0.11095823561063349, "gpw_population": NaN, "gpw_pw_density_4": NaN, "white": 0.34067442220654287, "hispanic": 0.08357892064912492, "black": 0.5109729129738939, "asian": 0.0300727942315304, "homogeneity_250_2020": 0.6311400237210806, "homogeneity_250_diff_2010": -0.06233200494458013, "homogeneity_250_diff_2000": -0.11210162739439211, "citizenship_citizen_by_birth": 0.9334605425440554, "citizenship_citizen_by_naturalization": 0.02647824205911016, "citizenship_not_citizen": 0.04006121539683449, "birthplace_non_us": 0.06653945745594511, "birthplace_us_not_state": 0.30646011851335164, "birthplace_us_state": 0.6270004240307032, "language_english_only": 0.905075997221545, "language_spanish": 0.05404349599932498, "education_high_school": 0.8965243293784672, "education_ugrad": 0.32134238024841116, "education_grad": 0.13054850081498087, "education_field_stem": 0.1278524316743104, "education_field_humanities": 0.11268684533060418, "education_field_business": 0.0808031032434959, "generation_silent": 0.050225037613890786, "generation_boomer": 0.21045160346026223, "generation_genx": 0.18438555368293288, "generation_millenial": 0.21238341846234, "generation_genz": 0.20495642384989762, "generation_genalpha": 0.13759796293067647, "poverty_below_line": 0.18552834404471547, "household_income_under_50k": 0.45831266068287285, "household_income_over_100k": 0.2601737630237713, "individual_income_under_50k": 0.6950587693164334, "individual_income_over_100k": 0.09741498209559875, "housing_per_pop": 0.5666930571351282, "vacancy": 0.08881063478297815, "rent_or_own_rent": 0.4443304316449431, "rent_burden_under_20": 0.22146154635297344, "rent_burden_over_40": 0.3777040659303088, "rent_1br_under_750": 0.3613511638175734, "rent_1br_over_1500": 0.03450451018734626, "rent_2br_under_750": 0.18846497607823173, "rent_2br_over_1500": 0.09240987714901591, "year_built_1969_or_earlier": 0.39416016492704625, "year_built_2010_or_later": 0.051359999201321734, "transportation_means_car": 0.9108064756877395, "transportation_means_bike": 0.0017935371063162392, "transportation_means_walk": 0.010256568207718643, "transportation_means_transit": 0.007148086459387181, "transportation_means_worked_at_home": 0.061475438966429964, "transportation_commute_time_under_15": 0.21886328523391732, "transportation_commute_time_over_60": 0.02681736022053692, "vehicle_ownership_at_least_1": 0.9170679040187628, "GHLTH_cdc_2": 0.22096098547758633, "ARTHRITIS_cdc_2": 0.24888443221440165, "CASTHMA_cdc_2": 0.11269674353792092, "BPHIGH_cdc_2": 0.38894021403258044, "CANCER_cdc_2": 0.05649825764363381, "KIDNEY_cdc_2": 0.03251001786407192, "COPD_cdc_2": 0.07861824595722158, "CHD_cdc_2": 0.05853416578162364, "DIABETES_cdc_2": 0.14261521943307223, "OBESITY_cdc_2": 0.3841601276857719, "STROKE_cdc_2": 0.03687624636789844, "DISABILITY_cdc_2": 0.3383763725942934, "HEARING_cdc_2": 0.057474323601254124, "VISION_cdc_2": 0.07239520834351944, "COGNITION_cdc_2": 0.17250237572220822, "MOBILITY_cdc_2": 0.17186580945084032, "SELFCARE_cdc_2": 0.054758900628940885, "INDEPLIVE_cdc_2": 0.10642623982936902, "BINGE_cdc_2": 0.14904596283079227, "CSMOKING_cdc_2": 0.20483748854694483, "LPA_cdc_2": 0.2959433844839242, "SLEEP_cdc_2": 0.3565702971870221, "heating_utility_gas": 0.4981394614586615, "heating_electricity": 0.4854962563709357, "industry_agriculture,_forestry,_fishing_and_hunting": 0.002265548466137181, "industry_mining,_quarrying,_and_oil_and_gas_extraction": 8.183095594922745e-05, "industry_accommodation_and_food_services": 0.0774705350107899, "industry_arts,_entertainment,_and_recreation": 0.014357825728120157, "industry_construction": 0.04718139117301171, "industry_educational_services": 0.08655377112115419, "industry_health_care_and_social_assistance": 0.14488989060370183, "industry_finance_and_insurance": 0.03542345181676397, "industry_real_estate_and_rental_and_leasing": 0.01877435932206561, "industry_information": 0.012199826518373398, "industry_manufacturing": 0.09186109312129007, "industry_other_services,_except_public_administration": 0.05014834783299938, "industry_administrative_and_support_and_waste_management_services": 0.054373163187292455, "industry_management_of_companies_and_enterprises": 0.00135605584144434, "industry_professional,_scientific,_and_technical_services": 0.050473333629483474, "industry_public_administration": 0.04689381381353297, "industry_retail_trade": 0.10007224504396688, "industry_transportation_and_warehousing": 0.13202372630117043, "industry_utilities": 0.005475659966659735, "industry_wholesale_trade": 0.028124130546093015, "occupation_architecture_and_engineering_occupations": 0.01400712163119494, "occupation_computer_and_mathematical_occupations": 0.02625370869582489, "occupation_life,_physical,_and_social_science_occupations": 0.008496391254842623, "occupation_arts,_design,_entertainment,_sports,_and_media_occupations": 0.0158845575634015, "occupation_community_and_social_service_occupations": 0.01957630269036805, "occupation_educational_instruction,_and_library_occupations": 0.05962671055923276, "occupation_legal_occupations": 0.00989686961523085, "occupation_health_diagnosing_and_treating_practitioners_and_other_technical_occupations": 0.04503040604520332, "occupation_health_technologists_and_technicians": 0.019817119503590046, "occupation_business_and_financial_operations_occupations": 0.05498806437056763, "occupation_management_occupations": 0.0953494298720398, "occupation_construction_and_extraction_occupations": 0.03726815536659107, "occupation_farming,_fishing,_and_forestry_occupations": 0.0017394923207492924, "occupation_installation,_maintenance,_and_repair_occupations": 0.022622752278992075, "occupation_material_moving_occupations": 0.08242949094131279, "occupation_transportation_occupations": 0.04381463184252919, "occupation_office_and_administrative_support_occupations": 0.12672809443759955, "occupation_sales_and_related_occupations": 0.08953007989039329, "occupation_building_and_grounds_cleaning_and_maintenance_occupations": 0.037761479129599304, "occupation_food_preparation_and_serving_related_occupations": 0.05382840282340187, "occupation_healthcare_support_occupations": 0.02868525710117342, "occupation_personal_care_and_service_occupations": 0.02338962523760203, "occupation_firefighting_and_prevention,_and_other_protective_service_workers_including_supervisors": 0.018063599018963736, "occupation_law_enforcement_workers_including_supervisors": 0.01146334791483031, "sors_cohabiting_partnered_gay": 0.005434911287180699, "2020 Presidential Election-margin": 0.3045173521733136, "2016 Presidential Election-margin": 0.27460778995977586, "2016-2020 Swing-margin": 0.029909562213537744, "park_percent_1km_v2": 0.021579827879204504, "mean_dist_Hospital_updated": 4.652302036913822, "mean_dist_Active Superfund Site_updated": 10.90371724777898, "mean_dist_Airport_updated": 16.61185475493259, "mean_dist_Public School_updated": 1.0555043046184853, "lapop1share_usda_fra_1": 0.6383980729837311, "mean_high_temp_4": 71.90664372868959, "mean_high_temp_winter_4": 54.439540184437874, "mean_high_temp_spring_4": 77.70557253023354, "mean_high_temp_summer_4": 88.7116672359754, "mean_high_temp_fall_4": 65.87673005886455, "mean_high_heat_index_4": 73.7654566720605, "days_above_90_4": 0.1313987615393486, "days_below_40_4": 0.038620785261555844, "wind_speed_over_10mph_4": 0.1137712740199284, "snowfall_4": 0.012811065124050272, "rainfall_4": 1.2536258899804642, "hours_sunny_4": 5.600306276886265, "internet_no_access": 0.14755762031482564, "insurance_coverage_none": 0.15717282030262592, "insurance_coverage_govt": 0.1713471343532901, "insurance_coverage_private": 0.6714800453440839, "marriage_divorced": 0.1057960541564977}