{"population": 765136.0, "ad_1": 500.88225919963077, "population_change_2010": 0.0616140047091209, "ad_1_change_2010": 0.05569883406560233, "gpw_population": NaN, "gpw_pw_density_4": NaN, "white": 0.5212707283411053, "hispanic": 0.05628411158277744, "black": 0.3611880763681228, "asian": 0.018328767696200413, "citizenship_citizen_by_birth": 0.961661196243621, "citizenship_citizen_by_naturalization": 0.01745899170650177, "citizenship_not_citizen": 0.020879812049877315, "birthplace_non_us": 0.03833880375637908, "birthplace_us_not_state": 0.28888077147394586, "birthplace_us_state": 0.672780424769675, "language_english_only": 0.9320561697786939, "language_spanish": 0.04203394689805235, "education_high_school": 0.8678633987066479, "education_ugrad": 0.2141291581788057, "education_grad": 0.0856183502147628, "education_field_stem": 0.09141098826336753, "education_field_humanities": 0.07991258996057606, "education_field_business": 0.04280557995486211, "generation_silent": 0.058100515495777855, "generation_boomer": 0.21798462485473144, "generation_genx": 0.18192105650068957, "generation_millenial": 0.19805690253557873, "generation_genz": 0.22022662422427952, "generation_genalpha": 0.12371027638894287, "poverty_below_line": 0.18160354989579655, "household_income_under_50k": 0.4810812415421211, "household_income_over_100k": 0.22123587745311937, "individual_income_under_50k": 0.743176421546011, "individual_income_over_100k": 0.06948988304326052, "housing_per_pop": 0.5506555646051224, "vacancy": 0.10591908007077329, "rent_or_own_rent": 0.36239811650022036, "rent_burden_under_20": 0.2862468399902986, "rent_burden_over_40": 0.34877370600936186, "rent_1br_under_750": 0.5865201355961464, "rent_1br_over_1500": 0.02167532004207187, "rent_2br_under_750": 0.40873491528123906, "rent_2br_over_1500": 0.01646050519261068, "year_built_1969_or_earlier": 0.25898851677793083, "year_built_2010_or_later": 0.0972027146060895, "transportation_means_car": 0.9073672425911433, "transportation_means_bike": 0.003455449466963541, "transportation_means_walk": 0.014121748488353505, "transportation_means_transit": 0.005732099449744614, "transportation_means_worked_at_home": 0.05186026129470374, "transportation_commute_time_under_15": 0.29195963084091925, "transportation_commute_time_over_60": 0.07437485799389405, "vehicle_ownership_at_least_1": 0.929362152521056, "GHLTH_cdc_2": 0.21020806051756696, "ARTHRITIS_cdc_2": 0.2640308956356246, "CASTHMA_cdc_2": 0.10889481602356907, "BPHIGH_cdc_2": 0.39125920989723606, "CANCER_cdc_2": 0.05943935044773475, "KIDNEY_cdc_2": 0.03396109848687623, "COPD_cdc_2": 0.07800335777984115, "CHD_cdc_2": 0.062234060698469894, "DIABETES_cdc_2": 0.13413804554692677, "OBESITY_cdc_2": 0.3897100384511018, "STROKE_cdc_2": 0.03762927267793557, "DISABILITY_cdc_2": 0.344994561836497, "HEARING_cdc_2": 0.06289537349993632, "VISION_cdc_2": 0.0721056343878005, "COGNITION_cdc_2": 0.17130075480823367, "MOBILITY_cdc_2": 0.16813570119266716, "SELFCARE_cdc_2": 0.05285264902801596, "INDEPLIVE_cdc_2": 0.10409604468671489, "BINGE_cdc_2": 0.14789331895954974, "CSMOKING_cdc_2": 0.19546696214144763, "LPA_cdc_2": 0.2916772193374153, "SLEEP_cdc_2": 0.38713594670378254, "heating_utility_gas": 0.21308200812724723, "heating_electricity": 0.7233807776168573, "industry_agriculture,_forestry,_fishing_and_hunting": 0.022293787525773653, "industry_mining,_quarrying,_and_oil_and_gas_extraction": 0.0032821678995681993, "industry_accommodation_and_food_services": 0.0813541743830605, "industry_arts,_entertainment,_and_recreation": 0.010725322928655547, "industry_construction": 0.07266227210078328, "industry_educational_services": 0.09912226097517682, "industry_health_care_and_social_assistance": 0.1435880281592243, "industry_finance_and_insurance": 0.02530569285003864, "industry_real_estate_and_rental_and_leasing": 0.014139767678814618, "industry_information": 0.012439952478014356, "industry_manufacturing": 0.10962761269869564, "industry_other_services,_except_public_administration": 0.04677308952681923, "industry_administrative_and_support_and_waste_management_services": 0.04898616885363983, "industry_management_of_companies_and_enterprises": 0.00043415243298392783, "industry_professional,_scientific,_and_technical_services": 0.04659167606762858, "industry_public_administration": 0.06156906378732064, "industry_retail_trade": 0.1104974443069644, "industry_transportation_and_warehousing": 0.054926301548563365, "industry_utilities": 0.01706595246223634, "industry_wholesale_trade": 0.018615111336037948, "occupation_architecture_and_engineering_occupations": 0.015400141018890914, "occupation_computer_and_mathematical_occupations": 0.020679157421854128, "occupation_life,_physical,_and_social_science_occupations": 0.006743699473555678, "occupation_arts,_design,_entertainment,_sports,_and_media_occupations": 0.009823040741280712, "occupation_community_and_social_service_occupations": 0.017382146095979267, "occupation_educational_instruction,_and_library_occupations": 0.06603262354682747, "occupation_legal_occupations": 0.006761167883430749, "occupation_health_diagnosing_and_treating_practitioners_and_other_technical_occupations": 0.042710265497889234, "occupation_health_technologists_and_technicians": 0.025733162223810817, "occupation_business_and_financial_operations_occupations": 0.034115061740531874, "occupation_management_occupations": 0.08354710012601234, "occupation_construction_and_extraction_occupations": 0.059072732225356354, "occupation_farming,_fishing,_and_forestry_occupations": 0.010712752787205636, "occupation_installation,_maintenance,_and_repair_occupations": 0.03876209398492183, "occupation_material_moving_occupations": 0.04610849915458514, "occupation_transportation_occupations": 0.04938759662776371, "occupation_office_and_administrative_support_occupations": 0.11561638125910811, "occupation_sales_and_related_occupations": 0.09347455029598334, "occupation_building_and_grounds_cleaning_and_maintenance_occupations": 0.040153945239526104, "occupation_food_preparation_and_serving_related_occupations": 0.05951703617333181, "occupation_healthcare_support_occupations": 0.030841363791073457, "occupation_personal_care_and_service_occupations": 0.023632951373411423, "occupation_firefighting_and_prevention,_and_other_protective_service_workers_including_supervisors": 0.013167884092436105, "occupation_law_enforcement_workers_including_supervisors": 0.018212568013478075, "2020 Presidential Election-margin": -0.1014625901883275, "2016 Presidential Election-margin": -0.1320570219894671, "2016-2020 Swing-margin": 0.03059443180113959, "park_percent_1km_v2": 0.005424085072821832, "mean_dist_Hospital_updated": 8.099925517789732, "mean_dist_Active Superfund Site_updated": 43.508415799538845, "mean_dist_Airport_updated": 45.77946923346725, "mean_dist_Public School_updated": 3.3951439959144674, "mean_high_temp_4": 76.1860391340795, "mean_high_temp_winter_4": 61.87083816133969, "mean_high_temp_spring_4": 81.38972828763022, "mean_high_temp_summer_4": 89.90846849149469, "mean_high_temp_fall_4": 70.83043278917255, "mean_high_heat_index_4": 78.55349769273072, "days_above_90_4": 0.17142523609200452, "days_below_40_4": 0.004519113321033329, "wind_speed_over_10mph_4": 0.08453080043724456, "snowfall_4": 0.0032553458402188704, "rainfall_4": 1.075269023365471, "hours_sunny_4": 5.515932456075074, "internet_no_access": 0.1721615786774023, "insurance_coverage_none": 0.18413368157934898, "insurance_coverage_govt": 0.16775154192511096, "insurance_coverage_private": 0.6481147764955401, "marriage_divorced": 0.12080943988337216}