{"population": 539339.0, "ad_1": 1273.882764548427, "population_change_2010": 0.1445563758830782, "ad_1_change_2010": 0.077913501648273, "population_change_2000": 0.2904637485584124, "ad_1_change_2000": 0.08857596355390064, "gpw_population": NaN, "gpw_pw_density_4": NaN, "white": 0.800620759856046, "hispanic": 0.06554319268586177, "black": 0.019442317355132858, "asian": 0.022998522265217237, "homogeneity_250_2020": 0.6673854874811885, "homogeneity_250_diff_2010": -0.09811983145687364, "homogeneity_250_diff_2000": -0.14923098508284294, "citizenship_citizen_by_birth": 0.9473241551374751, "citizenship_citizen_by_naturalization": 0.02986206364527555, "citizenship_not_citizen": 0.02281378121724923, "birthplace_non_us": 0.05267584486252436, "birthplace_us_not_state": 0.40343044007548795, "birthplace_us_state": 0.5438937150619877, "language_english_only": 0.9264533640335627, "language_spanish": 0.024312342851203695, "education_high_school": 0.9442018513864452, "education_ugrad": 0.30111994219653226, "education_grad": 0.10789718941107534, "education_field_stem": 0.1359245413420453, "education_field_humanities": 0.11326652425232586, "education_field_business": 0.05192887660216124, "generation_silent": 0.061443863045813535, "generation_boomer": 0.2301266094299476, "generation_genx": 0.17958255954632052, "generation_millenial": 0.21558035437093226, "generation_genz": 0.19236015857694752, "generation_genalpha": 0.12090645503003854, "poverty_below_line": 0.12479527318204532, "household_income_under_50k": 0.3890574317878272, "household_income_over_100k": 0.2926922343064284, "individual_income_under_50k": 0.6713202165915745, "individual_income_over_100k": 0.09101547968420623, "housing_per_pop": 0.5312571907076487, "vacancy": 0.05153782953490033, "rent_or_own_rent": 0.36421961457737084, "rent_burden_under_20": 0.24684514521912876, "rent_burden_over_40": 0.32910404861624254, "rent_1br_under_750": 0.4396309667067791, "rent_1br_over_1500": 0.06232450862414762, "rent_2br_under_750": 0.13086333449842746, "rent_2br_over_1500": 0.09884655714785111, "year_built_1969_or_earlier": 0.3789555251207366, "year_built_2010_or_later": 0.09008055215166257, "transportation_means_car": 0.8320321516900251, "transportation_means_bike": 0.005791426215993394, "transportation_means_walk": 0.02713520197856548, "transportation_means_transit": 0.021970321516900138, "transportation_means_worked_at_home": 0.10550288540807894, "transportation_commute_time_under_15": 0.28426994769705766, "transportation_commute_time_over_60": 0.03787470334784896, "vehicle_ownership_at_least_1": 0.9267029192902114, "GHLTH_cdc_2": 0.1597670180443937, "ARTHRITIS_cdc_2": 0.2621739167696474, "CASTHMA_cdc_2": 0.11855504134424828, "BPHIGH_cdc_2": 0.28223712052726085, "CANCER_cdc_2": 0.06871204996143393, "KIDNEY_cdc_2": 0.02866752092093616, "COPD_cdc_2": 0.06404375772353688, "CHD_cdc_2": 0.05325346747060554, "DIABETES_cdc_2": 0.09204153500369101, "OBESITY_cdc_2": 0.29334464598210114, "STROKE_cdc_2": 0.028558325661632508, "DISABILITY_cdc_2": 0.26783050378885365, "HEARING_cdc_2": 0.06442198225694548, "VISION_cdc_2": 0.045436875032829664, "COGNITION_cdc_2": 0.1403662870902555, "MOBILITY_cdc_2": 0.11875027853112324, "SELFCARE_cdc_2": 0.035504737102557596, "INDEPLIVE_cdc_2": 0.07859792269689972, "BINGE_cdc_2": 0.1785571645393265, "CSMOKING_cdc_2": 0.1445254824877866, "LPA_cdc_2": 0.18917222208399503, "SLEEP_cdc_2": 0.3152130991183765, "heating_utility_gas": 0.49912230490364434, "heating_electricity": 0.4337053997328754, "industry_agriculture,_forestry,_fishing_and_hunting": 0.010472334462982309, "industry_mining,_quarrying,_and_oil_and_gas_extraction": 0.0020610662148070912, "industry_accommodation_and_food_services": 0.07169740615224215, "industry_arts,_entertainment,_and_recreation": 0.022089253128258605, "industry_construction": 0.06796630604796673, "industry_educational_services": 0.09454835766423417, "industry_health_care_and_social_assistance": 0.1740501173096968, "industry_finance_and_insurance": 0.04573856230448392, "industry_real_estate_and_rental_and_leasing": 0.024565791188738296, "industry_information": 0.01751091631908237, "industry_manufacturing": 0.07405174661105296, "industry_other_services,_except_public_administration": 0.045840393639207326, "industry_administrative_and_support_and_waste_management_services": 0.03838633993743475, "industry_management_of_companies_and_enterprises": 0.0008594564650677797, "industry_professional,_scientific,_and_technical_services": 0.061933817778936535, "industry_public_administration": 0.04439438868613137, "industry_retail_trade": 0.1138270659541189, "industry_transportation_and_warehousing": 0.044911691866527846, "industry_utilities": 0.010847073774765384, "industry_wholesale_trade": 0.03424791449426481, "occupation_architecture_and_engineering_occupations": 0.01772679874869655, "occupation_computer_and_mathematical_occupations": 0.02499348279457777, "occupation_life,_physical,_and_social_science_occupations": 0.008419414754953091, "occupation_arts,_design,_entertainment,_sports,_and_media_occupations": 0.017551648852971845, "occupation_community_and_social_service_occupations": 0.024081074035453613, "occupation_educational_instruction,_and_library_occupations": 0.06335945646506756, "occupation_legal_occupations": 0.010944831856100146, "occupation_health_diagnosing_and_treating_practitioners_and_other_technical_occupations": 0.05244313738269034, "occupation_health_technologists_and_technicians": 0.021775612617309675, "occupation_business_and_financial_operations_occupations": 0.05483413712200202, "occupation_management_occupations": 0.09889044577685137, "occupation_construction_and_extraction_occupations": 0.04870389077163695, "occupation_farming,_fishing,_and_forestry_occupations": 0.0054540862877997896, "occupation_installation,_maintenance,_and_repair_occupations": 0.027685903284671562, "occupation_material_moving_occupations": 0.04013783889468192, "occupation_transportation_occupations": 0.03783237747653799, "occupation_office_and_administrative_support_occupations": 0.11889826642335725, "occupation_sales_and_related_occupations": 0.10104519681960399, "occupation_building_and_grounds_cleaning_and_maintenance_occupations": 0.03261046663190816, "occupation_food_preparation_and_serving_related_occupations": 0.0580886665797708, "occupation_healthcare_support_occupations": 0.04716827424400406, "occupation_personal_care_and_service_occupations": 0.02474501433785181, "occupation_firefighting_and_prevention,_and_other_protective_service_workers_including_supervisors": 0.010912245828988526, "occupation_law_enforcement_workers_including_supervisors": 0.006936750521376429, "sors_cohabiting_partnered_gay": 0.006186533001428082, "2020 Presidential Election-margin": -0.043363910232544434, "2016 Presidential Election-margin": -0.08654937820687565, "2016-2020 Swing-margin": 0.04318546797433122, "park_percent_1km_v2": 0.023734869094216293, "mean_dist_Hospital_updated": 5.9351802661344895, "mean_dist_Active Superfund Site_updated": 6.034171120594657, "mean_dist_Airport_updated": 17.727243465274384, "mean_dist_Public School_updated": 1.3774203829650276, "lapop1share_usda_fra_1": 0.6851919127484749, "mean_high_temp_4": 59.58765454143088, "mean_high_temp_winter_4": 39.842001754259435, "mean_high_temp_spring_4": 64.45841082202665, "mean_high_temp_summer_4": 83.05343809773375, "mean_high_temp_fall_4": 49.79691305506487, "mean_high_heat_index_4": 57.40214551795264, "days_above_90_4": 0.06820237649228755, "days_below_40_4": 0.19094890291865876, "wind_speed_over_10mph_4": 0.10893099802565692, "snowfall_4": 0.14282319134022045, "rainfall_4": 0.4577053725977134, "hours_sunny_4": 5.387200112170423, "internet_no_access": 0.07841537874451475, "insurance_coverage_none": 0.07419392048179664, "insurance_coverage_govt": 0.2488692727526635, "insurance_coverage_private": 0.6769368067655399, "marriage_divorced": 0.14173204746611506}