{"population": 787373.0, "ad_1": 1165.7665197293463, "population_change_2010": 0.07435899884973877, "ad_1_change_2010": 0.10192937256642441, "population_change_2000": 0.16316135465524245, "ad_1_change_2000": 0.15218128038510936, "gpw_population": NaN, "gpw_pw_density_4": NaN, "white": 0.4213555709936714, "hispanic": 0.0982660060733604, "black": 0.407092953403279, "asian": 0.023822254509616152, "homogeneity_250_2020": 0.5321754557239751, "homogeneity_250_diff_2010": -0.08261047559067769, "homogeneity_250_diff_2000": -0.1459746733513697, "citizenship_citizen_by_birth": 0.9268364360633894, "citizenship_citizen_by_naturalization": 0.030167522344704822, "citizenship_not_citizen": 0.042996041591905856, "birthplace_non_us": 0.07316356393661014, "birthplace_us_not_state": 0.3000654422534681, "birthplace_us_state": 0.6267709938099217, "language_english_only": 0.8960862770752102, "language_spanish": 0.06544253431751311, "education_high_school": 0.8851964992650765, "education_ugrad": 0.28681624810477546, "education_grad": 0.10899182601688497, "education_field_stem": 0.11948892475767069, "education_field_humanities": 0.11003683047422652, "education_field_business": 0.057290492872877456, "generation_silent": 0.057213731102551395, "generation_boomer": 0.23011715491544305, "generation_genx": 0.18174775360272158, "generation_millenial": 0.23343670223975777, "generation_genz": 0.1856463445424436, "generation_genalpha": 0.11183831359708256, "poverty_below_line": 0.1396765657290809, "household_income_under_50k": 0.41157467229070704, "household_income_over_100k": 0.2699412743503947, "individual_income_under_50k": 0.687836162345114, "individual_income_over_100k": 0.07961924189506135, "housing_per_pop": 0.548353501131958, "vacancy": 0.07823727989160331, "rent_or_own_rent": 0.4166790510053737, "rent_burden_under_20": 0.23303693766811587, "rent_burden_over_40": 0.349524575116519, "rent_1br_under_750": 0.2760935330934813, "rent_1br_over_1500": 0.06811265554118219, "rent_2br_under_750": 0.13746659018600976, "rent_2br_over_1500": 0.14864583595718733, "year_built_1969_or_earlier": 0.4243199782827978, "year_built_2010_or_later": 0.0649068816839054, "transportation_means_car": 0.85201969681862, "transportation_means_bike": 0.007299864936508644, "transportation_means_walk": 0.019348869341147896, "transportation_means_transit": 0.019914314758070827, "transportation_means_worked_at_home": 0.09002648764055719, "transportation_commute_time_under_15": 0.22858023711271108, "transportation_commute_time_over_60": 0.05230000876264687, "vehicle_ownership_at_least_1": 0.9094294270075951, "GHLTH_cdc_2": 0.1915844638880825, "ARTHRITIS_cdc_2": 0.26833175912105184, "CASTHMA_cdc_2": 0.11496680171566975, "BPHIGH_cdc_2": 0.36983288122795394, "CANCER_cdc_2": 0.05879761176499363, "KIDNEY_cdc_2": 0.031303596335149925, "COPD_cdc_2": 0.07007423908217984, "CHD_cdc_2": 0.053667623894934034, "DIABETES_cdc_2": 0.12465728548007628, "OBESITY_cdc_2": 0.38837195921263545, "STROKE_cdc_2": 0.034880128570380066, "DISABILITY_cdc_2": 0.28805975656222876, "HEARING_cdc_2": 0.05157631375647133, "VISION_cdc_2": 0.06050170238648741, "COGNITION_cdc_2": 0.14723621923382227, "MOBILITY_cdc_2": 0.1382687044034828, "SELFCARE_cdc_2": 0.046159777885755135, "INDEPLIVE_cdc_2": 0.09102899125735418, "BINGE_cdc_2": 0.1705213340138212, "CSMOKING_cdc_2": 0.17608188059524119, "LPA_cdc_2": 0.2552841866822351, "SLEEP_cdc_2": 0.3803761312830116, "heating_utility_gas": 0.2474568709553659, "heating_electricity": 0.6530239169390365, "industry_agriculture,_forestry,_fishing_and_hunting": 0.004030117305837862, "industry_mining,_quarrying,_and_oil_and_gas_extraction": 0.0006797540866653831, "industry_accommodation_and_food_services": 0.07492588153381834, "industry_arts,_entertainment,_and_recreation": 0.017174374681261817, "industry_construction": 0.07054924491465482, "industry_educational_services": 0.08744855968468664, "industry_health_care_and_social_assistance": 0.141959840477664, "industry_finance_and_insurance": 0.0595730172250697, "industry_real_estate_and_rental_and_leasing": 0.017220435119792134, "industry_information": 0.014918693652275187, "industry_manufacturing": 0.07597048809428639, "industry_other_services,_except_public_administration": 0.04893538388976772, "industry_administrative_and_support_and_waste_management_services": 0.04833281910388669, "industry_management_of_companies_and_enterprises": 0.0009647712309104653, "industry_professional,_scientific,_and_technical_services": 0.0625837472988473, "industry_public_administration": 0.07392637342322958, "industry_retail_trade": 0.11350163074769784, "industry_transportation_and_warehousing": 0.05678283771715743, "industry_utilities": 0.01010562763556889, "industry_wholesale_trade": 0.020416402176921956, "occupation_architecture_and_engineering_occupations": 0.013056879015380565, "occupation_computer_and_mathematical_occupations": 0.03051019364310112, "occupation_life,_physical,_and_social_science_occupations": 0.010771531792981313, "occupation_arts,_design,_entertainment,_sports,_and_media_occupations": 0.017749669155583635, "occupation_community_and_social_service_occupations": 0.023455016379561388, "occupation_educational_instruction,_and_library_occupations": 0.060831402713793004, "occupation_legal_occupations": 0.01020673109518438, "occupation_health_diagnosing_and_treating_practitioners_and_other_technical_occupations": 0.03576948647166321, "occupation_health_technologists_and_technicians": 0.021992172024301537, "occupation_business_and_financial_operations_occupations": 0.06007954239894745, "occupation_management_occupations": 0.08842648827507717, "occupation_construction_and_extraction_occupations": 0.05082568714475534, "occupation_farming,_fishing,_and_forestry_occupations": 0.00276345060590176, "occupation_installation,_maintenance,_and_repair_occupations": 0.027974937214776535, "occupation_material_moving_occupations": 0.051119790459454806, "occupation_transportation_occupations": 0.046838506365713684, "occupation_office_and_administrative_support_occupations": 0.11905820348594859, "occupation_sales_and_related_occupations": 0.09197674087446375, "occupation_building_and_grounds_cleaning_and_maintenance_occupations": 0.03597424313277542, "occupation_food_preparation_and_serving_related_occupations": 0.05913601030475792, "occupation_healthcare_support_occupations": 0.034221795680825194, "occupation_personal_care_and_service_occupations": 0.02672671158117737, "occupation_firefighting_and_prevention,_and_other_protective_service_workers_including_supervisors": 0.019649158243091776, "occupation_law_enforcement_workers_including_supervisors": 0.012664870146576584, "sors_cohabiting_partnered_gay": 0.008050005044961384, "2020 Presidential Election-margin": 0.3571678005021392, "2016 Presidential Election-margin": 0.3137191667747735, "2016-2020 Swing-margin": 0.04344863372736568, "park_percent_1km_v2": 0.01730311278645502, "mean_dist_Hospital_updated": 6.54406262479094, "mean_dist_Active Superfund Site_updated": 16.26345301907392, "mean_dist_Airport_updated": 23.74358737375938, "mean_dist_Public School_updated": 1.8953539397197359, "lapop1share_usda_fra_1": 0.5581267474447242, "mean_high_temp_4": 69.31174647485089, "mean_high_temp_winter_4": 51.95040450510724, "mean_high_temp_spring_4": 74.73130443026942, "mean_high_temp_summer_4": 86.09723838667875, "mean_high_temp_fall_4": 63.586168216047916, "mean_high_heat_index_4": 70.39506706443022, "days_above_90_4": 0.08837186957648167, "days_below_40_4": 0.045084661657539334, "wind_speed_over_10mph_4": 0.0786273460523287, "snowfall_4": 0.03789254570628254, "rainfall_4": 1.083103194731321, "hours_sunny_4": 5.218149066207399, "internet_no_access": 0.13009902055545883, "insurance_coverage_none": 0.12171512258043919, "insurance_coverage_govt": 0.17668373489936884, "insurance_coverage_private": 0.701601142520192, "marriage_divorced": 0.11966287270960824}