{"population": 787373.0, "ad_1": 1165.7665197293463, "population_change_2010": 0.07435899884973877, "ad_1_change_2010": 0.10192937256642985, "gpw_population": NaN, "gpw_pw_density_4": NaN, "white": 0.4213555709936714, "hispanic": 0.0982660060733604, "black": 0.407092953403279, "asian": 0.023822254509616152, "citizenship_citizen_by_birth": 0.9268364360633896, "citizenship_citizen_by_naturalization": 0.03016752234470474, "citizenship_not_citizen": 0.04299604159190569, "birthplace_non_us": 0.07316356393661044, "birthplace_us_not_state": 0.30006544225346776, "birthplace_us_state": 0.6267709938099219, "language_english_only": 0.8960862770752102, "language_spanish": 0.06544253431751311, "education_high_school": 0.8851964992650767, "education_ugrad": 0.28681624810477535, "education_grad": 0.10899182601688512, "education_field_stem": 0.11948892475767124, "education_field_humanities": 0.11003683047422656, "education_field_business": 0.05729049287287761, "generation_silent": 0.057213731102551665, "generation_boomer": 0.23011715491544282, "generation_genx": 0.1817477536027214, "generation_millenial": 0.23343670223975785, "generation_genz": 0.18564634454244344, "generation_genalpha": 0.1118383135970828, "poverty_below_line": 0.13967656572908027, "household_income_under_50k": 0.41157467229070666, "household_income_over_100k": 0.26994127435039483, "individual_income_under_50k": 0.687836162345115, "individual_income_over_100k": 0.07961924189506148, "housing_per_pop": 0.548353501131958, "vacancy": 0.07823727989160331, "rent_or_own_rent": 0.4166790510053755, "rent_burden_under_20": 0.23303693766811562, "rent_burden_over_40": 0.3495245751165187, "rent_1br_under_750": 0.2760935330934816, "rent_1br_over_1500": 0.06811265554118223, "rent_2br_under_750": 0.13746659018600987, "rent_2br_over_1500": 0.148645835957187, "year_built_1969_or_earlier": 0.42431997828279816, "year_built_2010_or_later": 0.0649068816839052, "transportation_means_car": 0.8520196968186197, "transportation_means_bike": 0.007299864936508684, "transportation_means_walk": 0.019348869341147972, "transportation_means_transit": 0.019914314758070897, "transportation_means_worked_at_home": 0.09002648764055728, "transportation_commute_time_under_15": 0.22858023711271044, "transportation_commute_time_over_60": 0.05230000876264673, "vehicle_ownership_at_least_1": 0.9094294270075949, "GHLTH_cdc_2": 0.19158446388808292, "ARTHRITIS_cdc_2": 0.2683317591210512, "CASTHMA_cdc_2": 0.11496680171567, "BPHIGH_cdc_2": 0.3698328812279555, "CANCER_cdc_2": 0.058797611764993755, "KIDNEY_cdc_2": 0.03130359633514991, "COPD_cdc_2": 0.07007423908217948, "CHD_cdc_2": 0.05366762389493444, "DIABETES_cdc_2": 0.12465728548007649, "OBESITY_cdc_2": 0.3883719592126375, "STROKE_cdc_2": 0.03488012857037987, "DISABILITY_cdc_2": 0.288059756562228, "HEARING_cdc_2": 0.05157631375647134, "VISION_cdc_2": 0.06050170238648718, "COGNITION_cdc_2": 0.14723621923382121, "MOBILITY_cdc_2": 0.13826870440348307, "SELFCARE_cdc_2": 0.04615977788575484, "INDEPLIVE_cdc_2": 0.091028991257354, "BINGE_cdc_2": 0.17052133401382183, "CSMOKING_cdc_2": 0.176081880595241, "LPA_cdc_2": 0.255284186682234, "SLEEP_cdc_2": 0.3803761312830121, "heating_utility_gas": 0.2474568709553668, "heating_electricity": 0.653023916939036, "industry_agriculture,_forestry,_fishing_and_hunting": 0.004030117305837858, "industry_mining,_quarrying,_and_oil_and_gas_extraction": 0.0006797540866653834, "industry_accommodation_and_food_services": 0.074925881533818, "industry_arts,_entertainment,_and_recreation": 0.01717437468126188, "industry_construction": 0.07054924491465496, "industry_educational_services": 0.08744855968468677, "industry_health_care_and_social_assistance": 0.141959840477664, "industry_finance_and_insurance": 0.05957301722506973, "industry_real_estate_and_rental_and_leasing": 0.01722043511979217, "industry_information": 0.014918693652275147, "industry_manufacturing": 0.07597048809428651, "industry_other_services,_except_public_administration": 0.048935383889767946, "industry_administrative_and_support_and_waste_management_services": 0.04833281910388642, "industry_management_of_companies_and_enterprises": 0.0009647712309104663, "industry_professional,_scientific,_and_technical_services": 0.06258374729884726, "industry_public_administration": 0.07392637342322932, "industry_retail_trade": 0.11350163074769802, "industry_transportation_and_warehousing": 0.05678283771715737, "industry_utilities": 0.010105627635568892, "industry_wholesale_trade": 0.02041640217692192, "occupation_architecture_and_engineering_occupations": 0.013056879015380551, "occupation_computer_and_mathematical_occupations": 0.03051019364310122, "occupation_life,_physical,_and_social_science_occupations": 0.010771531792981355, "occupation_arts,_design,_entertainment,_sports,_and_media_occupations": 0.017749669155583625, "occupation_community_and_social_service_occupations": 0.023455016379561423, "occupation_educational_instruction,_and_library_occupations": 0.060831402713793024, "occupation_legal_occupations": 0.010206731095184393, "occupation_health_diagnosing_and_treating_practitioners_and_other_technical_occupations": 0.03576948647166324, "occupation_health_technologists_and_technicians": 0.02199217202430158, "occupation_business_and_financial_operations_occupations": 0.06007954239894738, "occupation_management_occupations": 0.08842648827507685, "occupation_construction_and_extraction_occupations": 0.05082568714475561, "occupation_farming,_fishing,_and_forestry_occupations": 0.0027634506059017617, "occupation_installation,_maintenance,_and_repair_occupations": 0.027974937214776584, "occupation_material_moving_occupations": 0.05111979045945485, "occupation_transportation_occupations": 0.046838506365713586, "occupation_office_and_administrative_support_occupations": 0.1190582034859483, "occupation_sales_and_related_occupations": 0.09197674087446354, "occupation_building_and_grounds_cleaning_and_maintenance_occupations": 0.035974243132775495, "occupation_food_preparation_and_serving_related_occupations": 0.059136010304758124, "occupation_healthcare_support_occupations": 0.03422179568082528, "occupation_personal_care_and_service_occupations": 0.026726711581177575, "occupation_firefighting_and_prevention,_and_other_protective_service_workers_including_supervisors": 0.019649158243091776, "occupation_law_enforcement_workers_including_supervisors": 0.012664870146576569, "2020 Presidential Election-margin": 0.3571678005021353, "2016 Presidential Election-margin": 0.3137191667747759, "2016-2020 Swing-margin": 0.04344863372735941, "park_percent_1km_v2": 0.01730311278645502, "mean_dist_Hospital_updated": 6.54406262479094, "mean_dist_Active Superfund Site_updated": 16.26345301907392, "mean_dist_Airport_updated": 23.74358737375938, "mean_dist_Public School_updated": 1.8953539397197359, "mean_high_temp_4": 69.31174647485089, "mean_high_temp_winter_4": 51.95040450510724, "mean_high_temp_spring_4": 74.73130443026942, "mean_high_temp_summer_4": 86.09723838667875, "mean_high_temp_fall_4": 63.586168216047916, "mean_high_heat_index_4": 70.39506706443022, "days_above_90_4": 0.08837186957648167, "days_below_40_4": 0.045084661657539334, "wind_speed_over_10mph_4": 0.0786273460523287, "snowfall_4": 0.03789254570628254, "rainfall_4": 1.083103194731321, "hours_sunny_4": 5.218149066207399, "internet_no_access": 0.13009902055545852, "insurance_coverage_none": 0.12171512258043889, "insurance_coverage_govt": 0.17668373489936967, "insurance_coverage_private": 0.7016011425201913, "marriage_divorced": 0.11966287270960783}