{"population": 3052566.0, "ad_1": 663.4706667435146, "population_change_2010": 0.16053248375194606, "ad_1_change_2010": 0.17322916614996223, "population_change_2000": 0.3547638057543708, "ad_1_change_2000": 0.26588532489572225, "gpw_population": NaN, "gpw_pw_density_4": NaN, "white": 0.7215460697655677, "hispanic": 0.08528234934150482, "black": 0.12104603143715811, "asian": 0.023408175285972523, "homogeneity_250_2020": 0.6462640161683776, "homogeneity_250_diff_2010": -0.08590030770020873, "homogeneity_250_diff_2000": -0.14858281603560075, "citizenship_citizen_by_birth": 0.9329707976260878, "citizenship_citizen_by_naturalization": 0.028549106632121242, "citizenship_not_citizen": 0.03848009574179097, "birthplace_non_us": 0.06702920237391267, "birthplace_us_not_state": 0.3915574654688563, "birthplace_us_state": 0.541413332157231, "language_english_only": 0.9049445405101186, "language_spanish": 0.05150732645790169, "education_high_school": 0.901007481911247, "education_ugrad": 0.30359562957819014, "education_grad": 0.10795709101498623, "education_field_stem": 0.12144291869208486, "education_field_humanities": 0.11392647267459596, "education_field_business": 0.06822623821150986, "generation_silent": 0.05460883383168507, "generation_boomer": 0.2134499443064788, "generation_genx": 0.1909652803362234, "generation_millenial": 0.2155062440082628, "generation_genz": 0.19834985347911135, "generation_genalpha": 0.12711984403823867, "poverty_below_line": 0.12592174898145017, "household_income_under_50k": 0.3877958284417509, "household_income_over_100k": 0.29232917526510344, "individual_income_under_50k": 0.6828454307923151, "individual_income_over_100k": 0.09416293124804336, "housing_per_pop": 0.5505354202041148, "vacancy": 0.08374065582725863, "rent_or_own_rent": 0.32888831129865487, "rent_burden_under_20": 0.27482432857848715, "rent_burden_over_40": 0.29981833567754174, "rent_1br_under_750": 0.3128767049071494, "rent_1br_over_1500": 0.15508390784358805, "rent_2br_under_750": 0.24006472182586416, "rent_2br_over_1500": 0.15214408116171507, "year_built_1969_or_earlier": 0.23976695115816446, "year_built_2010_or_later": 0.13603330342117492, "transportation_means_car": 0.8735620853288213, "transportation_means_bike": 0.001958521244581709, "transportation_means_walk": 0.013690481080178117, "transportation_means_transit": 0.006252755347084696, "transportation_means_worked_at_home": 0.09519604380077672, "transportation_commute_time_under_15": 0.240917612772313, "transportation_commute_time_over_60": 0.0888718910158924, "vehicle_ownership_at_least_1": 0.9552936435806958, "traffic_fatalities_last_decade_per_capita": 0.0001471876447552649, "traffic_fatalities_ped_last_decade_per_capita": 1.831246236772604e-05, "GHLTH_cdc_2": 0.1838646795270341, "ARTHRITIS_cdc_2": 0.26674535961947304, "CASTHMA_cdc_2": 0.10666925039685446, "BPHIGH_cdc_2": 0.34172348074743647, "CANCER_cdc_2": 0.06333650882403505, "KIDNEY_cdc_2": 0.02889957284626282, "COPD_cdc_2": 0.08061022173785004, "CHD_cdc_2": 0.05975722306935973, "DIABETES_cdc_2": 0.11133623876472759, "OBESITY_cdc_2": 0.34902127871647326, "STROKE_cdc_2": 0.03044742958741926, "DISABILITY_cdc_2": 0.3197480698723016, "HEARING_cdc_2": 0.06773532002510299, "VISION_cdc_2": 0.05126120353390743, "COGNITION_cdc_2": 0.15972781788007928, "MOBILITY_cdc_2": 0.149843286514752, "SELFCARE_cdc_2": 0.03918994879189786, "INDEPLIVE_cdc_2": 0.08720574446209729, "BINGE_cdc_2": 0.15823060860242516, "CSMOKING_cdc_2": 0.20119790028580808, "LPA_cdc_2": 0.2770832898863403, "SLEEP_cdc_2": 0.3463701552778261, "heating_utility_gas": 0.301673926278165, "heating_electricity": 0.6348839886753554, "industry_agriculture,_forestry,_fishing_and_hunting": 0.00942462783275111, "industry_mining,_quarrying,_and_oil_and_gas_extraction": 0.0012073601985164448, "industry_accommodation_and_food_services": 0.07403167737265326, "industry_arts,_entertainment,_and_recreation": 0.020284059917207664, "industry_construction": 0.0691525257525917, "industry_educational_services": 0.08395954219734116, "industry_health_care_and_social_assistance": 0.13844873622141804, "industry_finance_and_insurance": 0.045645433788244046, "industry_real_estate_and_rental_and_leasing": 0.018456335849064354, "industry_information": 0.01903311762466696, "industry_manufacturing": 0.12760156160090597, "industry_other_services,_except_public_administration": 0.04724503283297946, "industry_administrative_and_support_and_waste_management_services": 0.04199270953283393, "industry_management_of_companies_and_enterprises": 0.0034150656489340013, "industry_professional,_scientific,_and_technical_services": 0.061904278740177246, "industry_public_administration": 0.04298760702298227, "industry_retail_trade": 0.11147278196082698, "industry_transportation_and_warehousing": 0.05059063951956255, "industry_utilities": 0.007540383236419947, "industry_wholesale_trade": 0.02560652314992305, "occupation_architecture_and_engineering_occupations": 0.015791018411391633, "occupation_computer_and_mathematical_occupations": 0.02938318398521461, "occupation_life,_physical,_and_social_science_occupations": 0.0075853272708824825, "occupation_arts,_design,_entertainment,_sports,_and_media_occupations": 0.023695039744826774, "occupation_community_and_social_service_occupations": 0.01693913420084401, "occupation_educational_instruction,_and_library_occupations": 0.06001118153099757, "occupation_legal_occupations": 0.009566950608549058, "occupation_health_diagnosing_and_treating_practitioners_and_other_technical_occupations": 0.042092812155045595, "occupation_health_technologists_and_technicians": 0.021603099231661423, "occupation_business_and_financial_operations_occupations": 0.05358554654329283, "occupation_management_occupations": 0.10827085999048046, "occupation_construction_and_extraction_occupations": 0.0510353130726528, "occupation_farming,_fishing,_and_forestry_occupations": 0.004152556396251116, "occupation_installation,_maintenance,_and_repair_occupations": 0.03282480747269469, "occupation_material_moving_occupations": 0.043708754485040135, "occupation_transportation_occupations": 0.038709071136192166, "occupation_office_and_administrative_support_occupations": 0.11423479716961678, "occupation_sales_and_related_occupations": 0.0984471836093203, "occupation_building_and_grounds_cleaning_and_maintenance_occupations": 0.03261915446651775, "occupation_food_preparation_and_serving_related_occupations": 0.054684632476967976, "occupation_healthcare_support_occupations": 0.024064806573814306, "occupation_personal_care_and_service_occupations": 0.02280977845995857, "occupation_firefighting_and_prevention,_and_other_protective_service_workers_including_supervisors": 0.009511111050580381, "occupation_law_enforcement_workers_including_supervisors": 0.008958163232647321, "sors_cohabiting_partnered_gay": 0.005807115042357905, "2020 Presidential Election-margin": -0.2163685893405523, "2016 Presidential Election-margin": -0.25634443538066165, "2016-2020 Swing-margin": 0.03997584604010934, "park_percent_1km_v2": 0.011232828582191818, "mean_dist_Hospital_updated": 7.909053737193403, "mean_dist_Active Superfund Site_updated": 62.71331505995674, "mean_dist_Airport_updated": 48.440603020087494, "mean_dist_Public School_updated": 2.6232505786342197, "lapop1share_usda_fra_1": 0.4083761041285965, "mean_high_temp_4": 69.79556271476551, "mean_high_temp_winter_4": 52.040346542513575, "mean_high_temp_spring_4": 75.59306043657544, "mean_high_temp_summer_4": 86.89728492706008, "mean_high_temp_fall_4": 63.74596406668456, "mean_high_heat_index_4": 70.89221300615792, "days_above_90_4": 0.09026707222732526, "days_below_40_4": 0.050695171354024474, "wind_speed_over_10mph_4": 0.08072986820888794, "snowfall_4": 0.023937107700135296, "rainfall_4": 1.2751448347851757, "hours_sunny_4": 5.025009911505808, "internet_no_access": 0.11428436860568403, "insurance_coverage_none": 0.1261346783249984, "insurance_coverage_govt": 0.15239918502205993,