{"population": 268691.0, "ad_1": 1087.7262895899635, "population_change_2010": 0.06651768525758833, "ad_1_change_2010": -0.03490726567932779, "population_change_2000": 0.17482630614716646, "ad_1_change_2000": -0.05109093551064135, "gpw_population": NaN, "gpw_pw_density_4": NaN, "white": 0.5709197554067683, "hispanic": 0.28951844311867536, "black": 0.06187032688106412, "asian": 0.032301044694463155, "homogeneity_250_2020": 0.5361647873042934, "homogeneity_250_diff_2010": -0.08199131091277323, "homogeneity_250_diff_2000": -0.1381093900150535, "citizenship_citizen_by_birth": 0.9021825825736285, "citizenship_citizen_by_naturalization": 0.03502344338181025, "citizenship_not_citizen": 0.06279397404456122, "birthplace_non_us": 0.09781741742637189, "birthplace_us_not_state": 0.23179503999165202, "birthplace_us_state": 0.6703875425819761, "language_english_only": 0.7926500377566559, "language_spanish": 0.1573833239441119, "education_high_school": 0.8696794279320912, "education_ugrad": 0.23396734283536658, "education_grad": 0.07411911595401355, "education_field_stem": 0.09387988952127725, "education_field_humanities": 0.0977174576921622, "education_field_business": 0.04236999562192937, "generation_silent": 0.05581313872965958, "generation_boomer": 0.20160935648103273, "generation_genx": 0.17815106631979757, "generation_millenial": 0.21343540584258425, "generation_genz": 0.21119169903021137, "generation_genalpha": 0.13979933359671454, "poverty_below_line": 0.14351496843654343, "household_income_under_50k": 0.42693709803301916, "household_income_over_100k": 0.26158603451852797, "individual_income_under_50k": 0.6729920941642534, "individual_income_over_100k": 0.09076058807123823, "housing_per_pop": 0.5605756689458915, "vacancy": 0.10161723879610453, "rent_or_own_rent": 0.3631855049841427, "rent_burden_under_20": 0.28261831048208763, "rent_burden_over_40": 0.31083591331269417, "rent_1br_under_750": 0.5088863182248393, "rent_1br_over_1500": 0.036386581133662776, "rent_2br_under_750": 0.20449038927475235, "rent_2br_over_1500": 0.04030043611694373, "year_built_1969_or_earlier": 0.43546803259109945, "year_built_2010_or_later": 0.10048922034378083, "transportation_means_car": 0.9230953790047827, "transportation_means_bike": 0.0029031174522944924, "transportation_means_walk": 0.014291655336777544, "transportation_means_transit": 0.002103360578384165, "transportation_means_worked_at_home": 0.048145363809401875, "transportation_commute_time_under_15": 0.3355878942680929, "transportation_commute_time_over_60": 0.04456468769429828, "vehicle_ownership_at_least_1": 0.9465229547228338, "traffic_fatalities_last_decade_per_capita": 0.00018869258739593063, "traffic_fatalities_ped_last_decade_per_capita": 2.4935706815635803e-05, "GHLTH_cdc_2": 0.19259772253044896, "ARTHRITIS_cdc_2": 0.2335258560729852, "CASTHMA_cdc_2": 0.09971934393348776, "BPHIGH_cdc_2": 0.33160400390361827, "CANCER_cdc_2": 0.061575875213647685, "KIDNEY_cdc_2": 0.029788120925868734, "COPD_cdc_2": 0.07356857480225774, "CHD_cdc_2": 0.057473178806161165, "DIABETES_cdc_2": 0.11039685877424281, "OBESITY_cdc_2": 0.3908051749888114, "STROKE_cdc_2": 0.030316365538175866, "DISABILITY_cdc_2": 0.31443215308218564, "HEARING_cdc_2": 0.06898289741142727, "VISION_cdc_2": 0.05956762585661149, "COGNITION_cdc_2": 0.1539633685413736, "MOBILITY_cdc_2": 0.14087797960845186, "SELFCARE_cdc_2": 0.04365959809995185, "INDEPLIVE_cdc_2": 0.08910473448392997, "BINGE_cdc_2": 0.18575305307086526, "CSMOKING_cdc_2": 0.17377474941903942, "LPA_cdc_2": 0.2662920002803698, "SLEEP_cdc_2": 0.34472225547126273, "heating_utility_gas": 0.5933254956975342, "heating_electricity": 0.38144258602463804, "industry_agriculture,_forestry,_fishing_and_hunting": 0.015346785160821007, "industry_mining,_quarrying,_and_oil_and_gas_extraction": 0.008468009740978541, "industry_accommodation_and_food_services": 0.0783389734020687, "industry_arts,_entertainment,_and_recreation": 0.011859957620418147, "industry_construction": 0.08747114076979004, "industry_educational_services": 0.09177235206679507, "industry_health_care_and_social_assistance": 0.14587747873114218, "industry_finance_and_insurance": 0.03723236028969919, "industry_real_estate_and_rental_and_leasing": 0.016991365950852343, "industry_information": 0.009551219203643322, "industry_manufacturing": 0.10731680318795696, "industry_other_services,_except_public_administration": 0.05155918909516418, "industry_administrative_and_support_and_waste_management_services": 0.03673424206964191, "industry_management_of_companies_and_enterprises": 0.00027673234447642267, "industry_professional,_scientific,_and_technical_services": 0.042513994749992144, "industry_public_administration": 0.054872070590467614, "industry_retail_trade": 0.11134918877889889, "industry_transportation_and_warehousing": 0.04557386381606001, "industry_utilities": 0.018074575413517188, "industry_wholesale_trade": 0.028819697017616153, "occupation_architecture_and_engineering_occupations": 0.01442170846642846, "occupation_computer_and_mathematical_occupations": 0.018525253803093118, "occupation_life,_physical,_and_social_science_occupations": 0.005937885448622663, "occupation_arts,_design,_entertainment,_sports,_and_media_occupations": 0.015813276827224162, "occupation_community_and_social_service_occupations": 0.020185647869951733, "occupation_educational_instruction,_and_library_occupations": 0.06094436889212187, "occupation_legal_occupations": 0.007392706916727289, "occupation_health_diagnosing_and_treating_practitioners_and_other_technical_occupations": 0.04655428697934774, "occupation_health_technologists_and_technicians": 0.02374363515607703, "occupation_business_and_financial_operations_occupations": 0.036465416363578654, "occupation_management_occupations": 0.08641955786077976, "occupation_construction_and_extraction_occupations": 0.0698867769379172, "occupation_farming,_fishing,_and_forestry_occupations": 0.0053527942060153854, "occupation_installation,_maintenance,_and_repair_occupations": 0.039145766785793436, "occupation_material_moving_occupations": 0.03631519023372011, "occupation_transportation_occupations": 0.04605616875929013, "occupation_office_and_administrative_support_occupations": 0.10790189443056446, "occupation_sales_and_related_occupations": 0.1003352414687373, "occupation_building_and_grounds_cleaning_and_maintenance_occupations": 0.0402447895252853, "occupation_food_preparation_and_serving_related_occupations": 0.06188525886334164, "occupation_healthcare_support_occupations": 0.029713147158354034, "occupation_personal_care_and_service_occupations": 0.026953730352003553, "occupation_firefighting_and_prevention,_and_other_protective_service_workers_including_supervisors": 0.016477434453967564, "occupation_law_enforcement_workers_including_supervisors": 0.0168490464594073, "sors_cohabiting_partnered_gay": 0.004971935029406731, "2020 Presidential Election-margin": -0.5343438256658621, "2016 Presidential Election-margin": -0.5809640829607389, "2016-2020 Swing-margin": 0.04662025729487673, "park_percent_1km_v2": 0.02039762707708826, "mean_dist_Hospital_updated": 9.14466277609669, "mean_dist_Active Superfund Site_updated": 31.1542554745108, "mean_dist_Airport_updated": 18.150522361740634, "mean_dist_Public School_updated": 1.4052420023216696, "lapop1share_usda_fra_1": 0.6440319481639176, "mean_high_temp_4": 72.84826990434247, "mean_high_temp_winter_4": 56.22983390088084, "mean_high_temp_spring_4": 79.06313422559653, "mean_high_temp_summer_4": 89.28459231468159, "mean_high_temp_fall_4": 65.91779248521033, "mean_high_heat_index_4": 71.51628175262124, "days_above_90_4": 0.1796328346832949, "days_below_40_4": 0.04004521473046998, "wind_speed_over_10mph_4": 0.5323070854130683, "snowfall_4": 0.04850323836836404, "rainfall_4": 0.39564659908879474, "hours_sunny_4": 7.526320611191125, "internet_no_access": 0.1150650556702675, "insurance_coverage_none": 0.20600308671623402, "insurance_coverage_govt": 0.09709707786593898,