{"population": 786630.0, "ad_1": 1026.1356622346507, "population_change_2010": 9.535251826000725e-05, "ad_1_change_2010": -0.03886418714107849, "population_change_2000": -0.0027219353505490143, "ad_1_change_2000": -0.14028172152392207, "gpw_population": NaN, "gpw_pw_density_4": NaN, "white": 0.7565602634021077, "hispanic": 0.026635139773464017, "black": 0.1297979990592782, "asian": 0.032046832691354256, "homogeneity_250_2020": 0.6812374271134792, "homogeneity_250_diff_2010": -0.09386339525154952, "homogeneity_250_diff_2000": -0.14810308088705337, "citizenship_citizen_by_birth": 0.9542126070282418, "citizenship_citizen_by_naturalization": 0.026136202128784803, "citizenship_not_citizen": 0.0196511908429734, "birthplace_non_us": 0.04578739297175793, "birthplace_us_not_state": 0.17462540781939084, "birthplace_us_state": 0.7795871992088512, "language_english_only": 0.9400341945637637, "language_spanish": 0.013852696889333688, "education_high_school": 0.9292380355687843, "education_ugrad": 0.30804875483997013, "education_grad": 0.11207055693580033, "education_field_stem": 0.12560930954194258, "education_field_humanities": 0.11096366529007928, "education_field_business": 0.07147578000794923, "generation_silent": 0.07390291433065668, "generation_boomer": 0.2556634342135114, "generation_genx": 0.1854780142367559, "generation_millenial": 0.18928706178627067, "generation_genz": 0.18197602314590805, "generation_genalpha": 0.1136925522868972, "poverty_below_line": 0.12931117107066586, "household_income_under_50k": 0.4136321105452334, "household_income_over_100k": 0.27312469932239186, "individual_income_under_50k": 0.6784361802238877, "individual_income_over_100k": 0.09154094441468706, "housing_per_pop": 0.5744504835680222, "vacancy": 0.07126867030710221, "rent_or_own_rent": 0.3317231827704334, "rent_burden_under_20": 0.3035076011280087, "rent_burden_over_40": 0.3016402774438092, "rent_1br_under_750": 0.6736151824293849, "rent_1br_over_1500": 0.029784991185282928, "rent_2br_under_750": 0.2893989259378204, "rent_2br_over_1500": 0.03519049515573395, "year_built_1969_or_earlier": 0.5606750456228737, "year_built_2010_or_later": 0.03501494214591758, "transportation_means_car": 0.8809163940574014, "transportation_means_bike": 0.001687240368339173, "transportation_means_walk": 0.011618754275084634, "transportation_means_transit": 0.011897750371864382, "transportation_means_worked_at_home": 0.08677405299580085, "transportation_commute_time_under_15": 0.302485043397558, "transportation_commute_time_over_60": 0.04371411402741721, "vehicle_ownership_at_least_1": 0.9239468498209109, "traffic_fatalities_last_decade_per_capita": 7.131688341405745e-05, "traffic_fatalities_ped_last_decade_per_capita": 1.1949709520358999e-05, "GHLTH_cdc_2": 0.18065461275908096, "ARTHRITIS_cdc_2": 0.30149962075617803, "CASTHMA_cdc_2": 0.10660281135093212, "BPHIGH_cdc_2": 0.33989015450063353, "CANCER_cdc_2": 0.07484183224232031, "KIDNEY_cdc_2": 0.03175984467492231, "COPD_cdc_2": 0.08390821804870806, "CHD_cdc_2": 0.06872774250993435, "DIABETES_cdc_2": 0.11761956898115357, "OBESITY_cdc_2": 0.4265941085296883, "STROKE_cdc_2": 0.03412703513776463, "DISABILITY_cdc_2": 0.32100691542862725, "HEARING_cdc_2": 0.06609393044998098, "VISION_cdc_2": 0.051129770639932806, "COGNITION_cdc_2": 0.1433346793740822, "MOBILITY_cdc_2": 0.15924066977756604, "SELFCARE_cdc_2": 0.041129862977558544, "INDEPLIVE_cdc_2": 0.0878506043167835, "BINGE_cdc_2": 0.1646389516381684, "CSMOKING_cdc_2": 0.20165788250037012, "LPA_cdc_2": 0.2714180074859397, "SLEEP_cdc_2": 0.35442421884017383, "heating_utility_gas": 0.8423334509759535, "heating_electricity": 0.1284383158463207, "industry_agriculture,_forestry,_fishing_and_hunting": 0.002634529217357499, "industry_mining,_quarrying,_and_oil_and_gas_extraction": 0.0013275125257458317, "industry_accommodation_and_food_services": 0.07678294829363326, "industry_arts,_entertainment,_and_recreation": 0.015873599881500475, "industry_construction": 0.056661443796501024, "industry_educational_services": 0.07680482343870573, "industry_health_care_and_social_assistance": 0.1587250762665552, "industry_finance_and_insurance": 0.04939191436091497, "industry_real_estate_and_rental_and_leasing": 0.014985514620641016, "industry_information": 0.015099812828255644, "industry_manufacturing": 0.1497977849608664, "industry_other_services,_except_public_administration": 0.04828721975794238, "industry_administrative_and_support_and_waste_management_services": 0.039359896141455485, "industry_management_of_companies_and_enterprises": 0.0016084416546224536, "industry_professional,_scientific,_and_technical_services": 0.0580704663878786, "industry_public_administration": 0.03204640934391672, "industry_retail_trade": 0.12060442269573134, "industry_transportation_and_warehousing": 0.043214330305289116, "industry_utilities": 0.010006922789585355, "industry_wholesale_trade": 0.02871693073290159, "occupation_architecture_and_engineering_occupations": 0.021523336437278485, "occupation_computer_and_mathematical_occupations": 0.027375949555020658, "occupation_life,_physical,_and_social_science_occupations": 0.008020456076295287, "occupation_arts,_design,_entertainment,_sports,_and_media_occupations": 0.015342349024930856, "occupation_community_and_social_service_occupations": 0.01915590204746865, "occupation_educational_instruction,_and_library_occupations": 0.052807598289809146, "occupation_legal_occupations": 0.008754695177447926, "occupation_health_diagnosing_and_treating_practitioners_and_other_technical_occupations": 0.0466205871559021, "occupation_health_technologists_and_technicians": 0.019061390666915215, "occupation_business_and_financial_operations_occupations": 0.055558758246659706, "occupation_management_occupations": 0.11075812631002205, "occupation_construction_and_extraction_occupations": 0.03509069974216324, "occupation_farming,_fishing,_and_forestry_occupations": 0.0008995545883767146, "occupation_installation,_maintenance,_and_repair_occupations": 0.030188623409024326, "occupation_material_moving_occupations": 0.041956968425717917, "occupation_transportation_occupations": 0.03499744531108465, "occupation_office_and_administrative_support_occupations": 0.12223856934255675, "occupation_sales_and_related_occupations": 0.10399440153471178, "occupation_building_and_grounds_cleaning_and_maintenance_occupations": 0.031606671284489934, "occupation_food_preparation_and_serving_related_occupations": 0.06407376604892304, "occupation_healthcare_support_occupations": 0.035274180329499284, "occupation_personal_care_and_service_occupations": 0.021608959036401153, "occupation_firefighting_and_prevention,_and_other_protective_service_workers_including_supervisors": 0.01007955573694124, "occupation_law_enforcement_workers_including_supervisors": 0.007764383745678344, "sors_cohabiting_partnered_gay": 0.006771180581593379, "2020 Presidential Election-margin": 0.028185586848165, "2016 Presidential Election-margin": 0.021086779749326406, "2016-2020 Swing-margin": 0.007098807098838592, "park_percent_1km_v2": 0.035333350057806086, "mean_dist_Hospital_updated": 5.788753569953265, "mean_dist_Active Superfund Site_updated": 13.220767017906512, "mean_dist_Airport_updated": 18.681239671930395, "mean_dist_Public School_updated": 1.2606808977268154, "lapop1share_usda_fra_1": 0.6301217752278365, "mean_high_temp_4": 60.114728988118706, "mean_high_temp_winter_4": 38.84773864413499, "mean_high_temp_spring_4": 66.78263738147312, "mean_high_temp_summer_4": 79.94005516659064, "mean_high_temp_fall_4": 53.8514563388501, "mean_high_heat_index_4": 59.33434256959703, "days_above_90_4": 0.014300226024684703, "days_below_40_4": 0.1956886118012912, "wind_speed_over_10mph_4": 0.1865837308837034, "snowfall_4": 0.1271696685621989, "rainfall_4": 0.9763716755299781, "hours_sunny_4": 4.111495731907058, "internet_no_access": 0.10162200640806217, "insurance_coverage_none": 0.08010899880056346, "insurance_coverage_govt": 0.21090898366307295,