{"population": 441251.0, "ad_1": 5777.88568705451, "population_change_2010": 0.10695479620788878, "ad_1_change_2010": 0.1998089340209504, "gpw_population": NaN, "gpw_pw_density_4": NaN, "white": 0.1391362285864508, "hispanic": 0.7024097395813267, "black": 0.11884618958370632, "asian": 0.01311045187433003, "citizenship_citizen_by_birth": 0.41900400461363874, "citizenship_citizen_by_naturalization": 0.29721158678072845, "citizenship_not_citizen": 0.28378440860563275, "birthplace_non_us": 0.5809959953863613, "birthplace_us_not_state": 0.13102045912864038, "birthplace_us_state": 0.28798354548499844, "language_english_only": 0.22118827754208345, "language_spanish": 0.7015036133134843, "education_high_school": 0.7966553700001588, "education_ugrad": 0.32240101092212814, "education_grad": 0.12926269790771444, "education_field_stem": 0.14431630472364612, "education_field_humanities": 0.08925241702898697, "education_field_business": 0.08883228916949508, "generation_silent": 0.0795084403154155, "generation_boomer": 0.20913889576689101, "generation_genx": 0.20934477322555844, "generation_millenial": 0.26035380347991965, "generation_genz": 0.14197632454514167, "generation_genalpha": 0.09967776266707391, "poverty_below_line": 0.20890381767725932, "household_income_under_50k": 0.5145270580382759, "household_income_over_100k": 0.23032739402585753, "individual_income_under_50k": 0.7421839565901466, "individual_income_over_100k": 0.09723914061747861, "housing_per_pop": 0.5743765188232259, "vacancy": 0.11646024392549872, "rent_or_own_rent": 0.7002609666283615, "rent_burden_under_20": 0.16501894286926574, "rent_burden_over_40": 0.44987907592255605, "rent_1br_under_750": 0.20402997689700833, "rent_1br_over_1500": 0.32401641223605826, "rent_2br_under_750": 0.06327645847366242, "rent_2br_over_1500": 0.475700072106754, "year_built_1969_or_earlier": 0.4359944328378039, "year_built_2010_or_later": 0.11603572053039908, "transportation_means_car": 0.7443558961974228, "transportation_means_bike": 0.011945152260238692, "transportation_means_walk": 0.04791007277492183, "transportation_means_transit": 0.07520121646804438, "transportation_means_worked_at_home": 0.10078084070433493, "transportation_commute_time_under_15": 0.15096672311153142, "transportation_commute_time_over_60": 0.07983697176928271, "vehicle_ownership_at_least_1": 0.8245637177872943, "GHLTH_cdc_2": 0.17895230729346656, "ARTHRITIS_cdc_2": 0.2682640394241174, "CASTHMA_cdc_2": 0.10427776663481221, "BPHIGH_cdc_2": 0.3395216390932594, "CANCER_cdc_2": 0.0695706763656685, "KIDNEY_cdc_2": 0.03160970520185274, "COPD_cdc_2": 0.07570033914847692, "CHD_cdc_2": 0.06344030106626503, "DIABETES_cdc_2": 0.11329064190900306, "OBESITY_cdc_2": 0.3592584343269335, "STROKE_cdc_2": 0.033198565310702983, "DISABILITY_cdc_2": 0.308298693888963, "HEARING_cdc_2": 0.07226797181784209, "VISION_cdc_2": 0.054784103052383334, "COGNITION_cdc_2": 0.14369272355477816, "MOBILITY_cdc_2": 0.14800279890634693, "SELFCARE_cdc_2": 0.042378652452575084, "INDEPLIVE_cdc_2": 0.0850159777537789, "BINGE_cdc_2": 0.16555453666054534, "CSMOKING_cdc_2": 0.17630184278568375, "LPA_cdc_2": 0.2610754203780086, "SLEEP_cdc_2": 0.36823814154040013, "heating_utility_gas": 0.024408953017545518, "heating_electricity": 0.9249981927001627, "industry_agriculture,_forestry,_fishing_and_hunting": 0.0033370414029286104, "industry_mining,_quarrying,_and_oil_and_gas_extraction": 0.0004981949749965964, "industry_accommodation_and_food_services": 0.10501643474028917, "industry_arts,_entertainment,_and_recreation": 0.0229063491724789, "industry_construction": 0.11082399398680971, "industry_educational_services": 0.057722576943872006, "industry_health_care_and_social_assistance": 0.11031354888901947, "industry_finance_and_insurance": 0.042283227666695844, "industry_real_estate_and_rental_and_leasing": 0.03651126854721876, "industry_information": 0.020926561083073936, "industry_manufacturing": 0.03758443488716749, "industry_other_services,_except_public_administration": 0.06334695336814274, "industry_administrative_and_support_and_waste_management_services": 0.06354471021305383, "industry_management_of_companies_and_enterprises": 0.0013931824079550835, "industry_professional,_scientific,_and_technical_services": 0.09171732575172314, "industry_public_administration": 0.02593955246401971, "industry_retail_trade": 0.0990408184972131, "industry_transportation_and_warehousing": 0.0752085267927754, "industry_utilities": 0.0028509161452491116, "industry_wholesale_trade": 0.029034382065317305, "occupation_architecture_and_engineering_occupations": 0.01083982825172916, "occupation_computer_and_mathematical_occupations": 0.01685063444229161, "occupation_life,_physical,_and_social_science_occupations": 0.0052093876425404985, "occupation_arts,_design,_entertainment,_sports,_and_media_occupations": 0.024672893914934997, "occupation_community_and_social_service_occupations": 0.010179308442911728, "occupation_educational_instruction,_and_library_occupations": 0.03710880625409355, "occupation_legal_occupations": 0.023652281628919997, "occupation_health_diagnosing_and_treating_practitioners_and_other_technical_occupations": 0.03276585181926394, "occupation_health_technologists_and_technicians": 0.012942048778838812, "occupation_business_and_financial_operations_occupations": 0.05235804407083475, "occupation_management_occupations": 0.11871385447017738, "occupation_construction_and_extraction_occupations": 0.0867312357262831, "occupation_farming,_fishing,_and_forestry_occupations": 0.003049840288396132, "occupation_installation,_maintenance,_and_repair_occupations": 0.02480004319911216, "occupation_material_moving_occupations": 0.0266786849189078, "occupation_transportation_occupations": 0.04971191085678327, "occupation_office_and_administrative_support_occupations": 0.10353542825346124, "occupation_sales_and_related_occupations": 0.11403755211290272, "occupation_building_and_grounds_cleaning_and_maintenance_occupations": 0.07713717801753923, "occupation_food_preparation_and_serving_related_occupations": 0.07152801035926436, "occupation_healthcare_support_occupations": 0.02545780008753643, "occupation_personal_care_and_service_occupations": 0.030150587943365333, "occupation_firefighting_and_prevention,_and_other_protective_service_workers_including_supervisors": 0.014537562684995146, "occupation_law_enforcement_workers_including_supervisors": 0.0038877805862581037, "2020 Presidential Election-margin": 0.19187178426291987, "2016 Presidential Election-margin": 0.399258645844973, "2016-2020 Swing-margin": -0.20738686158205313, "park_percent_1km_v2": 0.01917498335039123, "mean_dist_Hospital_updated": 1.7797238730675062, "mean_dist_Active Superfund Site_updated": 5.3338067692011055, "mean_dist_Airport_updated": 7.709170708219659, "mean_dist_Public School_updated": 0.5674790198860643, "mean_high_temp_4": 80.33488442187935, "mean_high_temp_winter_4": 74.92297027387426, "mean_high_temp_spring_4": 81.0274793987857, "mean_high_temp_summer_4": 85.48062507134088, "mean_high_temp_fall_4": 79.67541283255302, "mean_high_heat_index_4": 85.02378616127595, "days_above_90_4": 0.0032152482638841216, "days_below_40_4": 0.0, "wind_speed_over_10mph_4": 0.3745308384488854, "snowfall_4": 0.0, "rainfall_4": 1.1231869548256146, "hours_sunny_4": 5.777593733406723, "internet_no_access": 0.21607771268735176, "insurance_coverage_none": 0.24914099496568168, "insurance_coverage_govt": 0.1406550470738399, "insurance_coverage_private": 0.6102039579604783, "marriage_divorced": 0.1355962047923378}