{"population": 1247374.0, "ad_1": 1161.5440770851342, "population_change_2010": 0.19292188752216333, "ad_1_change_2010": 0.08347743961470168, "gpw_population": NaN, "gpw_pw_density_4": NaN, "white": 0.5351209821593202, "hispanic": 0.11240333693022302, "black": 0.2470870805387959, "asian": 0.04871594245190296, "citizenship_citizen_by_birth": 0.889552400059753, "citizenship_citizen_by_naturalization": 0.06411588900783247, "citizenship_not_citizen": 0.046331710932414526, "birthplace_non_us": 0.110447599940247, "birthplace_us_not_state": 0.434598990735256, "birthplace_us_state": 0.454953409324497, "language_english_only": 0.8534239988955109, "language_spanish": 0.07070342401161911, "education_high_school": 0.9182789973033906, "education_ugrad": 0.32645609805139425, "education_grad": 0.11173452083689715, "education_field_stem": 0.13957001057471083, "education_field_humanities": 0.10167516418369162, "education_field_business": 0.08521092329299182, "generation_silent": 0.05442339814335476, "generation_boomer": 0.21817903889940485, "generation_genx": 0.19187291063848994, "generation_millenial": 0.22023181787526333, "generation_genz": 0.18791840229491785, "generation_genalpha": 0.12737443214856925, "poverty_below_line": 0.12814264845685205, "household_income_under_50k": 0.3843514447453399, "household_income_over_100k": 0.29975519834608244, "individual_income_under_50k": 0.6591581855550878, "individual_income_over_100k": 0.10597279408617771, "housing_per_pop": 0.548093817106841, "vacancy": 0.07728534518337601, "rent_or_own_rent": 0.38934444207068447, "rent_burden_under_20": 0.23364318344013493, "rent_burden_over_40": 0.33082392017423123, "rent_1br_under_750": 0.20431115192626298, "rent_1br_over_1500": 0.055106821450276275, "rent_2br_under_750": 0.11613661375231246, "rent_2br_over_1500": 0.20648598771682222, "year_built_1969_or_earlier": 0.2564764077794541, "year_built_2010_or_later": 0.10605664825365424, "transportation_means_car": 0.8509085361049646, "transportation_means_bike": 0.006007043934968361, "transportation_means_walk": 0.012754032367235152, "transportation_means_transit": 0.011681061282146875, "transportation_means_worked_at_home": 0.10398395151210055, "transportation_commute_time_under_15": 0.2011415445607636, "transportation_commute_time_over_60": 0.04882949971435335, "vehicle_ownership_at_least_1": 0.9356307763058154, "GHLTH_cdc_2": 0.17895230729346653, "ARTHRITIS_cdc_2": 0.2682640394241174, "CASTHMA_cdc_2": 0.10427776663481221, "BPHIGH_cdc_2": 0.33952163909325944, "CANCER_cdc_2": 0.0695706763656685, "KIDNEY_cdc_2": 0.03160970520185274, "COPD_cdc_2": 0.07570033914847692, "CHD_cdc_2": 0.06344030106626503, "DIABETES_cdc_2": 0.11329064190900305, "OBESITY_cdc_2": 0.35925843432693355, "STROKE_cdc_2": 0.033198565310702983, "DISABILITY_cdc_2": 0.308298693888963, "HEARING_cdc_2": 0.07226797181784209, "VISION_cdc_2": 0.05478410305238333, "COGNITION_cdc_2": 0.14369272355477816, "MOBILITY_cdc_2": 0.14800279890634693, "SELFCARE_cdc_2": 0.042378652452575084, "INDEPLIVE_cdc_2": 0.0850159777537789, "BINGE_cdc_2": 0.16555453666054534, "CSMOKING_cdc_2": 0.17630184278568375, "LPA_cdc_2": 0.2610754203780086, "SLEEP_cdc_2": 0.3516659099923954, "heating_utility_gas": 0.02865287710788369, "heating_electricity": 0.9486278717322888, "industry_agriculture,_forestry,_fishing_and_hunting": 0.0022793961431214886, "industry_mining,_quarrying,_and_oil_and_gas_extraction": 0.0006260449497573759, "industry_accommodation_and_food_services": 0.07808520803600141, "industry_arts,_entertainment,_and_recreation": 0.019516197148499618, "industry_construction": 0.06870139789617019, "industry_educational_services": 0.0707339634714022, "industry_health_care_and_social_assistance": 0.13994611928451833, "industry_finance_and_insurance": 0.09211849180783245, "industry_real_estate_and_rental_and_leasing": 0.020156638330865603, "industry_information": 0.014712703682572739, "industry_manufacturing": 0.05185685016054653, "industry_other_services,_except_public_administration": 0.05084641195940058, "industry_administrative_and_support_and_waste_management_services": 0.05610955320827071, "industry_management_of_companies_and_enterprises": 0.0016272088374684422, "industry_professional,_scientific,_and_technical_services": 0.0736413943260774, "industry_public_administration": 0.04398074121157692, "industry_retail_trade": 0.12044065713890822, "industry_transportation_and_warehousing": 0.06511521263375263, "industry_utilities": 0.006309912633373188, "industry_wholesale_trade": 0.023195897139883993, "occupation_architecture_and_engineering_occupations": 0.014488744395379375, "occupation_computer_and_mathematical_occupations": 0.03970695913714976, "occupation_life,_physical,_and_social_science_occupations": 0.005793493605974136, "occupation_arts,_design,_entertainment,_sports,_and_media_occupations": 0.021162516900509992, "occupation_community_and_social_service_occupations": 0.01654548835458649, "occupation_educational_instruction,_and_library_occupations": 0.05039291149886495, "occupation_legal_occupations": 0.011835213141355392, "occupation_health_diagnosing_and_treating_practitioners_and_other_technical_occupations": 0.04600598058848629, "occupation_health_technologists_and_technicians": 0.0193504534877636, "occupation_business_and_financial_operations_occupations": 0.0680713826746014, "occupation_management_occupations": 0.10992367105167071, "occupation_construction_and_extraction_occupations": 0.04139371483346406, "occupation_farming,_fishing,_and_forestry_occupations": 0.0017596583745926309, "occupation_installation,_maintenance,_and_repair_occupations": 0.03226247291208677, "occupation_material_moving_occupations": 0.043485852238061506, "occupation_transportation_occupations": 0.0400405990456474, "occupation_office_and_administrative_support_occupations": 0.1299249786652343, "occupation_sales_and_related_occupations": 0.10769898617270572, "occupation_building_and_grounds_cleaning_and_maintenance_occupations": 0.031012380286129036, "occupation_food_preparation_and_serving_related_occupations": 0.06042053031110503, "occupation_healthcare_support_occupations": 0.02623414848627286, "occupation_personal_care_and_service_occupations": 0.026238549430014198, "occupation_firefighting_and_prevention,_and_other_protective_service_workers_including_supervisors": 0.014140515569410737, "occupation_law_enforcement_workers_including_supervisors": 0.009243091349169123, "2020 Presidential Election-margin": -0.04056831447678151, "2016 Presidential Election-margin": -0.09587046403181457, "2016-2020 Swing-margin": 0.055302149555033056, "park_percent_1km_v2": 0.014154362421520041, "mean_dist_Hospital_updated": 5.904300659647421, "mean_dist_Active Superfund Site_updated": 11.302458473349905, "mean_dist_Airport_updated": 26.51163530209362, "mean_dist_Public School_updated": 1.2986877426300718, "mean_high_temp_4": 77.91117307710199, "mean_high_temp_winter_4": 67.47571058504874, "mean_high_temp_spring_4": 81.22776777735643, "mean_high_temp_summer_4": 87.64742654219044, "mean_high_temp_fall_4": 74.78291442924463, "mean_high_heat_index_4": 81.74439076839326, "days_above_90_4": 0.0989532375506736, "days_below_40_4": 0.0001795722775421852, "wind_speed_over_10mph_4": 0.15152782798811448, "snowfall_4": 4.552102330448936e-06, "rainfall_4": 1.0557705996702849, "hours_sunny_4": 5.360264801866779, "internet_no_access": 0.08284140061524987, "insurance_coverage_none": 0.1476749047047681, "insurance_coverage_govt": 0.1385007472329991, "insurance_coverage_private": 0.7138243480622327, "marriage_divorced": 0.13273468454033371}