{"population": 1247374.0, "ad_1": 1161.5440770851342, "population_change_2010": 0.19292188752216333, "ad_1_change_2010": 0.08347743961470305, "population_change_2000": 0.3859526317426879, "ad_1_change_2000": 0.015186298178786008, "gpw_population": NaN, "gpw_pw_density_4": NaN, "white": 0.5351209821593202, "hispanic": 0.11240333693022302, "black": 0.2470870805387959, "asian": 0.04871594245190296, "homogeneity_250_2020": 0.5024665372989809, "homogeneity_250_diff_2010": -0.08632564684388133, "homogeneity_250_diff_2000": -0.1746026108948533, "citizenship_citizen_by_birth": 0.8895524000597533, "citizenship_citizen_by_naturalization": 0.0641158890078325, "citizenship_not_citizen": 0.04633171093241419, "birthplace_non_us": 0.11044759994024775, "birthplace_us_not_state": 0.43459899073525493, "birthplace_us_state": 0.4549534093244972, "language_english_only": 0.8534239988955117, "language_spanish": 0.07070342401161903, "education_high_school": 0.9182789973033909, "education_ugrad": 0.32645609805139464, "education_grad": 0.11173452083689696, "education_field_stem": 0.1395700105747107, "education_field_humanities": 0.10167516418369146, "education_field_business": 0.08521092329299115, "generation_silent": 0.05442339814335467, "generation_boomer": 0.2181790388994058, "generation_genx": 0.19187291063848946, "generation_millenial": 0.2202318178752632, "generation_genz": 0.18791840229491852, "generation_genalpha": 0.12737443214856847, "poverty_below_line": 0.12814264845685233, "household_income_under_50k": 0.38435144474533905, "household_income_over_100k": 0.29975519834608205, "individual_income_under_50k": 0.6591581855550899, "individual_income_over_100k": 0.10597279408617724, "housing_per_pop": 0.548093817106841, "vacancy": 0.07728534518337601, "rent_or_own_rent": 0.38934444207068614, "rent_burden_under_20": 0.23364318344013696, "rent_burden_over_40": 0.33082392017423123, "rent_1br_under_750": 0.20431115192626273, "rent_1br_over_1500": 0.055106821450276275, "rent_2br_under_750": 0.11613661375231223, "rent_2br_over_1500": 0.20648598771682236, "year_built_1969_or_earlier": 0.2564764077794539, "year_built_2010_or_later": 0.10605664825365427, "transportation_means_car": 0.8509085361049643, "transportation_means_bike": 0.006007043934968356, "transportation_means_walk": 0.01275403236723512, "transportation_means_transit": 0.011681061282146885, "transportation_means_worked_at_home": 0.1039839515121007, "transportation_commute_time_under_15": 0.20114154456076447, "transportation_commute_time_over_60": 0.048829499714353235, "vehicle_ownership_at_least_1": 0.9356307763058153, "GHLTH_cdc_2": 0.17895230729346887, "ARTHRITIS_cdc_2": 0.26826403942411675, "CASTHMA_cdc_2": 0.10427776663481027, "BPHIGH_cdc_2": 0.3395216390932611, "CANCER_cdc_2": 0.06957067636566859, "KIDNEY_cdc_2": 0.03160970520184981, "COPD_cdc_2": 0.07570033914847707, "CHD_cdc_2": 0.06344030106626271, "DIABETES_cdc_2": 0.11329064190900237, "OBESITY_cdc_2": 0.35925843432694243, "STROKE_cdc_2": 0.03319856531070222, "DISABILITY_cdc_2": 0.30829869388896325, "HEARING_cdc_2": 0.07226797181784286, "VISION_cdc_2": 0.05478410305238298, "COGNITION_cdc_2": 0.1436927235547758, "MOBILITY_cdc_2": 0.14800279890634868, "SELFCARE_cdc_2": 0.04237865245257582, "INDEPLIVE_cdc_2": 0.08501597775377952, "BINGE_cdc_2": 0.16555453666055164, "CSMOKING_cdc_2": 0.1763018427856826, "LPA_cdc_2": 0.2610754203780178, "SLEEP_cdc_2": 0.35166590999239294, "heating_utility_gas": 0.028652877107883758, "heating_electricity": 0.9486278717322886, "industry_agriculture,_forestry,_fishing_and_hunting": 0.0022793961431214933, "industry_mining,_quarrying,_and_oil_and_gas_extraction": 0.0006260449497573771, "industry_accommodation_and_food_services": 0.0780852080360015, "industry_arts,_entertainment,_and_recreation": 0.019516197148499694, "industry_construction": 0.06870139789617, "industry_educational_services": 0.07073396347140244, "industry_health_care_and_social_assistance": 0.13994611928451828, "industry_finance_and_insurance": 0.09211849180783245, "industry_real_estate_and_rental_and_leasing": 0.020156638330865624, "industry_information": 0.014712703682572777, "industry_manufacturing": 0.05185685016054656, "industry_other_services,_except_public_administration": 0.05084641195940051, "industry_administrative_and_support_and_waste_management_services": 0.0561095532082706, "industry_management_of_companies_and_enterprises": 0.0016272088374684477, "industry_professional,_scientific,_and_technical_services": 0.07364139432607754, "industry_public_administration": 0.04398074121157688, "industry_retail_trade": 0.12044065713890789, "industry_transportation_and_warehousing": 0.06511521263375279, "industry_utilities": 0.006309912633373177, "industry_wholesale_trade": 0.023195897139884004, "occupation_architecture_and_engineering_occupations": 0.014488744395379314, "occupation_computer_and_mathematical_occupations": 0.039706959137149625, "occupation_life,_physical,_and_social_science_occupations": 0.005793493605974146, "occupation_arts,_design,_entertainment,_sports,_and_media_occupations": 0.021162516900509982, "occupation_community_and_social_service_occupations": 0.016545488354586555, "occupation_educational_instruction,_and_library_occupations": 0.05039291149886495, "occupation_legal_occupations": 0.011835213141355397, "occupation_health_diagnosing_and_treating_practitioners_and_other_technical_occupations": 0.046005980588486206, "occupation_health_technologists_and_technicians": 0.01935045348776355, "occupation_business_and_financial_operations_occupations": 0.06807138267460129, "occupation_management_occupations": 0.10992367105167071, "occupation_construction_and_extraction_occupations": 0.04139371483346415, "occupation_farming,_fishing,_and_forestry_occupations": 0.0017596583745926296, "occupation_installation,_maintenance,_and_repair_occupations": 0.03226247291208681, "occupation_material_moving_occupations": 0.043485852238061486, "occupation_transportation_occupations": 0.040040599045647156, "occupation_office_and_administrative_support_occupations": 0.1299249786652347, "occupation_sales_and_related_occupations": 0.10769898617270575, "occupation_building_and_grounds_cleaning_and_maintenance_occupations": 0.031012380286129074, "occupation_food_preparation_and_serving_related_occupations": 0.06042053031110487, "occupation_healthcare_support_occupations": 0.02623414848627286, "occupation_personal_care_and_service_occupations": 0.02623854943001428, "occupation_firefighting_and_prevention,_and_other_protective_service_workers_including_supervisors": 0.014140515569410754, "occupation_law_enforcement_workers_including_supervisors": 0.009243091349169145, "sors_cohabiting_partnered_gay": 0.006915918652658525, "2020 Presidential Election-margin": -0.040568314476781234, "2016 Presidential Election-margin": -0.09587046403181967, "2016-2020 Swing-margin": 0.05530214955503844, "park_percent_1km_v2": 0.014154362421520041, "mean_dist_Hospital_updated": 5.904300659647421, "mean_dist_Active Superfund Site_updated": 11.302458473349905, "mean_dist_Airport_updated": 26.51163530209362, "mean_dist_Public School_updated": 1.2986877426300718, "lapop1share_usda_fra_1": 0.6609934435904194, "mean_high_temp_4": 77.91117307710199, "mean_high_temp_winter_4": 67.47571058504874, "mean_high_temp_spring_4": 81.22776777735643, "mean_high_temp_summer_4": 87.64742654219044, "mean_high_temp_fall_4": 74.78291442924463, "mean_high_heat_index_4": 81.74439076839326, "days_above_90_4": 0.0989532375506736, "days_below_40_4": 0.0001795722775421852, "wind_speed_over_10mph_4": 0.15152782798811448, "snowfall_4": 4.552102330448936e-06, "rainfall_4": 1.0557705996702849, "hours_sunny_4": 5.360264801866779, "internet_no_access": 0.08284140061524979, "insurance_coverage_none": 0.14767490470476807, "insurance_coverage_govt": 0.13850074723299938, "insurance_coverage_private": 0.7138243480622326, "marriage_divorced": 0.13273468454033419}