{"population": 1218615.0, "ad_1": 864.4549876732071, "population_change_2010": 0.00796452564380398, "ad_1_change_2010": -0.012333549477566064, "gpw_population": NaN, "gpw_pw_density_4": NaN, "white": 0.7807174538307833, "hispanic": 0.03160965522334782, "black": 0.11620241011312023, "asian": 0.018223146769078012, "citizenship_citizen_by_birth": 0.9640307396969937, "citizenship_citizen_by_naturalization": 0.019010679718094867, "citizenship_not_citizen": 0.016958580584911453, "birthplace_non_us": 0.035969260303006324, "birthplace_us_not_state": 0.22458693262216795, "birthplace_us_state": 0.7394438070748257, "language_english_only": 0.9533512031279209, "language_spanish": 0.015953770242054924, "education_high_school": 0.9180952676673908, "education_ugrad": 0.2573868790220199, "education_grad": 0.10426382900076855, "education_field_stem": 0.11477701469922014, "education_field_humanities": 0.08909287615406569, "education_field_business": 0.05351698816873403, "generation_silent": 0.07429708401049197, "generation_boomer": 0.24407966575428652, "generation_genx": 0.17975911233235, "generation_millenial": 0.18595286194831845, "generation_genz": 0.19676076978281562, "generation_genalpha": 0.1191505061717374, "poverty_below_line": 0.12681004757914124, "household_income_under_50k": 0.41143869780153064, "household_income_over_100k": 0.26355302533089, "individual_income_under_50k": 0.6857902317618785, "individual_income_over_100k": 0.07840521619154164, "housing_per_pop": 0.579660687765401, "vacancy": 0.08575960142981227, "rent_or_own_rent": 0.3295585648185247, "rent_burden_under_20": 0.33578059520554693, "rent_burden_over_40": 0.2670621502158792, "rent_1br_under_750": 0.7195279782418855, "rent_1br_over_1500": 0.029829123584706116, "rent_2br_under_750": 0.3556607136824432, "rent_2br_over_1500": 0.032344672737226056, "year_built_1969_or_earlier": 0.5446638502822153, "year_built_2010_or_later": 0.029650948696301693, "transportation_means_car": 0.8925474968086854, "transportation_means_bike": 0.002800029963825824, "transportation_means_walk": 0.022024195333371473, "transportation_means_transit": 0.010531008029143153, "transportation_means_worked_at_home": 0.06675143712193221, "transportation_commute_time_under_15": 0.32453988484821744, "transportation_commute_time_over_60": 0.04643611755076342, "vehicle_ownership_at_least_1": 0.9322557339869153, "GHLTH_cdc_2": 0.18369474159375954, "ARTHRITIS_cdc_2": 0.2987001195092327, "CASTHMA_cdc_2": 0.10752968678621921, "BPHIGH_cdc_2": 0.35901687743159066, "CANCER_cdc_2": 0.07323998839548031, "KIDNEY_cdc_2": 0.032199133341560424, "COPD_cdc_2": 0.08798626293330217, "CHD_cdc_2": 0.06993611452102129, "DIABETES_cdc_2": 0.12445203609525232, "OBESITY_cdc_2": 0.40211883266325893, "STROKE_cdc_2": 0.034789979843642085, "DISABILITY_cdc_2": 0.3132660346966479, "HEARING_cdc_2": 0.06654401490401374, "VISION_cdc_2": 0.05234184078858774, "COGNITION_cdc_2": 0.14537872410903918, "MOBILITY_cdc_2": 0.1596136690849966, "SELFCARE_cdc_2": 0.04216600525234417, "INDEPLIVE_cdc_2": 0.0893067771694065, "BINGE_cdc_2": 0.1661493280853192, "CSMOKING_cdc_2": 0.19477588879579294, "LPA_cdc_2": 0.2873656008261725, "SLEEP_cdc_2": 0.37364193020401004, "heating_utility_gas": 0.5988504975709406, "heating_electricity": 0.2784728315822595, "industry_agriculture,_forestry,_fishing_and_hunting": 0.011293609437834832, "industry_mining,_quarrying,_and_oil_and_gas_extraction": 0.00104728580036086, "industry_accommodation_and_food_services": 0.0700343744839722, "industry_arts,_entertainment,_and_recreation": 0.013956536491033907, "industry_construction": 0.05468552292723392, "industry_educational_services": 0.08139862156088548, "industry_health_care_and_social_assistance": 0.15318626586878717, "industry_finance_and_insurance": 0.03585264667670334, "industry_real_estate_and_rental_and_leasing": 0.01444766484324774, "industry_information": 0.013522636051283734, "industry_manufacturing": 0.1802990712933424, "industry_other_services,_except_public_administration": 0.0434046654239166, "industry_administrative_and_support_and_waste_management_services": 0.034496475555712856, "industry_management_of_companies_and_enterprises": 0.0020928290286745307, "industry_professional,_scientific,_and_technical_services": 0.05925019617495281, "industry_public_administration": 0.051245870349477675, "industry_retail_trade": 0.10591622943783736, "industry_transportation_and_warehousing": 0.04634871204711259, "industry_utilities": 0.005510359019580036, "industry_wholesale_trade": 0.022010427528049957, "occupation_architecture_and_engineering_occupations": 0.026540064691429326, "occupation_computer_and_mathematical_occupations": 0.02941158108074065, "occupation_life,_physical,_and_social_science_occupations": 0.007564505256849409, "occupation_arts,_design,_entertainment,_sports,_and_media_occupations": 0.01396685344077025, "occupation_community_and_social_service_occupations": 0.019283544618655363, "occupation_educational_instruction,_and_library_occupations": 0.0536646872933112, "occupation_legal_occupations": 0.006963317900569048, "occupation_health_diagnosing_and_treating_practitioners_and_other_technical_occupations": 0.0445750391279551, "occupation_health_technologists_and_technicians": 0.025215917659385537, "occupation_business_and_financial_operations_occupations": 0.04446478394028061, "occupation_management_occupations": 0.0957206134929154, "occupation_construction_and_extraction_occupations": 0.040046832950892626, "occupation_farming,_fishing,_and_forestry_occupations": 0.0038423713640527405, "occupation_installation,_maintenance,_and_repair_occupations": 0.03199162632968201, "occupation_material_moving_occupations": 0.0499969193403444, "occupation_transportation_occupations": 0.04077161598018888, "occupation_office_and_administrative_support_occupations": 0.1134064849691794, "occupation_sales_and_related_occupations": 0.08488801245336616, "occupation_building_and_grounds_cleaning_and_maintenance_occupations": 0.032074219628633896, "occupation_food_preparation_and_serving_related_occupations": 0.057181959338546896, "occupation_healthcare_support_occupations": 0.03481310435875086, "occupation_personal_care_and_service_occupations": 0.022821866011004128, "occupation_firefighting_and_prevention,_and_other_protective_service_workers_including_supervisors": 0.010338679955975016, "occupation_law_enforcement_workers_including_supervisors": 0.0078122620732806024, "2020 Presidential Election-margin": -0.21847088639178014, "2016 Presidential Election-margin": -0.22571454497384263, "2016-2020 Swing-margin": 0.0072436585820624955, "park_percent_1km_v2": 0.022342265214118955, "mean_dist_Hospital_updated": 6.830917168236254, "mean_dist_Active Superfund Site_updated": 15.242983937532959, "mean_dist_Airport_updated": 28.976883302191613, "mean_dist_Public School_updated": 1.8362480230797384, "mean_high_temp_4": 62.18109881872963, "mean_high_temp_winter_4": 40.854814924534686, "mean_high_temp_spring_4": 69.20990861744829, "mean_high_temp_summer_4": 81.76688801980805, "mean_high_temp_fall_4": 55.85673410737571, "mean_high_heat_index_4": 61.72793657298808, "days_above_90_4": 0.021984471399424797, "days_below_40_4": 0.16331846221013002, "wind_speed_over_10mph_4": 0.23118314432840442, "snowfall_4": 0.08591586737263036, "rainfall_4": 0.9832762554143297, "hours_sunny_4": 4.566292992313726, "internet_no_access": 0.10248114811864457, "insurance_coverage_none": 0.08166066725614346, "insurance_coverage_govt": 0.20448077355870656, "insurance_coverage_private": 0.71385855918515, "marriage_divorced": 0.12376363608197624}