{"population": 1837446.0, "ad_1": 3458.6469943847037, "population_change_2010": 0.08344895375556555, "ad_1_change_2010": 0.06132984416851352, "gpw_population": NaN, "gpw_pw_density_4": NaN, "white": 0.28681985756316103, "hispanic": 0.23412388717818103, "black": 0.021842274548476526, "asian": 0.4068914134075233, "citizenship_citizen_by_birth": 0.5896271584845258, "citizenship_citizen_by_naturalization": 0.21858968571739634, "citizenship_not_citizen": 0.19178315579807798, "birthplace_non_us": 0.4103728415154742, "birthplace_us_not_state": 0.15500080954745182, "birthplace_us_state": 0.4346263489370739, "language_english_only": 0.45642258948121495, "language_spanish": 0.16389207402238745, "education_high_school": 0.8961896399699713, "education_ugrad": 0.5538334292209597, "education_grad": 0.27594915757716354, "education_field_stem": 0.3667385123522634, "education_field_humanities": 0.1074227730100059, "education_field_business": 0.0796721438586904, "generation_silent": 0.05900566630474109, "generation_boomer": 0.19599928417418822, "generation_genx": 0.2070712158820607, "generation_millenial": 0.23821256246968084, "generation_genz": 0.18346823095628395, "generation_genalpha": 0.11624304021304521, "poverty_below_line": 0.06701289405433775, "household_income_under_50k": 0.17410857076456698, "household_income_over_100k": 0.6419614372523473, "individual_income_under_50k": 0.4674743806558985, "individual_income_over_100k": 0.32012234956655783, "housing_per_pop": 0.45271909698403556, "vacancy": 0.047476474321406774, "rent_or_own_rent": 0.44577531826233396, "rent_burden_under_20": 0.30552181710678783, "rent_burden_over_40": 0.2926371028787497, "rent_1br_under_750": 0.07208134117498739, "rent_1br_over_1500": 0.807059791939528, "rent_2br_under_750": 0.03343975318730642, "rent_2br_over_1500": 0.8958507008440304, "year_built_1969_or_earlier": 0.42318808537802577, "year_built_2010_or_later": 0.07271581843925498, "transportation_means_car": 0.7557984122007733, "transportation_means_bike": 0.01813478339345891, "transportation_means_walk": 0.021865420110600647, "transportation_means_transit": 0.035021937436934145, "transportation_means_worked_at_home": 0.15985718096744447, "transportation_commute_time_under_15": 0.1720822075912682, "transportation_commute_time_over_60": 0.08677484700532405, "vehicle_ownership_at_least_1": 0.9444527071704119, "GHLTH_cdc_2": 0.11964169995501331, "ARTHRITIS_cdc_2": 0.1517645701525289, "CASTHMA_cdc_2": 0.0826902925528826, "BPHIGH_cdc_2": 0.22743773911279427, "CANCER_cdc_2": 0.05186598223916041, "KIDNEY_cdc_2": 0.023154381014840963, "COPD_cdc_2": 0.03462817374929636, "CHD_cdc_2": 0.03685546263123377, "DIABETES_cdc_2": 0.08473815266517123, "OBESITY_cdc_2": 0.1968401090830535, "STROKE_cdc_2": 0.020876675289761542, "DISABILITY_cdc_2": 0.19410517672182506, "HEARING_cdc_2": 0.04651387347821475, "VISION_cdc_2": 0.03573700670464339, "COGNITION_cdc_2": 0.09426662629994897, "MOBILITY_cdc_2": 0.07734398328136506, "SELFCARE_cdc_2": 0.023699154389532115, "INDEPLIVE_cdc_2": 0.048859880773647245, "BINGE_cdc_2": 0.14171923115340151, "CSMOKING_cdc_2": 0.07850545144263267, "LPA_cdc_2": 0.16411451939731767, "SLEEP_cdc_2": 0.2781563988345272, "heating_utility_gas": 0.619971168081353, "heating_electricity": 0.33954995481253747, "industry_agriculture,_forestry,_fishing_and_hunting": 0.0033966029605178006, "industry_mining,_quarrying,_and_oil_and_gas_extraction": 0.00028612035332813157, "industry_accommodation_and_food_services": 0.057446991171124145, "industry_arts,_entertainment,_and_recreation": 0.01741341563476604, "industry_construction": 0.047231690583497604, "industry_educational_services": 0.08586482242173665, "industry_health_care_and_social_assistance": 0.10616932097490221, "industry_finance_and_insurance": 0.02916102961443666, "industry_real_estate_and_rental_and_leasing": 0.01728404779411825, "industry_information": 0.05777630088892788, "industry_manufacturing": 0.16527949367228373, "industry_other_services,_except_public_administration": 0.03536175963165361, "industry_administrative_and_support_and_waste_management_services": 0.03956786400501119, "industry_management_of_companies_and_enterprises": 0.002442972843695187, "industry_professional,_scientific,_and_technical_services": 0.18576088388131676, "industry_public_administration": 0.022702265927352326, "industry_retail_trade": 0.07962478165782287, "industry_transportation_and_warehousing": 0.026881098652441822, "industry_utilities": 0.0032382395177571904, "industry_wholesale_trade": 0.017110297813310024, "occupation_architecture_and_engineering_occupations": 0.07184692148231615, "occupation_computer_and_mathematical_occupations": 0.1368972886866437, "occupation_life,_physical,_and_social_science_occupations": 0.02017249930334478, "occupation_arts,_design,_entertainment,_sports,_and_media_occupations": 0.021306413404662695, "occupation_community_and_social_service_occupations": 0.011433405905574172, "occupation_educational_instruction,_and_library_occupations": 0.0562916475021344, "occupation_legal_occupations": 0.012462160444287995, "occupation_health_diagnosing_and_treating_practitioners_and_other_technical_occupations": 0.03304912267681754, "occupation_health_technologists_and_technicians": 0.010222945912331267, "occupation_business_and_financial_operations_occupations": 0.06880496598454734, "occupation_management_occupations": 0.13693265038039967, "occupation_construction_and_extraction_occupations": 0.03373945450066396, "occupation_farming,_fishing,_and_forestry_occupations": 0.0025532435681765047, "occupation_installation,_maintenance,_and_repair_occupations": 0.016613562138994092, "occupation_material_moving_occupations": 0.017712369834948758, "occupation_transportation_occupations": 0.019805074374457755, "occupation_office_and_administrative_support_occupations": 0.08081237591247506, "occupation_sales_and_related_occupations": 0.07482148732044758, "occupation_building_and_grounds_cleaning_and_maintenance_occupations": 0.027724254051263414, "occupation_food_preparation_and_serving_related_occupations": 0.042117539571987994, "occupation_healthcare_support_occupations": 0.029517124796536006, "occupation_personal_care_and_service_occupations": 0.02369697816848749, "occupation_firefighting_and_prevention,_and_other_protective_service_workers_including_supervisors": 0.009770489124697723, "occupation_law_enforcement_workers_including_supervisors": 0.0029921983965637703, "2020 Presidential Election-margin": 0.4930321526238999, "2016 Presidential Election-margin": 0.5480647931519629, "2016-2020 Swing-margin": -0.055032640528063004, "park_percent_1km_v2": 0.027219706247631596, "mean_dist_Hospital_updated": 3.8091279806924385, "mean_dist_Active Superfund Site_updated": 4.722107037947793, "mean_dist_Airport_updated": 10.675840556632672, "mean_dist_Public School_updated": 0.6257643390274635, "mean_high_temp_4": 68.77495171701973, "mean_high_temp_winter_4": 59.04630527122931, "mean_high_temp_spring_4": 68.9529943458304, "mean_high_temp_summer_4": 79.5319830698997, "mean_high_temp_fall_4": 67.09418332885033, "mean_high_heat_index_4": 67.85478180399902, "days_above_90_4": 0.030267474109723195, "days_below_40_4": 3.893123876182106e-05, "wind_speed_over_10mph_4": 0.012237045680864304, "snowfall_4": 0.0006543612840054984, "rainfall_4": 0.5766235840981666, "hours_sunny_4": 7.4548704444769776, "internet_no_access": 0.042090879165619696, "insurance_coverage_none": 0.05192390008102582, "insurance_coverage_govt": 0.12795176813420955, "insurance_coverage_private": 0.8201243317847647, "marriage_divorced": 0.0711122837924209}