{"population": 772031.0, "ad_1": 1784.484736965147, "population_change_2010": 0.2150276517857986, "ad_1_change_2010": 0.2306849323889273, "gpw_population": NaN, "gpw_pw_density_4": NaN, "white": 0.5971767973047715, "hispanic": 0.09833283896631094, "black": 0.025782643443074175, "asian": 0.19712809459723768, "citizenship_citizen_by_birth": 0.7698109510138736, "citizenship_citizen_by_naturalization": 0.10332662850856038, "citizenship_not_citizen": 0.12686242047756596, "birthplace_non_us": 0.23018904898612633, "birthplace_us_not_state": 0.3298986334717774, "birthplace_us_state": 0.4399123175420963, "language_english_only": 0.7248531542913711, "language_spanish": 0.05793439578661603, "education_high_school": 0.9518439645383486, "education_ugrad": 0.48069237803676457, "education_grad": 0.18963578609879497, "education_field_stem": 0.27361995613675455, "education_field_humanities": 0.12299441697319968, "education_field_business": 0.08407800492681038, "generation_silent": 0.04773168952335668, "generation_boomer": 0.19663075760272927, "generation_genx": 0.20711278594697233, "generation_millenial": 0.25248424093680666, "generation_genz": 0.16783977858978613, "generation_genalpha": 0.12820074740034906, "poverty_below_line": 0.05832172939807816, "household_income_under_50k": 0.1771471965310594, "household_income_over_100k": 0.5749395068121754, "individual_income_under_50k": 0.47172610600615783, "individual_income_over_100k": 0.26336153719559374, "housing_per_pop": 0.5164066684407854, "vacancy": 0.04522475391549957, "rent_or_own_rent": 0.35558020168390153, "rent_burden_under_20": 0.3074686037805955, "rent_burden_over_40": 0.2618392861795647, "rent_1br_under_750": 0.09878141434234465, "rent_1br_over_1500": 0.6974126077745102, "rent_2br_under_750": 0.03363060646510649, "rent_2br_over_1500": 0.7823042510245406, "year_built_1969_or_earlier": 0.18094496968015994, "year_built_2010_or_later": 0.13445002143094056, "transportation_means_car": 0.7333031918237608, "transportation_means_bike": 0.00654077819464481, "transportation_means_walk": 0.02235302141521158, "transportation_means_transit": 0.056961952623696, "transportation_means_worked_at_home": 0.17401518046211295, "transportation_commute_time_under_15": 0.1770517548585001, "transportation_commute_time_over_60": 0.11715578287302904, "vehicle_ownership_at_least_1": 0.9492870077855708, "GHLTH_cdc_2": 0.11220127719274943, "ARTHRITIS_cdc_2": 0.22020067740609917, "CASTHMA_cdc_2": 0.09994011265197017, "BPHIGH_cdc_2": 0.23945068674533765, "CANCER_cdc_2": 0.060369086705490224, "KIDNEY_cdc_2": 0.023032405082206053, "COPD_cdc_2": 0.04060093848969986, "CHD_cdc_2": 0.03633063809828199, "DIABETES_cdc_2": 0.06639724139648595, "OBESITY_cdc_2": 0.28347033442775377, "STROKE_cdc_2": 0.021259937987456363, "DISABILITY_cdc_2": 0.21168435241720246, "HEARING_cdc_2": 0.047133492999721895, "VISION_cdc_2": 0.029907805112921772, "COGNITION_cdc_2": 0.10680965801784001, "MOBILITY_cdc_2": 0.08028860114810372, "SELFCARE_cdc_2": 0.02340412545295307, "INDEPLIVE_cdc_2": 0.052661778440056616, "BINGE_cdc_2": 0.17192473196385508, "CSMOKING_cdc_2": 0.10058592099419307, "LPA_cdc_2": 0.14800745478770871, "SLEEP_cdc_2": 0.3011509615264882, "heating_utility_gas": 0.46804881206552396, "heating_electricity": 0.4826457491776302, "industry_agriculture,_forestry,_fishing_and_hunting": 0.004879875641878965, "industry_mining,_quarrying,_and_oil_and_gas_extraction": 0.0003944669693611131, "industry_accommodation_and_food_services": 0.04962636824356646, "industry_arts,_entertainment,_and_recreation": 0.018913969662389653, "industry_construction": 0.06717047452635157, "industry_educational_services": 0.06749331513897801, "industry_health_care_and_social_assistance": 0.10945744421818557, "industry_finance_and_insurance": 0.03731812007939559, "industry_real_estate_and_rental_and_leasing": 0.021732336124684698, "industry_information": 0.03883664586133756, "industry_manufacturing": 0.11651976300396782, "industry_other_services,_except_public_administration": 0.0389859781335476, "industry_administrative_and_support_and_waste_management_services": 0.03688319895838265, "industry_management_of_companies_and_enterprises": 0.0024592943979096947, "industry_professional,_scientific,_and_technical_services": 0.18347046321704993, "industry_public_administration": 0.030261110277713554, "industry_retail_trade": 0.11824407704646507, "industry_transportation_and_warehousing": 0.028955930833796977, "industry_utilities": 0.006213804420500901, "industry_wholesale_trade": 0.022183363244536587, "occupation_architecture_and_engineering_occupations": 0.04126696637016503, "occupation_computer_and_mathematical_occupations": 0.13152232711959047, "occupation_life,_physical,_and_social_science_occupations": 0.010585830999923685, "occupation_arts,_design,_entertainment,_sports,_and_media_occupations": 0.023009845921543808, "occupation_community_and_social_service_occupations": 0.012571233978161525, "occupation_educational_instruction,_and_library_occupations": 0.04858553220902176, "occupation_legal_occupations": 0.008355084093713203, "occupation_health_diagnosing_and_treating_practitioners_and_other_technical_occupations": 0.03618901251084335, "occupation_health_technologists_and_technicians": 0.014647892101323466, "occupation_business_and_financial_operations_occupations": 0.07387442754892692, "occupation_management_occupations": 0.143008503695872, "occupation_construction_and_extraction_occupations": 0.03992502143387276, "occupation_farming,_fishing,_and_forestry_occupations": 0.0029566329053727866, "occupation_installation,_maintenance,_and_repair_occupations": 0.027704313086989844, "occupation_material_moving_occupations": 0.024085630895349812, "occupation_transportation_occupations": 0.025607929346722104, "occupation_office_and_administrative_support_occupations": 0.09140793447944694, "occupation_sales_and_related_occupations": 0.08615401602185928, "occupation_building_and_grounds_cleaning_and_maintenance_occupations": 0.02008242549796128, "occupation_food_preparation_and_serving_related_occupations": 0.0376947617118422, "occupation_healthcare_support_occupations": 0.025895477204307554, "occupation_personal_care_and_service_occupations": 0.021712473719758717, "occupation_firefighting_and_prevention,_and_other_protective_service_workers_including_supervisors": 0.008647088343491168, "occupation_law_enforcement_workers_including_supervisors": 0.005232463401116827, "2020 Presidential Election-margin": 0.3039800578755526, "2016 Presidential Election-margin": 0.2576090686701291, "2016-2020 Swing-margin": 0.046370989205423485, "park_percent_1km_v2": 0.032493620029821556, "mean_dist_Hospital_updated": 5.7560498302451775, "mean_dist_Active Superfund Site_updated": 29.207591384221757, "mean_dist_Airport_updated": 16.41165765290608, "mean_dist_Public School_updated": 0.950718576046932, "mean_high_temp_4": 58.62550585569446, "mean_high_temp_winter_4": 47.470084297760756, "mean_high_temp_spring_4": 60.94182650683553, "mean_high_temp_summer_4": 72.37973127661144, "mean_high_temp_fall_4": 53.01862262068585, "mean_high_heat_index_4": 57.4341083814002, "days_above_90_4": 0.002073134731530696, "days_below_40_4": 0.03457506466392317, "wind_speed_over_10mph_4": 0.07487242986016629, "snowfall_4": 0.042706646311605465, "rainfall_4": 1.607828582367059, "hours_sunny_4": 3.966720577285716, "internet_no_access": 0.03773670764803967, "insurance_coverage_none": 0.05877357726900615, "insurance_coverage_govt": 0.10090771646636999, "insurance_coverage_private": 0.8403187062646238, "marriage_divorced": 0.09783137874510035}