{"population": 25489417.0, "ad_1": 1721.4865912528226, "population_change_2010": 0.019575782773311158, "ad_1_change_2010": 0.021762407739691868, "gpw_population": NaN, "gpw_pw_density_4": NaN, "white": 0.6758234996116231, "hispanic": 0.13098428261423162, "black": 0.10904250968156706, "asian": 0.04267527970529887, "citizenship_citizen_by_birth": 0.9031658376446833, "citizenship_citizen_by_naturalization": 0.04870498327305096, "citizenship_not_citizen": 0.04812917908226571, "birthplace_non_us": 0.09683416235531668, "birthplace_us_not_state": 0.22127532091486102, "birthplace_us_state": 0.6818905167298223, "language_english_only": 0.8392317211688687, "language_spanish": 0.09101109447519354, "education_high_school": 0.9093037726999982, "education_ugrad": 0.3164164514485794, "education_grad": 0.11945748598722408, "education_field_stem": 0.13646818672186262, "education_field_humanities": 0.11411747473923434, "education_field_business": 0.06583078998748246, "generation_silent": 0.06450586810448164, "generation_boomer": 0.22896010548746387, "generation_genx": 0.18784439155805716, "generation_millenial": 0.19834636169123235, "generation_genz": 0.20002029800848134, "generation_genalpha": 0.12032297515028359, "poverty_below_line": 0.11742066286714885, "household_income_under_50k": 0.369218946987192, "household_income_over_100k": 0.3207276948442108, "individual_income_under_50k": 0.6451805884907837, "individual_income_over_100k": 0.10778606362756647, "housing_per_pop": 0.558081118729126, "vacancy": 0.08829817508918694, "rent_or_own_rent": 0.323824305281395, "rent_burden_under_20": 0.294577476838132, "rent_burden_over_40": 0.3094816505251672, "rent_1br_under_750": 0.41320480946060895, "rent_1br_over_1500": 0.12066477550719674, "rent_2br_under_750": 0.20869452405062444, "rent_2br_over_1500": 0.14969646077906132, "year_built_1969_or_earlier": 0.47356579084455186, "year_built_2010_or_later": 0.048716447324103934, "transportation_means_car": 0.827428779499082, "transportation_means_bike": 0.005877706227769888, "transportation_means_walk": 0.025906065863890344, "transportation_means_transit": 0.04456120296815803, "transportation_means_worked_at_home": 0.08809765267165061, "transportation_commute_time_under_15": 0.28053138797625243, "transportation_commute_time_over_60": 0.08172625799065789, "vehicle_ownership_at_least_1": 0.9158654367163526, "GHLTH_cdc_2": 0.1572983402116168, "ARTHRITIS_cdc_2": 0.23979605789728703, "CASTHMA_cdc_2": 0.10240303677822014, "BPHIGH_cdc_2": 0.30884294752122726, "CANCER_cdc_2": 0.06527995173693196, "KIDNEY_cdc_2": 0.02894113226743084, "COPD_cdc_2": 0.06555408927152336, "CHD_cdc_2": 0.055187052752889626, "DIABETES_cdc_2": 0.10099185205850153, "OBESITY_cdc_2": 0.3518742380041321, "STROKE_cdc_2": 0.02972681841462101, "DISABILITY_cdc_2": 0.2889794367066984, "HEARING_cdc_2": 0.06524732448462169, "VISION_cdc_2": 0.048643337512553, "COGNITION_cdc_2": 0.1363115730519089, "MOBILITY_cdc_2": 0.13562034814024795, "SELFCARE_cdc_2": 0.0373966041588967, "INDEPLIVE_cdc_2": 0.07954023300442212, "BINGE_cdc_2": 0.18295788750067712, "CSMOKING_cdc_2": 0.16170203570615202, "LPA_cdc_2": 0.2554540493126463, "SLEEP_cdc_2": 0.3272501004919725, "heating_utility_gas": 0.69396981563915, "heating_electricity": 0.20566161709185585, "industry_agriculture,_forestry,_fishing_and_hunting": 0.011610186369230746, "industry_mining,_quarrying,_and_oil_and_gas_extraction": 0.001632821670965711, "industry_accommodation_and_food_services": 0.06556704391439058, "industry_arts,_entertainment,_and_recreation": 0.018463197183990313, "industry_construction": 0.05798783525862932, "industry_educational_services": 0.09187675300638086, "industry_health_care_and_social_assistance": 0.1417631635008505, "industry_finance_and_insurance": 0.04985422555975194, "industry_real_estate_and_rental_and_leasing": 0.015379913446622376, "industry_information": 0.015833425667733166, "industry_manufacturing": 0.15029647177548477, "industry_other_services,_except_public_administration": 0.04484953180326198, "industry_administrative_and_support_and_waste_management_services": 0.03703435575459577, "industry_management_of_companies_and_enterprises": 0.0015550596282749274, "industry_professional,_scientific,_and_technical_services": 0.06637662279938128, "industry_public_administration": 0.036302122702079255, "industry_retail_trade": 0.10627572994845093, "industry_transportation_and_warehousing": 0.053000031050644, "industry_utilities": 0.007311035189706138, "industry_wholesale_trade": 0.027030473769575562, "occupation_architecture_and_engineering_occupations": 0.019657539361081885, "occupation_computer_and_mathematical_occupations": 0.030216438553701958, "occupation_life,_physical,_and_social_science_occupations": 0.009203990146855932, "occupation_arts,_design,_entertainment,_sports,_and_media_occupations": 0.017323542029322403, "occupation_community_and_social_service_occupations": 0.017304517484158153, "occupation_educational_instruction,_and_library_occupations": 0.05999151755488257, "occupation_legal_occupations": 0.01038965381683883, "occupation_health_diagnosing_and_treating_practitioners_and_other_technical_occupations": 0.043846989250844674, "occupation_health_technologists_and_technicians": 0.01926990141556544, "occupation_business_and_financial_operations_occupations": 0.056801155454981225, "occupation_management_occupations": 0.1043205260315847, "occupation_construction_and_extraction_occupations": 0.043605049203221086, "occupation_farming,_fishing,_and_forestry_occupations": 0.004530928707647771, "occupation_installation,_maintenance,_and_repair_occupations": 0.030781955528774035, "occupation_material_moving_occupations": 0.046231535564107695, "occupation_transportation_occupations": 0.04006044486671509, "occupation_office_and_administrative_support_occupations": 0.11098016209648738, "occupation_sales_and_related_occupations": 0.093359538801075, "occupation_building_and_grounds_cleaning_and_maintenance_occupations": 0.03250441987099633, "occupation_food_preparation_and_serving_related_occupations": 0.05241347428937758, "occupation_healthcare_support_occupations": 0.03270637517671044, "occupation_personal_care_and_service_occupations": 0.02496058669391996, "occupation_firefighting_and_prevention,_and_other_protective_service_workers_including_supervisors": 0.010345799035743314, "occupation_law_enforcement_workers_including_supervisors": 0.009124263908782616, "2020 Presidential Election-margin": 0.045110985288771166, "2016 Presidential Election-margin": 0.03505039723132859, "2016-2020 Swing-margin": 0.010060588057442574, "park_percent_1km_v2": 0.029526533214823722, "mean_dist_Hospital_updated": 6.135199176471855, "mean_dist_Active Superfund Site_updated": 21.905133141406875, "mean_dist_Airport_updated": 34.59746438622677, "mean_dist_Public School_updated": 1.6519668503894709, "mean_high_temp_4": 59.31606144707376, "mean_high_temp_winter_4": 36.657526628256385, "mean_high_temp_spring_4": 65.8860541399137, "mean_high_temp_summer_4": 80.57382285811907, "mean_high_temp_fall_4": 53.0508412398934, "mean_high_heat_index_4": 58.69814780623956, "days_above_90_4": 0.023726247325317244, "days_below_40_4": 0.21986059916956358, "wind_speed_over_10mph_4": 0.3008692277145762, "snowfall_4": 0.10209250297731791, "rainfall_4": 0.8961271961823619, "hours_sunny_4": 4.669875724886364, "internet_no_access": 0.10776593935794396, "insurance_coverage_none": 0.09157419999615267, "insurance_coverage_govt": 0.16462607294343878, "insurance_coverage_private": 0.7437997270604085, "marriage_divorced": 0.10744694456398172}