{"population": 769221.0, "ad_1": 828.574299335346, "population_change_2010": 0.3891926937538603, "ad_1_change_2010": 0.22089068274565307, "gpw_population": NaN, "gpw_pw_density_4": NaN, "white": 0.5938072413519652, "hispanic": 0.1930875522119131, "black": 0.11734469027756653, "asian": 0.038936794497290116, "citizenship_citizen_by_birth": 0.8486075692700539, "citizenship_citizen_by_naturalization": 0.08308358690079296, "citizenship_not_citizen": 0.06830884382915325, "birthplace_non_us": 0.1513924307299462, "birthplace_us_not_state": 0.5268572458274652, "birthplace_us_state": 0.3217503234425886, "language_english_only": 0.7844342082217919, "language_spanish": 0.14856395467710248, "education_high_school": 0.9097649086377728, "education_ugrad": 0.3131976158379215, "education_grad": 0.11373446904262412, "education_field_stem": 0.12632121859052053, "education_field_humanities": 0.10786053996259017, "education_field_business": 0.07901585728481081, "generation_silent": 0.10359135167374228, "generation_boomer": 0.2693222022805367, "generation_genx": 0.18795717522350902, "generation_millenial": 0.17379075650296033, "generation_genz": 0.15829174398114193, "generation_genalpha": 0.10704677033810969, "poverty_below_line": 0.104510521305234, "household_income_under_50k": 0.35452173852068697, "household_income_over_100k": 0.31762038152636507, "individual_income_under_50k": 0.6729123612286805, "individual_income_over_100k": 0.10093907043196745, "housing_per_pop": 0.5436707725279574, "vacancy": 0.11505348213595581, "rent_or_own_rent": 0.23290369718917736, "rent_burden_under_20": 0.2218749287815063, "rent_burden_over_40": 0.3554553414716998, "rent_1br_under_750": 0.23033516430788614, "rent_1br_over_1500": 0.13947506716610242, "rent_2br_under_750": 0.11788295128771968, "rent_2br_over_1500": 0.3452509710468686, "year_built_1969_or_earlier": 0.08538718975465608, "year_built_2010_or_later": 0.21100360325815798, "transportation_means_car": 0.8467183600680152, "transportation_means_bike": 0.0056664015380201585, "transportation_means_walk": 0.011317051013571267, "transportation_means_transit": 0.004651798388675818, "transportation_means_worked_at_home": 0.11092341092245828, "transportation_commute_time_under_15": 0.18893021524470258, "transportation_commute_time_over_60": 0.08696813060087713, "vehicle_ownership_at_least_1": 0.963612358091664, "GHLTH_cdc_2": 0.17895230729346656, "ARTHRITIS_cdc_2": 0.2682640394241174, "CASTHMA_cdc_2": 0.10427776663481222, "BPHIGH_cdc_2": 0.3395216390932594, "CANCER_cdc_2": 0.0695706763656685, "KIDNEY_cdc_2": 0.03160970520185274, "COPD_cdc_2": 0.07570033914847692, "CHD_cdc_2": 0.06344030106626503, "DIABETES_cdc_2": 0.11329064190900304, "OBESITY_cdc_2": 0.3592584343269335, "STROKE_cdc_2": 0.033198565310702983, "DISABILITY_cdc_2": 0.308298693888963, "HEARING_cdc_2": 0.07226797181784209, "VISION_cdc_2": 0.054784103052383334, "COGNITION_cdc_2": 0.14369272355477816, "MOBILITY_cdc_2": 0.14800279890634693, "SELFCARE_cdc_2": 0.042378652452575084, "INDEPLIVE_cdc_2": 0.08501597775377889, "BINGE_cdc_2": 0.16555453666054537, "CSMOKING_cdc_2": 0.17630184278568375, "LPA_cdc_2": 0.2610754203780086, "SLEEP_cdc_2": 0.33199752731296717, "heating_utility_gas": 0.11722103008785222, "heating_electricity": 0.8525828769751503, "industry_agriculture,_forestry,_fishing_and_hunting": 0.009534836094365753, "industry_mining,_quarrying,_and_oil_and_gas_extraction": 0.0011640596070382472, "industry_accommodation_and_food_services": 0.08962578006281847, "industry_arts,_entertainment,_and_recreation": 0.07796495321537962, "industry_construction": 0.08775326072838029, "industry_educational_services": 0.07024723039309183, "industry_health_care_and_social_assistance": 0.12600403669143084, "industry_finance_and_insurance": 0.03789145240948217, "industry_real_estate_and_rental_and_leasing": 0.031008510196698605, "industry_information": 0.019967126841590948, "industry_manufacturing": 0.04506948495222315, "industry_other_services,_except_public_administration": 0.047466835147778275, "industry_administrative_and_support_and_waste_management_services": 0.05847356258876029, "industry_management_of_companies_and_enterprises": 0.001689679461618667, "industry_professional,_scientific,_and_technical_services": 0.060102695287121935, "industry_public_administration": 0.03749627862346245, "industry_retail_trade": 0.12373972855978414, "industry_transportation_and_warehousing": 0.04202725984818187, "industry_utilities": 0.00593063939189022, "industry_wholesale_trade": 0.02684258989890237, "occupation_architecture_and_engineering_occupations": 0.015034178381995323, "occupation_computer_and_mathematical_occupations": 0.02647871731478287, "occupation_life,_physical,_and_social_science_occupations": 0.0041960098983820976, "occupation_arts,_design,_entertainment,_sports,_and_media_occupations": 0.029115303566455097, "occupation_community_and_social_service_occupations": 0.01237731973199693, "occupation_educational_instruction,_and_library_occupations": 0.04899434129587134, "occupation_legal_occupations": 0.007692878008260259, "occupation_health_diagnosing_and_treating_practitioners_and_other_technical_occupations": 0.048140914088198046, "occupation_health_technologists_and_technicians": 0.020488561726911915, "occupation_business_and_financial_operations_occupations": 0.046606782697331206, "occupation_management_occupations": 0.12454631150401445, "occupation_construction_and_extraction_occupations": 0.059660775841184614, "occupation_farming,_fishing,_and_forestry_occupations": 0.006674494729342911, "occupation_installation,_maintenance,_and_repair_occupations": 0.027394098017394834, "occupation_material_moving_occupations": 0.028115042466405882, "occupation_transportation_occupations": 0.039255161932498464, "occupation_office_and_administrative_support_occupations": 0.1233514867026761, "occupation_sales_and_related_occupations": 0.12329789950106312, "occupation_building_and_grounds_cleaning_and_maintenance_occupations": 0.036564766918952434, "occupation_food_preparation_and_serving_related_occupations": 0.06647297214419001, "occupation_healthcare_support_occupations": 0.02335042723751335, "occupation_personal_care_and_service_occupations": 0.03212477762892132, "occupation_firefighting_and_prevention,_and_other_protective_service_workers_including_supervisors": 0.014580987692041098, "occupation_law_enforcement_workers_including_supervisors": 0.00947875157089355, "2020 Presidential Election-margin": -0.10858781011445841, "2016 Presidential Election-margin": -0.1501041470531148, "2016-2020 Swing-margin": 0.041516336938656404, "park_percent_1km_v2": 0.010274316989734158, "mean_dist_Hospital_updated": 7.408741054754945, "mean_dist_Active Superfund Site_updated": 18.971281928214168, "mean_dist_Airport_updated": 44.74772740020316, "mean_dist_Public School_updated": 2.342839601816356, "mean_high_temp_4": 81.43007903034072, "mean_high_temp_winter_4": 72.28816640623019, "mean_high_temp_spring_4": 84.80316620003968, "mean_high_temp_summer_4": 89.27909140377467, "mean_high_temp_fall_4": 78.92552927852554, "mean_high_heat_index_4": 85.98603890359088, "days_above_90_4": 0.16635735267967341, "days_below_40_4": 0.0, "wind_speed_over_10mph_4": 0.08333469334788916, "snowfall_4": 3.3022375299068105e-05, "rainfall_4": 1.0449692821706005, "hours_sunny_4": 5.373376551562228, "internet_no_access": 0.07770026185358132, "insurance_coverage_none": 0.15425478071145576, "insurance_coverage_govt": 0.11732800636825778, "insurance_coverage_private": 0.7284172129202865, "marriage_divorced": 0.10874514684741633}