{"population": 1043433.0, "ad_1": 1310.1759721556405, "population_change_2010": 0.06444188957453255, "ad_1_change_2010": 0.002345108197972099, "gpw_population": NaN, "gpw_pw_density_4": NaN, "white": 0.5145208173404522, "hispanic": 0.3572706632816865, "black": 0.03474492372773336, "asian": 0.028601740600498547, "citizenship_citizen_by_birth": 0.8778654052941705, "citizenship_citizen_by_naturalization": 0.06445404772463126, "citizenship_not_citizen": 0.05768054698119825, "birthplace_non_us": 0.1221345947058295, "birthplace_us_not_state": 0.4523367176683931, "birthplace_us_state": 0.4255286876257774, "language_english_only": 0.7271157590776768, "language_spanish": 0.22503019850860723, "education_high_school": 0.8976269490169339, "education_ugrad": 0.33045236713966386, "education_grad": 0.14096984127420548, "education_field_stem": 0.15883439782903366, "education_field_humanities": 0.11639387532340414, "education_field_business": 0.05522409398722605, "generation_silent": 0.08350216363641634, "generation_boomer": 0.23844055869063044, "generation_genx": 0.1648489029170205, "generation_millenial": 0.1888078310209137, "generation_genz": 0.21266048540040558, "generation_genalpha": 0.11174005833461345, "poverty_below_line": 0.15123174322089586, "household_income_under_50k": 0.4298282804329757, "household_income_over_100k": 0.26572099941794036, "individual_income_under_50k": 0.7010835572450818, "individual_income_over_100k": 0.09212600658969236, "housing_per_pop": 0.5633581655708917, "vacancy": 0.09151471307900168, "rent_or_own_rent": 0.35845291904101484, "rent_burden_under_20": 0.25187972629746086, "rent_burden_over_40": 0.34974061575876186, "rent_1br_under_750": 0.46473019246664304, "rent_1br_over_1500": 0.04635730310544338, "rent_2br_under_750": 0.15098010501872347, "rent_2br_over_1500": 0.07165122068575971, "year_built_1969_or_earlier": 0.21355719609324667, "year_built_2010_or_later": 0.06414293083556832, "transportation_means_car": 0.8335937826248453, "transportation_means_bike": 0.015936859179353953, "transportation_means_walk": 0.020576592971605533, "transportation_means_transit": 0.01716767439662581, "transportation_means_worked_at_home": 0.10289835004824356, "transportation_commute_time_under_15": 0.22979866034897567, "transportation_commute_time_over_60": 0.041720770470837845, "vehicle_ownership_at_least_1": 0.9264664668980533, "GHLTH_cdc_2": 0.17744922420418685, "ARTHRITIS_cdc_2": 0.25192447826789016, "CASTHMA_cdc_2": 0.10624027909621343, "BPHIGH_cdc_2": 0.3018556267539329, "CANCER_cdc_2": 0.06992657798453042, "KIDNEY_cdc_2": 0.033615703734363074, "COPD_cdc_2": 0.06407118073929373, "CHD_cdc_2": 0.058754721255274214, "DIABETES_cdc_2": 0.09798441555432263, "OBESITY_cdc_2": 0.325117499223404, "STROKE_cdc_2": 0.03138887045051444, "DISABILITY_cdc_2": 0.29876985741002043, "HEARING_cdc_2": 0.07057397349826, "VISION_cdc_2": 0.05851608934371724, "COGNITION_cdc_2": 0.14389515169595182, "MOBILITY_cdc_2": 0.1354482700455875, "SELFCARE_cdc_2": 0.041692847593256505, "INDEPLIVE_cdc_2": 0.08215695967280708, "BINGE_cdc_2": 0.163319515881965, "CSMOKING_cdc_2": 0.15595994048154646, "LPA_cdc_2": 0.244090646337505, "SLEEP_cdc_2": 0.33519464349184774, "heating_utility_gas": 0.5218128642363881, "heating_electricity": 0.43233137636742097, "industry_agriculture,_forestry,_fishing_and_hunting": 0.0037839892685015667, "industry_mining,_quarrying,_and_oil_and_gas_extraction": 0.006010250853145387, "industry_accommodation_and_food_services": 0.08218815952180163, "industry_arts,_entertainment,_and_recreation": 0.024853730899811674, "industry_construction": 0.062261042825495175, "industry_educational_services": 0.11074941339427333, "industry_health_care_and_social_assistance": 0.14830310365771066, "industry_finance_and_insurance": 0.03697473116635133, "industry_real_estate_and_rental_and_leasing": 0.021913055636876854, "industry_information": 0.01623051748019523, "industry_manufacturing": 0.06764208530143014, "industry_other_services,_except_public_administration": 0.04889691906370298, "industry_administrative_and_support_and_waste_management_services": 0.05890089531108674, "industry_management_of_companies_and_enterprises": 0.0011732114533402663, "industry_professional,_scientific,_and_technical_services": 0.06647979760463867, "industry_public_administration": 0.05972454655486566, "industry_retail_trade": 0.11618507465295226, "industry_transportation_and_warehousing": 0.04069317789556015, "industry_utilities": 0.008876644571548421, "industry_wholesale_trade": 0.018159652886711907, "occupation_architecture_and_engineering_occupations": 0.029181723244443084, "occupation_computer_and_mathematical_occupations": 0.03145823410921135, "occupation_life,_physical,_and_social_science_occupations": 0.011861014860678408, "occupation_arts,_design,_entertainment,_sports,_and_media_occupations": 0.020296339667655632, "occupation_community_and_social_service_occupations": 0.018555092873778177, "occupation_educational_instruction,_and_library_occupations": 0.06826255467340153, "occupation_legal_occupations": 0.010062964532747238, "occupation_health_diagnosing_and_treating_practitioners_and_other_technical_occupations": 0.043496213825980186, "occupation_health_technologists_and_technicians": 0.020289785413726356, "occupation_business_and_financial_operations_occupations": 0.048082006825163094, "occupation_management_occupations": 0.09264437929030539, "occupation_construction_and_extraction_occupations": 0.04852551134104405, "occupation_farming,_fishing,_and_forestry_occupations": 0.0021257630243949333, "occupation_installation,_maintenance,_and_repair_occupations": 0.032908908978890934, "occupation_material_moving_occupations": 0.03145823410921135, "occupation_transportation_occupations": 0.02985025714522916, "occupation_office_and_administrative_support_occupations": 0.1270673209268589, "occupation_sales_and_related_occupations": 0.0975600697372618, "occupation_building_and_grounds_cleaning_and_maintenance_occupations": 0.042506521482659626, "occupation_food_preparation_and_serving_related_occupations": 0.06422731900427775, "occupation_healthcare_support_occupations": 0.03728933535495654, "occupation_personal_care_and_service_occupations": 0.02866830668664986, "occupation_firefighting_and_prevention,_and_other_protective_service_workers_including_supervisors": 0.015000502492801245, "occupation_law_enforcement_workers_including_supervisors": 0.015773904456455722, "2020 Presidential Election-margin": 0.18682467423909055, "2016 Presidential Election-margin": 0.13573901906839958, "2016-2020 Swing-margin": 0.05108565517069097, "park_percent_1km_v2": 0.016370679413847018, "mean_dist_Hospital_updated": 6.763400173393435, "mean_dist_Active Superfund Site_updated": 20.323896494728157, "mean_dist_Airport_updated": 19.792579100706067, "mean_dist_Public School_updated": 1.3092073138939306, "mean_high_temp_4": 81.2943075629583, "mean_high_temp_winter_4": 66.45971302537343, "mean_high_temp_spring_4": 86.48721995566112, "mean_high_temp_summer_4": 95.41456421630967, "mean_high_temp_fall_4": 76.05613318148252, "mean_high_heat_index_4": 79.7571164965583, "days_above_90_4": 0.33833404003567485, "days_below_40_4": 0.0002804767624845913, "wind_speed_over_10mph_4": 0.03537387520530725, "snowfall_4": 0.0029532601056753436, "rainfall_4": 0.24712081924342, "hours_sunny_4": 8.629822277813863, "internet_no_access": 0.08453757398504849, "insurance_coverage_none": 0.12322006621529516, "insurance_coverage_govt": 0.22492769738571833, "insurance_coverage_private": 0.6518522363989865, "marriage_divorced": 0.12896371630199388}