{"population": 265021.0, "ad_1": 513.8086764504528, "population_change_2010": 0.06225524973044904, "ad_1_change_2010": 0.01679199609236415, "gpw_population": NaN, "gpw_pw_density_4": NaN, "white": 0.7687541741975165, "hispanic": 0.041906113100471286, "black": 0.008176710524826334, "asian": 0.008780436267314666, "citizenship_citizen_by_birth": 0.9787828916255226, "citizenship_citizen_by_naturalization": 0.010181033993530446, "citizenship_not_citizen": 0.011036074380946977, "birthplace_non_us": 0.021217108374477423, "birthplace_us_not_state": 0.42495507254601517, "birthplace_us_state": 0.5538278190795074, "language_english_only": 0.9510437805147576, "language_spanish": 0.01487613268770971, "education_high_school": 0.9372002728369799, "education_ugrad": 0.274982947688756, "education_grad": 0.0924759955926334, "education_field_stem": 0.1230179967469437, "education_field_humanities": 0.10263917309407629, "education_field_business": 0.04932577784773598, "generation_silent": 0.07051434841004105, "generation_boomer": 0.2641431625144241, "generation_genx": 0.16084217694795983, "generation_millenial": 0.18683389137960388, "generation_genz": 0.19421523560902712, "generation_genalpha": 0.12345118513894407, "poverty_below_line": 0.14467009019787597, "household_income_under_50k": 0.4199780207068078, "household_income_over_100k": 0.26446488133109686, "individual_income_under_50k": 0.7035765021777479, "individual_income_over_100k": 0.07961138777443007, "housing_per_pop": 0.5928610006382874, "vacancy": 0.11948852154901117, "rent_or_own_rent": 0.2965180172363931, "rent_burden_under_20": 0.2957409821816602, "rent_burden_over_40": 0.2700275242648124, "rent_1br_under_750": 0.6640390982185086, "rent_1br_over_1500": 0.02364811603342267, "rent_2br_under_750": 0.29085611449138743, "rent_2br_over_1500": 0.03539292141571686, "year_built_1969_or_earlier": 0.32102557364124634, "year_built_2010_or_later": 0.0928666458617348, "transportation_means_car": 0.8608246187276809, "transportation_means_bike": 0.00595176276033969, "transportation_means_walk": 0.03559873135580357, "transportation_means_transit": 0.0064630551316977305, "transportation_means_worked_at_home": 0.08269355212386058, "transportation_commute_time_under_15": 0.4529532667955618, "transportation_commute_time_over_60": 0.046454512201494484, "vehicle_ownership_at_least_1": 0.9480305396494881, "GHLTH_cdc_2": 0.14014684818161072, "ARTHRITIS_cdc_2": 0.2539140083311398, "CASTHMA_cdc_2": 0.09251319791025298, "BPHIGH_cdc_2": 0.31212084253199157, "CANCER_cdc_2": 0.0732109067204628, "KIDNEY_cdc_2": 0.030264262562717376, "COPD_cdc_2": 0.06617144146152684, "CHD_cdc_2": 0.061832186771245246, "DIABETES_cdc_2": 0.09649713730001873, "OBESITY_cdc_2": 0.34787221362314646, "STROKE_cdc_2": 0.03099903755321326, "DISABILITY_cdc_2": 0.284199687557728, "HEARING_cdc_2": 0.0769276475730699, "VISION_cdc_2": 0.04630024905797645, "COGNITION_cdc_2": 0.12254773919531287, "MOBILITY_cdc_2": 0.12724546668465755, "SELFCARE_cdc_2": 0.036338631889984256, "INDEPLIVE_cdc_2": 0.06753851444567871, "BINGE_cdc_2": 0.17758528372027121, "CSMOKING_cdc_2": 0.17333775880783864, "LPA_cdc_2": 0.23993068655914584, "SLEEP_cdc_2": 0.29006988308744036, "heating_utility_gas": 0.4618639983033528, "heating_electricity": 0.3044517708755085, "industry_agriculture,_forestry,_fishing_and_hunting": 0.051188256108640556, "industry_mining,_quarrying,_and_oil_and_gas_extraction": 0.02214730869156346, "industry_accommodation_and_food_services": 0.08477980203701047, "industry_arts,_entertainment,_and_recreation": 0.026155979534260985, "industry_construction": 0.08997593203589474, "industry_educational_services": 0.0921914598575049, "industry_health_care_and_social_assistance": 0.15363649404676516, "industry_finance_and_insurance": 0.0407322399145667, "industry_real_estate_and_rental_and_leasing": 0.016504885318541895, "industry_information": 0.014488595610385884, "industry_manufacturing": 0.052885764835269924, "industry_other_services,_except_public_administration": 0.049841406461690496, "industry_administrative_and_support_and_waste_management_services": 0.030666730422862973, "industry_management_of_companies_and_enterprises": 0.0009404038955035943, "industry_professional,_scientific,_and_technical_services": 0.04054097132565071, "industry_public_administration": 0.0566712889908988, "industry_retail_trade": 0.10894340043672994, "industry_transportation_and_warehousing": 0.03342418591306843, "industry_utilities": 0.01453641275761488, "industry_wholesale_trade": 0.01974848180557548, "occupation_architecture_and_engineering_occupations": 0.01516600519613, "occupation_computer_and_mathematical_occupations": 0.013070020242592326, "occupation_life,_physical,_and_social_science_occupations": 0.010041600918089227, "occupation_arts,_design,_entertainment,_sports,_and_media_occupations": 0.010169113310699883, "occupation_community_and_social_service_occupations": 0.01782782639187746, "occupation_educational_instruction,_and_library_occupations": 0.05793047386792904, "occupation_legal_occupations": 0.007180541608887613, "occupation_health_diagnosing_and_treating_practitioners_and_other_technical_occupations": 0.04663765759734774, "occupation_health_technologists_and_technicians": 0.023916543139036326, "occupation_business_and_financial_operations_occupations": 0.03198170197166037, "occupation_management_occupations": 0.12308133696743652, "occupation_construction_and_extraction_occupations": 0.07273785045984156, "occupation_farming,_fishing,_and_forestry_occupations": 0.015660115717496294, "occupation_installation,_maintenance,_and_repair_occupations": 0.03854062066657103, "occupation_material_moving_occupations": 0.031670890514671896, "occupation_transportation_occupations": 0.04010264747605158, "occupation_office_and_administrative_support_occupations": 0.11349399894802276, "occupation_sales_and_related_occupations": 0.09404835907489759, "occupation_building_and_grounds_cleaning_and_maintenance_occupations": 0.046900651907107224, "occupation_food_preparation_and_serving_related_occupations": 0.06601954127416758, "occupation_healthcare_support_occupations": 0.031001450453465945, "occupation_personal_care_and_service_occupations": 0.030053077033424185, "occupation_firefighting_and_prevention,_and_other_protective_service_workers_including_supervisors": 0.009396069430497776, "occupation_law_enforcement_workers_including_supervisors": 0.013532252665805959, "2020 Presidential Election-margin": -0.35368867713839053, "2016 Presidential Election-margin": -0.4087620231742907, "2016-2020 Swing-margin": 0.055073346035900195, "park_percent_1km_v2": 0.019717454105893165, "mean_dist_Hospital_updated": 11.029246783153782, "mean_dist_Active Superfund Site_updated": 54.35561300281137, "mean_dist_Airport_updated": 43.978666487489846, "mean_dist_Public School_updated": 3.3485447300183004, "mean_high_temp_4": 58.658308407040636, "mean_high_temp_winter_4": 38.49738277798852, "mean_high_temp_spring_4": 62.68289811019272, "mean_high_temp_summer_4": 81.61633638119048, "mean_high_temp_fall_4": 50.696976399440935, "mean_high_heat_index_4": 56.45557407189094, "days_above_90_4": 0.04862805703220068, "days_below_40_4": 0.2093681522975433, "wind_speed_over_10mph_4": 0.22555491677383702, "snowfall_4": 0.16288432462704022, "rainfall_4": 0.40980254099238345, "hours_sunny_4": 6.113057052166995, "internet_no_access": 0.1231033219580851, "insurance_coverage_none": 0.1917715314057023, "insurance_coverage_govt": 0.11998227259907872, "insurance_coverage_private": 0.688246195995219, "marriage_divorced": 0.12604003855980983}