{"population": 758545.0, "ad_1": 1872.7257703298123, "population_change_2010": 0.04303340396480435, "ad_1_change_2010": 0.02049396145259284, "gpw_population": NaN, "gpw_pw_density_4": NaN, "white": 0.4825013677501005, "hispanic": 0.24644813425703155, "black": 0.021352721328332533, "asian": 0.18679181854735052, "citizenship_citizen_by_birth": 0.7717114565207553, "citizenship_citizen_by_naturalization": 0.13980831033139238, "citizenship_not_citizen": 0.0884802331478524, "birthplace_non_us": 0.22828854347924474, "birthplace_us_not_state": 0.2127393113489866, "birthplace_us_state": 0.5589721451717686, "language_english_only": 0.6600256977741543, "language_spanish": 0.15385478921747617, "education_high_school": 0.9134172056784488, "education_ugrad": 0.44768885927310287, "education_grad": 0.18400858648971813, "education_field_stem": 0.24828378072219023, "education_field_humanities": 0.1339036443356557, "education_field_business": 0.06550143421525695, "generation_silent": 0.06974975231097287, "generation_boomer": 0.24556165040233374, "generation_genx": 0.1930741245638498, "generation_millenial": 0.18530823277193123, "generation_genz": 0.20288913810818973, "generation_genalpha": 0.10341710184272251, "poverty_below_line": 0.08083702091420888, "household_income_under_50k": 0.22145837327473053, "household_income_over_100k": 0.5418400220103915, "individual_income_under_50k": 0.53474496084439, "individual_income_over_100k": 0.22364343965041705, "housing_per_pop": 0.48652607921782853, "vacancy": 0.09123370164441852, "rent_or_own_rent": 0.35465932498839325, "rent_burden_under_20": 0.23143750141198297, "rent_burden_over_40": 0.3699970049856397, "rent_1br_under_750": 0.10438551650243819, "rent_1br_over_1500": 0.5911042210198786, "rent_2br_under_750": 0.0578305294750217, "rent_2br_over_1500": 0.7676166876391075, "year_built_1969_or_earlier": 0.3450505374548717, "year_built_2010_or_later": 0.04172610092238141, "transportation_means_car": 0.7856612720026909, "transportation_means_bike": 0.013576705072808537, "transportation_means_walk": 0.032197628125898665, "transportation_means_transit": 0.020464883540181517, "transportation_means_worked_at_home": 0.13804568579108176, "transportation_commute_time_under_15": 0.24062217111892417, "transportation_commute_time_over_60": 0.10871637297214194, "vehicle_ownership_at_least_1": 0.9582877291507361, "GHLTH_cdc_2": 0.13160474252419774, "ARTHRITIS_cdc_2": 0.19058128968523963, "CASTHMA_cdc_2": 0.09173510892289423, "BPHIGH_cdc_2": 0.2613103405618714, "CANCER_cdc_2": 0.06216308656396735, "KIDNEY_cdc_2": 0.026055482019372318, "COPD_cdc_2": 0.04725481436188168, "CHD_cdc_2": 0.04519430812269488, "DIABETES_cdc_2": 0.0882232252204171, "OBESITY_cdc_2": 0.2324457753609998, "STROKE_cdc_2": 0.02451959587105622, "DISABILITY_cdc_2": 0.22373412457873781, "HEARING_cdc_2": 0.054577703986328746, "VISION_cdc_2": 0.03798399778036578, "COGNITION_cdc_2": 0.10707379223446124, "MOBILITY_cdc_2": 0.09648998778847735, "SELFCARE_cdc_2": 0.028268717118575475, "INDEPLIVE_cdc_2": 0.057881396248888856, "BINGE_cdc_2": 0.15654634635129952, "CSMOKING_cdc_2": 0.09749966687814456, "LPA_cdc_2": 0.166892185155666, "SLEEP_cdc_2": 0.2881378841725589, "heating_utility_gas": 0.621379486317746, "heating_electricity": 0.2510760756302561, "industry_agriculture,_forestry,_fishing_and_hunting": 0.017228870112133806, "industry_mining,_quarrying,_and_oil_and_gas_extraction": 0.0008698539214523551, "industry_accommodation_and_food_services": 0.07735222339694915, "industry_arts,_entertainment,_and_recreation": 0.028743709613544034, "industry_construction": 0.0636696089979078, "industry_educational_services": 0.10560344240785303, "industry_health_care_and_social_assistance": 0.12217690787369372, "industry_finance_and_insurance": 0.029515462019688653, "industry_real_estate_and_rental_and_leasing": 0.02371326179329903, "industry_information": 0.02666092447505313, "industry_manufacturing": 0.1103194414106852, "industry_other_services,_except_public_administration": 0.043940092077773295, "industry_administrative_and_support_and_waste_management_services": 0.040166359947138526, "industry_management_of_companies_and_enterprises": 0.001118899350440301, "industry_professional,_scientific,_and_technical_services": 0.1151466958736494, "industry_public_administration": 0.04198531291449895, "industry_retail_trade": 0.0979568830115971, "industry_transportation_and_warehousing": 0.02645399258851486, "industry_utilities": 0.008086730191512298, "industry_wholesale_trade": 0.019291328022615496, "occupation_architecture_and_engineering_occupations": 0.03863823337999517, "occupation_computer_and_mathematical_occupations": 0.05636114964483904, "occupation_life,_physical,_and_social_science_occupations": 0.016640941682400927, "occupation_arts,_design,_entertainment,_sports,_and_media_occupations": 0.027929385110132637, "occupation_community_and_social_service_occupations": 0.015946617056684, "occupation_educational_instruction,_and_library_occupations": 0.06937152836357445, "occupation_legal_occupations": 0.009723765165617525, "occupation_health_diagnosing_and_treating_practitioners_and_other_technical_occupations": 0.04108598775948549, "occupation_health_technologists_and_technicians": 0.016113751129118226, "occupation_business_and_financial_operations_occupations": 0.06292543883693906, "occupation_management_occupations": 0.13772853502718965, "occupation_construction_and_extraction_occupations": 0.04165705022331668, "occupation_farming,_fishing,_and_forestry_occupations": 0.008938934930367171, "occupation_installation,_maintenance,_and_repair_occupations": 0.02104826619264711, "occupation_material_moving_occupations": 0.02069211921782026, "occupation_transportation_occupations": 0.021319244305043002, "occupation_office_and_administrative_support_occupations": 0.09493276300983636, "occupation_sales_and_related_occupations": 0.09538687910577899, "occupation_building_and_grounds_cleaning_and_maintenance_occupations": 0.03242912458071273, "occupation_food_preparation_and_serving_related_occupations": 0.05657344433840317, "occupation_healthcare_support_occupations": 0.031257784712868504, "occupation_personal_care_and_service_occupations": 0.028511786805039165, "occupation_firefighting_and_prevention,_and_other_protective_service_workers_including_supervisors": 0.010706137949394052, "occupation_law_enforcement_workers_including_supervisors": 0.008322455058173663, "2020 Presidential Election-margin": 0.3959260808422067, "2016 Presidential Election-margin": 0.3934259686493409, "2016-2020 Swing-margin": 0.002500112192865833, "park_percent_1km_v2": 0.03426818445024326, "mean_dist_Hospital_updated": 6.610060033846836, "mean_dist_Active Superfund Site_updated": 10.316009244968711, "mean_dist_Airport_updated": 24.391960026091795, "mean_dist_Public School_updated": 1.1834981688457376, "mean_high_temp_4": 65.53315938138627, "mean_high_temp_winter_4": 58.24642952064735, "mean_high_temp_spring_4": 65.18523415689735, "mean_high_temp_summer_4": 73.52881825796167, "mean_high_temp_fall_4": 64.83560916062179, "mean_high_heat_index_4": 64.65009701867578, "days_above_90_4": 0.019295954519115914, "days_below_40_4": 2.6006774703019344e-05, "wind_speed_over_10mph_4": 0.06907942038825306, "snowfall_4": 0.0006003827894690325, "rainfall_4": 0.5591779969234207, "hours_sunny_4": 7.611803312114744, "internet_no_access": 0.048474990011143804, "insurance_coverage_none": 0.06621906308216369, "insurance_coverage_govt": 0.15018142047669056, "insurance_coverage_private": 0.7835995164411457, "marriage_divorced": 0.0948532864174272}