{"population": 254348.0, "ad_1": 876.7979159477677, "population_change_2010": 0.01086183256165173, "ad_1_change_2010": -0.03281629864023936, "gpw_population": NaN, "gpw_pw_density_4": NaN, "white": 0.37427854750184786, "hispanic": 0.04712834384386746, "black": 0.5106822149181437, "asian": 0.03256168713730794, "citizenship_citizen_by_birth": 0.9533718026728878, "citizenship_citizen_by_naturalization": 0.017717754863686822, "citizenship_not_citizen": 0.0289104424634253, "birthplace_non_us": 0.046628197327112125, "birthplace_us_not_state": 0.2623806863087662, "birthplace_us_state": 0.6909911163641217, "language_english_only": 0.9384473041894943, "language_spanish": 0.027378378069605323, "education_high_school": 0.8890317187854048, "education_ugrad": 0.31529555576968105, "education_grad": 0.1290580060284317, "education_field_stem": 0.12198543141010712, "education_field_humanities": 0.11528726235384365, "education_field_business": 0.07802286200573032, "generation_silent": 0.057628505870676375, "generation_boomer": 0.2079298624923706, "generation_genx": 0.18476004110917282, "generation_millenial": 0.2077887085466435, "generation_genz": 0.20648440970568138, "generation_genalpha": 0.13540847227545533, "poverty_below_line": 0.19038137451870774, "household_income_under_50k": 0.47640845128519954, "household_income_over_100k": 0.21809864896106076, "individual_income_under_50k": 0.7266318641245856, "individual_income_over_100k": 0.07464287443504931, "housing_per_pop": 0.589072590533802, "vacancy": 0.10401741574008222, "rent_or_own_rent": 0.4338609857083219, "rent_burden_under_20": 0.24871952714556866, "rent_burden_over_40": 0.37300428959906307, "rent_1br_under_750": 0.4989713566053111, "rent_1br_over_1500": 0.048967416493694696, "rent_2br_under_750": 0.24640966311123105, "rent_2br_over_1500": 0.019335813158966632, "year_built_1969_or_earlier": 0.3147635057084765, "year_built_2010_or_later": 0.06963626901849758, "transportation_means_car": 0.9184195280228586, "transportation_means_bike": 0.0017952028290124699, "transportation_means_walk": 0.013812596378846903, "transportation_means_transit": 0.004243200835927458, "transportation_means_worked_at_home": 0.056008692743489734, "transportation_commute_time_under_15": 0.3008681963100744, "transportation_commute_time_over_60": 0.02929430487879813, "vehicle_ownership_at_least_1": 0.9318776110022611, "GHLTH_cdc_2": 0.2164550108990377, "ARTHRITIS_cdc_2": 0.2788187941942687, "CASTHMA_cdc_2": 0.11077449093519061, "BPHIGH_cdc_2": 0.3969834600457228, "CANCER_cdc_2": 0.05874046998777181, "KIDNEY_cdc_2": 0.03242579616141209, "COPD_cdc_2": 0.0730720080812377, "CHD_cdc_2": 0.05994429794247435, "DIABETES_cdc_2": 0.13704657344888085, "OBESITY_cdc_2": 0.37969162103248444, "STROKE_cdc_2": 0.0360729012706683, "DISABILITY_cdc_2": 0.3313893721090967, "HEARING_cdc_2": 0.05646997713860386, "VISION_cdc_2": 0.06730592801318518, "COGNITION_cdc_2": 0.1613373225583497, "MOBILITY_cdc_2": 0.17268468818118984, "SELFCARE_cdc_2": 0.05152734329310436, "INDEPLIVE_cdc_2": 0.10446382051145728, "BINGE_cdc_2": 0.14645487798394385, "CSMOKING_cdc_2": 0.18149795842415864, "LPA_cdc_2": 0.3420384496783455, "SLEEP_cdc_2": 0.41748041894837584, "heating_utility_gas": 0.4750567635538106, "heating_electricity": 0.506052742689452, "industry_agriculture,_forestry,_fishing_and_hunting": 0.0025397625960086366, "industry_mining,_quarrying,_and_oil_and_gas_extraction": 0.00034970206809508157, "industry_accommodation_and_food_services": 0.07590935433466404, "industry_arts,_entertainment,_and_recreation": 0.020574566427899788, "industry_construction": 0.04706455802373562, "industry_educational_services": 0.08725521915858551, "industry_health_care_and_social_assistance": 0.13724127492505894, "industry_finance_and_insurance": 0.03964804198493055, "industry_real_estate_and_rental_and_leasing": 0.013702920106513274, "industry_information": 0.012893874017256106, "industry_manufacturing": 0.1168893265942972, "industry_other_services,_except_public_administration": 0.048897053434108204, "industry_administrative_and_support_and_waste_management_services": 0.05741241386256991, "industry_management_of_companies_and_enterprises": 0.000636518781563621, "industry_professional,_scientific,_and_technical_services": 0.05427955796295956, "industry_public_administration": 0.10366622579954958, "industry_retail_trade": 0.10834428299545307, "industry_transportation_and_warehousing": 0.04556696376884611, "industry_utilities": 0.004756790198264984, "industry_wholesale_trade": 0.02237159295964038, "occupation_architecture_and_engineering_occupations": 0.015470805060417115, "occupation_computer_and_mathematical_occupations": 0.028970684778163336, "occupation_life,_physical,_and_social_science_occupations": 0.006126063664813171, "occupation_arts,_design,_entertainment,_sports,_and_media_occupations": 0.01265572918042383, "occupation_community_and_social_service_occupations": 0.021758063327540662, "occupation_educational_instruction,_and_library_occupations": 0.072525437296649, "occupation_legal_occupations": 0.011227353928868427, "occupation_health_diagnosing_and_treating_practitioners_and_other_technical_occupations": 0.03259742793945893, "occupation_health_technologists_and_technicians": 0.02195975168669253, "occupation_business_and_financial_operations_occupations": 0.053992571506999036, "occupation_management_occupations": 0.09691593100108983, "occupation_construction_and_extraction_occupations": 0.03302539601633398, "occupation_farming,_fishing,_and_forestry_occupations": 0.0008661924054355879, "occupation_installation,_maintenance,_and_repair_occupations": 0.024408612727307166, "occupation_material_moving_occupations": 0.045063328047865676, "occupation_transportation_occupations": 0.041515852386917955, "occupation_office_and_administrative_support_occupations": 0.1311008014901311, "occupation_sales_and_related_occupations": 0.09522230045725256, "occupation_building_and_grounds_cleaning_and_maintenance_occupations": 0.03407108533703094, "occupation_food_preparation_and_serving_related_occupations": 0.054779570835148235, "occupation_healthcare_support_occupations": 0.029026204700512637, "occupation_personal_care_and_service_occupations": 0.027170286436204553, "occupation_firefighting_and_prevention,_and_other_protective_service_workers_including_supervisors": 0.013596694765844072, "occupation_law_enforcement_workers_including_supervisors": 0.010221796484903513, "2020 Presidential Election-margin": 0.1910205192461225, "2016 Presidential Election-margin": 0.12965447260790203, "2016-2020 Swing-margin": 0.061366046638220484, "park_percent_1km_v2": 0.01514667265594515, "mean_dist_Hospital_updated": 3.6119813398340606, "mean_dist_Active Superfund Site_updated": 13.767907495700614, "mean_dist_Airport_updated": 17.284545674222933, "mean_dist_Public School_updated": 1.3495909174104508, "mean_high_temp_4": 76.21982947669568, "mean_high_temp_winter_4": 61.678216092684906, "mean_high_temp_spring_4": 81.21821311309826, "mean_high_temp_summer_4": 90.18788757634317, "mean_high_temp_fall_4": 71.0438408170329, "mean_high_heat_index_4": 78.81061497410678, "days_above_90_4": 0.1805958771937828, "days_below_40_4": 0.005113020507941529, "wind_speed_over_10mph_4": 0.0630697894674682, "snowfall_4": 0.0025263746849382997, "rainfall_4": 1.161106318483845, "hours_sunny_4": 5.5235257221611604, "internet_no_access": 0.11420123044802154, "insurance_coverage_none": 0.1450095738553152, "insurance_coverage_govt": 0.17924140007704895, "insurance_coverage_private": 0.6757490260676359, "marriage_divorced": 0.13732886820915982}