{"population": 1407919.0, "ad_1": 778.4678676003082, "population_change_2010": 0.1872486543600589, "ad_1_change_2010": 0.09800777445835665, "population_change_2000": 0.5439943061934402, "ad_1_change_2000": 0.08893908752093922, "gpw_population": NaN, "gpw_pw_density_4": NaN, "white": 0.6508392883397411, "hispanic": 0.23057079277998238, "black": 0.0690458755084632, "asian": 0.01514078579804662, "homogeneity_250_2020": 0.6245353603047584, "homogeneity_250_diff_2010": -0.054964648347552214, "homogeneity_250_diff_2000": -0.14842828232079897, "citizenship_citizen_by_birth": 0.8144180712494039, "citizenship_citizen_by_naturalization": 0.09491708987652814, "citizenship_not_citizen": 0.09066483887406783, "birthplace_non_us": 0.18558192875059626, "birthplace_us_not_state": 0.5571430884535972, "birthplace_us_state": 0.25727498279580663, "language_english_only": 0.7472043650488713, "language_spanish": 0.19097358531037362, "education_high_school": 0.8940539912724511, "education_ugrad": 0.28509217333909703, "education_grad": 0.11123467136112854, "education_field_stem": 0.11624411084972433, "education_field_humanities": 0.10126564762075684, "education_field_business": 0.06758241486861566, "generation_silent": 0.14132289824638555, "generation_boomer": 0.305356523112742, "generation_genx": 0.16389753270212956, "generation_millenial": 0.15337623444826415, "generation_genz": 0.14845800379989474, "generation_genalpha": 0.08758880769058412, "poverty_below_line": 0.1222480493549923, "household_income_under_50k": 0.39370845531726334, "household_income_over_100k": 0.2885462891748957, "individual_income_under_50k": 0.6906007783625868, "individual_income_over_100k": 0.1020659012168948, "housing_per_pop": 0.6735482427602131, "vacancy": 0.2521288909229441, "rent_or_own_rent": 0.2573040318162134, "rent_burden_under_20": 0.1929324445871098, "rent_burden_over_40": 0.3850502420063598, "rent_1br_under_750": 0.247590036747005, "rent_1br_over_1500": 0.19520079105270666, "rent_2br_under_750": 0.1006507299411662, "rent_2br_over_1500": 0.24683705521758237, "year_built_1969_or_earlier": 0.08149856389285585, "year_built_2010_or_later": 0.09430670959087413, "transportation_means_car": 0.858633425145047, "transportation_means_bike": 0.008755098547527467, "transportation_means_walk": 0.011365331512377012, "transportation_means_transit": 0.006394157339812782, "transportation_means_worked_at_home": 0.09829166699944356, "transportation_commute_time_under_15": 0.223768666459927, "transportation_commute_time_over_60": 0.07719927376188919, "vehicle_ownership_at_least_1": 0.950053994379486, "GHLTH_cdc_2": 0.17895230729348366, "ARTHRITIS_cdc_2": 0.2682640394241031, "CASTHMA_cdc_2": 0.10427776663480823, "BPHIGH_cdc_2": 0.3395216390932889, "CANCER_cdc_2": 0.06957067636566078, "KIDNEY_cdc_2": 0.03160970520184881, "COPD_cdc_2": 0.075700339148469, "CHD_cdc_2": 0.0634403010662478, "DIABETES_cdc_2": 0.11329064190899926, "OBESITY_cdc_2": 0.35925843432701576, "STROKE_cdc_2": 0.033198565310700395, "DISABILITY_cdc_2": 0.30829869388894937, "HEARING_cdc_2": 0.07226797181784243, "VISION_cdc_2": 0.05478410305238329, "COGNITION_cdc_2": 0.14369272355477353, "MOBILITY_cdc_2": 0.14800279890635054, "SELFCARE_cdc_2": 0.04237865245257705, "INDEPLIVE_cdc_2": 0.08501597775378315, "BINGE_cdc_2": 0.1655545366605582, "CSMOKING_cdc_2": 0.1763018427856897, "LPA_cdc_2": 0.2610754203780794, "SLEEP_cdc_2": 0.30733413816203, "heating_utility_gas": 0.022340084101638468, "heating_electricity": 0.9416481746758264, "industry_agriculture,_forestry,_fishing_and_hunting": 0.015001961017503028, "industry_mining,_quarrying,_and_oil_and_gas_extraction": 0.0008958745301552493, "industry_accommodation_and_food_services": 0.09195938708579011, "industry_arts,_entertainment,_and_recreation": 0.029328340961997244, "industry_construction": 0.12003129015025259, "industry_educational_services": 0.06309090573154032, "industry_health_care_and_social_assistance": 0.12975863126739767, "industry_finance_and_insurance": 0.03390475141861024, "industry_real_estate_and_rental_and_leasing": 0.03561105345473251, "industry_information": 0.015391402446159275, "industry_manufacturing": 0.03784887851850213, "industry_other_services,_except_public_administration": 0.050975841344852356, "industry_administrative_and_support_and_waste_management_services": 0.06542189699886324, "industry_management_of_companies_and_enterprises": 0.0006989663650385886, "industry_professional,_scientific,_and_technical_services": 0.06606192257096276, "industry_public_administration": 0.034331156841999715, "industry_retail_trade": 0.14036403686342405, "industry_transportation_and_warehousing": 0.040303704938590146, "industry_utilities": 0.0068943733171136405, "industry_wholesale_trade": 0.02212562417651513, "occupation_architecture_and_engineering_occupations": 0.0111077713348606, "occupation_computer_and_mathematical_occupations": 0.017487504061884058, "occupation_life,_physical,_and_social_science_occupations": 0.005374895058982972, "occupation_arts,_design,_entertainment,_sports,_and_media_occupations": 0.016101044166648197, "occupation_community_and_social_service_occupations": 0.012115800267704167, "occupation_educational_instruction,_and_library_occupations": 0.045260496283360506, "occupation_legal_occupations": 0.0113562223962835, "occupation_health_diagnosing_and_treating_practitioners_and_other_technical_occupations": 0.041314077683358714, "occupation_health_technologists_and_technicians": 0.02063906246022124, "occupation_business_and_financial_operations_occupations": 0.042662844610715095, "occupation_management_occupations": 0.10401869871340548, "occupation_construction_and_extraction_occupations": 0.082136852700264, "occupation_farming,_fishing,_and_forestry_occupations": 0.011025624180460138, "occupation_installation,_maintenance,_and_repair_occupations": 0.034817497771233136, "occupation_material_moving_occupations": 0.03119500837038762, "occupation_transportation_occupations": 0.03979024568201139, "occupation_office_and_administrative_support_occupations": 0.11382441536445284, "occupation_sales_and_related_occupations": 0.1266791690806904, "occupation_building_and_grounds_cleaning_and_maintenance_occupations": 0.0592515320169475, "occupation_food_preparation_and_serving_related_occupations": 0.07286323321129808, "occupation_healthcare_support_occupations": 0.027507320505858846, "occupation_personal_care_and_service_occupations": 0.025896919498734936, "occupation_firefighting_and_prevention,_and_other_protective_service_workers_including_supervisors": 0.012538804364476182, "occupation_law_enforcement_workers_including_supervisors": 0.00845120730011689, "sors_cohabiting_partnered_gay": 0.007211446801427875, "2020 Presidential Election-margin": -0.2229352181872334, "2016 Presidential Election-margin": -0.23116060530138513, "2016-2020 Swing-margin": 0.008225387114151717, "park_percent_1km_v2": 0.011613989619877889, "mean_dist_Hospital_updated": 7.649319418798781, "mean_dist_Active Superfund Site_updated": 125.11464485500522, "mean_dist_Airport_updated": 25.15924348126743, "mean_dist_Public School_updated": 2.230147670362986, "lapop1share_usda_fra_1": 0.5286675580113992, "mean_high_temp_4": 81.80031824499218, "mean_high_temp_winter_4": 74.28864982603143, "mean_high_temp_spring_4": 84.09060497463052, "mean_high_temp_summer_4": 87.89808495359303, "mean_high_temp_fall_4": 80.60963156077432, "mean_high_heat_index_4": 86.7456594312615, "days_above_90_4": 0.10340789247514806, "days_below_40_4": 0.0, "wind_speed_over_10mph_4": 0.18280532681741427, "snowfall_4": 2.5802185244158297e-07, "rainfall_4": 1.0211030134307244, "hours_sunny_4": 5.954707924638666, "internet_no_access": 0.086461824170283, "insurance_coverage_none": 0.2034787038424553, "insurance_coverage_govt": 0.1403672619922445, "insurance_coverage_private": 0.6561540341653002, "marriage_divorced": 0.12382134364190575}