{"population": 6090034.0, "ad_1": 1029.6570689686457, "population_change_2010": 0.15194766971177637, "ad_1_change_2010": 0.13957755675409889, "gpw_population": NaN, "gpw_pw_density_4": NaN, "white": 0.43711397998763224, "hispanic": 0.11994629258227459, "black": 0.3315600536877134, "asian": 0.0651902764418064, "citizenship_citizen_by_birth": 0.8591076697220552, "citizenship_citizen_by_naturalization": 0.06861738487117239, "citizenship_not_citizen": 0.0722749454067723, "birthplace_non_us": 0.1408923302779447, "birthplace_us_not_state": 0.3875047972816504, "birthplace_us_state": 0.47160287244040494, "language_english_only": 0.8164460695840239, "language_spanish": 0.09193376620029166, "education_high_school": 0.9077456590705633, "education_ugrad": 0.3904569348581288, "education_grad": 0.1492530090083402, "education_field_stem": 0.16933077187216763, "education_field_humanities": 0.12308074613621844, "education_field_business": 0.0980454168497427, "generation_silent": 0.04467172646029849, "generation_boomer": 0.20031538368301585, "generation_genx": 0.20913642808185118, "generation_millenial": 0.21236258252030454, "generation_genz": 0.20645791113708517, "generation_genalpha": 0.1270559681174449, "poverty_below_line": 0.11099233304191647, "household_income_under_50k": 0.32640611820090787, "household_income_over_100k": 0.36834577519568784, "individual_income_under_50k": 0.6180234736539014, "individual_income_over_100k": 0.13761025171419258, "housing_per_pop": 0.5186689827123732, "vacancy": 0.06461025202795036, "rent_or_own_rent": 0.35235041857825244, "rent_burden_under_20": 0.2443335302752778, "rent_burden_over_40": 0.3408282737999087, "rent_1br_under_750": 0.15608597093086687, "rent_1br_over_1500": 0.2059083801049786, "rent_2br_under_750": 0.09060155462370986, "rent_2br_over_1500": 0.27630562092194305, "year_built_1969_or_earlier": 0.1640940624934714, "year_built_2010_or_later": 0.0962257360480171, "transportation_means_car": 0.8183130110112238, "transportation_means_bike": 0.002450570385936397, "transportation_means_walk": 0.011722742374549962, "transportation_means_transit": 0.023923540152537733, "transportation_means_worked_at_home": 0.13222667511324818, "transportation_commute_time_under_15": 0.16583046495216358, "transportation_commute_time_over_60": 0.13189749057116723, "vehicle_ownership_at_least_1": 0.9455071260111748, "GHLTH_cdc_2": 0.1579688234780955, "ARTHRITIS_cdc_2": 0.21388442761681417, "CASTHMA_cdc_2": 0.09946744890614541, "BPHIGH_cdc_2": 0.3274876118681286, "CANCER_cdc_2": 0.053045484782692054, "KIDNEY_cdc_2": 0.027433088853473436, "COPD_cdc_2": 0.05326939216976498, "CHD_cdc_2": 0.044838692701399945, "DIABETES_cdc_2": 0.10234254827085462, "OBESITY_cdc_2": 0.33171550130637734, "STROKE_cdc_2": 0.027557703586033433, "DISABILITY_cdc_2": 0.26153423948972926, "HEARING_cdc_2": 0.047305007260797075, "VISION_cdc_2": 0.05084591644177453, "COGNITION_cdc_2": 0.13360540585192193, "MOBILITY_cdc_2": 0.1201753335167297, "SELFCARE_cdc_2": 0.03646666145127932, "INDEPLIVE_cdc_2": 0.0750451245092239, "BINGE_cdc_2": 0.15922113945748478, "CSMOKING_cdc_2": 0.1510752768251261, "LPA_cdc_2": 0.23092844093972703, "SLEEP_cdc_2": 0.36435153709388496, "heating_utility_gas": 0.5455252501143171, "heating_electricity": 0.4126443782081512, "industry_agriculture,_forestry,_fishing_and_hunting": 0.0029609257827034317, "industry_mining,_quarrying,_and_oil_and_gas_extraction": 0.0006101482388579603, "industry_accommodation_and_food_services": 0.07056608106279603, "industry_arts,_entertainment,_and_recreation": 0.01753157063503986, "industry_construction": 0.06605942825671297, "industry_educational_services": 0.08818968226971605, "industry_health_care_and_social_assistance": 0.10971118413167948, "industry_finance_and_insurance": 0.04972974264882654, "industry_real_estate_and_rental_and_leasing": 0.0231909358315301, "industry_information": 0.028753525750591483, "industry_manufacturing": 0.08538894076803298, "industry_other_services,_except_public_administration": 0.04592285451129521, "industry_administrative_and_support_and_waste_management_services": 0.051562908177579574, "industry_management_of_companies_and_enterprises": 0.0023007327942161653, "industry_professional,_scientific,_and_technical_services": 0.10281236040477965, "industry_public_administration": 0.040901805867559725, "industry_retail_trade": 0.1089337660562656, "industry_transportation_and_warehousing": 0.06634624088527719, "industry_utilities": 0.007845757337579844, "industry_wholesale_trade": 0.030681408588960173, "occupation_architecture_and_engineering_occupations": 0.01952441222127176, "occupation_computer_and_mathematical_occupations": 0.046410845548237836, "occupation_life,_physical,_and_social_science_occupations": 0.009736224829544006, "occupation_arts,_design,_entertainment,_sports,_and_media_occupations": 0.023280751243116477, "occupation_community_and_social_service_occupations": 0.014445035844988706, "occupation_educational_instruction,_and_library_occupations": 0.06265956867074464, "occupation_legal_occupations": 0.01341895276649645, "occupation_health_diagnosing_and_treating_practitioners_and_other_technical_occupations": 0.03662571810584059, "occupation_health_technologists_and_technicians": 0.016037850856369128, "occupation_business_and_financial_operations_occupations": 0.07027489983339126, "occupation_management_occupations": 0.12442524188816687, "occupation_construction_and_extraction_occupations": 0.04466311879380522, "occupation_farming,_fishing,_and_forestry_occupations": 0.0016919102440901077, "occupation_installation,_maintenance,_and_repair_occupations": 0.028280068749690454, "occupation_material_moving_occupations": 0.03918948888921197, "occupation_transportation_occupations": 0.04246924281193787, "occupation_office_and_administrative_support_occupations": 0.11121717713920184, "occupation_sales_and_related_occupations": 0.10680723692642961, "occupation_building_and_grounds_cleaning_and_maintenance_occupations": 0.03135410914846335, "occupation_food_preparation_and_serving_related_occupations": 0.04888212189725571, "occupation_healthcare_support_occupations": 0.02055115814412997, "occupation_personal_care_and_service_occupations": 0.024587548910589015, "occupation_firefighting_and_prevention,_and_other_protective_service_workers_including_supervisors": 0.01172273403402766, "occupation_law_enforcement_workers_including_supervisors": 0.00764657260561155, "2020 Presidential Election-margin": 0.15456645210532322, "2016 Presidential Election-margin": 0.08085759910571932, "2016-2020 Swing-margin": 0.07370885299960389, "park_percent_1km_v2": 0.01111543828267007, "mean_dist_Hospital_updated": 6.695279603009339, "mean_dist_Active Superfund Site_updated": 88.39734521260034, "mean_dist_Airport_updated": 38.77402513916763, "mean_dist_Public School_updated": 1.6570789435957043, "mean_high_temp_4": 72.05958089185528, "mean_high_temp_winter_4": 56.971872376507775, "mean_high_temp_spring_4": 77.36487708088065, "mean_high_temp_summer_4": 86.6794678845557, "mean_high_temp_fall_4": 66.43531113911637, "mean_high_heat_index_4": 73.30833568279499, "days_above_90_4": 0.08265316270138674, "days_below_40_4": 0.016127695536179192, "wind_speed_over_10mph_4": 0.0977767681011905, "snowfall_4": 0.00791508711409453, "rainfall_4": 1.2132585795438688, "hours_sunny_4": 5.230606625890535, "internet_no_access": 0.07508131286915992, "insurance_coverage_none": 0.1616148006388881, "insurance_coverage_govt": 0.0977138079575743, "insurance_coverage_private": 0.7406713914035375, "marriage_divorced": 0.10570343714656213}