{"population": 374853.0, "ad_1": 853.8746394260043, "population_change_2010": -0.0019516169399285384, "ad_1_change_2010": -0.022503407896490555, "population_change_2000": -0.008579808885021568, "ad_1_change_2000": -0.1169255655831153, "gpw_population": NaN, "gpw_pw_density_4": NaN, "white": 0.8284180732180348, "hispanic": 0.02805366370283818, "black": 0.07662470355045845, "asian": 0.008469986901532067, "homogeneity_250_2020": 0.7396298945511416, "homogeneity_250_diff_2010": -0.08052733859316918, "homogeneity_250_diff_2000": -0.11690604704362617, "citizenship_citizen_by_birth": 0.9786689510877687, "citizenship_citizen_by_naturalization": 0.012260082409957516, "citizenship_not_citizen": 0.009070966502273755, "birthplace_non_us": 0.02133104891223125, "birthplace_us_not_state": 0.14337678003373183, "birthplace_us_state": 0.835292171054037, "language_english_only": 0.9676602431841178, "language_spanish": 0.011639146877102146, "education_high_school": 0.9255807606775509, "education_ugrad": 0.22784553370237481, "education_grad": 0.07993273170497832, "education_field_stem": 0.08814211902505241, "education_field_humanities": 0.08626126209188138, "education_field_business": 0.053442152585440335, "generation_silent": 0.08034703985994576, "generation_boomer": 0.25746973675783014, "generation_genx": 0.18342353594227034, "generation_millenial": 0.17785392514784729, "generation_genz": 0.18636712995580546, "generation_genalpha": 0.11453863233630102, "poverty_below_line": 0.13353091365849157, "household_income_under_50k": 0.43447346949348015, "household_income_over_100k": 0.2436830585523147, "individual_income_under_50k": 0.7158646896334566, "individual_income_over_100k": 0.06696102706493591, "housing_per_pop": 0.5651935069294911, "vacancy": 0.06831858407079645, "rent_or_own_rent": 0.31986194034683424, "rent_burden_under_20": 0.33046598080747136, "rent_burden_over_40": 0.28283046598080874, "rent_1br_under_750": 0.7908274956217164, "rent_1br_over_1500": 0.02889667250437833, "rent_2br_under_750": 0.4018687040731914, "rent_2br_over_1500": 0.014063944717504467, "year_built_1969_or_earlier": 0.5658322438257917, "year_built_2010_or_later": 0.029758549135790482, "transportation_means_car": 0.8871126708407162, "transportation_means_bike": 0.0016293603905907256, "transportation_means_walk": 0.014857943701610511, "transportation_means_transit": 0.009662221057489023, "transportation_means_worked_at_home": 0.0769673387303519, "transportation_commute_time_under_15": 0.33628154722594145, "transportation_commute_time_over_60": 0.04478487091020189, "vehicle_ownership_at_least_1": 0.9323818527968095, "GHLTH_cdc_2": 0.1764212051104964, "ARTHRITIS_cdc_2": 0.30650924723756856, "CASTHMA_cdc_2": 0.10472194060773488, "BPHIGH_cdc_2": 0.37498828729281664, "CANCER_cdc_2": 0.07793522099447442, "KIDNEY_cdc_2": 0.032823035220994834, "COPD_cdc_2": 0.09140978936464064, "CHD_cdc_2": 0.07451295580110529, "DIABETES_cdc_2": 0.12360144337016556, "OBESITY_cdc_2": 0.4175511084254153, "STROKE_cdc_2": 0.03555707182320434, "DISABILITY_cdc_2": 0.3108101104972383, "HEARING_cdc_2": 0.07046316988950269, "VISION_cdc_2": 0.051166063535911604, "COGNITION_cdc_2": 0.1424647755524863, "MOBILITY_cdc_2": 0.1612665089779009, "SELFCARE_cdc_2": 0.042007817679557725, "INDEPLIVE_cdc_2": 0.08777608425414381, "BINGE_cdc_2": 0.15990928176795555, "CSMOKING_cdc_2": 0.21097658494475136, "LPA_cdc_2": 0.2705547686464086, "SLEEP_cdc_2": 0.37445764502762363, "heating_utility_gas": 0.7906893916827483, "heating_electricity": 0.14696359421340927, "industry_agriculture,_forestry,_fishing_and_hunting": 0.005212649212783588, "industry_mining,_quarrying,_and_oil_and_gas_extraction": 0.003129829119168661, "industry_accommodation_and_food_services": 0.07790419027569376, "industry_arts,_entertainment,_and_recreation": 0.013605518353452313, "industry_construction": 0.059304382880562403, "industry_educational_services": 0.07633647622673599, "industry_health_care_and_social_assistance": 0.1600356095048266, "industry_finance_and_insurance": 0.03915365837271278, "industry_real_estate_and_rental_and_leasing": 0.014708517166468812, "industry_information": 0.012569707285391158, "industry_manufacturing": 0.1715079169559479, "industry_other_services,_except_public_administration": 0.04833598351660643, "industry_administrative_and_support_and_waste_management_services": 0.03647734653199248, "industry_management_of_companies_and_enterprises": 0.0008230498757026714, "industry_professional,_scientific,_and_technical_services": 0.04392958724328682, "industry_public_administration": 0.029523414929116844, "industry_retail_trade": 0.12041723589617237, "industry_transportation_and_warehousing": 0.04843116615529305, "industry_utilities": 0.010190141318223543, "industry_wholesale_trade": 0.02840361917986164, "occupation_architecture_and_engineering_occupations": 0.015581957850887996, "occupation_computer_and_mathematical_occupations": 0.01853821862892205, "occupation_life,_physical,_and_social_science_occupations": 0.005162258404067097, "occupation_arts,_design,_entertainment,_sports,_and_media_occupations": 0.012272961411838503, "occupation_community_and_social_service_occupations": 0.01872298492754919, "occupation_educational_instruction,_and_library_occupations": 0.051505005486999135, "occupation_legal_occupations": 0.005638171597500613, "occupation_health_diagnosing_and_treating_practitioners_and_other_technical_occupations": 0.0446350585653176, "occupation_health_technologists_and_technicians": 0.023700477032989276, "occupation_business_and_financial_operations_occupations": 0.04167879778728376, "occupation_management_occupations": 0.10192380909722072, "occupation_construction_and_extraction_occupations": 0.04056460101677451, "occupation_farming,_fishing,_and_forestry_occupations": 0.0018420640075250264, "occupation_installation,_maintenance,_and_repair_occupations": 0.033834628563749934, "occupation_material_moving_occupations": 0.050519585227654526, "occupation_transportation_occupations": 0.042697811919105905, "occupation_office_and_administrative_support_occupations": 0.12434771897605901, "occupation_sales_and_related_occupations": 0.09951624823632198, "occupation_building_and_grounds_cleaning_and_maintenance_occupations": 0.036919665852948244, "occupation_food_preparation_and_serving_related_occupations": 0.06591677677991528, "occupation_healthcare_support_occupations": 0.034920830440527635, "occupation_personal_care_and_service_occupations": 0.020044343911670506, "occupation_firefighting_and_prevention,_and_other_protective_service_workers_including_supervisors": 0.00922151799511767, "occupation_law_enforcement_workers_including_supervisors": 0.007508230498757045, "sors_cohabiting_partnered_gay": 0.0062661457332565, "2020 Presidential Election-margin": -0.18537559192402514, "2016 Presidential Election-margin": -0.17312602328803253, "2016-2020 Swing-margin": -0.012249568635992608, "park_percent_1km_v2": 0.02156906858107977, "mean_dist_Hospital_updated": 6.23836100061147, "mean_dist_Active Superfund Site_updated": 15.575183072398271, "mean_dist_Airport_updated": 14.339175875244583, "mean_dist_Public School_updated": 1.5051339058812987, "lapop1share_usda_fra_1": 0.5488155113735926, "mean_high_temp_4": 60.58225879416328, "mean_high_temp_winter_4": 39.440128528671714, "mean_high_temp_spring_4": 67.31688154367558, "mean_high_temp_summer_4": 80.35080719082706, "mean_high_temp_fall_4": 54.18377886483151, "mean_high_heat_index_4": 59.837526761598774, "days_above_90_4": 0.016085087102465832, "days_below_40_4": 0.18766633624804727, "wind_speed_over_10mph_4": 0.1599300095938802, "snowfall_4": 0.12048348944493857, "rainfall_4": 0.9749902263233993, "hours_sunny_4": 4.095252050281175, "internet_no_access": 0.11706577907865275, "insurance_coverage_none": 0.08643449975096587, "insurance_coverage_govt": 0.2137193280940769, "insurance_coverage_private": 0.6998461721549573, "marriage_divorced": 0.13056285482562902}