{"population": 1573755.0, "ad_1": 1311.557311838948, "population_change_2010": 0.0070962060990640355, "ad_1_change_2010": 0.04527090461085836, "population_change_2000": -0.023435609318395903, "ad_1_change_2000": -0.05212618933206412, "gpw_population": NaN, "gpw_pw_density_4": NaN, "white": 0.7668639654838268, "hispanic": 0.05525256472576735, "black": 0.09841239583035478, "asian": 0.03249997617164044, "homogeneity_250_2020": 0.7199178561929087, "homogeneity_250_diff_2010": -0.09087598949837239, "homogeneity_250_diff_2000": -0.13572634597330602, "citizenship_citizen_by_birth": 0.946087844122864, "citizenship_citizen_by_naturalization": 0.030589142616646827, "citizenship_not_citizen": 0.023323013260489307, "birthplace_non_us": 0.0539121558771359, "birthplace_us_not_state": 0.13736039886878834, "birthplace_us_state": 0.8087274452540757, "language_english_only": 0.9151081292038046, "language_spanish": 0.029612820502359496, "education_high_school": 0.9196885284709704, "education_ugrad": 0.2931428187517725, "education_grad": 0.12755046366358144, "education_field_stem": 0.1255278739657668, "education_field_humanities": 0.11559165459853532, "education_field_business": 0.052023290187468575, "generation_silent": 0.07679114690055734, "generation_boomer": 0.2572587801177121, "generation_genx": 0.1790934145843363, "generation_millenial": 0.19212341692995483, "generation_genz": 0.1846848012129538, "generation_genalpha": 0.11004844025448562, "poverty_below_line": 0.13907557991650385, "household_income_under_50k": 0.4198264656136161, "household_income_over_100k": 0.2706972374265037, "individual_income_under_50k": 0.6758809253647308, "individual_income_over_100k": 0.07868027764807586, "housing_per_pop": 0.5909940891993551, "vacancy": 0.1096321081046132, "rent_or_own_rent": 0.3188903827422003, "rent_burden_under_20": 0.2947748000211384, "rent_burden_over_40": 0.3389033062096992, "rent_1br_under_750": 0.6191075226122328, "rent_1br_over_1500": 0.039107861080804274, "rent_2br_under_750": 0.3453264741465073, "rent_2br_over_1500": 0.06321209662986146, "year_built_1969_or_earlier": 0.664342439767516, "year_built_2010_or_later": 0.031396696356846464, "transportation_means_car": 0.8658273955415113, "transportation_means_bike": 0.003863107835614926, "transportation_means_walk": 0.03079078179362658, "transportation_means_transit": 0.02216926761120926, "transportation_means_worked_at_home": 0.06821997903466465, "transportation_commute_time_under_15": 0.33013839047057625, "transportation_commute_time_over_60": 0.038565198411919396, "vehicle_ownership_at_least_1": 0.8856223410715465, "GHLTH_cdc_2": 0.16003371787902332, "ARTHRITIS_cdc_2": 0.2762498882367767, "CASTHMA_cdc_2": 0.11881415384064502, "BPHIGH_cdc_2": 0.3309159477751645, "CANCER_cdc_2": 0.07378991240356038, "KIDNEY_cdc_2": 0.0309554458320486, "COPD_cdc_2": 0.07941124365932156, "CHD_cdc_2": 0.06394813008929896, "DIABETES_cdc_2": 0.11014289505246906, "OBESITY_cdc_2": 0.35931166747471743, "STROKE_cdc_2": 0.03177148202924844, "DISABILITY_cdc_2": 0.3068176084196688, "HEARING_cdc_2": 0.0666123054255853, "VISION_cdc_2": 0.05112355529704759, "COGNITION_cdc_2": 0.1375899713522086, "MOBILITY_cdc_2": 0.1489041056687678, "SELFCARE_cdc_2": 0.04098601966652202, "INDEPLIVE_cdc_2": 0.08750630185045138, "BINGE_cdc_2": 0.1822002801462102, "CSMOKING_cdc_2": 0.189805161383804, "LPA_cdc_2": 0.2581898658047522, "SLEEP_cdc_2": 0.34217968974759444, "heating_utility_gas": 0.795711715858513, "heating_electricity": 0.09541343021903663, "industry_agriculture,_forestry,_fishing_and_hunting": 0.009296439421689322, "industry_mining,_quarrying,_and_oil_and_gas_extraction": 0.0024502547209930585, "industry_accommodation_and_food_services": 0.06840701062329844, "industry_arts,_entertainment,_and_recreation": 0.01961320380576375, "industry_construction": 0.055863675594047785, "industry_educational_services": 0.11366401523319819, "industry_health_care_and_social_assistance": 0.1631902850449854, "industry_finance_and_insurance": 0.05535035028410874, "industry_real_estate_and_rental_and_leasing": 0.01482665502028306, "industry_information": 0.014399996864854844, "industry_manufacturing": 0.12041103435369699, "industry_other_services,_except_public_administration": 0.04420939519168505, "industry_administrative_and_support_and_waste_management_services": 0.03612345702320316, "industry_management_of_companies_and_enterprises": 0.000857957855164774, "industry_professional,_scientific,_and_technical_services": 0.05316371319889895, "industry_public_administration": 0.047663644735676934, "industry_retail_trade": 0.11172369875197147, "industry_transportation_and_warehousing": 0.0395791547416658, "industry_utilities": 0.008149574311026472, "industry_wholesale_trade": 0.021056483223787812, "occupation_architecture_and_engineering_occupations": 0.0201140384845065, "occupation_computer_and_mathematical_occupations": 0.020921649404246605, "occupation_life,_physical,_and_social_science_occupations": 0.007763243065043376, "occupation_arts,_design,_entertainment,_sports,_and_media_occupations": 0.014446989861616476, "occupation_community_and_social_service_occupations": 0.022558740510474306, "occupation_educational_instruction,_and_library_occupations": 0.07443252704085757, "occupation_legal_occupations": 0.012470252075829913, "occupation_health_diagnosing_and_treating_practitioners_and_other_technical_occupations": 0.046651737724699445, "occupation_health_technologists_and_technicians": 0.022525409620816582, "occupation_business_and_financial_operations_occupations": 0.05155332646159539, "occupation_management_occupations": 0.09474903409472867, "occupation_construction_and_extraction_occupations": 0.043115382890782275, "occupation_farming,_fishing,_and_forestry_occupations": 0.0044507901270262815, "occupation_installation,_maintenance,_and_repair_occupations": 0.03015797509456831, "occupation_material_moving_occupations": 0.03394312291535752, "occupation_transportation_occupations": 0.03303287141659703, "occupation_office_and_administrative_support_occupations": 0.12472025959986442, "occupation_sales_and_related_occupations": 0.09811539116383446, "occupation_building_and_grounds_cleaning_and_maintenance_occupations": 0.034470051387164566, "occupation_food_preparation_and_serving_related_occupations": 0.055945597196963265, "occupation_healthcare_support_occupations": 0.036116974779319494, "occupation_personal_care_and_service_occupations": 0.024978366983036453, "occupation_firefighting_and_prevention,_and_other_protective_service_workers_including_supervisors": 0.01225702181664794, "occupation_law_enforcement_workers_including_supervisors": 0.013705441987382029, "sors_cohabiting_partnered_gay": 0.006118676646274014, "2020 Presidential Election-margin": -0.003918587972255579, "2016 Presidential Election-margin": -0.07260116058719747, "2016-2020 Swing-margin": 0.06868257261494189, "park_percent_1km_v2": 0.02340016158148717, "mean_dist_Hospital_updated": 6.216539221854615, "mean_dist_Active Superfund Site_updated": 22.939471900424895, "mean_dist_Airport_updated": 22.861917247406403, "mean_dist_Public School_updated": 1.8600635523279327, "lapop1share_usda_fra_1": 0.5775258761223587, "mean_high_temp_4": 55.694389427888424, "mean_high_temp_winter_4": 34.26496313667438, "mean_high_temp_spring_4": 60.81300762615333, "mean_high_temp_summer_4": 75.98987851997245, "mean_high_temp_fall_4": 50.70126787139245, "mean_high_heat_index_4": 54.47542428315543, "days_above_90_4": 0.0009830499978014109, "days_below_40_4": 0.25216633822174606, "wind_speed_over_10mph_4": 0.3139586440535834, "snowfall_4": 0.20055036652703867, "rainfall_4": 0.9194884185730131, "hours_sunny_4": 4.056554025861853, "internet_no_access": 0.12422259892002767, "insurance_coverage_none": 0.0449647346883923, "insurance_coverage_govt": 0.25831118051396756, "insurance_coverage_private": 0.69672408479764, "marriage_divorced": 0.11113530957923563}