{"population": 750973.0, "ad_1": 682.6130058340167, "population_change_2010": 0.0644187866039993, "ad_1_change_2010": 0.03033473972285369, "population_change_2000": 0.20818538831444838, "ad_1_change_2000": 0.002136170617131553, "gpw_population": NaN, "gpw_pw_density_4": NaN, "white": 0.8656036901459839, "hispanic": 0.042450261194477035, "black": 0.03373623286056889, "asian": 0.011347944599872432, "homogeneity_250_2020": 0.7824675821458746, "homogeneity_250_diff_2010": -0.07359816011241793, "homogeneity_250_diff_2000": -0.12297906714902096, "citizenship_citizen_by_birth": 0.9669292439034181, "citizenship_citizen_by_naturalization": 0.013708868201359064, "citizenship_not_citizen": 0.01936188789522274, "birthplace_non_us": 0.03307075609658182, "birthplace_us_not_state": 0.35012365110545723, "birthplace_us_state": 0.6168055927979609, "language_english_only": 0.9512785662974883, "language_spanish": 0.024797191428199274, "education_high_school": 0.9097005092122227, "education_ugrad": 0.2831124744948063, "education_grad": 0.10892297292178543, "education_field_stem": 0.1123792472868457, "education_field_humanities": 0.10654350383262451, "education_field_business": 0.06418972337533643, "generation_silent": 0.05690615260162993, "generation_boomer": 0.23166873099400134, "generation_genx": 0.19957410298719586, "generation_millenial": 0.19095801422816572, "generation_genz": 0.19348876975062504, "generation_genalpha": 0.12740422943838206, "poverty_below_line": 0.11153771415894168, "household_income_under_50k": 0.36049694939809246, "household_income_over_100k": 0.3331412688881992, "individual_income_under_50k": 0.6561768190006111, "individual_income_over_100k": 0.10028487386362801, "housing_per_pop": 0.5435690474476836, "vacancy": 0.07364790456290833, "rent_or_own_rent": 0.2587386216197249, "rent_burden_under_20": 0.3487132078277749, "rent_burden_over_40": 0.2687772463990445, "rent_1br_under_750": 0.605046866790847, "rent_1br_over_1500": 0.030058390483852702, "rent_2br_under_750": 0.28961311445580584, "rent_2br_over_1500": 0.03941463230865452, "year_built_1969_or_earlier": 0.3268613921253709, "year_built_2010_or_later": 0.06975346912850706, "transportation_means_car": 0.8848653575113727, "transportation_means_bike": 0.001706899946731635, "transportation_means_walk": 0.01422849351647377, "transportation_means_transit": 0.006671412863696196, "transportation_means_worked_at_home": 0.0828626529797607, "transportation_commute_time_under_15": 0.24149421749086467, "transportation_commute_time_over_60": 0.06510599224169315, "vehicle_ownership_at_least_1": 0.949355804993727, "traffic_fatalities_last_decade_per_capita": 0.00012064348518521972, "traffic_fatalities_ped_last_decade_per_capita": 1.225077333006646e-05, "GHLTH_cdc_2": 0.18975197706471778, "ARTHRITIS_cdc_2": 0.2782499367453454, "CASTHMA_cdc_2": 0.10983703127348228, "BPHIGH_cdc_2": 0.351973760256291, "CANCER_cdc_2": 0.06603694262184322, "KIDNEY_cdc_2": 0.028077975394414367, "COPD_cdc_2": 0.0838098631606778, "CHD_cdc_2": 0.060304824665700925, "DIABETES_cdc_2": 0.10289903986089702, "OBESITY_cdc_2": 0.37135318927124883, "STROKE_cdc_2": 0.029362199017222555, "DISABILITY_cdc_2": 0.34762585964505094, "HEARING_cdc_2": 0.07925492482683406, "VISION_cdc_2": 0.04867536188321993, "COGNITION_cdc_2": 0.16345892822831842, "MOBILITY_cdc_2": 0.15967216205367518, "SELFCARE_cdc_2": 0.03697997157820839, "INDEPLIVE_cdc_2": 0.08668147618295736, "BINGE_cdc_2": 0.1589320483284592, "CSMOKING_cdc_2": 0.19785456945932012, "LPA_cdc_2": 0.26883738702147625, "SLEEP_cdc_2": 0.3667624611673482, "heating_utility_gas": 0.39963724649900995, "heating_electricity": 0.4715500809514137, "industry_agriculture,_forestry,_fishing_and_hunting": 0.009172938610224701, "industry_mining,_quarrying,_and_oil_and_gas_extraction": 0.00226234025542192, "industry_accommodation_and_food_services": 0.06003779481464427, "industry_arts,_entertainment,_and_recreation": 0.015252924254050868, "industry_construction": 0.06737420672176145, "industry_educational_services": 0.080166335221753, "industry_health_care_and_social_assistance": 0.13605684841679982, "industry_finance_and_insurance": 0.05996289073951874, "industry_real_estate_and_rental_and_leasing": 0.014727011065667752, "industry_information": 0.014119002276369145, "industry_manufacturing": 0.145918709475986, "industry_other_services,_except_public_administration": 0.040027941818659624, "industry_administrative_and_support_and_waste_management_services": 0.0366425067654018, "industry_management_of_companies_and_enterprises": 0.0011123247971680714, "industry_professional,_scientific,_and_technical_services": 0.06233830278790601, "industry_public_administration": 0.03887526841290939, "industry_retail_trade": 0.1147006197557937, "industry_transportation_and_warehousing": 0.059294526944067644, "industry_utilities": 0.010956225131558292, "industry_wholesale_trade": 0.031001281734337836, "occupation_architecture_and_engineering_occupations": 0.015653527096669572, "occupation_computer_and_mathematical_occupations": 0.027368840704295048, "occupation_life,_physical,_and_social_science_occupations": 0.006746733598583047, "occupation_arts,_design,_entertainment,_sports,_and_media_occupations": 0.015589901589744451, "occupation_community_and_social_service_occupations": 0.0176561219971669, "occupation_educational_instruction,_and_library_occupations": 0.0539388911531185, "occupation_legal_occupations": 0.010919058010231833, "occupation_health_diagnosing_and_treating_practitioners_and_other_technical_occupations": 0.04768577971204215, "occupation_health_technologists_and_technicians": 0.019404915590616578, "occupation_business_and_financial_operations_occupations": 0.059705935775176765, "occupation_management_occupations": 0.10899467946187416, "occupation_construction_and_extraction_occupations": 0.04895826163970982, "occupation_farming,_fishing,_and_forestry_occupations": 0.003812635123556622, "occupation_installation,_maintenance,_and_repair_occupations": 0.03510917111582703, "occupation_material_moving_occupations": 0.05500464948206316, "occupation_transportation_occupations": 0.03894124761221677, "occupation_office_and_administrative_support_occupations": 0.11591768277920513, "occupation_sales_and_related_occupations": 0.09474133470225454, "occupation_building_and_grounds_cleaning_and_maintenance_occupations": 0.028622237183505837, "occupation_food_preparation_and_serving_related_occupations": 0.05070178053156229, "occupation_healthcare_support_occupations": 0.024197337303786055, "occupation_personal_care_and_service_occupations": 0.021813212885455853, "occupation_firefighting_and_prevention,_and_other_protective_service_workers_including_supervisors": 0.010804376638629322, "occupation_law_enforcement_workers_including_supervisors": 0.007179390154940547, "sors_cohabiting_partnered_gay": 0.004118840692880292, "2020 Presidential Election-margin": -0.3270386196852581, "2016 Presidential Election-margin": -0.36714070583048986, "2016-2020 Swing-margin": 0.04010208614523175, "park_percent_1km_v2": 0.0137182740533422, "mean_dist_Hospital_updated": 8.133497259855861, "mean_dist_Active Superfund Site_updated": 36.73496349189208, "mean_dist_Airport_updated": 28.560031212084194, "mean_dist_Public School_updated": 2.6725864045635683, "lapop1share_usda_fra_1": 0.35682361206538205, "mean_high_temp_4": 65.28582268238536, "mean_high_temp_winter_4": 45.22605557139988, "mean_high_temp_spring_4": 71.9067355831036, "mean_high_temp_summer_4": 84.13771017485648, "mean_high_temp_fall_4": 58.87379376898656, "mean_high_heat_index_4": 65.44535028131114, "days_above_90_4": 0.04734697019755375, "days_below_40_4": 0.11774851278789357, "wind_speed_over_10mph_4": 0.09454125435128567, "snowfall_4": 0.05967162424960982, "rainfall_4": 1.1009800423058607, "hours_sunny_4": 4.71523765793928, "internet_no_access": 0.11155334912302273, "insurance_coverage_none": 0.06888514076340745, "insurance_coverage_govt": 0.193306904072098,