{"population": 765137.0, "ad_1": 1980.267004684579, "population_change_2010": 0.1482853841189801, "ad_1_change_2010": 0.2734561587240508, "gpw_population": NaN, "gpw_pw_density_4": NaN, "white": 0.3578692443314073, "hispanic": 0.07383775715982889, "black": 0.485269958190494, "asian": 0.040942994522549556, "citizenship_citizen_by_birth": 0.9102386038921686, "citizenship_citizen_by_naturalization": 0.04079183828274982, "citizenship_not_citizen": 0.0489695578250817, "birthplace_non_us": 0.08976139610783153, "birthplace_us_not_state": 0.4146973810856878, "birthplace_us_state": 0.49554122280648066, "language_english_only": 0.8847686251548954, "language_spanish": 0.05066853885597851, "education_high_school": 0.919807065407744, "education_ugrad": 0.5082631797487291, "education_grad": 0.2202619612603547, "education_field_stem": 0.22399203180946453, "education_field_humanities": 0.16906510031231567, "education_field_business": 0.11520604762694905, "generation_silent": 0.04765378142844469, "generation_boomer": 0.18196727027042242, "generation_genx": 0.1838015340578604, "generation_millenial": 0.27529496240037116, "generation_genz": 0.1974145526246605, "generation_genalpha": 0.11386789921824092, "poverty_below_line": 0.1707005346512034, "household_income_under_50k": 0.3921019455461207, "household_income_over_100k": 0.34616642769215356, "individual_income_under_50k": 0.5873369151580367, "individual_income_over_100k": 0.1783818170312481, "housing_per_pop": 0.6124502224403273, "vacancy": 0.10948989483694867, "rent_or_own_rent": 0.5287060456295881, "rent_burden_under_20": 0.24855263144610545, "rent_burden_over_40": 0.34234743978352167, "rent_1br_under_750": 0.21666403257997544, "rent_1br_over_1500": 0.3457068823217187, "rent_2br_under_750": 0.11128744367444852, "rent_2br_over_1500": 0.3689878122084164, "year_built_1969_or_earlier": 0.3983765048721645, "year_built_2010_or_later": 0.11408358372359455, "transportation_means_car": 0.6863124225057611, "transportation_means_bike": 0.008876668350818516, "transportation_means_walk": 0.03618144112581003, "transportation_means_transit": 0.08191771028739676, "transportation_means_worked_at_home": 0.16904486964167506, "transportation_commute_time_under_15": 0.1918752113199384, "transportation_commute_time_over_60": 0.09241539242087966, "vehicle_ownership_at_least_1": 0.8609627635485284, "GHLTH_cdc_2": 0.1754834613292557, "ARTHRITIS_cdc_2": 0.1963332439453935, "CASTHMA_cdc_2": 0.10454911582014385, "BPHIGH_cdc_2": 0.33689789424836153, "CANCER_cdc_2": 0.048377665947759406, "KIDNEY_cdc_2": 0.029725407856248977, "COPD_cdc_2": 0.05230176607746701, "CHD_cdc_2": 0.04460641348959106, "DIABETES_cdc_2": 0.11530757439168654, "OBESITY_cdc_2": 0.32505457609195926, "STROKE_cdc_2": 0.031644485144485146, "DISABILITY_cdc_2": 0.2725116527639892, "HEARING_cdc_2": 0.042051765126531485, "VISION_cdc_2": 0.06288582877835215, "COGNITION_cdc_2": 0.14343959467323952, "MOBILITY_cdc_2": 0.13191216969254352, "SELFCARE_cdc_2": 0.044379875921931995, "INDEPLIVE_cdc_2": 0.08672228878770935, "BINGE_cdc_2": 0.1617451188479226, "CSMOKING_cdc_2": 0.1536832471785743, "LPA_cdc_2": 0.24398972989627196, "SLEEP_cdc_2": 0.37872045538400684, "heating_utility_gas": 0.4536607426417594, "heating_electricity": 0.5277270817638688, "industry_agriculture,_forestry,_fishing_and_hunting": 0.0020197691597495745, "industry_mining,_quarrying,_and_oil_and_gas_extraction": 0.0004020350655140743, "industry_accommodation_and_food_services": 0.07756908267412442, "industry_arts,_entertainment,_and_recreation": 0.022458019816875677, "industry_construction": 0.03444048067213301, "industry_educational_services": 0.10446240171270028, "industry_health_care_and_social_assistance": 0.10177600375626283, "industry_finance_and_insurance": 0.05246189738451849, "industry_real_estate_and_rental_and_leasing": 0.03256307125755858, "industry_information": 0.03722718038040701, "industry_manufacturing": 0.05536363379039067, "industry_other_services,_except_public_administration": 0.04068458576439523, "industry_administrative_and_support_and_waste_management_services": 0.051366131393648075, "industry_management_of_companies_and_enterprises": 0.002184173305215431, "industry_professional,_scientific,_and_technical_services": 0.15713534737838347, "industry_public_administration": 0.048400398432588074, "industry_retail_trade": 0.0825575798039218, "industry_transportation_and_warehousing": 0.06536981368890185, "industry_utilities": 0.006090723518119334, "industry_wholesale_trade": 0.025467671044592143, "occupation_architecture_and_engineering_occupations": 0.024043894412066794, "occupation_computer_and_mathematical_occupations": 0.04807128403916484, "occupation_life,_physical,_and_social_science_occupations": 0.01816268550359367, "occupation_arts,_design,_entertainment,_sports,_and_media_occupations": 0.04237688775041336, "occupation_community_and_social_service_occupations": 0.016363876615192032, "occupation_educational_instruction,_and_library_occupations": 0.07011516234251378, "occupation_legal_occupations": 0.0309835831812107, "occupation_health_diagnosing_and_treating_practitioners_and_other_technical_occupations": 0.04301073059324195, "occupation_health_technologists_and_technicians": 0.011073388975609751, "occupation_business_and_financial_operations_occupations": 0.08905330323985615, "occupation_management_occupations": 0.13983918998206263, "occupation_construction_and_extraction_occupations": 0.01887746187646162, "occupation_farming,_fishing,_and_forestry_occupations": 0.000982672334697345, "occupation_installation,_maintenance,_and_repair_occupations": 0.011850548177860989, "occupation_material_moving_occupations": 0.0337140002401858, "occupation_transportation_occupations": 0.03392801510790275, "occupation_office_and_administrative_support_occupations": 0.09609435478379771, "occupation_sales_and_related_occupations": 0.10276803136515042, "occupation_building_and_grounds_cleaning_and_maintenance_occupations": 0.030559587916904597, "occupation_food_preparation_and_serving_related_occupations": 0.0539072151705133, "occupation_healthcare_support_occupations": 0.014449228015547964, "occupation_personal_care_and_service_occupations": 0.023482028297655545, "occupation_firefighting_and_prevention,_and_other_protective_service_workers_including_supervisors": 0.01685658115888346, "occupation_law_enforcement_workers_including_supervisors": 0.004754084627586071, "2020 Presidential Election-margin": 0.6652575960867472, "2016 Presidential Election-margin": 0.64731847388043, "2016-2020 Swing-margin": 0.017939122206317215, "park_percent_1km_v2": 0.023310816245512272, "mean_dist_Hospital_updated": 2.9364592318479708, "mean_dist_Active Superfund Site_updated": 86.9844677851865, "mean_dist_Airport_updated": 15.700242195098097, "mean_dist_Public School_updated": 0.9983712243702346, "mean_high_temp_4": 72.3165599708212, "mean_high_temp_winter_4": 57.22915294908883, "mean_high_temp_spring_4": 77.65171436199414, "mean_high_temp_summer_4": 86.91198932531547, "mean_high_temp_fall_4": 66.6899719536286, "mean_high_heat_index_4": 73.53037522392033, "days_above_90_4": 0.08722688633719013, "days_below_40_4": 0.015430094583180209, "wind_speed_over_10mph_4": 0.11939495572347258, "snowfall_4": 0.008203945737950842, "rainfall_4": 1.1844979405783633, "hours_sunny_4": 5.235299931839206, "internet_no_access": 0.09258517541690899, "insurance_coverage_none": 0.1393070375997565, "insurance_coverage_govt": 0.11795797111125561, "insurance_coverage_private": 0.7427349912889879, "marriage_divorced": 0.10804570065280823}