{"population": 2601736.0, "ad_1": 1018.2923867932236, "population_change_2010": 0.07620841678724567, "ad_1_change_2010": 0.043899713011660325, "population_change_2000": 0.18236220128918734, "ad_1_change_2000": 0.0016021232961777629, "gpw_population": NaN, "gpw_pw_density_4": NaN, "white": 0.7084796458979696, "hispanic": 0.09661779673264313, "black": 0.10382260152452055, "asian": 0.028273429740757708, "homogeneity_250_2020": 0.6275675503441629, "homogeneity_250_diff_2010": -0.0925510456453823, "homogeneity_250_diff_2000": -0.15973863535008337, "citizenship_citizen_by_birth": 0.9364437720831141, "citizenship_citizen_by_naturalization": 0.028664641281875455, "citizenship_not_citizen": 0.03489158663501044, "birthplace_non_us": 0.06355622791688674, "birthplace_us_not_state": 0.3793551244275441, "birthplace_us_state": 0.5570886476555692, "language_english_only": 0.9033932878073843, "language_spanish": 0.05318391311146691, "education_high_school": 0.927871582196464, "education_ugrad": 0.3552344106629638, "education_grad": 0.13482145271690804, "education_field_stem": 0.14337620423979938, "education_field_humanities": 0.13054303709510606, "education_field_business": 0.08131516932805583, "generation_silent": 0.06014307427920922, "generation_boomer": 0.2185241490504425, "generation_genx": 0.18395564453253496, "generation_millenial": 0.2076116199800316, "generation_genz": 0.20119695720616768, "generation_genalpha": 0.12856855495161387, "poverty_below_line": 0.1055352326139567, "household_income_under_50k": 0.3556390099435385, "household_income_over_100k": 0.3312182977725459, "individual_income_under_50k": 0.637081885274227, "individual_income_over_100k": 0.10881709939719392, "housing_per_pop": 0.5625404559635422, "vacancy": 0.08093097442609819, "rent_or_own_rent": 0.3498522647987894, "rent_burden_under_20": 0.2980710394525023, "rent_burden_over_40": 0.28731531702795676, "rent_1br_under_750": 0.34255186132423626, "rent_1br_over_1500": 0.06635976129582252, "rent_2br_under_750": 0.20526456123718823, "rent_2br_over_1500": 0.11089796764827858, "year_built_1969_or_earlier": 0.38849654534963574, "year_built_2010_or_later": 0.0721956891098088, "transportation_means_car": 0.8658604647816565, "transportation_means_bike": 0.002941174077710504, "transportation_means_walk": 0.014418982854298955, "transportation_means_transit": 0.00752906721932749, "transportation_means_worked_at_home": 0.10119592431444789, "transportation_commute_time_under_15": 0.28813657476720084, "transportation_commute_time_over_60": 0.04143205576748666, "vehicle_ownership_at_least_1": 0.9449037488727294, "traffic_fatalities_last_decade_per_capita": 0.000111002807356319, "traffic_fatalities_ped_last_decade_per_capita": 1.4490324921513943e-05, "GHLTH_cdc_2": 0.16059823619974833, "ARTHRITIS_cdc_2": 0.2503329332734763, "CASTHMA_cdc_2": 0.10087450012019396, "BPHIGH_cdc_2": 0.32360179196554445, "CANCER_cdc_2": 0.06537215021976615, "KIDNEY_cdc_2": 0.027337318982368755, "COPD_cdc_2": 0.0671282801124822, "CHD_cdc_2": 0.05546277755230228, "DIABETES_cdc_2": 0.10164009648842683, "OBESITY_cdc_2": 0.367414614458782, "STROKE_cdc_2": 0.028899590518379946, "DISABILITY_cdc_2": 0.2866113627595935, "HEARING_cdc_2": 0.06645541541260816, "VISION_cdc_2": 0.04599818066543193, "COGNITION_cdc_2": 0.1400725615094602, "MOBILITY_cdc_2": 0.13275059773503106, "SELFCARE_cdc_2": 0.03560767339115159, "INDEPLIVE_cdc_2": 0.07796808256678024, "BINGE_cdc_2": 0.18843795547244613, "CSMOKING_cdc_2": 0.16927929806437061, "LPA_cdc_2": 0.23818384023307604, "SLEEP_cdc_2": 0.3359062445432963, "heating_utility_gas": 0.6400756388529409, "heating_electricity": 0.2836663058741737, "industry_agriculture,_forestry,_fishing_and_hunting": 0.010886122195575366, "industry_mining,_quarrying,_and_oil_and_gas_extraction": 0.0011347245520399126, "industry_accommodation_and_food_services": 0.06381178838702793, "industry_arts,_entertainment,_and_recreation": 0.01878396492945857, "industry_construction": 0.0663521064591281, "industry_educational_services": 0.08767477874689114, "industry_health_care_and_social_assistance": 0.1406962788219052, "industry_finance_and_insurance": 0.06347568102607078, "industry_real_estate_and_rental_and_leasing": 0.01709410015463931, "industry_information": 0.019877585787329833, "industry_manufacturing": 0.09630202730447116, "industry_other_services,_except_public_administration": 0.04474115406879369, "industry_administrative_and_support_and_waste_management_services": 0.03565295258484187, "industry_management_of_companies_and_enterprises": 0.0010852551906691524, "industry_professional,_scientific,_and_technical_services": 0.08607441710469288, "industry_public_administration": 0.04630187475301483, "industry_retail_trade": 0.1107706092637407, "industry_transportation_and_warehousing": 0.05385902012972371, "industry_utilities": 0.007601349425885168, "industry_wholesale_trade": 0.02782420911410073, "occupation_architecture_and_engineering_occupations": 0.019940847558209462, "occupation_computer_and_mathematical_occupations": 0.03847370346234164, "occupation_life,_physical,_and_social_science_occupations": 0.009336845112715621, "occupation_arts,_design,_entertainment,_sports,_and_media_occupations": 0.018410551966165974, "occupation_community_and_social_service_occupations": 0.01655110575421418, "occupation_educational_instruction,_and_library_occupations": 0.059258888807043754, "occupation_legal_occupations": 0.011252582901990755, "occupation_health_diagnosing_and_treating_practitioners_and_other_technical_occupations": 0.046230332514159624, "occupation_health_technologists_and_technicians": 0.020837355969967854, "occupation_business_and_financial_operations_occupations": 0.06376615747501575, "occupation_management_occupations": 0.11213274579731651, "occupation_construction_and_extraction_occupations": 0.046959729369516624, "occupation_farming,_fishing,_and_forestry_occupations": 0.0034999447613057615, "occupation_installation,_maintenance,_and_repair_occupations": 0.029094296403434285, "occupation_material_moving_occupations": 0.0424724923849328, "occupation_transportation_occupations": 0.03675194637498221, "occupation_office_and_administrative_support_occupations": 0.1135329753534488, "occupation_sales_and_related_occupations": 0.10000698830960218, "occupation_building_and_grounds_cleaning_and_maintenance_occupations": 0.030816836426842804, "occupation_food_preparation_and_serving_related_occupations": 0.051458780347890434, "occupation_healthcare_support_occupations": 0.026801343074866004, "occupation_personal_care_and_service_occupations": 0.02591235461588279, "occupation_firefighting_and_prevention,_and_other_protective_service_workers_including_supervisors": 0.010250223868142234, "occupation_law_enforcement_workers_including_supervisors": 0.009453964453544746, "sors_cohabiting_partnered_gay": 0.0060208726741680626, "2020 Presidential Election-margin": 0.008837402134216424, "2016 Presidential Election-margin": -0.050045911411127665, "2016-2020 Swing-margin": 0.05888331354534409, "park_percent_1km_v2": 0.030502488906440087, "mean_dist_Hospital_updated": 5.703682844965376, "mean_dist_Active Superfund Site_updated": 24.84937957988864, "mean_dist_Airport_updated": 46.31633392543124, "mean_dist_Public School_updated": 1.4792285270078764, "lapop1share_usda_fra_1": 0.5872593803766775, "mean_high_temp_4": 65.73788824020109, "mean_high_temp_winter_4": 44.81737208071749, "mean_high_temp_spring_4": 72.40119408476869, "mean_high_temp_summer_4": 85.97895550402652, "mean_high_temp_fall_4": 58.687446823281874, "mean_high_heat_index_4": 66.19736506611703, "days_above_90_4": 0.08481843346323784, "days_below_40_4": 0.12231467149867074, "wind_speed_over_10mph_4": 0.21582502677716014, "snowfall_4": 0.06070718931596561, "rainfall_4": 0.9517096011742575, "hours_sunny_4": 5.585468605434798, "internet_no_access": 0.08798855407913071, "insurance_coverage_none": 0.12211824654560643, "insurance_coverage_govt": 0.10093672079148616,