{"population": 681179.0, "ad_1": 558.4314354660593, "population_change_2010": 0.0624894714840996, "ad_1_change_2010": 0.04996196699969396, "gpw_population": NaN, "gpw_pw_density_4": NaN, "white": 0.8944741396901549, "hispanic": 0.022044132305899036, "black": 0.02208083337859799, "asian": 0.015975242924400196, "citizenship_citizen_by_birth": 0.955183859542233, "citizenship_citizen_by_naturalization": 0.024543474556255596, "citizenship_not_citizen": 0.020272665901511475, "birthplace_non_us": 0.044816140457767065, "birthplace_us_not_state": 0.4045680815075229, "birthplace_us_state": 0.5506157780347101, "language_english_only": 0.9399861135560935, "language_spanish": 0.010316021565456756, "education_high_school": 0.9501490904327861, "education_ugrad": 0.3893957021889712, "education_grad": 0.15097428864215984, "education_field_stem": 0.17487498747948563, "education_field_humanities": 0.15789716997850323, "education_field_business": 0.0566235447309823, "generation_silent": 0.0797995191768118, "generation_boomer": 0.2793293284424046, "generation_genx": 0.1908303946412433, "generation_millenial": 0.18653311123318744, "generation_genz": 0.16749658875440804, "generation_genalpha": 0.09601105775194485, "poverty_below_line": 0.08496417874283316, "household_income_under_50k": 0.3318867914747285, "household_income_over_100k": 0.34344070385178344, "individual_income_under_50k": 0.6346997616952772, "individual_income_over_100k": 0.1061113655859689, "housing_per_pop": 0.6338605152140742, "vacancy": 0.18078291210222833, "rent_or_own_rent": 0.26439994662134164, "rent_burden_under_20": 0.2578542562899231, "rent_burden_over_40": 0.2813337389012008, "rent_1br_under_750": 0.3458091032311661, "rent_1br_over_1500": 0.0734991911153863, "rent_2br_under_750": 0.11847299813780261, "rent_2br_over_1500": 0.26908752327746743, "year_built_1969_or_earlier": 0.4273395299595303, "year_built_2010_or_later": 0.05966007729655581, "transportation_means_car": 0.8187577216735945, "transportation_means_bike": 0.00577771148591032, "transportation_means_walk": 0.04116724969113306, "transportation_means_transit": 0.007010364983634977, "transportation_means_worked_at_home": 0.11997827377853325, "transportation_commute_time_under_15": 0.29872177397433314, "transportation_commute_time_over_60": 0.060102526710990443, "vehicle_ownership_at_least_1": 0.9386837879340985, "GHLTH_cdc_2": 0.12259536965149229, "ARTHRITIS_cdc_2": 0.2741108580076378, "CASTHMA_cdc_2": 0.11266751662141018, "BPHIGH_cdc_2": 0.30310689724480666, "CANCER_cdc_2": 0.0748632925959352, "KIDNEY_cdc_2": 0.02879928588037314, "COPD_cdc_2": 0.06861926822443534, "CHD_cdc_2": 0.06022097903751493, "DIABETES_cdc_2": 0.08613998833446966, "OBESITY_cdc_2": 0.2937380576103792, "STROKE_cdc_2": 0.02808917627956286, "DISABILITY_cdc_2": 0.27221928635330006, "HEARING_cdc_2": 0.06983151584896291, "VISION_cdc_2": 0.039213483146067415, "COGNITION_cdc_2": 0.1310024020745727, "MOBILITY_cdc_2": 0.11745713311710064, "SELFCARE_cdc_2": 0.03087970907113215, "INDEPLIVE_cdc_2": 0.06459884763477432, "BINGE_cdc_2": 0.1765907132920048, "CSMOKING_cdc_2": 0.14305257961921503, "LPA_cdc_2": 0.22620667102810368, "SLEEP_cdc_2": 0.30145503450395883, "heating_utility_gas": 0.10417266591281017, "heating_electricity": 0.08392389327077729, "industry_agriculture,_forestry,_fishing_and_hunting": 0.015636189691451387, "industry_mining,_quarrying,_and_oil_and_gas_extraction": 0.0003760427582736319, "industry_accommodation_and_food_services": 0.06472912478813032, "industry_arts,_entertainment,_and_recreation": 0.01809982276219996, "industry_construction": 0.07257348732652955, "industry_educational_services": 0.1034725889714401, "industry_health_care_and_social_assistance": 0.16334080810482746, "industry_finance_and_insurance": 0.06299822209195904, "industry_real_estate_and_rental_and_leasing": 0.01668689739839242, "industry_information": 0.019769895012179916, "industry_manufacturing": 0.09295998186146695, "industry_other_services,_except_public_administration": 0.042423706177884817, "industry_administrative_and_support_and_waste_management_services": 0.03367794702774145, "industry_management_of_companies_and_enterprises": 0.0009096916725884185, "industry_professional,_scientific,_and_technical_services": 0.07322326709266412, "industry_public_administration": 0.036556333140703584, "industry_retail_trade": 0.12452545339420065, "industry_transportation_and_warehousing": 0.03228161178562245, "industry_utilities": 0.006088574659695129, "industry_wholesale_trade": 0.01967035428204866, "occupation_architecture_and_engineering_occupations": 0.02305750412679277, "occupation_computer_and_mathematical_occupations": 0.02714973414329994, "occupation_life,_physical,_and_social_science_occupations": 0.010706158529672815, "occupation_arts,_design,_entertainment,_sports,_and_media_occupations": 0.02183813018268489, "occupation_community_and_social_service_occupations": 0.02161692856017099, "occupation_educational_instruction,_and_library_occupations": 0.07075133896107128, "occupation_legal_occupations": 0.012052723406726189, "occupation_health_diagnosing_and_treating_practitioners_and_other_technical_occupations": 0.04814453314015058, "occupation_health_technologists_and_technicians": 0.019966211452161, "occupation_business_and_financial_operations_occupations": 0.05869032049350082, "occupation_management_occupations": 0.1198083287940917, "occupation_construction_and_extraction_occupations": 0.05345613710076563, "occupation_farming,_fishing,_and_forestry_occupations": 0.010352235933650573, "occupation_installation,_maintenance,_and_repair_occupations": 0.02951935652448011, "occupation_material_moving_occupations": 0.02955806680842004, "occupation_transportation_occupations": 0.031640127080332134, "occupation_office_and_administrative_support_occupations": 0.10550487887828658, "occupation_sales_and_related_occupations": 0.0980614442806938, "occupation_building_and_grounds_cleaning_and_maintenance_occupations": 0.03071937532661802, "occupation_food_preparation_and_serving_related_occupations": 0.05269299150309267, "occupation_healthcare_support_occupations": 0.033586701358454464, "occupation_personal_care_and_service_occupations": 0.025919300118066365, "occupation_firefighting_and_prevention,_and_other_protective_service_workers_including_supervisors": 0.007200112812827482, "occupation_law_enforcement_workers_including_supervisors": 0.007446199617874197, "2020 Presidential Election-margin": 0.22805353493789363, "2016 Presidential Election-margin": 0.14424676452433016, "2016-2020 Swing-margin": 0.08380677041356346, "park_percent_1km_v2": 0.012451719225858545, "mean_dist_Hospital_updated": 8.326607044987709, "mean_dist_Active Superfund Site_updated": 16.392550661631482, "mean_dist_Airport_updated": 25.05977177769884, "mean_dist_Public School_updated": 2.437265386588101, "mean_high_temp_4": 54.03768925773091, "mean_high_temp_winter_4": 34.2389752744387, "mean_high_temp_spring_4": 57.04838724462262, "mean_high_temp_summer_4": 73.65857125535686, "mean_high_temp_fall_4": 50.28100556926951, "mean_high_heat_index_4": 52.61222440464603, "days_above_90_4": 0.004070135287908791, "days_below_40_4": 0.24827908057583611, "wind_speed_over_10mph_4": 0.2890124776109284, "snowfall_4": 0.18617906386386648, "rainfall_4": 0.9831112702504676, "hours_sunny_4": 4.836592144941148, "internet_no_access": 0.0809529495220503, "insurance_coverage_none": 0.08367307815699587, "insurance_coverage_govt": 0.1463222310660356, "insurance_coverage_private": 0.7700046907769685, "marriage_divorced": 0.1326409206502719}