{"population": 757451.0, "ad_1": 5021.779671517805, "population_change_2010": 0.01457193679912989, "ad_1_change_2010": 0.011150037500095937, "gpw_population": NaN, "gpw_pw_density_4": NaN, "white": 0.2136323009673233, "hispanic": 0.6429722846758404, "black": 0.037315945189853865, "asian": 0.0777383619534465, "citizenship_citizen_by_birth": 0.5852016192665648, "citizenship_citizen_by_naturalization": 0.21533799877372728, "citizenship_not_citizen": 0.199460381959708, "birthplace_non_us": 0.4147983807334353, "birthplace_us_not_state": 0.11030492373427093, "birthplace_us_state": 0.47489669553229374, "language_english_only": 0.29510785684360025, "language_spanish": 0.5690481705443108, "education_high_school": 0.7234967989125072, "education_ugrad": 0.22995364913231553, "education_grad": 0.05717045266240864, "education_field_stem": 0.09430892322767302, "education_field_humanities": 0.09597593070273486, "education_field_business": 0.03966879520190763, "generation_silent": 0.044892947821840175, "generation_boomer": 0.18554015191132542, "generation_genx": 0.20030464259617317, "generation_millenial": 0.24999535753006102, "generation_genz": 0.20158044819186638, "generation_genalpha": 0.11768645194873384, "poverty_below_line": 0.16125153144283733, "household_income_under_50k": 0.3987982970809244, "household_income_over_100k": 0.2971141720967885, "individual_income_under_50k": 0.7352780775666444, "individual_income_over_100k": 0.07051669453657328, "housing_per_pop": 0.407490167133454, "vacancy": 0.03281061320364581, "rent_or_own_rent": 0.5856928179477834, "rent_burden_under_20": 0.15128629986441072, "rent_burden_over_40": 0.47589589203537536, "rent_1br_under_750": 0.1027905489289326, "rent_1br_over_1500": 0.35532779170370316, "rent_2br_under_750": 0.03605527500103469, "rent_2br_over_1500": 0.7109597045139601, "year_built_1969_or_earlier": 0.5498447678035717, "year_built_2010_or_later": 0.037558719603307325, "transportation_means_car": 0.8294856827057572, "transportation_means_bike": 0.005947318890329574, "transportation_means_walk": 0.015340035824759833, "transportation_means_transit": 0.05533889309357847, "transportation_means_worked_at_home": 0.08347034601246675, "transportation_commute_time_under_15": 0.15900826456507822, "transportation_commute_time_over_60": 0.14183861636757336, "vehicle_ownership_at_least_1": 0.9205392188162893, "GHLTH_cdc_2": 0.21273782836393598, "ARTHRITIS_cdc_2": 0.16281336186703757, "CASTHMA_cdc_2": 0.09823043032058491, "BPHIGH_cdc_2": 0.25240548423142195, "CANCER_cdc_2": 0.04229641572683475, "KIDNEY_cdc_2": 0.028387086189893745, "COPD_cdc_2": 0.04937985311461544, "CHD_cdc_2": 0.04260600520241856, "DIABETES_cdc_2": 0.11365743331553015, "OBESITY_cdc_2": 0.309475334083133, "STROKE_cdc_2": 0.0261871102515353, "DISABILITY_cdc_2": 0.2949550411873327, "HEARING_cdc_2": 0.05662791952474612, "VISION_cdc_2": 0.07122951342621371, "COGNITION_cdc_2": 0.15648626390152226, "MOBILITY_cdc_2": 0.1268826265833745, "SELFCARE_cdc_2": 0.04647249590314095, "INDEPLIVE_cdc_2": 0.08702085342267737, "BINGE_cdc_2": 0.15909175141407716, "CSMOKING_cdc_2": 0.12636717153580718, "LPA_cdc_2": 0.2456019967516784, "SLEEP_cdc_2": 0.3376736676321704, "heating_utility_gas": 0.5875386222296015, "heating_electricity": 0.32287665382071573, "industry_agriculture,_forestry,_fishing_and_hunting": 0.0069495437600089055, "industry_mining,_quarrying,_and_oil_and_gas_extraction": 0.0004184180715864587, "industry_accommodation_and_food_services": 0.08021379340017502, "industry_arts,_entertainment,_and_recreation": 0.03480496594105641, "industry_construction": 0.09529635071865543, "industry_educational_services": 0.06788657763895475, "industry_health_care_and_social_assistance": 0.1274490482632202, "industry_finance_and_insurance": 0.03044318582347585, "industry_real_estate_and_rental_and_leasing": 0.018946866647587, "industry_information": 0.04880254176335271, "industry_manufacturing": 0.08834071353985658, "industry_other_services,_except_public_administration": 0.06952598317566908, "industry_administrative_and_support_and_waste_management_services": 0.06620617729364948, "industry_management_of_companies_and_enterprises": 0.0010341191222928462, "industry_professional,_scientific,_and_technical_services": 0.05257348666973668, "industry_public_administration": 0.026658924265388607, "industry_retail_trade": 0.10881821408919536, "industry_transportation_and_warehousing": 0.05157303295174803, "industry_utilities": 0.0036978410812826697, "industry_wholesale_trade": 0.020360215783108253, "occupation_architecture_and_engineering_occupations": 0.009749654439133374, "occupation_computer_and_mathematical_occupations": 0.016000454243543245, "occupation_life,_physical,_and_social_science_occupations": 0.004071601557209212, "occupation_arts,_design,_entertainment,_sports,_and_media_occupations": 0.047888683314163676, "occupation_community_and_social_service_occupations": 0.014851228104213457, "occupation_educational_instruction,_and_library_occupations": 0.04402447411624349, "occupation_legal_occupations": 0.008688634715888696, "occupation_health_diagnosing_and_treating_practitioners_and_other_technical_occupations": 0.02256017659475155, "occupation_health_technologists_and_technicians": 0.018178196930939982, "occupation_business_and_financial_operations_occupations": 0.038840792337799045, "occupation_management_occupations": 0.07531456454244141, "occupation_construction_and_extraction_occupations": 0.0787162371790678, "occupation_farming,_fishing,_and_forestry_occupations": 0.004251159337312664, "occupation_installation,_maintenance,_and_repair_occupations": 0.03177437996054641, "occupation_material_moving_occupations": 0.04086548725058709, "occupation_transportation_occupations": 0.04277989358466774, "occupation_office_and_administrative_support_occupations": 0.11208465164288678, "occupation_sales_and_related_occupations": 0.09485264313117005, "occupation_building_and_grounds_cleaning_and_maintenance_occupations": 0.07001935029163672, "occupation_food_preparation_and_serving_related_occupations": 0.06099060233950674, "occupation_healthcare_support_occupations": 0.04754535709827041, "occupation_personal_care_and_service_occupations": 0.03398709880493871, "occupation_firefighting_and_prevention,_and_other_protective_service_workers_including_supervisors": 0.011757279019275218, "occupation_law_enforcement_workers_including_supervisors": 0.0030081876738853037, "2020 Presidential Election-margin": 0.5130756419182715, "2016 Presidential Election-margin": 0.6125706307357686, "2016-2020 Swing-margin": -0.09949498881749708, "park_percent_1km_v2": 0.01685381332427509, "mean_dist_Hospital_updated": 2.5585766935464376, "mean_dist_Active Superfund Site_updated": 9.479425140042414, "mean_dist_Airport_updated": 8.8868032785792, "mean_dist_Public School_updated": 0.5235363171852357, "mean_high_temp_4": 74.64166455573547, "mean_high_temp_winter_4": 64.60581481051217, "mean_high_temp_spring_4": 74.22846748189772, "mean_high_temp_summer_4": 86.21121987890426, "mean_high_temp_fall_4": 73.02603923746301, "mean_high_heat_index_4": 73.77853541550131, "days_above_90_4": 0.09699425156821424, "days_below_40_4": 1.6519231585302765e-06, "wind_speed_over_10mph_4": 0.002687771190728959, "snowfall_4": 2.4024714970208725e-05, "rainfall_4": 0.38170461458537003, "hours_sunny_4": 8.404302812337933, "internet_no_access": 0.10696788869108895, "insurance_coverage_none": 0.15262357639501037, "insurance_coverage_govt": 0.30382514934283533, "insurance_coverage_private": 0.5435512742621542, "marriage_divorced": 0.07859616696483572}