{"population": 620443.0, "ad_1": 773.1036041205864, "population_change_2010": 0.36137892598069976, "ad_1_change_2010": 0.16604579589799107, "gpw_population": NaN, "gpw_pw_density_4": NaN, "white": 0.5986093807166815, "hispanic": 0.2644707088322376, "black": 0.055084834545639165, "asian": 0.034549507368122456, "citizenship_citizen_by_birth": 0.8615902328786725, "citizenship_citizen_by_naturalization": 0.05303462670168865, "citizenship_not_citizen": 0.08537514041963885, "birthplace_non_us": 0.1384097671213275, "birthplace_us_not_state": 0.3121567634157293, "birthplace_us_state": 0.5494334694629432, "language_english_only": 0.7695648042903744, "language_spanish": 0.18609745540537212, "education_high_school": 0.9004349939129723, "education_ugrad": 0.3481683580423349, "education_grad": 0.11495099100659709, "education_field_stem": 0.1514202262545773, "education_field_humanities": 0.1026085199139636, "education_field_business": 0.09413961187379402, "generation_silent": 0.04785863134643314, "generation_boomer": 0.20723553821634574, "generation_genx": 0.20692468244191192, "generation_millenial": 0.19232597422035233, "generation_genz": 0.20611053636601376, "generation_genalpha": 0.1395446374089431, "poverty_below_line": 0.08841045419138453, "household_income_under_50k": 0.2717563734089806, "household_income_over_100k": 0.4472257474525027, "individual_income_under_50k": 0.5659377004988536, "individual_income_over_100k": 0.18338464446113367, "housing_per_pop": 0.5203284139604297, "vacancy": 0.07836748728399566, "rent_or_own_rent": 0.27254488447613007, "rent_burden_under_20": 0.2919509614332105, "rent_burden_over_40": 0.28485423431969936, "rent_1br_under_750": 0.11137206427688505, "rent_1br_over_1500": 0.12793572311495674, "rent_2br_under_750": 0.07856924487924183, "rent_2br_over_1500": 0.2978905533476001, "year_built_1969_or_earlier": 0.04800922215889369, "year_built_2010_or_later": 0.2455742636628941, "transportation_means_car": 0.8689525516652254, "transportation_means_bike": 0.002755245293851987, "transportation_means_walk": 0.006910869390170041, "transportation_means_transit": 0.009540080591800082, "transportation_means_worked_at_home": 0.10444025108791928, "transportation_commute_time_under_15": 0.17862434276108755, "transportation_commute_time_over_60": 0.15429721858446863, "vehicle_ownership_at_least_1": 0.9673817699973872, "GHLTH_cdc_2": 0.16092864962230907, "ARTHRITIS_cdc_2": 0.21751968814344674, "CASTHMA_cdc_2": 0.0963722143210206, "BPHIGH_cdc_2": 0.30472371401625997, "CANCER_cdc_2": 0.06069826574520798, "KIDNEY_cdc_2": 0.026777333693183372, "COPD_cdc_2": 0.064992725166557, "CHD_cdc_2": 0.05026283709406945, "DIABETES_cdc_2": 0.10037669020854117, "OBESITY_cdc_2": 0.3527406562815564, "STROKE_cdc_2": 0.02650941725521353, "DISABILITY_cdc_2": 0.28100330839653453, "HEARING_cdc_2": 0.06051802333162506, "VISION_cdc_2": 0.04648647378300436, "COGNITION_cdc_2": 0.13302392901654805, "MOBILITY_cdc_2": 0.11954237082546161, "SELFCARE_cdc_2": 0.035153984479950995, "INDEPLIVE_cdc_2": 0.07345739567634117, "BINGE_cdc_2": 0.18469100304154146, "CSMOKING_cdc_2": 0.15963068772800187, "LPA_cdc_2": 0.2249198221774768, "SLEEP_cdc_2": 0.3379099060852056, "heating_utility_gas": 0.4268037773879288, "heating_electricity": 0.517818483819193, "industry_agriculture,_forestry,_fishing_and_hunting": 0.004179508329680721, "industry_mining,_quarrying,_and_oil_and_gas_extraction": 0.045453447317832456, "industry_accommodation_and_food_services": 0.06231988596948372, "industry_arts,_entertainment,_and_recreation": 0.01676290004728263, "industry_construction": 0.08839780912313155, "industry_educational_services": 0.09522100315102486, "industry_health_care_and_social_assistance": 0.09498631564778928, "industry_finance_and_insurance": 0.03575878266211557, "industry_real_estate_and_rental_and_leasing": 0.020890639074779033, "industry_information": 0.012348704214366327, "industry_manufacturing": 0.09302598473840971, "industry_other_services,_except_public_administration": 0.053094596320238004, "industry_administrative_and_support_and_waste_management_services": 0.04075279467949625, "industry_management_of_companies_and_enterprises": 0.004062164578062931, "industry_professional,_scientific,_and_technical_services": 0.07793350750827446, "industry_public_administration": 0.034785519781050364, "industry_retail_trade": 0.11268451442120195, "industry_transportation_and_warehousing": 0.05878576827370085, "industry_utilities": 0.013397895405301867, "industry_wholesale_trade": 0.035158258756777465, "occupation_architecture_and_engineering_occupations": 0.025618902007613537, "occupation_computer_and_mathematical_occupations": 0.027030478313839316, "occupation_life,_physical,_and_social_science_occupations": 0.009204581928371994, "occupation_arts,_design,_entertainment,_sports,_and_media_occupations": 0.014619650936851806, "occupation_community_and_social_service_occupations": 0.013101084739445101, "occupation_educational_instruction,_and_library_occupations": 0.06735876471542415, "occupation_legal_occupations": 0.009639444066720277, "occupation_health_diagnosing_and_treating_practitioners_and_other_technical_occupations": 0.03327730744408053, "occupation_health_technologists_and_technicians": 0.017629173037166906, "occupation_business_and_financial_operations_occupations": 0.0652189668918056, "occupation_management_occupations": 0.1360911415821389, "occupation_construction_and_extraction_occupations": 0.056680483318205195, "occupation_farming,_fishing,_and_forestry_occupations": 0.0018498897313863475, "occupation_installation,_maintenance,_and_repair_occupations": 0.04107376435303903, "occupation_material_moving_occupations": 0.03253528077943861, "occupation_transportation_occupations": 0.04558804750351168, "occupation_office_and_administrative_support_occupations": 0.09885865945117638, "occupation_sales_and_related_occupations": 0.1173403003309784, "occupation_building_and_grounds_cleaning_and_maintenance_occupations": 0.03291492232879029, "occupation_food_preparation_and_serving_related_occupations": 0.04330674692058934, "occupation_healthcare_support_occupations": 0.018619692352293552, "occupation_personal_care_and_service_occupations": 0.02805205921027655, "occupation_firefighting_and_prevention,_and_other_protective_service_workers_including_supervisors": 0.009573869617286805, "occupation_law_enforcement_workers_including_supervisors": 0.012573037857165044, "2020 Presidential Election-margin": -0.4382547147228984, "2016 Presidential Election-margin": -0.507416077395291, "2016-2020 Swing-margin": 0.06916136267239265, "park_percent_1km_v2": 0.005628612848048899, "mean_dist_Hospital_updated": 8.494099174292254, "mean_dist_Active Superfund Site_updated": 17.869531192416215, "mean_dist_Airport_updated": 32.43602167405645, "mean_dist_Public School_updated": 2.0910488539469227, "mean_high_temp_4": 78.87686494602725, "mean_high_temp_winter_4": 65.57396577933886, "mean_high_temp_spring_4": 82.9230744129853, "mean_high_temp_summer_4": 91.86851951443393, "mean_high_temp_fall_4": 74.46081426235274, "mean_high_heat_index_4": 83.29973924593499, "days_above_90_4": 0.23390448083901214, "days_below_40_4": 0.003507115958947735, "wind_speed_over_10mph_4": 0.09869721980730871, "snowfall_4": 0.0009184514748119222, "rainfall_4": 1.2022923697901973, "hours_sunny_4": 5.428352461759141, "internet_no_access": 0.05368407300959278, "insurance_coverage_none": 0.1943428953357164, "insurance_coverage_govt": 0.0669105649257346, "insurance_coverage_private": 0.738746539738549, "marriage_divorced": 0.09331143091811592}