{"population": 1164445.0, "ad_1": 734.258717544251, "population_change_2010": 0.041957666513057525, "ad_1_change_2010": -0.00611123963033038, "population_change_2000": 0.10163839199554972, "ad_1_change_2000": -0.05486474695348408, "gpw_population": NaN, "gpw_pw_density_4": NaN, "white": 0.8477678207214596, "hispanic": 0.058238903511973514, "black": 0.01818462872870767, "asian": 0.02280399675381834, "homogeneity_250_2020": 0.7656238037892374, "homogeneity_250_diff_2010": -0.07763418279659762, "homogeneity_250_diff_2000": -0.13114212689405202, "citizenship_citizen_by_birth": 0.9649362885747159, "citizenship_citizen_by_naturalization": 0.01637221343667806, "citizenship_not_citizen": 0.01869149798860598, "birthplace_non_us": 0.03506371142528451, "birthplace_us_not_state": 0.18399823899866524, "birthplace_us_state": 0.7809380495760503, "language_english_only": 0.935855066313459, "language_spanish": 0.03476308593645422, "education_high_school": 0.9323567740757869, "education_ugrad": 0.2559965882838616, "education_grad": 0.07737449516833636, "education_field_stem": 0.10521821285675327, "education_field_humanities": 0.09759654922757516, "education_field_business": 0.053181826199529804, "generation_silent": 0.0720269866783662, "generation_boomer": 0.25374698542377383, "generation_genx": 0.1854491246076779, "generation_millenial": 0.18459313234251712, "generation_genz": 0.18809261192925353, "generation_genalpha": 0.11609115901841133, "poverty_below_line": 0.09165588819492612, "household_income_under_50k": 0.36585243155764186, "household_income_over_100k": 0.285658594234335, "individual_income_under_50k": 0.6650851076933566, "individual_income_over_100k": 0.07132253928794828, "housing_per_pop": 0.5958354583792618, "vacancy": 0.11607179015186378, "rent_or_own_rent": 0.2821266141685963, "rent_burden_under_20": 0.38016801621407503, "rent_burden_over_40": 0.2381807583031987, "rent_1br_under_750": 0.7160434468514734, "rent_1br_over_1500": 0.030518848310196498, "rent_2br_under_750": 0.33454179291929714, "rent_2br_over_1500": 0.022441823395591916, "year_built_1969_or_earlier": 0.413467819440006, "year_built_2010_or_later": 0.057114155332197956, "transportation_means_car": 0.8894026507687997, "transportation_means_bike": 0.004624565070086524, "transportation_means_walk": 0.02301854410082847, "transportation_means_transit": 0.004005362459217585, "transportation_means_worked_at_home": 0.07270367443531779, "transportation_commute_time_under_15": 0.3855975544555859, "transportation_commute_time_over_60": 0.039449034111024864, "vehicle_ownership_at_least_1": 0.9503649908879933, "GHLTH_cdc_2": 0.13643321185860904, "ARTHRITIS_cdc_2": 0.2738234270346278, "CASTHMA_cdc_2": 0.10415933460488734, "BPHIGH_cdc_2": 0.29761285709950586, "CANCER_cdc_2": 0.07237731792215177, "KIDNEY_cdc_2": 0.029026043137923844, "COPD_cdc_2": 0.06050374229304671, "CHD_cdc_2": 0.057343312781460584, "DIABETES_cdc_2": 0.08644102094796992, "OBESITY_cdc_2": 0.3636365785216262, "STROKE_cdc_2": 0.02914576499893824, "DISABILITY_cdc_2": 0.23689311702895482, "HEARING_cdc_2": 0.0652427961442492, "VISION_cdc_2": 0.03949063726371343, "COGNITION_cdc_2": 0.1164686644239369, "MOBILITY_cdc_2": 0.10998213714581709, "SELFCARE_cdc_2": 0.03325424714075322, "INDEPLIVE_cdc_2": 0.0669765762337545, "BINGE_cdc_2": 0.22999305469630588, "CSMOKING_cdc_2": 0.15522555311464864, "LPA_cdc_2": 0.2100857132184901, "SLEEP_cdc_2": 0.30988803936994697, "heating_utility_gas": 0.6491851634833109, "heating_electricity": 0.14748196206257505, "industry_agriculture,_forestry,_fishing_and_hunting": 0.02360768095428292, "industry_mining,_quarrying,_and_oil_and_gas_extraction": 0.001213418620709085, "industry_accommodation_and_food_services": 0.060738461497763865, "industry_arts,_entertainment,_and_recreation": 0.0169223050444278, "industry_construction": 0.06449128303193677, "industry_educational_services": 0.0685080124890835, "industry_health_care_and_social_assistance": 0.13586232886143002, "industry_finance_and_insurance": 0.04722387420685005, "industry_real_estate_and_rental_and_leasing": 0.01064667769973475, "industry_information": 0.013123208131185725, "industry_manufacturing": 0.22507579577462997, "industry_other_services,_except_public_administration": 0.04233302086631978, "industry_administrative_and_support_and_waste_management_services": 0.03403109608000802, "industry_management_of_companies_and_enterprises": 0.0012345253663367587, "industry_professional,_scientific,_and_technical_services": 0.03904944349142458, "industry_public_administration": 0.03215890748815871, "industry_retail_trade": 0.10593747743614927, "industry_transportation_and_warehousing": 0.04242564822363496, "industry_utilities": 0.008318111858649405, "industry_wholesale_trade": 0.027098722877284057, "occupation_architecture_and_engineering_occupations": 0.022372394606218298, "occupation_computer_and_mathematical_occupations": 0.023349151249556648, "occupation_life,_physical,_and_social_science_occupations": 0.007056188717083076, "occupation_arts,_design,_entertainment,_sports,_and_media_occupations": 0.015159231406377233, "occupation_community_and_social_service_occupations": 0.016639036984819743, "occupation_educational_instruction,_and_library_occupations": 0.050471917893856695, "occupation_legal_occupations": 0.0055670931438422215, "occupation_health_diagnosing_and_treating_practitioners_and_other_technical_occupations": 0.03705595397852048, "occupation_health_technologists_and_technicians": 0.02055684106637925, "occupation_business_and_financial_operations_occupations": 0.04859151925452361, "occupation_management_occupations": 0.09330035346538681, "occupation_construction_and_extraction_occupations": 0.04779251020767853, "occupation_farming,_fishing,_and_forestry_occupations": 0.010897148868042196, "occupation_installation,_maintenance,_and_repair_occupations": 0.037293880934656055, "occupation_material_moving_occupations": 0.04734515951748785, "occupation_transportation_occupations": 0.03713516363026545, "occupation_office_and_administrative_support_occupations": 0.11178678995828213, "occupation_sales_and_related_occupations": 0.08903488013558888, "occupation_building_and_grounds_cleaning_and_maintenance_occupations": 0.0317671570225818, "occupation_food_preparation_and_serving_related_occupations": 0.049584600850433244, "occupation_healthcare_support_occupations": 0.03505520240757657, "occupation_personal_care_and_service_occupations": 0.022113660602373, "occupation_firefighting_and_prevention,_and_other_protective_service_workers_including_supervisors": 0.007852951886368411, "occupation_law_enforcement_workers_including_supervisors": 0.008660810967258886, "sors_cohabiting_partnered_gay": 0.004695786945388574, "2020 Presidential Election-margin": -0.16380272691947315, "2016 Presidential Election-margin": -0.17670904085664357, "2016-2020 Swing-margin": 0.012906313937170427, "park_percent_1km_v2": 0.02326924976441619, "mean_dist_Hospital_updated": 8.562280024654578, "mean_dist_Active Superfund Site_updated": 23.457468070182834, "mean_dist_Airport_updated": 45.797586803554786, "mean_dist_Public School_updated": 2.472848707388316, "lapop1share_usda_fra_1": 0.4598162405869417, "mean_high_temp_4": 54.53431961749746, "mean_high_temp_winter_4": 30.129916519162748, "mean_high_temp_spring_4": 61.44518799905305, "mean_high_temp_summer_4": 77.53976215837054, "mean_high_temp_fall_4": 47.841680126004334, "mean_high_heat_index_4": 53.15477091488047, "days_above_90_4": 0.009015747121587113, "days_below_40_4": 0.30318010229205916, "wind_speed_over_10mph_4": 0.3068464496184232, "snowfall_4": 0.13934534585411032, "rainfall_4": 0.6870883313368995, "hours_sunny_4": 4.49297803499968, "internet_no_access": 0.10791252130096085, "insurance_coverage_none": 0.06537103608009232, "insurance_coverage_govt": 0.14662150582611647, "insurance_coverage_private": 0.7880074580937911, "marriage_divorced": 0.11465660630309958}