{"population": 766987.0, "ad_1": 2081.852646330415, "population_change_2010": 0.12491951629107602, "ad_1_change_2010": 0.03153311900215042, "population_change_2000": 0.3468009861489619, "ad_1_change_2000": 0.052231617612059786, "gpw_population": NaN, "gpw_pw_density_4": NaN, "white": 0.17618030031799756, "hispanic": 0.7046286312545063, "black": 0.055745403768251614, "asian": 0.03426394449971121, "homogeneity_250_2020": 0.5841113753014496, "homogeneity_250_diff_2010": -0.038134379201650526, "homogeneity_250_diff_2000": -0.037834120070299626, "citizenship_citizen_by_birth": 0.8504282751546284, "citizenship_citizen_by_naturalization": 0.05881478153804775, "citizenship_not_citizen": 0.09075694330732388, "birthplace_non_us": 0.14957172484537146, "birthplace_us_not_state": 0.1906077522636067, "birthplace_us_state": 0.6598205228910218, "language_english_only": 0.5432578543518287, "language_spanish": 0.413594068523148, "education_high_school": 0.8305762348685368, "education_ugrad": 0.23303824481215404, "education_grad": 0.0809846802567893, "education_field_stem": 0.11067323928211856, "education_field_humanities": 0.07220740797602669, "education_field_business": 0.05015759755400833, "generation_silent": 0.042652976041836516, "generation_boomer": 0.1611634412875218, "generation_genx": 0.17610813971437145, "generation_millenial": 0.2424805564405449, "generation_genz": 0.23305681735390638, "generation_genalpha": 0.14453806916181886, "poverty_below_line": 0.1756528403221219, "household_income_under_50k": 0.4529902557122278, "household_income_over_100k": 0.2250178993464091, "individual_income_under_50k": 0.7372264202823761, "individual_income_over_100k": 0.054897448399663054, "housing_per_pop": 0.524591504974345, "vacancy": 0.08245107049365799, "rent_or_own_rent": 0.4606228180476096, "rent_burden_under_20": 0.23019754974640338, "rent_burden_over_40": 0.34958143670822234, "rent_1br_under_750": 0.20036404193360374, "rent_1br_over_1500": 0.036272745850147906, "rent_2br_under_750": 0.0880841724639384, "rent_2br_over_1500": 0.13234478939704905, "year_built_1969_or_earlier": 0.2780435556268769, "year_built_2010_or_later": 0.12707479618821566, "transportation_means_car": 0.8720874728385237, "transportation_means_bike": 0.0026534750674917346, "transportation_means_walk": 0.01582164418989351, "transportation_means_transit": 0.01849204434829493, "transportation_means_worked_at_home": 0.07878646649247707, "transportation_commute_time_under_15": 0.21593712710550345, "transportation_commute_time_over_60": 0.06148480297827251, "vehicle_ownership_at_least_1": 0.9298875562309423, "GHLTH_cdc_2": 0.23850520473526282, "ARTHRITIS_cdc_2": 0.21218647864193152, "CASTHMA_cdc_2": 0.09761720824305516, "BPHIGH_cdc_2": 0.3001297212227928, "CANCER_cdc_2": 0.04567429569323926, "KIDNEY_cdc_2": 0.03151045000684172, "COPD_cdc_2": 0.05799423090764742, "CHD_cdc_2": 0.05247051601506224, "DIABETES_cdc_2": 0.13072623594177127, "OBESITY_cdc_2": 0.3981965423649868, "STROKE_cdc_2": 0.02857618538045079, "DISABILITY_cdc_2": 0.3343689007192802, "HEARING_cdc_2": 0.06368077288253868, "VISION_cdc_2": 0.08036363974152728, "COGNITION_cdc_2": 0.16863010569772763, "MOBILITY_cdc_2": 0.15548537673509166, "SELFCARE_cdc_2": 0.051896774343057006, "INDEPLIVE_cdc_2": 0.09556661970107125, "BINGE_cdc_2": 0.17567245715644308, "CSMOKING_cdc_2": 0.1428249494648187, "LPA_cdc_2": 0.2828349125267303, "SLEEP_cdc_2": 0.36804339461491126, "heating_utility_gas": 0.2761366235377351, "heating_electricity": 0.7065260425229145, "industry_agriculture,_forestry,_fishing_and_hunting": 0.0015266422356467791, "industry_mining,_quarrying,_and_oil_and_gas_extraction": 0.006729110488173499, "industry_accommodation_and_food_services": 0.10348680018545253, "industry_arts,_entertainment,_and_recreation": 0.017545988899081606, "industry_construction": 0.0910713811785092, "industry_educational_services": 0.09098854849256037, "industry_health_care_and_social_assistance": 0.14031350107651214, "industry_finance_and_insurance": 0.07782970701928901, "industry_real_estate_and_rental_and_leasing": 0.016810958528371993, "industry_information": 0.01535584172866157, "industry_manufacturing": 0.05210051205556363, "industry_other_services,_except_public_administration": 0.04672824334962756, "industry_administrative_and_support_and_waste_management_services": 0.0518805111988831, "industry_management_of_companies_and_enterprises": 0.0013735702095632604, "industry_professional,_scientific,_and_technical_services": 0.05850456972888174, "industry_public_administration": 0.045253963265434904, "industry_retail_trade": 0.11571694547686603, "industry_transportation_and_warehousing": 0.04490983116807012, "industry_utilities": 0.005116983195130275, "industry_wholesale_trade": 0.01675639051972074, "occupation_architecture_and_engineering_occupations": 0.0117386579932817, "occupation_computer_and_mathematical_occupations": 0.037237869304851116, "occupation_life,_physical,_and_social_science_occupations": 0.007422695071450023, "occupation_arts,_design,_entertainment,_sports,_and_media_occupations": 0.014398916382720344, "occupation_community_and_social_service_occupations": 0.015914193672538123, "occupation_educational_instruction,_and_library_occupations": 0.0586723609941017, "occupation_legal_occupations": 0.0052667401505750115, "occupation_health_diagnosing_and_treating_practitioners_and_other_technical_occupations": 0.03556028965557761, "occupation_health_technologists_and_technicians": 0.023873697717712934, "occupation_business_and_financial_operations_occupations": 0.048598699129124436, "occupation_management_occupations": 0.07738121564748554, "occupation_construction_and_extraction_occupations": 0.07299676086092018, "occupation_farming,_fishing,_and_forestry_occupations": 0.0006272259885308665, "occupation_installation,_maintenance,_and_repair_occupations": 0.03425125748961748, "occupation_material_moving_occupations": 0.035024371181605896, "occupation_transportation_occupations": 0.03962446296213381, "occupation_office_and_administrative_support_occupations": 0.136954252640882, "occupation_sales_and_related_occupations": 0.09972302340022114, "occupation_building_and_grounds_cleaning_and_maintenance_occupations": 0.04534275831229265, "occupation_food_preparation_and_serving_related_occupations": 0.07559097004862818, "occupation_healthcare_support_occupations": 0.037458189769030405, "occupation_personal_care_and_service_occupations": 0.024804920122754183, "occupation_firefighting_and_prevention,_and_other_protective_service_workers_including_supervisors": 0.010970935792297446, "occupation_law_enforcement_workers_including_supervisors": 0.009167299455577666, "sors_cohabiting_partnered_gay": 0.005905961573859318, "2020 Presidential Election-margin": 0.3307871427800277, "2016 Presidential Election-margin": 0.31919464484045745, "2016-2020 Swing-margin": 0.011592497939570234, "park_percent_1km_v2": 0.023506384849084294, "mean_dist_Hospital_updated": 3.7251656639388306, "mean_dist_Active Superfund Site_updated": 9.410419898753831, "mean_dist_Airport_updated": 17.72770835747431, "mean_dist_Public School_updated": 0.6828383105694424, "lapop1share_usda_fra_1": 0.7338433467614841, "mean_high_temp_4": 80.39925703378596, "mean_high_temp_winter_4": 67.08169581474405, "mean_high_temp_spring_4": 84.7038731622789, "mean_high_temp_summer_4": 93.64966861985744, "mean_high_temp_fall_4": 75.46119057691952, "mean_high_heat_index_4": 83.78346279008287, "days_above_90_4": 0.278781824566174, "days_below_40_4": 0.0033344084331355037, "wind_speed_over_10mph_4": 0.15331428281018486, "snowfall_4": 0.0006440648171900516, "rainfall_4": 0.8263027392436666, "hours_sunny_4": 5.847516984028562, "internet_no_access": 0.10687947442545051, "insurance_coverage_none": 0.2365483085304196, "insurance_coverage_govt": 0.1296408067248505, "insurance_coverage_private": 0.6338108847447299, "marriage_divorced": 0.11528745396612625}