{"population": 413660.0, "ad_1": 1567.2833392209586, "population_change_2010": 0.022425337442873845, "ad_1_change_2010": 0.011929652020372928, "gpw_population": NaN, "gpw_pw_density_4": NaN, "white": 0.7028308272494319, "hispanic": 0.06062225015713388, "black": 0.1299545520475753, "asian": 0.04646569646569647, "citizenship_citizen_by_birth": 0.9158301296897456, "citizenship_citizen_by_naturalization": 0.04617329142198712, "citizenship_not_citizen": 0.03799657888826736, "birthplace_non_us": 0.08416987031025447, "birthplace_us_not_state": 0.16292189439963084, "birthplace_us_state": 0.7529082352901146, "language_english_only": 0.885492317656586, "language_spanish": 0.031533549667992176, "education_high_school": 0.910708415294264, "education_ugrad": 0.33930402699333645, "education_grad": 0.15044266353497568, "education_field_stem": 0.15212991776550175, "education_field_humanities": 0.12680076396126574, "education_field_business": 0.06037334526656896, "generation_silent": 0.06863055416545877, "generation_boomer": 0.2325987483821279, "generation_genx": 0.17453596777179267, "generation_millenial": 0.20136938222045708, "generation_genz": 0.2047546566986308, "generation_genalpha": 0.1181106907615327, "poverty_below_line": 0.1536379992915373, "household_income_under_50k": 0.4044055615221614, "household_income_over_100k": 0.29427760714167484, "individual_income_under_50k": 0.6557013694087515, "individual_income_over_100k": 0.08786609645664575, "housing_per_pop": 0.5614007245337378, "vacancy": 0.07094939874312306, "rent_or_own_rent": 0.3834892802352411, "rent_burden_under_20": 0.27647595440174827, "rent_burden_over_40": 0.3502835347649364, "rent_1br_under_750": 0.4634195107637142, "rent_1br_over_1500": 0.0448356910343807, "rent_2br_under_750": 0.16276608636597262, "rent_2br_over_1500": 0.08152590595848734, "year_built_1969_or_earlier": 0.6163208253353524, "year_built_2010_or_later": 0.03439324197934342, "transportation_means_car": 0.8407328087833185, "transportation_means_bike": 0.00504797517453464, "transportation_means_walk": 0.03814553407290331, "transportation_means_transit": 0.027867863187109744, "transportation_means_worked_at_home": 0.07849645101684016, "transportation_commute_time_under_15": 0.33712540865789464, "transportation_commute_time_over_60": 0.030956084636792797, "vehicle_ownership_at_least_1": 0.8648972799657267, "GHLTH_cdc_2": 0.16579768669833164, "ARTHRITIS_cdc_2": 0.28739841523312554, "CASTHMA_cdc_2": 0.11852905308220973, "BPHIGH_cdc_2": 0.3341523342867584, "CANCER_cdc_2": 0.06947649760517807, "KIDNEY_cdc_2": 0.029648513812226364, "COPD_cdc_2": 0.07392967433785796, "CHD_cdc_2": 0.058136155374201456, "DIABETES_cdc_2": 0.10752334457597787, "OBESITY_cdc_2": 0.36655250702539843, "STROKE_cdc_2": 0.029811456939095187, "DISABILITY_cdc_2": 0.2971130552014282, "HEARING_cdc_2": 0.06067147556235507, "VISION_cdc_2": 0.053433442964789524, "COGNITION_cdc_2": 0.14604957285540043, "MOBILITY_cdc_2": 0.1414011736334752, "SELFCARE_cdc_2": 0.04113632571204971, "INDEPLIVE_cdc_2": 0.09062942786728936, "BINGE_cdc_2": 0.15827826030626227, "CSMOKING_cdc_2": 0.20065289305656941, "LPA_cdc_2": 0.26267562214027235, "SLEEP_cdc_2": 0.34576857390034565, "heating_utility_gas": 0.7360882274103651, "heating_electricity": 0.20961384962217175, "industry_agriculture,_forestry,_fishing_and_hunting": 0.0030585033727344307, "industry_mining,_quarrying,_and_oil_and_gas_extraction": 0.0005895075643572738, "industry_accommodation_and_food_services": 0.06626071929331608, "industry_arts,_entertainment,_and_recreation": 0.01826700640866656, "industry_construction": 0.0465494276507785, "industry_educational_services": 0.14113856875674122, "industry_health_care_and_social_assistance": 0.17582781855229795, "industry_finance_and_insurance": 0.05416071324534863, "industry_real_estate_and_rental_and_leasing": 0.0165109136322787, "industry_information": 0.020784607728500423, "industry_manufacturing": 0.07826621765685043, "industry_other_services,_except_public_administration": 0.0436621591155383, "industry_administrative_and_support_and_waste_management_services": 0.03490357848390554, "industry_management_of_companies_and_enterprises": 0.001067661582584942, "industry_professional,_scientific,_and_technical_services": 0.06999151570723239, "industry_public_administration": 0.03801943926969853, "industry_retail_trade": 0.10701285213555356, "industry_transportation_and_warehousing": 0.042451176406509715, "industry_utilities": 0.013175378741222737, "industry_wholesale_trade": 0.028302234695884176, "occupation_architecture_and_engineering_occupations": 0.022986910708837568, "occupation_computer_and_mathematical_occupations": 0.027146398815751836, "occupation_life,_physical,_and_social_science_occupations": 0.009159339341554896, "occupation_arts,_design,_entertainment,_sports,_and_media_occupations": 0.01707326853697613, "occupation_community_and_social_service_occupations": 0.023397949472462688, "occupation_educational_instruction,_and_library_occupations": 0.09022516580661574, "occupation_legal_occupations": 0.013175025489845487, "occupation_health_diagnosing_and_treating_practitioners_and_other_technical_occupations": 0.05682277663413119, "occupation_health_technologists_and_technicians": 0.02403392924093, "occupation_business_and_financial_operations_occupations": 0.053032570913708214, "occupation_management_occupations": 0.09341421908483928, "occupation_construction_and_extraction_occupations": 0.030287988929988303, "occupation_farming,_fishing,_and_forestry_occupations": 0.001431348197522965, "occupation_installation,_maintenance,_and_repair_occupations": 0.026210710003804674, "occupation_material_moving_occupations": 0.031245283951090715, "occupation_transportation_occupations": 0.03554635095367182, "occupation_office_and_administrative_support_occupations": 0.1293504333941848, "occupation_sales_and_related_occupations": 0.09838859152840915, "occupation_building_and_grounds_cleaning_and_maintenance_occupations": 0.03346616507625054, "occupation_food_preparation_and_serving_related_occupations": 0.05521675828624664, "occupation_healthcare_support_occupations": 0.034493896924914814, "occupation_personal_care_and_service_occupations": 0.027939841516204243, "occupation_firefighting_and_prevention,_and_other_protective_service_workers_including_supervisors": 0.013737768395598116, "occupation_law_enforcement_workers_including_supervisors": 0.00955374744395842, "2020 Presidential Election-margin": 0.24242716834643785, "2016 Presidential Election-margin": 0.18122918216292075, "2016-2020 Swing-margin": 0.0611979861835171, "park_percent_1km_v2": 0.027216815375460526, "mean_dist_Hospital_updated": 6.561071091657088, "mean_dist_Active Superfund Site_updated": 9.177335093838199, "mean_dist_Airport_updated": 9.95570815995419, "mean_dist_Public School_updated": 1.0018374480628767, "mean_high_temp_4": 56.268174999940626, "mean_high_temp_winter_4": 34.07794032994753, "mean_high_temp_spring_4": 62.15168606640443, "mean_high_temp_summer_4": 76.95558400638939, "mean_high_temp_fall_4": 50.8381817330416, "mean_high_heat_index_4": 55.2209166903267, "days_above_90_4": 0.004307701220042699, "days_below_40_4": 0.25539855817003976, "wind_speed_over_10mph_4": 0.16103954017136995, "snowfall_4": 0.2194513592807844, "rainfall_4": 1.0559119890197406, "hours_sunny_4": 3.853826179756261, "internet_no_access": 0.11103619737300038, "insurance_coverage_none": 0.04473490257917356, "insurance_coverage_govt": 0.23732542388193212, "insurance_coverage_private": 0.7179396735388944, "marriage_divorced": 0.11389316083881264}