{"population": 769364.0, "ad_1": 1047.9829889154496, "population_change_2010": 0.05626298252430383, "ad_1_change_2010": 0.035767783594706073, "gpw_population": NaN, "gpw_pw_density_4": NaN, "white": 0.8418030997031314, "hispanic": 0.03201865436906328, "black": 0.03166771515173572, "asian": 0.04645655372489485, "citizenship_citizen_by_birth": 0.9326795667517264, "citizenship_citizen_by_naturalization": 0.04236658470506983, "citizenship_not_citizen": 0.0249538485432038, "birthplace_non_us": 0.06732043324827362, "birthplace_us_not_state": 0.2551630261264174, "birthplace_us_state": 0.677516540625309, "language_english_only": 0.9173317291128403, "language_spanish": 0.015695252885582746, "education_high_school": 0.9517403062582879, "education_ugrad": 0.4693961735668095, "education_grad": 0.1937131648250662, "education_field_stem": 0.19785339112604605, "education_field_humanities": 0.15055227719892483, "education_field_business": 0.12099050524183863, "generation_silent": 0.07854530407637848, "generation_boomer": 0.2515067481259962, "generation_genx": 0.1913991664938755, "generation_millenial": 0.18056602111834397, "generation_genz": 0.1804551667918496, "generation_genalpha": 0.11752759339355637, "poverty_below_line": 0.05831601617232512, "household_income_under_50k": 0.2651859735970039, "household_income_over_100k": 0.44079539174051147, "individual_income_under_50k": 0.5585442005949404, "individual_income_over_100k": 0.17580388130945787, "housing_per_pop": 0.5413397888058767, "vacancy": 0.05353293302369475, "rent_or_own_rent": 0.2150255595961965, "rent_burden_under_20": 0.3421173219210109, "rent_burden_over_40": 0.2604196619061793, "rent_1br_under_750": 0.3255827813107415, "rent_1br_over_1500": 0.06695992657175577, "rent_2br_under_750": 0.15818632798452603, "rent_2br_over_1500": 0.11687037234308055, "year_built_1969_or_earlier": 0.33105883001731895, "year_built_2010_or_later": 0.06237062251913775, "transportation_means_car": 0.8592962679745547, "transportation_means_bike": 0.0020649903054170537, "transportation_means_walk": 0.007650614603258401, "transportation_means_transit": 0.004460229058191173, "transportation_means_worked_at_home": 0.12023710745729127, "transportation_commute_time_under_15": 0.22124477013942961, "transportation_commute_time_over_60": 0.049979411310668104, "vehicle_ownership_at_least_1": 0.9609205081200525, "GHLTH_cdc_2": 0.13513396959168716, "ARTHRITIS_cdc_2": 0.26343574785326573, "CASTHMA_cdc_2": 0.09132868001733074, "BPHIGH_cdc_2": 0.31279430270612774, "CANCER_cdc_2": 0.07572695444204053, "KIDNEY_cdc_2": 0.026980957673124886, "COPD_cdc_2": 0.061937745710609095, "CHD_cdc_2": 0.05436106640357969, "DIABETES_cdc_2": 0.08977024183247324, "OBESITY_cdc_2": 0.32826673292015024, "STROKE_cdc_2": 0.02688450763931741, "DISABILITY_cdc_2": 0.255436341444338, "HEARING_cdc_2": 0.06862214469102566, "VISION_cdc_2": 0.034353241106277785, "COGNITION_cdc_2": 0.11451561339592785, "MOBILITY_cdc_2": 0.11609668743018174, "SELFCARE_cdc_2": 0.02753585413747574, "INDEPLIVE_cdc_2": 0.06342947296103595, "BINGE_cdc_2": 0.1893246972003793, "CSMOKING_cdc_2": 0.14924447838373117, "LPA_cdc_2": 0.20733862351062285, "SLEEP_cdc_2": 0.2937303613214325, "heating_utility_gas": 0.6305928440366585, "heating_electricity": 0.3204358691204986, "industry_agriculture,_forestry,_fishing_and_hunting": 0.005507936475368592, "industry_mining,_quarrying,_and_oil_and_gas_extraction": 0.0014259943801139753, "industry_accommodation_and_food_services": 0.054428246212237234, "industry_arts,_entertainment,_and_recreation": 0.02081166435647932, "industry_construction": 0.06502646975615038, "industry_educational_services": 0.09653877752961312, "industry_health_care_and_social_assistance": 0.13677197504816863, "industry_finance_and_insurance": 0.08235068405817039, "industry_real_estate_and_rental_and_leasing": 0.021390442358890392, "industry_information": 0.020210619069237823, "industry_manufacturing": 0.11667829728862392, "industry_other_services,_except_public_administration": 0.044886788569431235, "industry_administrative_and_support_and_waste_management_services": 0.029427850307730822, "industry_management_of_companies_and_enterprises": 0.002827534214465279, "industry_professional,_scientific,_and_technical_services": 0.09458809011162173, "industry_public_administration": 0.029148162984809, "industry_retail_trade": 0.10749584937891164, "industry_transportation_and_warehousing": 0.029492067753208073, "industry_utilities": 0.008773428963077184, "industry_wholesale_trade": 0.032219121183691184, "occupation_architecture_and_engineering_occupations": 0.022617863753741953, "occupation_computer_and_mathematical_occupations": 0.051642536858834125, "occupation_life,_physical,_and_social_science_occupations": 0.015262654700376247, "occupation_arts,_design,_entertainment,_sports,_and_media_occupations": 0.020436536643859686, "occupation_community_and_social_service_occupations": 0.01427926055934133, "occupation_educational_instruction,_and_library_occupations": 0.06282694607362921, "occupation_legal_occupations": 0.015352272067928479, "occupation_health_diagnosing_and_treating_practitioners_and_other_technical_occupations": 0.061349015196479166, "occupation_health_technologists_and_technicians": 0.017911486298462124, "occupation_business_and_financial_operations_occupations": 0.08720125053973912, "occupation_management_occupations": 0.13130030437992674, "occupation_construction_and_extraction_occupations": 0.042103560629499354, "occupation_farming,_fishing,_and_forestry_occupations": 0.0016937943654430306, "occupation_installation,_maintenance,_and_repair_occupations": 0.02339295144092788, "occupation_material_moving_occupations": 0.028521616383972208, "occupation_transportation_occupations": 0.025683977244606252, "occupation_office_and_administrative_support_occupations": 0.10362745410503442, "occupation_sales_and_related_occupations": 0.10937629179355515, "occupation_building_and_grounds_cleaning_and_maintenance_occupations": 0.020429873021835264, "occupation_food_preparation_and_serving_related_occupations": 0.043819490247901965, "occupation_healthcare_support_occupations": 0.017035977294431008, "occupation_personal_care_and_service_occupations": 0.023650002454911365, "occupation_firefighting_and_prevention,_and_other_protective_service_workers_including_supervisors": 0.00734441520453712, "occupation_law_enforcement_workers_including_supervisors": 0.008146073063749674, "2020 Presidential Election-margin": -0.07755740369300448, "2016 Presidential Election-margin": -0.16488362797689443, "2016-2020 Swing-margin": 0.08732622428388995, "park_percent_1km_v2": 0.026428926890677547, "mean_dist_Hospital_updated": 6.479765092024718, "mean_dist_Active Superfund Site_updated": 10.63843094338185, "mean_dist_Airport_updated": 31.77788379256439, "mean_dist_Public School_updated": 1.3872164429342129, "mean_high_temp_4": 66.51501819488736, "mean_high_temp_winter_4": 45.79500375951554, "mean_high_temp_spring_4": 73.35175331520271, "mean_high_temp_summer_4": 86.11587818956615, "mean_high_temp_fall_4": 59.75711945536663, "mean_high_heat_index_4": 67.08029277028898, "days_above_90_4": 0.0859130999366365, "days_below_40_4": 0.11206368029016708, "wind_speed_over_10mph_4": 0.12499379929371057, "snowfall_4": 0.05106123784895775, "rainfall_4": 0.9966753912090147, "hours_sunny_4": 5.21299616293453, "internet_no_access": 0.06824738708451404, "insurance_coverage_none": 0.061354402370794967, "insurance_coverage_govt": 0.06504551313681936, "insurance_coverage_private": 0.8736000844923857, "marriage_divorced": 0.09640637134977026}