{"population": 744561.0, "ad_1": 695.7207238271155, "population_change_2010": 0.04249444491893852, "ad_1_change_2010": 0.041974328438468704, "population_change_2000": 0.08166363525426093, "ad_1_change_2000": -0.02703537411739253, "gpw_population": NaN, "gpw_pw_density_4": NaN, "white": 0.8028435547926899, "hispanic": 0.06618665226892088, "black": 0.061287120867195566, "asian": 0.026552559159021223, "homogeneity_250_2020": 0.7322554098672417, "homogeneity_250_diff_2010": -0.07805447951109634, "homogeneity_250_diff_2000": -0.12845510381744407, "citizenship_citizen_by_birth": 0.9541094992279485, "citizenship_citizen_by_naturalization": 0.02237463499703231, "citizenship_not_citizen": 0.02351586577501916, "birthplace_non_us": 0.04589050077205114, "birthplace_us_not_state": 0.2281325439290436, "birthplace_us_state": 0.7259769552989053, "language_english_only": 0.9116995667298852, "language_spanish": 0.03949115442359572, "education_high_school": 0.9046487143531474, "education_ugrad": 0.23147036346971991, "education_grad": 0.07554032706547144, "education_field_stem": 0.09237555997140663, "education_field_humanities": 0.08808545562633328, "education_field_business": 0.05100934787198081, "generation_silent": 0.06379950823549507, "generation_boomer": 0.2278863000914333, "generation_genx": 0.1839549234331335, "generation_millenial": 0.1869823562632981, "generation_genz": 0.2016489766432797, "generation_genalpha": 0.13572793533336036, "poverty_below_line": 0.11432179593627223, "household_income_under_50k": 0.40543452483382986, "household_income_over_100k": 0.24143478841269803, "individual_income_under_50k": 0.7087809009187618, "individual_income_over_100k": 0.06369868753973043, "housing_per_pop": 0.5697627886535871, "vacancy": 0.08518877360649929, "rent_or_own_rent": 0.26223248471312915, "rent_burden_under_20": 0.3299533458810028, "rent_burden_over_40": 0.2663719168700459, "rent_1br_under_750": 0.6775525525525529, "rent_1br_over_1500": 0.021879021879021906, "rent_2br_under_750": 0.39603131257964863, "rent_2br_over_1500": 0.022173675587110888, "year_built_1969_or_earlier": 0.4601371831644531, "year_built_2010_or_later": 0.053914798194238875, "transportation_means_car": 0.9144914269069787, "transportation_means_bike": 0.003647937785979415, "transportation_means_walk": 0.01588283159837763, "transportation_means_transit": 0.005151364711771858, "transportation_means_worked_at_home": 0.0540156313575949, "transportation_commute_time_under_15": 0.3383860203761932, "transportation_commute_time_over_60": 0.04678464156478988, "vehicle_ownership_at_least_1": 0.9425647914749536, "traffic_fatalities_last_decade_per_capita": 0.00013202410547960477, "traffic_fatalities_ped_last_decade_per_capita": 1.3296425679024286e-05, "GHLTH_cdc_2": 0.17555176060884828, "ARTHRITIS_cdc_2": 0.27476499517693, "CASTHMA_cdc_2": 0.10960325158173573, "BPHIGH_cdc_2": 0.3428988523382396, "CANCER_cdc_2": 0.0695890463242165, "KIDNEY_cdc_2": 0.030409140279055436, "COPD_cdc_2": 0.0823174051906823, "CHD_cdc_2": 0.06349078490646291, "DIABETES_cdc_2": 0.11538192033966568, "OBESITY_cdc_2": 0.39110381933630656, "STROKE_cdc_2": 0.032039364950364545, "DISABILITY_cdc_2": 0.2972717645584449, "HEARING_cdc_2": 0.06571052111895054, "VISION_cdc_2": 0.04959861460287661, "COGNITION_cdc_2": 0.13873142550072404, "MOBILITY_cdc_2": 0.1444863264190055, "SELFCARE_cdc_2": 0.03879293098079123, "INDEPLIVE_cdc_2": 0.08537249447436202, "BINGE_cdc_2": 0.16368463606741493, "CSMOKING_cdc_2": 0.19157885902217062, "LPA_cdc_2": 0.2625032090476169, "SLEEP_cdc_2": 0.33355348855756356, "heating_utility_gas": 0.5937474030703062, "heating_electricity": 0.2570339790578266, "industry_agriculture,_forestry,_fishing_and_hunting": 0.013395804499789003, "industry_mining,_quarrying,_and_oil_and_gas_extraction": 0.0017691524026338939, "industry_accommodation_and_food_services": 0.06036889033980026, "industry_arts,_entertainment,_and_recreation": 0.012408683066498246, "industry_construction": 0.05793784935704541, "industry_educational_services": 0.0741105625615245, "industry_health_care_and_social_assistance": 0.14841456803041211, "industry_finance_and_insurance": 0.04043418711720583, "industry_real_estate_and_rental_and_leasing": 0.01434545782860136, "industry_information": 0.01272396696508504, "industry_manufacturing": 0.2439326385853422, "industry_other_services,_except_public_administration": 0.046340019570052404, "industry_administrative_and_support_and_waste_management_services": 0.029360650160856615, "industry_management_of_companies_and_enterprises": 0.0004792034854378417, "industry_professional,_scientific,_and_technical_services": 0.03765511247028051, "industry_public_administration": 0.025609525803166416, "industry_retail_trade": 0.10575073660909423, "industry_transportation_and_warehousing": 0.0436225259861843, "industry_utilities": 0.006460888853083477, "industry_wholesale_trade": 0.024879576307906423, "occupation_architecture_and_engineering_occupations": 0.022227240737343806, "occupation_computer_and_mathematical_occupations": 0.01887838847283029, "occupation_life,_physical,_and_social_science_occupations": 0.004822681588912196, "occupation_arts,_design,_entertainment,_sports,_and_media_occupations": 0.012863270303875003, "occupation_community_and_social_service_occupations": 0.018975442457062137, "occupation_educational_instruction,_and_library_occupations": 0.05077384712287185, "occupation_legal_occupations": 0.005601414214685245, "occupation_health_diagnosing_and_treating_practitioners_and_other_technical_occupations": 0.042608226920860554, "occupation_health_technologists_and_technicians": 0.023341667447664083, "occupation_business_and_financial_operations_occupations": 0.038461364245948856, "occupation_management_occupations": 0.0890645782597707, "occupation_construction_and_extraction_occupations": 0.04537945564425293, "occupation_farming,_fishing,_and_forestry_occupations": 0.005028850530321533, "occupation_installation,_maintenance,_and_repair_occupations": 0.037456106416678646, "occupation_material_moving_occupations": 0.05439238166397083, "occupation_transportation_occupations": 0.03953468299035769, "occupation_office_and_administrative_support_occupations": 0.1070894686568027, "occupation_sales_and_related_occupations": 0.09218474836586328, "occupation_building_and_grounds_cleaning_and_maintenance_occupations": 0.03128707153932866, "occupation_food_preparation_and_serving_related_occupations": 0.052379017027469874, "occupation_healthcare_support_occupations": 0.030304048320391797, "occupation_personal_care_and_service_occupations": 0.02305350725723666, "occupation_firefighting_and_prevention,_and_other_protective_service_workers_including_supervisors": 0.005939894366008592, "occupation_law_enforcement_workers_including_supervisors": 0.006616908592528339, "sors_cohabiting_partnered_gay": 0.005392308692923026, "2020 Presidential Election-margin": -0.30612703295029015, "2016 Presidential Election-margin": -0.34797429496371435, "2016-2020 Swing-margin": 0.0418472620134242, "park_percent_1km_v2": 0.016557370594099542, "mean_dist_Hospital_updated": 6.910008342681176, "mean_dist_Active Superfund Site_updated": 21.146594845618814, "mean_dist_Airport_updated": 30.951612289896225, "mean_dist_Public School_updated": 2.453077863204654, "lapop1share_usda_fra_1": 0.385233446871032, "mean_high_temp_4": 60.34930712052509, "mean_high_temp_winter_4": 37.86768455733426, "mean_high_temp_spring_4": 67.6365050621293, "mean_high_temp_summer_4": 80.84079202939388, "mean_high_temp_fall_4": 53.973016781085164, "mean_high_heat_index_4": 59.71087437292908, "days_above_90_4": 0.021271705356664748, "days_below_40_4": 0.20014335231639718, "wind_speed_over_10mph_4": 0.29543350001535434, "snowfall_4": 0.09825261783636675, "rainfall_4": 0.901352055223244, "hours_sunny_4": 4.393728961384364, "internet_no_access": 0.12245401327026045, "insurance_coverage_none": 0.10298877563795106, "insurance_coverage_govt": 0.16558500020217254,