{"population": 382576.0, "ad_1": 723.3160379780319, "population_change_2010": 0.09098582713092081, "ad_1_change_2010": 0.07035889166589945, "gpw_population": NaN, "gpw_pw_density_4": NaN, "white": 0.5439834176738739, "hispanic": 0.14294153318556313, "black": 0.24501798335494124, "asian": 0.023992618460122957, "citizenship_citizen_by_birth": 0.913296152052808, "citizenship_citizen_by_naturalization": 0.03204600370590863, "citizenship_not_citizen": 0.054657844241283324, "birthplace_non_us": 0.08670384794719194, "birthplace_us_not_state": 0.33635844856742164, "birthplace_us_state": 0.5769377034853863, "language_english_only": 0.8505928217150613, "language_spanish": 0.11066866194001365, "education_high_school": 0.896453620171481, "education_ugrad": 0.33271623738083705, "education_grad": 0.12659468336762206, "education_field_stem": 0.1404047446432534, "education_field_humanities": 0.12796216413181286, "education_field_business": 0.06434932860577079, "generation_silent": 0.06336093658946211, "generation_boomer": 0.22764380283341787, "generation_genx": 0.1896228644270785, "generation_millenial": 0.19124974551549453, "generation_genz": 0.20853769248422457, "generation_genalpha": 0.11958495815032244, "poverty_below_line": 0.15645117550346435, "household_income_under_50k": 0.4512645725334669, "household_income_over_100k": 0.2525841607382463, "individual_income_under_50k": 0.7034697208245613, "individual_income_over_100k": 0.0911421654517555, "housing_per_pop": 0.5721981599053051, "vacancy": 0.07954371819132806, "rent_or_own_rent": 0.3789579017060925, "rent_burden_under_20": 0.2810595181732126, "rent_burden_over_40": 0.3409515378711658, "rent_1br_under_750": 0.5289431833434339, "rent_1br_over_1500": 0.025460524442672893, "rent_2br_under_750": 0.28980257139627297, "rent_2br_over_1500": 0.04680418303885772, "year_built_1969_or_earlier": 0.310458899892608, "year_built_2010_or_later": 0.07898858833782908, "transportation_means_car": 0.8761259660849852, "transportation_means_bike": 0.0025463719711710324, "transportation_means_walk": 0.016225566100255714, "transportation_means_transit": 0.009362922357323918, "transportation_means_worked_at_home": 0.08805005451160249, "transportation_commute_time_under_15": 0.283714752987055, "transportation_commute_time_over_60": 0.04529963931484035, "vehicle_ownership_at_least_1": 0.9298840760957605, "GHLTH_cdc_2": 0.1714231666723213, "ARTHRITIS_cdc_2": 0.26929827835140935, "CASTHMA_cdc_2": 0.10125629455383026, "BPHIGH_cdc_2": 0.3295501999856749, "CANCER_cdc_2": 0.0645589835223867, "KIDNEY_cdc_2": 0.03134103871918694, "COPD_cdc_2": 0.06900931130286614, "CHD_cdc_2": 0.05967007829787876, "DIABETES_cdc_2": 0.11521885331493692, "OBESITY_cdc_2": 0.34966728113726064, "STROKE_cdc_2": 0.03362804549344251, "DISABILITY_cdc_2": 0.3071930380104724, "HEARING_cdc_2": 0.07068391708039763, "VISION_cdc_2": 0.06113347206043677, "COGNITION_cdc_2": 0.14330644741752713, "MOBILITY_cdc_2": 0.14679864213308, "SELFCARE_cdc_2": 0.045107087522477184, "INDEPLIVE_cdc_2": 0.08695212784004162, "BINGE_cdc_2": 0.15573317651139032, "CSMOKING_cdc_2": 0.16695843087582793, "LPA_cdc_2": 0.24252340831382485, "SLEEP_cdc_2": 0.31682706611025035, "heating_utility_gas": 0.2881762624094132, "heating_electricity": 0.6306140692131389, "industry_agriculture,_forestry,_fishing_and_hunting": 0.0035827053451199823, "industry_mining,_quarrying,_and_oil_and_gas_extraction": 0.0007774511483701571, "industry_accommodation_and_food_services": 0.06793021136838237, "industry_arts,_entertainment,_and_recreation": 0.016226323584717373, "industry_construction": 0.0646645386706423, "industry_educational_services": 0.09109771252415205, "industry_health_care_and_social_assistance": 0.17694128542705875, "industry_finance_and_insurance": 0.06344807159001277, "industry_real_estate_and_rental_and_leasing": 0.012466891320564232, "industry_information": 0.009864120084716316, "industry_manufacturing": 0.12543833537944277, "industry_other_services,_except_public_administration": 0.04894417470156632, "industry_administrative_and_support_and_waste_management_services": 0.05065023715691181, "industry_management_of_companies_and_enterprises": 0.0023492545570315613, "industry_professional,_scientific,_and_technical_services": 0.05589653708502823, "industry_public_administration": 0.02910654018380632, "industry_retail_trade": 0.11009984155491495, "industry_transportation_and_warehousing": 0.04416530701219115, "industry_utilities": 0.0037407794385346687, "industry_wholesale_trade": 0.022609681866835908, "occupation_architecture_and_engineering_occupations": 0.01616272502061602, "occupation_computer_and_mathematical_occupations": 0.02861719259570375, "occupation_life,_physical,_and_social_science_occupations": 0.011904016496421319, "occupation_arts,_design,_entertainment,_sports,_and_media_occupations": 0.016658532268070236, "occupation_community_and_social_service_occupations": 0.019187941458953403, "occupation_educational_instruction,_and_library_occupations": 0.06569090523807755, "occupation_legal_occupations": 0.009526593419521273, "occupation_health_diagnosing_and_treating_practitioners_and_other_technical_occupations": 0.056834474804812816, "occupation_health_technologists_and_technicians": 0.024954417759653996, "occupation_business_and_financial_operations_occupations": 0.05849206400391548, "occupation_management_occupations": 0.10384480232372086, "occupation_construction_and_extraction_occupations": 0.047094626589669, "occupation_farming,_fishing,_and_forestry_occupations": 0.0028506542106905763, "occupation_installation,_maintenance,_and_repair_occupations": 0.029474093768470218, "occupation_material_moving_occupations": 0.04107977174089899, "occupation_transportation_occupations": 0.033607126298949914, "occupation_office_and_administrative_support_occupations": 0.11592503295854487, "occupation_sales_and_related_occupations": 0.09189783958912741, "occupation_building_and_grounds_cleaning_and_maintenance_occupations": 0.04017117608591572, "occupation_food_preparation_and_serving_related_occupations": 0.05213421397705231, "occupation_healthcare_support_occupations": 0.030668893286351803, "occupation_personal_care_and_service_occupations": 0.0245784463130966, "occupation_firefighting_and_prevention,_and_other_protective_service_workers_including_supervisors": 0.00945001014858256, "occupation_law_enforcement_workers_including_supervisors": 0.009007962271789993, "2020 Presidential Election-margin": 0.1389777762389185, "2016 Presidential Election-margin": 0.1037208209266656, "2016-2020 Swing-margin": 0.0352569553122529, "park_percent_1km_v2": 0.01387656390997967, "mean_dist_Hospital_updated": 6.625557357860439, "mean_dist_Active Superfund Site_updated": 38.513272927775525, "mean_dist_Airport_updated": 29.53686526053268, "mean_dist_Public School_updated": 1.6086131460552295, "mean_high_temp_4": 69.63859479140712, "mean_high_temp_winter_4": 52.88822459894175, "mean_high_temp_spring_4": 75.29922833930343, "mean_high_temp_summer_4": 86.0328831760675, "mean_high_temp_fall_4": 63.45953321161994, "mean_high_heat_index_4": 70.22405393675365, "days_above_90_4": 0.08228595519421715, "days_below_40_4": 0.03784125992990863, "wind_speed_over_10mph_4": 0.0471532261969069, "snowfall_4": 0.03039518915386656, "rainfall_4": 1.0624031049044118, "hours_sunny_4": 5.341735684903215, "internet_no_access": 0.11644942112330373, "insurance_coverage_none": 0.15210599127461816, "insurance_coverage_govt": 0.14065721328786868, "insurance_coverage_private": 0.7072367954375132, "marriage_divorced": 0.1098043942357828}