{"population": 783180.0, "ad_1": 612.5380452034902, "population_change_2010": 0.0572398208370119, "ad_1_change_2010": 0.05266761327318962, "population_change_2000": 0.17173228405359106, "ad_1_change_2000": 0.0965375285185048, "gpw_population": NaN, "gpw_pw_density_4": NaN, "white": 0.7811665262136418, "hispanic": 0.07893204627288745, "black": 0.0778033146913864, "asian": 0.01627084450573304, "homogeneity_250_2020": 0.698670120288751, "homogeneity_250_diff_2010": -0.08650061809369347, "homogeneity_250_diff_2000": -0.14931857452184705, "citizenship_citizen_by_birth": 0.9430501106041428, "citizenship_citizen_by_naturalization": 0.023421375855178984, "citizenship_not_citizen": 0.03352851354067827, "birthplace_non_us": 0.05694988939585707, "birthplace_us_not_state": 0.3134847575131771, "birthplace_us_state": 0.629565353090966, "language_english_only": 0.9171317661152503, "language_spanish": 0.05463766090828366, "education_high_school": 0.892893365757062, "education_ugrad": 0.2525923539759825, "education_grad": 0.09894158457929926, "education_field_stem": 0.1095532864973637, "education_field_humanities": 0.09993251809621476, "education_field_business": 0.04310654938240369, "generation_silent": 0.0785253306780526, "generation_boomer": 0.24812997574229131, "generation_genx": 0.1816870074728912, "generation_millenial": 0.1850081378180872, "generation_genz": 0.1953241970772037, "generation_genalpha": 0.11132535121147398, "poverty_below_line": 0.11807625898742201, "household_income_under_50k": 0.3991927740410849, "household_income_over_100k": 0.27371296298784337, "individual_income_under_50k": 0.6943702450597319, "individual_income_over_100k": 0.07614092670902478, "housing_per_pop": 0.5541424902959943, "vacancy": 0.0931535353886638, "rent_or_own_rent": 0.31922271687331394, "rent_burden_under_20": 0.30237118103251326, "rent_burden_over_40": 0.30652819441386164, "rent_1br_under_750": 0.5454565548732353, "rent_1br_over_1500": 0.062174938169791076, "rent_2br_under_750": 0.27153732141028664, "rent_2br_over_1500": 0.05927034440269476, "year_built_1969_or_earlier": 0.3885418894240901, "year_built_2010_or_later": 0.057557869532434934, "transportation_means_car": 0.8820597688811487, "transportation_means_bike": 0.0038487958042832822, "transportation_means_walk": 0.026456063618730867, "transportation_means_transit": 0.008039345147213293, "transportation_means_worked_at_home": 0.07225103779739116, "transportation_commute_time_under_15": 0.28780985527200625, "transportation_commute_time_over_60": 0.0883967574178922, "vehicle_ownership_at_least_1": 0.937440831274061, "traffic_fatalities_last_decade_per_capita": 0.00012308792359355447, "traffic_fatalities_ped_last_decade_per_capita": 1.4428356188871014e-05, "GHLTH_cdc_2": 0.1717841894590634, "ARTHRITIS_cdc_2": 0.29200490913195265, "CASTHMA_cdc_2": 0.10691105666092779, "BPHIGH_cdc_2": 0.35050384683646235, "CANCER_cdc_2": 0.07184294568594184, "KIDNEY_cdc_2": 0.030686167069012917, "COPD_cdc_2": 0.07913426450037542, "CHD_cdc_2": 0.06098993360868493, "DIABETES_cdc_2": 0.1087413616336429, "OBESITY_cdc_2": 0.364557619837795, "STROKE_cdc_2": 0.032475127811464305, "DISABILITY_cdc_2": 0.2925403543052689, "HEARING_cdc_2": 0.06531472894664608, "VISION_cdc_2": 0.04921345333050733, "COGNITION_cdc_2": 0.13963206667734998, "MOBILITY_cdc_2": 0.1359647469531171, "SELFCARE_cdc_2": 0.03865626426947908, "INDEPLIVE_cdc_2": 0.0818528707824781, "BINGE_cdc_2": 0.16576773723307056, "CSMOKING_cdc_2": 0.17236939796363063, "LPA_cdc_2": 0.24204018630233168, "SLEEP_cdc_2": 0.3373442216466998, "heating_utility_gas": 0.2516330886883506, "heating_electricity": 0.5330766415569939, "industry_agriculture,_forestry,_fishing_and_hunting": 0.01708525256121486, "industry_mining,_quarrying,_and_oil_and_gas_extraction": 0.002148987759728325, "industry_accommodation_and_food_services": 0.07481730214111203, "industry_arts,_entertainment,_and_recreation": 0.016472086401100296, "industry_construction": 0.07484650887301925, "industry_educational_services": 0.10425790120180758, "industry_health_care_and_social_assistance": 0.14141855405712891, "industry_finance_and_insurance": 0.03636363816421274, "industry_real_estate_and_rental_and_leasing": 0.014163055806050684, "industry_information": 0.015093572838488929, "industry_manufacturing": 0.11355780761076217, "industry_other_services,_except_public_administration": 0.0519409808278752, "industry_administrative_and_support_and_waste_management_services": 0.038204523088271956, "industry_management_of_companies_and_enterprises": 0.0008451974191487376, "industry_professional,_scientific,_and_technical_services": 0.05457522388818746, "industry_public_administration": 0.04961068888990707, "industry_retail_trade": 0.11415315568377989, "industry_transportation_and_warehousing": 0.047424373799364414, "industry_utilities": 0.008147855477046089, "industry_wholesale_trade": 0.024873333511793525, "occupation_architecture_and_engineering_occupations": 0.015762798555228198, "occupation_computer_and_mathematical_occupations": 0.025907833822928283, "occupation_life,_physical,_and_social_science_occupations": 0.007521457159049136, "occupation_arts,_design,_entertainment,_sports,_and_media_occupations": 0.01606408343965657, "occupation_community_and_social_service_occupations": 0.018823639681987678, "occupation_educational_instruction,_and_library_occupations": 0.06410969067328462, "occupation_legal_occupations": 0.007780082236832807, "occupation_health_diagnosing_and_treating_practitioners_and_other_technical_occupations": 0.039430992529308026, "occupation_health_technologists_and_technicians": 0.02161915204706208, "occupation_business_and_financial_operations_occupations": 0.04067345939783576, "occupation_management_occupations": 0.09398745372039422, "occupation_construction_and_extraction_occupations": 0.05243019739621883, "occupation_farming,_fishing,_and_forestry_occupations": 0.008894569685426415, "occupation_installation,_maintenance,_and_repair_occupations": 0.037952479809228015, "occupation_material_moving_occupations": 0.0466991570864044, "occupation_transportation_occupations": 0.04147866324825509, "occupation_office_and_administrative_support_occupations": 0.11438427280410013, "occupation_sales_and_related_occupations": 0.09469910309127759, "occupation_building_and_grounds_cleaning_and_maintenance_occupations": 0.04249183365606745, "occupation_food_preparation_and_serving_related_occupations": 0.054404584661608996, "occupation_healthcare_support_occupations": 0.032176159161788384, "occupation_personal_care_and_service_occupations": 0.02760889361288685, "occupation_firefighting_and_prevention,_and_other_protective_service_workers_including_supervisors": 0.012019400522153036, "occupation_law_enforcement_workers_including_supervisors": 0.013587148416346806, "sors_cohabiting_partnered_gay": 0.004942281434197844, "2020 Presidential Election-margin": -0.2209859776027021, "2016 Presidential Election-margin": -0.25608097990174006, "2016-2020 Swing-margin": 0.03509500229903795, "park_percent_1km_v2": 0.015497469420116514, "mean_dist_Hospital_updated": 8.51248382867012, "mean_dist_Active Superfund Site_updated": 37.1668881650104, "mean_dist_Airport_updated": 34.38695104939758, "mean_dist_Public School_updated": 2.592771020249994, "lapop1share_usda_fra_1": 0.4599859218027339, "mean_high_temp_4": 64.6097682397914, "mean_high_temp_winter_4": 46.26923175082614, "mean_high_temp_spring_4": 70.3662586414827, "mean_high_temp_summer_4": 82.36436194423673, "mean_high_temp_fall_4": 58.50705460362828, "mean_high_heat_index_4": 64.20644222643789, "days_above_90_4": 0.03097569193769155, "days_below_40_4": 0.10169887102524283, "wind_speed_over_10mph_4": 0.0509400290586027, "snowfall_4": 0.08351258952574478, "rainfall_4": 0.9309719711592231, "hours_sunny_4": 4.933415896184007, "internet_no_access": 0.14780272663607355, "insurance_coverage_none": 0.12031179650182357, "insurance_coverage_govt": 0.14908437566428664,