{"population": 982276.0, "ad_1": 1325.1534400500173, "population_change_2010": 0.14321161511827518, "ad_1_change_2010": 0.01465065556311879, "population_change_2000": 0.299281098919995, "ad_1_change_2000": 0.01765394309466303, "gpw_population": NaN, "gpw_pw_density_4": NaN, "white": 0.5370466141899018, "hispanic": 0.18120874377466212, "black": 0.1272819451966657, "asian": 0.039293436875175614, "homogeneity_250_2020": 0.4557605793390827, "homogeneity_250_diff_2010": -0.08832490284821198, "homogeneity_250_diff_2000": -0.16319461625400872, "citizenship_citizen_by_birth": 0.9033427875599966, "citizenship_citizen_by_naturalization": 0.038337964906341865, "citizenship_not_citizen": 0.058319247533661446, "birthplace_non_us": 0.09665721244000396, "birthplace_us_not_state": 0.3194114927641789, "birthplace_us_state": 0.5839312947958172, "language_english_only": 0.8351280039407536, "language_spanish": 0.11978803051094598, "education_high_school": 0.8952070025033959, "education_ugrad": 0.3170671175362248, "education_grad": 0.1133710344353065, "education_field_stem": 0.12454301444225244, "education_field_humanities": 0.11201300340198725, "education_field_business": 0.08051109969198567, "generation_silent": 0.05205924086100861, "generation_boomer": 0.19790024197185524, "generation_genx": 0.17600684523863985, "generation_millenial": 0.22874102518701492, "generation_genz": 0.20405952181810239, "generation_genalpha": 0.14123312492337894, "poverty_below_line": 0.14246694108426494, "household_income_under_50k": 0.40705962884926217, "household_income_over_100k": 0.2685593975801593, "individual_income_under_50k": 0.6696468995399772, "individual_income_over_100k": 0.09187687339590436, "housing_per_pop": 0.5779710482673401, "vacancy": 0.09033581433511106, "rent_or_own_rent": 0.3904121084820652, "rent_burden_under_20": 0.29618172450386476, "rent_burden_over_40": 0.3036505487678338, "rent_1br_under_750": 0.48258903135981546, "rent_1br_over_1500": 0.0385587922915971, "rent_2br_under_750": 0.18194828373632183, "rent_2br_over_1500": 0.05127982196978136, "year_built_1969_or_earlier": 0.34334771575830125, "year_built_2010_or_later": 0.11330119341007137, "transportation_means_car": 0.8998656276715458, "transportation_means_bike": 0.003250248281940601, "transportation_means_walk": 0.0155723243636122, "transportation_means_transit": 0.004229065633353295, "transportation_means_worked_at_home": 0.06686007327740168, "transportation_commute_time_under_15": 0.2600072635854478, "transportation_commute_time_over_60": 0.031093649166860075, "vehicle_ownership_at_least_1": 0.9440514828434512, "traffic_fatalities_last_decade_per_capita": 8.694094124258355e-05, "traffic_fatalities_ped_last_decade_per_capita": 2.8301617875220405e-05, "GHLTH_cdc_2": 0.19845368407267547, "ARTHRITIS_cdc_2": 0.23653541871590192, "CASTHMA_cdc_2": 0.1105662026315381, "BPHIGH_cdc_2": 0.35000667077684505, "CANCER_cdc_2": 0.06060343326900393, "KIDNEY_cdc_2": 0.02888729632095333, "COPD_cdc_2": 0.06854737631436783, "CHD_cdc_2": 0.05793264577956424, "DIABETES_cdc_2": 0.11668474426454097, "OBESITY_cdc_2": 0.37177987592450457, "STROKE_cdc_2": 0.030471733049311354, "DISABILITY_cdc_2": 0.3406093420650782, "HEARING_cdc_2": 0.07678218192350778, "VISION_cdc_2": 0.05877428692280785, "COGNITION_cdc_2": 0.15597006729420204, "MOBILITY_cdc_2": 0.15444567614244212, "SELFCARE_cdc_2": 0.04306281481062106, "INDEPLIVE_cdc_2": 0.08773907987549424, "BINGE_cdc_2": 0.13589619978491782, "CSMOKING_cdc_2": 0.17457640155963586, "LPA_cdc_2": 0.2782007257146366, "SLEEP_cdc_2": 0.31500215714786106, "heating_utility_gas": 0.6216143049428984, "heating_electricity": 0.3571579395659388, "industry_agriculture,_forestry,_fishing_and_hunting": 0.0051492001808822515, "industry_mining,_quarrying,_and_oil_and_gas_extraction": 0.024171623618297788, "industry_accommodation_and_food_services": 0.07616559332943916, "industry_arts,_entertainment,_and_recreation": 0.01845196922647614, "industry_construction": 0.06800789193453605, "industry_educational_services": 0.0821833851212017, "industry_health_care_and_social_assistance": 0.13844731181582542, "industry_finance_and_insurance": 0.04875600308386898, "industry_real_estate_and_rental_and_leasing": 0.018738328455999743, "industry_information": 0.016393083665285333, "industry_manufacturing": 0.06794407662491302, "industry_other_services,_except_public_administration": 0.05107015362815966, "industry_administrative_and_support_and_waste_management_services": 0.03950939972203854, "industry_management_of_companies_and_enterprises": 0.0011635011041843902, "industry_professional,_scientific,_and_technical_services": 0.07070456833009116, "industry_public_administration": 0.0708326121840282, "industry_retail_trade": 0.12510400130631405, "industry_transportation_and_warehousing": 0.04287184737661627, "industry_utilities": 0.007277115360813765, "industry_wholesale_trade": 0.027058333931028338, "occupation_architecture_and_engineering_occupations": 0.021727274535647323, "occupation_computer_and_mathematical_occupations": 0.03266291118158193, "occupation_life,_physical,_and_social_science_occupations": 0.009183999827718206, "occupation_arts,_design,_entertainment,_sports,_and_media_occupations": 0.016448517172834225, "occupation_community_and_social_service_occupations": 0.016588892053958814, "occupation_educational_instruction,_and_library_occupations": 0.056453724681588706, "occupation_legal_occupations": 0.014341485782420409, "occupation_health_diagnosing_and_treating_practitioners_and_other_technical_occupations": 0.047396180195775725, "occupation_health_technologists_and_technicians": 0.020655114430546895, "occupation_business_and_financial_operations_occupations": 0.0597834307183898, "occupation_management_occupations": 0.09490248632373825, "occupation_construction_and_extraction_occupations": 0.05674389804221533, "occupation_farming,_fishing,_and_forestry_occupations": 0.0022754048783436556, "occupation_installation,_maintenance,_and_repair_occupations": 0.03613022564870863, "occupation_material_moving_occupations": 0.04182369100626081, "occupation_transportation_occupations": 0.03599229117879337, "occupation_office_and_administrative_support_occupations": 0.12059180264313325, "occupation_sales_and_related_occupations": 0.10274152617170286, "occupation_building_and_grounds_cleaning_and_maintenance_occupations": 0.03476622167560206, "occupation_food_preparation_and_serving_related_occupations": 0.05915157124193732, "occupation_healthcare_support_occupations": 0.02821657557716576, "occupation_personal_care_and_service_occupations": 0.028630430847158352, "occupation_firefighting_and_prevention,_and_other_protective_service_workers_including_supervisors": 0.011194401440561665, "occupation_law_enforcement_workers_including_supervisors": 0.006621592265843463, "sors_cohabiting_partnered_gay": 0.007407710776121913, "2020 Presidential Election-margin": -0.06877366524517413, "2016 Presidential Election-margin": -0.17014225277524792, "2016-2020 Swing-margin": 0.10136858753007379, "park_percent_1km_v2": 0.02237134433800337, "mean_dist_Hospital_updated": 3.7085298367037156, "mean_dist_Active Superfund Site_updated": 19.75397281822274, "mean_dist_Airport_updated": 17.150034573866915, "mean_dist_Public School_updated": 0.9818012394662977, "lapop1share_usda_fra_1": 0.7239050457745932, "mean_high_temp_4": 72.67757275777575, "mean_high_temp_winter_4": 54.539071441012226, "mean_high_temp_spring_4": 77.99821824870631, "mean_high_temp_summer_4": 91.44070300031336, "mean_high_temp_fall_4": 65.75504743604009, "mean_high_heat_index_4": 73.49730100985431, "days_above_90_4": 0.19274206470203054, "days_below_40_4": 0.0474790500882338, "wind_speed_over_10mph_4": 0.3505265034157075, "snowfall_4": 0.029389255473993438, "rainfall_4": 0.7791257046259278, "hours_sunny_4": 6.661293947207459, "internet_no_access": 0.0920109282933218, "insurance_coverage_none": 0.18141936914136653, "insurance_coverage_govt": 0.11033633520140937,