{"population": 322608.0, "ad_1": 1546.2717864562148, "population_change_2010": 0.1303436846328226, "ad_1_change_2010": 0.0034757614366882363, "gpw_population": NaN, "gpw_pw_density_4": NaN, "white": 0.781015969845757, "hispanic": 0.08010960670535139, "black": 0.041440385855279475, "asian": 0.04331882656350741, "citizenship_citizen_by_birth": 0.916519149175307, "citizenship_citizen_by_naturalization": 0.04083658808433317, "citizenship_not_citizen": 0.04264426274035985, "birthplace_non_us": 0.08348085082469302, "birthplace_us_not_state": 0.25198797381213295, "birthplace_us_state": 0.664531175363174, "language_english_only": 0.8821608716903464, "language_spanish": 0.044289424071235484, "education_high_school": 0.9356567198794017, "education_ugrad": 0.38699219202968577, "education_grad": 0.1430655946813034, "education_field_stem": 0.1592854934096092, "education_field_humanities": 0.1493660855784469, "education_field_business": 0.07834061304162962, "generation_silent": 0.05309693069956072, "generation_boomer": 0.19868498693416506, "generation_genx": 0.1644047317991514, "generation_millenial": 0.20708645929922168, "generation_genz": 0.2513260963905826, "generation_genalpha": 0.12540079487731853, "poverty_below_line": 0.12011406224539678, "household_income_under_50k": 0.3763647035805126, "household_income_over_100k": 0.3003247896693406, "individual_income_under_50k": 0.6656694563310234, "individual_income_over_100k": 0.08690035891156805, "housing_per_pop": 0.5446149514289736, "vacancy": 0.056065999970456595, "rent_or_own_rent": 0.40374095089023676, "rent_burden_under_20": 0.2930975240020212, "rent_burden_over_40": 0.29085396664982316, "rent_1br_under_750": 0.4749820132121133, "rent_1br_over_1500": 0.042579632415462094, "rent_2br_under_750": 0.22792880093844034, "rent_2br_over_1500": 0.06115162952006936, "year_built_1969_or_earlier": 0.35649038103327524, "year_built_2010_or_later": 0.10530198041933032, "transportation_means_car": 0.8745343570191854, "transportation_means_bike": 0.008406349650512717, "transportation_means_walk": 0.030693086622711134, "transportation_means_transit": 0.009018462489142284, "transportation_means_worked_at_home": 0.07281227956650752, "transportation_commute_time_under_15": 0.35971128031336647, "transportation_commute_time_over_60": 0.034845045804070496, "vehicle_ownership_at_least_1": 0.9493093328115829, "GHLTH_cdc_2": 0.11609638460907674, "ARTHRITIS_cdc_2": 0.19434461472579337, "CASTHMA_cdc_2": 0.08835914735815878, "BPHIGH_cdc_2": 0.2758440680436981, "CANCER_cdc_2": 0.055805791185662354, "KIDNEY_cdc_2": 0.023799750348509837, "COPD_cdc_2": 0.04824032600475614, "CHD_cdc_2": 0.04333274261295819, "DIABETES_cdc_2": 0.07906439003945223, "OBESITY_cdc_2": 0.33156585696974117, "STROKE_cdc_2": 0.022942470820843167, "DISABILITY_cdc_2": 0.23628516760361903, "HEARING_cdc_2": 0.06236256867693822, "VISION_cdc_2": 0.03668798574982005, "COGNITION_cdc_2": 0.10524297285723397, "MOBILITY_cdc_2": 0.09232880650187238, "SELFCARE_cdc_2": 0.027352828624274506, "INDEPLIVE_cdc_2": 0.05738120598070212, "BINGE_cdc_2": 0.22497526719087407, "CSMOKING_cdc_2": 0.13836592621613988, "LPA_cdc_2": 0.1983659991070859, "SLEEP_cdc_2": 0.27724954215374525, "heating_utility_gas": 0.598880845235766, "heating_electricity": 0.3565094893367247, "industry_agriculture,_forestry,_fishing_and_hunting": 0.013682092555331992, "industry_mining,_quarrying,_and_oil_and_gas_extraction": 0.0009485484334578901, "industry_accommodation_and_food_services": 0.05936763437769474, "industry_arts,_entertainment,_and_recreation": 0.01901695889623455, "industry_construction": 0.06600172463351538, "industry_educational_services": 0.12908881862604196, "industry_health_care_and_social_assistance": 0.14181661396953146, "industry_finance_and_insurance": 0.06621442943374532, "industry_real_estate_and_rental_and_leasing": 0.011417073871802241, "industry_information": 0.019436619718309858, "industry_manufacturing": 0.08956596723196321, "industry_other_services,_except_public_administration": 0.04774360448404714, "industry_administrative_and_support_and_waste_management_services": 0.033733831560793334, "industry_management_of_companies_and_enterprises": 0.0009370508766887037, "industry_professional,_scientific,_and_technical_services": 0.06475998850244323, "industry_public_administration": 0.060091980454153496, "industry_retail_trade": 0.11134808853118712, "industry_transportation_and_warehousing": 0.037849956884162116, "industry_utilities": 0.006668582926128198, "industry_wholesale_trade": 0.020310434032768037, "occupation_architecture_and_engineering_occupations": 0.015492957746478873, "occupation_computer_and_mathematical_occupations": 0.03805116412762288, "occupation_life,_physical,_and_social_science_occupations": 0.015015809140557631, "occupation_arts,_design,_entertainment,_sports,_and_media_occupations": 0.02229951135383731, "occupation_community_and_social_service_occupations": 0.020413912043690717, "occupation_educational_instruction,_and_library_occupations": 0.08222477723483759, "occupation_legal_occupations": 0.00811152630066111, "occupation_health_diagnosing_and_treating_practitioners_and_other_technical_occupations": 0.04396665708536936, "occupation_health_technologists_and_technicians": 0.01476861167002012, "occupation_business_and_financial_operations_occupations": 0.06499568841621156, "occupation_management_occupations": 0.10029893647599886, "occupation_construction_and_extraction_occupations": 0.04561655648174763, "occupation_farming,_fishing,_and_forestry_occupations": 0.004110376544984191, "occupation_installation,_maintenance,_and_repair_occupations": 0.027490658235125035, "occupation_material_moving_occupations": 0.028416211555044552, "occupation_transportation_occupations": 0.02935326243173326, "occupation_office_and_administrative_support_occupations": 0.11964357574015522, "occupation_sales_and_related_occupations": 0.0941017533774073, "occupation_building_and_grounds_cleaning_and_maintenance_occupations": 0.029554469675194022, "occupation_food_preparation_and_serving_related_occupations": 0.054584650761713135, "occupation_healthcare_support_occupations": 0.028715148031043403, "occupation_personal_care_and_service_occupations": 0.03477436044840471, "occupation_firefighting_and_prevention,_and_other_protective_service_workers_including_supervisors": 0.009801667145731533, "occupation_law_enforcement_workers_including_supervisors": 0.008789882150043116, "2020 Presidential Election-margin": 0.07816594166223549, "2016 Presidential Election-margin": 0.002338404906124358, "2016-2020 Swing-margin": 0.07582753675611113, "park_percent_1km_v2": 0.04546232921614193, "mean_dist_Hospital_updated": 4.576291607127846, "mean_dist_Active Superfund Site_updated": 46.079812440135655, "mean_dist_Airport_updated": 11.021535578869294, "mean_dist_Public School_updated": 1.1640909550896361, "mean_high_temp_4": 63.91868982041415, "mean_high_temp_winter_4": 40.6726591068199, "mean_high_temp_spring_4": 71.483510298355, "mean_high_temp_summer_4": 85.89149489001043, "mean_high_temp_fall_4": 56.46645349942993, "mean_high_heat_index_4": 63.59549532953581, "days_above_90_4": 0.09766717229955887, "days_below_40_4": 0.1640799951358333, "wind_speed_over_10mph_4": 0.3808882799099036, "snowfall_4": 0.08501939338957452, "rainfall_4": 0.7228774133609203, "hours_sunny_4": 5.888831450676222, "internet_no_access": 0.0651692428096263, "insurance_coverage_none": 0.089131381113323, "insurance_coverage_govt": 0.08983570635506796, "insurance_coverage_private": 0.821032912531609, "marriage_divorced": 0.09831809589939436}