{"population": 6827987.0, "ad_1": 2353.0082010307005, "population_change_2010": 0.08051925157283264, "ad_1_change_2010": 0.11053367061093287, "population_change_2000": 0.12359336637638804, "ad_1_change_2000": 0.1291157541837938, "gpw_population": NaN, "gpw_pw_density_4": NaN, "white": 0.6988132812789479, "hispanic": 0.10913055341200854, "black": 0.05946086306256881, "asian": 0.07278792417150179, "homogeneity_250_2020": 0.6225989902054639, "homogeneity_250_diff_2010": -0.09750879962637693, "homogeneity_250_diff_2000": -0.16236794447978586, "citizenship_citizen_by_birth": 0.8319322291010868, "citizenship_citizen_by_naturalization": 0.0899010508616942, "citizenship_not_citizen": 0.07816672003721911, "birthplace_non_us": 0.16806777089891126, "birthplace_us_not_state": 0.27931578532298373, "birthplace_us_state": 0.552616443778105, "language_english_only": 0.7758491864264033, "language_spanish": 0.08215877044006378, "education_high_school": 0.9249550446056903, "education_ugrad": 0.4543440838616224, "education_grad": 0.20294966421479882, "education_field_stem": 0.22624654428100816, "education_field_humanities": 0.14571603265206715, "education_field_business": 0.08238150692855073, "generation_silent": 0.06665637151826284, "generation_boomer": 0.23789050427971473, "generation_genx": 0.19313915614310878, "generation_millenial": 0.20770552947707463, "generation_genz": 0.190682322478273, "generation_genalpha": 0.10392611610356615, "poverty_below_line": 0.08886608045246161, "household_income_under_50k": 0.2765337197614821, "household_income_over_100k": 0.4716328753998746, "individual_income_under_50k": 0.5495046957591946, "individual_income_over_100k": 0.18295451598159732, "housing_per_pop": 0.5303150024562038, "vacancy": 0.08655344688186713, "rent_or_own_rent": 0.36258044032063885, "rent_burden_under_20": 0.2558182359373105, "rent_burden_over_40": 0.3246606402549185, "rent_1br_under_750": 0.27709932257147996, "rent_1br_over_1500": 0.3767220101454524, "rent_2br_under_750": 0.10118283791139433, "rent_2br_over_1500": 0.5544206248140271, "year_built_1969_or_earlier": 0.5415208106145227, "year_built_2010_or_later": 0.05291600289292622, "transportation_means_car": 0.7315933606071879, "transportation_means_bike": 0.008155836480333396, "transportation_means_walk": 0.04369446556397317, "transportation_means_transit": 0.0815740527851896, "transportation_means_worked_at_home": 0.12448220721335657, "transportation_commute_time_under_15": 0.2189420291008633, "transportation_commute_time_over_60": 0.12704090986643404, "vehicle_ownership_at_least_1": 0.8893164651744738, "GHLTH_cdc_2": 0.12371412994034159, "ARTHRITIS_cdc_2": 0.23453394201277183, "CASTHMA_cdc_2": 0.11043208123425433, "BPHIGH_cdc_2": 0.26813677620533477, "CANCER_cdc_2": 0.0682279795665907, "KIDNEY_cdc_2": 0.026400092953102184, "COPD_cdc_2": 0.0567291101986851, "CHD_cdc_2": 0.04930547741866276, "DIABETES_cdc_2": 0.08057924063410071, "OBESITY_cdc_2": 0.27854911458429776, "STROKE_cdc_2": 0.02554323581824315, "DISABILITY_cdc_2": 0.2454859909341613, "HEARING_cdc_2": 0.057625579448601034, "VISION_cdc_2": 0.03836369954022255, "COGNITION_cdc_2": 0.12365585652109427, "MOBILITY_cdc_2": 0.10517451019617399, "SELFCARE_cdc_2": 0.029636113681181252, "INDEPLIVE_cdc_2": 0.064244743269952, "BINGE_cdc_2": 0.17631614415572522, "CSMOKING_cdc_2": 0.1255468317011591, "LPA_cdc_2": 0.20293405742950005, "SLEEP_cdc_2": 0.3064179206270669, "heating_utility_gas": 0.4769448387686157, "heating_electricity": 0.16094145167705226, "industry_agriculture,_forestry,_fishing_and_hunting": 0.0035298376724666645, "industry_mining,_quarrying,_and_oil_and_gas_extraction": 0.0004420062584620004, "industry_accommodation_and_food_services": 0.059478910122556135, "industry_arts,_entertainment,_and_recreation": 0.019154232446079878, "industry_construction": 0.05969847495117256, "industry_educational_services": 0.11305029448097613, "industry_health_care_and_social_assistance": 0.1571404953466973, "industry_finance_and_insurance": 0.05743513474254957, "industry_real_estate_and_rental_and_leasing": 0.017273107255683644, "industry_information": 0.022788441321367772, "industry_manufacturing": 0.09407490416260196, "industry_other_services,_except_public_administration": 0.04264086295333411, "industry_administrative_and_support_and_waste_management_services": 0.03772833713227279, "industry_management_of_companies_and_enterprises": 0.001533681952199201, "industry_professional,_scientific,_and_technical_services": 0.11503956985702354, "industry_public_administration": 0.03821060680746943, "industry_retail_trade": 0.10131614749261168, "industry_transportation_and_warehousing": 0.032430668686550056, "industry_utilities": 0.006599715022257525, "industry_wholesale_trade": 0.0204345713356682, "occupation_architecture_and_engineering_occupations": 0.027703455102691555, "occupation_computer_and_mathematical_occupations": 0.04993485162833617, "occupation_life,_physical,_and_social_science_occupations": 0.02283280106738269, "occupation_arts,_design,_entertainment,_sports,_and_media_occupations": 0.023233344904335224, "occupation_community_and_social_service_occupations": 0.01945240128015256, "occupation_educational_instruction,_and_library_occupations": 0.07226495169196301, "occupation_legal_occupations": 0.014383823691028736, "occupation_health_diagnosing_and_treating_practitioners_and_other_technical_occupations": 0.04972523042131609, "occupation_health_technologists_and_technicians": 0.018359804273396608, "occupation_business_and_financial_operations_occupations": 0.07101617804706792, "occupation_management_occupations": 0.12754320061207025, "occupation_construction_and_extraction_occupations": 0.04349289470004292, "occupation_farming,_fishing,_and_forestry_occupations": 0.0018711575463812875, "occupation_installation,_maintenance,_and_repair_occupations": 0.02184791400770335, "occupation_material_moving_occupations": 0.023109850912711803, "occupation_transportation_occupations": 0.028722444131334172, "occupation_office_and_administrative_support_occupations": 0.09861070619843693, "occupation_sales_and_related_occupations": 0.0910326497584919, "occupation_building_and_grounds_cleaning_and_maintenance_occupations": 0.03128625821367864, "occupation_food_preparation_and_serving_related_occupations": 0.04764605359495783, "occupation_healthcare_support_occupations": 0.03041330513621689, "occupation_personal_care_and_service_occupations": 0.027701604991549847, "occupation_firefighting_and_prevention,_and_other_protective_service_workers_including_supervisors": 0.010885996083470233, "occupation_law_enforcement_workers_including_supervisors": 0.007885887924341771, "sors_cohabiting_partnered_gay": 0.008735060713858716, "2020 Presidential Election-margin": 0.30464314173172075, "2016 Presidential Election-margin": 0.23373662257835864, "2016-2020 Swing-margin": 0.0709065191533621, "park_percent_1km_v2": 0.023342859265325668, "mean_dist_Hospital_updated": 4.586655797693058, "mean_dist_Active Superfund Site_updated": 12.27972729320258, "mean_dist_Airport_updated": 22.307711983570158, "mean_dist_Public School_updated": 1.2115615193021558, "lapop1share_usda_fra_1": 0.6051657257946379, "mean_high_temp_4": 57.99280136058942, "mean_high_temp_winter_4": 38.008523824201255, "mean_high_temp_spring_4": 61.70538423436099, "mean_high_temp_summer_4": 77.86950822711515, "mean_high_temp_fall_4": 53.427397682534924, "mean_high_heat_index_4": 56.91463733599142, "days_above_90_4": 0.015762432955363698, "days_below_40_4": 0.19173614134835035, "wind_speed_over_10mph_4": 0.24663729358999742, "snowfall_4": 0.16956820921994809, "rainfall_4": 0.9660042878189263, "hours_sunny_4": 4.813206315012527, "internet_no_access": 0.07221867398683635, "insurance_coverage_none": 0.04255011310152527, "insurance_coverage_govt": 0.18652253262963325, "insurance_coverage_private": 0.7709273542688414, "marriage_divorced": 0.09550919149551548}