{"population": 296200.0, "ad_1": 753.1525273627094, "population_change_2010": 0.12281606210742188, "ad_1_change_2010": 0.08434204603807181, "population_change_2000": 0.24289802529435955, "ad_1_change_2000": 0.08331241753868829, "gpw_population": NaN, "gpw_pw_density_4": NaN, "white": 0.8153950033760973, "hispanic": 0.09919648885887913, "black": 0.017120189061444968, "asian": 0.026654287643484133, "homogeneity_250_2020": 0.7267405581446027, "homogeneity_250_diff_2010": -0.06554662228958275, "homogeneity_250_diff_2000": -0.10604295593362767, "citizenship_citizen_by_birth": 0.9492429684760292, "citizenship_citizen_by_naturalization": 0.028636798507386506, "citizenship_not_citizen": 0.022120233016584237, "birthplace_non_us": 0.05075703152397065, "birthplace_us_not_state": 0.17070064995420742, "birthplace_us_state": 0.778542318521822, "language_english_only": 0.921225002625109, "language_spanish": 0.05215096006575476, "education_high_school": 0.9398095058567264, "education_ugrad": 0.34463835959303946, "education_grad": 0.11567885138000872, "education_field_stem": 0.14707006602889355, "education_field_humanities": 0.12267445818082755, "education_field_business": 0.07489383538331801, "generation_silent": 0.06225805463156221, "generation_boomer": 0.20974897263655393, "generation_genx": 0.171163687000575, "generation_millenial": 0.18515353423239686, "generation_genz": 0.24397966722616968, "generation_genalpha": 0.12769608427274243, "poverty_below_line": 0.07620029994296856, "household_income_under_50k": 0.29633083997090015, "household_income_over_100k": 0.3609468559383687, "individual_income_under_50k": 0.6549298066952178, "individual_income_over_100k": 0.09847988132937167, "housing_per_pop": 0.5056443194083197, "vacancy": 0.06191059399877526, "rent_or_own_rent": 0.21154097259788437, "rent_burden_under_20": 0.30047963886015194, "rent_burden_over_40": 0.3104486034044953, "rent_1br_under_750": 0.30385386500334155, "rent_1br_over_1500": 0.12163065270661624, "rent_2br_under_750": 0.16029813142977137, "rent_2br_over_1500": 0.04986353138778091, "year_built_1969_or_earlier": 0.2945198219207131, "year_built_2010_or_later": 0.09589428308953425, "transportation_means_car": 0.8931284957266101, "transportation_means_bike": 0.005452832332088176, "transportation_means_walk": 0.02507901929206731, "transportation_means_transit": 0.0063883672910248785, "transportation_means_worked_at_home": 0.06728501072523989, "transportation_commute_time_under_15": 0.3432775938901544, "transportation_commute_time_over_60": 0.028621989138689505, "vehicle_ownership_at_least_1": 0.96014661717249, "traffic_fatalities_last_decade_per_capita": 7.359891964888589e-05, "traffic_fatalities_ped_last_decade_per_capita": 1.0465901417960836e-05, "GHLTH_cdc_2": 0.12976680986753, "ARTHRITIS_cdc_2": 0.2365003844891933, "CASTHMA_cdc_2": 0.1054933611532624, "BPHIGH_cdc_2": 0.2738742002624784, "CANCER_cdc_2": 0.06302666817044644, "KIDNEY_cdc_2": 0.025557586228109743, "COPD_cdc_2": 0.05779593364229183, "CHD_cdc_2": 0.04922329081737252, "DIABETES_cdc_2": 0.07860967169749411, "OBESITY_cdc_2": 0.3284270495837261, "STROKE_cdc_2": 0.024959726038633383, "DISABILITY_cdc_2": 0.24590375979165924, "HEARING_cdc_2": 0.05885657527785759, "VISION_cdc_2": 0.03830623282614945, "COGNITION_cdc_2": 0.12003800803838748, "MOBILITY_cdc_2": 0.10261896608292663, "SELFCARE_cdc_2": 0.028268911741787174, "INDEPLIVE_cdc_2": 0.07007777960054126, "BINGE_cdc_2": 0.19288276668170373, "CSMOKING_cdc_2": 0.14379042775704448, "LPA_cdc_2": 0.18960142824918974, "SLEEP_cdc_2": 0.29668244268547744, "heating_utility_gas": 0.8315674606875707, "heating_electricity": 0.08609561827305136, "industry_agriculture,_forestry,_fishing_and_hunting": 0.013038834760616172, "industry_mining,_quarrying,_and_oil_and_gas_extraction": 0.00015725227851999416, "industry_accommodation_and_food_services": 0.06724500560211248, "industry_arts,_entertainment,_and_recreation": 0.013746470013956125, "industry_construction": 0.06123665812699447, "industry_educational_services": 0.0905969689623319, "industry_health_care_and_social_assistance": 0.13677672142103595, "industry_finance_and_insurance": 0.030572463815595523, "industry_real_estate_and_rental_and_leasing": 0.014028213679637823, "industry_information": 0.01144665544060122, "industry_manufacturing": 0.2347842040086224, "industry_other_services,_except_public_administration": 0.052528813203949545, "industry_administrative_and_support_and_waste_management_services": 0.032341551948945495, "industry_management_of_companies_and_enterprises": 0.0011924964454432892, "industry_professional,_scientific,_and_technical_services": 0.049311693672561496, "industry_public_administration": 0.02020691778981927, "industry_retail_trade": 0.09914100942858466, "industry_transportation_and_warehousing": 0.027486387849640654, "industry_utilities": 0.008105044522051377, "industry_wholesale_trade": 0.03605663702898042, "occupation_architecture_and_engineering_occupations": 0.03507381028823048, "occupation_computer_and_mathematical_occupations": 0.02502276881949407, "occupation_life,_physical,_and_social_science_occupations": 0.006165599753638084, "occupation_arts,_design,_entertainment,_sports,_and_media_occupations": 0.01697014172361603, "occupation_community_and_social_service_occupations": 0.020115187294015933, "occupation_educational_instruction,_and_library_occupations": 0.05523486283014791, "occupation_legal_occupations": 0.004711016177328142, "occupation_health_diagnosing_and_treating_practitioners_and_other_technical_occupations": 0.043165750453738314, "occupation_health_technologists_and_technicians": 0.01743534638090432, "occupation_business_and_financial_operations_occupations": 0.04712326612982486, "occupation_management_occupations": 0.10827474593928778, "occupation_construction_and_extraction_occupations": 0.040675922710505116, "occupation_farming,_fishing,_and_forestry_occupations": 0.007842957391184723, "occupation_installation,_maintenance,_and_repair_occupations": 0.03186324293511382, "occupation_material_moving_occupations": 0.03910995210357686, "occupation_transportation_occupations": 0.037622607635908606, "occupation_office_and_administrative_support_occupations": 0.1057980225525975, "occupation_sales_and_related_occupations": 0.09681498614214284, "occupation_building_and_grounds_cleaning_and_maintenance_occupations": 0.03115560768177377, "occupation_food_preparation_and_serving_related_occupations": 0.05577214144842451, "occupation_healthcare_support_occupations": 0.027361896462478948, "occupation_personal_care_and_service_occupations": 0.024662399014552378, "occupation_firefighting_and_prevention,_and_other_protective_service_workers_including_supervisors": 0.005779021235609766, "occupation_law_enforcement_workers_including_supervisors": 0.007711913825751371, "sors_cohabiting_partnered_gay": 0.005856056762894381, "2020 Presidential Election-margin": -0.2147224347227906, "2016 Presidential Election-margin": -0.30472066921686436, "2016-2020 Swing-margin": 0.08999823449407376, "park_percent_1km_v2": 0.03270779574769052, "mean_dist_Hospital_updated": 8.873268624961067, "mean_dist_Active Superfund Site_updated": 11.636542798225715, "mean_dist_Airport_updated": 30.2468719314184, "mean_dist_Public School_updated": 1.826456533291578, "lapop1share_usda_fra_1": 0.42025187534878816, "mean_high_temp_4": 55.683794224844014, "mean_high_temp_winter_4": 33.783249539321574, "mean_high_temp_spring_4": 60.31021638303812, "mean_high_temp_summer_4": 76.96934086340943, "mean_high_temp_fall_4": 50.63169165761732, "mean_high_heat_index_4": 54.59615216116879, "days_above_90_4": 0.002579028860088131, "days_below_40_4": 0.2650765670931998, "wind_speed_over_10mph_4": 0.39567746753638106, "snowfall_4": 0.15668965490729792, "rainfall_4": 0.889835393088507, "hours_sunny_4": 4.410732318886203, "internet_no_access": 0.0714712081926543, "insurance_coverage_none": 0.046541417591801755, "insurance_coverage_govt": 0.11224244016729046,