{"population": 328007.0, "ad_1": 418.79487805382234, "population_change_2010": 0.1537111422200024, "ad_1_change_2010": 0.13683346429624543, "gpw_population": NaN, "gpw_pw_density_4": NaN, "white": 0.6537909251936697, "hispanic": 0.08455307356245446, "black": 0.19379159591106287, "asian": 0.024926297304630692, "citizenship_citizen_by_birth": 0.930425319092197, "citizenship_citizen_by_naturalization": 0.034220693832626735, "citizenship_not_citizen": 0.03535398707517632, "birthplace_non_us": 0.06957468090780305, "birthplace_us_not_state": 0.3241946169585336, "birthplace_us_state": 0.6062307021336634, "language_english_only": 0.8917333441754739, "language_spanish": 0.05927887954599198, "education_high_school": 0.8812419350039172, "education_ugrad": 0.23650928110083771, "education_grad": 0.08908893508033455, "education_field_stem": 0.09759511561473545, "education_field_humanities": 0.0878305779211726, "education_field_business": 0.051083587564929644, "generation_silent": 0.06187117778067128, "generation_boomer": 0.22616977287266435, "generation_genx": 0.18995873348320613, "generation_millenial": 0.19898299718107754, "generation_genz": 0.20062197097471116, "generation_genalpha": 0.12239534770766967, "poverty_below_line": 0.1393385165090483, "household_income_under_50k": 0.43825877943922387, "household_income_over_100k": 0.22813989523949235, "individual_income_under_50k": 0.7240366207417641, "individual_income_over_100k": 0.062123209977884036, "housing_per_pop": 0.5434416862421434, "vacancy": 0.08150792955401735, "rent_or_own_rent": 0.2767920700520606, "rent_burden_under_20": 0.2753305329896282, "rent_burden_over_40": 0.32800276310088106, "rent_1br_under_750": 0.5141554702495201, "rent_1br_over_1500": 0.04102687140115163, "rent_2br_under_750": 0.3252721985169496, "rent_2br_over_1500": 0.02161189227947331, "year_built_1969_or_earlier": 0.27013099753163633, "year_built_2010_or_later": 0.12420540922062136, "transportation_means_car": 0.9214765198659203, "transportation_means_bike": 0.0017017070344060314, "transportation_means_walk": 0.010264264651972888, "transportation_means_transit": 0.002235178684080938, "transportation_means_worked_at_home": 0.05684022105678711, "transportation_commute_time_under_15": 0.2496371228048048, "transportation_commute_time_over_60": 0.0461527911470953, "vehicle_ownership_at_least_1": 0.9483218151873496, "GHLTH_cdc_2": 0.1832808578769036, "ARTHRITIS_cdc_2": 0.2812354646833228, "CASTHMA_cdc_2": 0.10212870015266039, "BPHIGH_cdc_2": 0.34464786182373314, "CANCER_cdc_2": 0.06545926108649515, "KIDNEY_cdc_2": 0.03168177290836653, "COPD_cdc_2": 0.0763155462263097, "CHD_cdc_2": 0.05912274732844324, "DIABETES_cdc_2": 0.12466394236139554, "OBESITY_cdc_2": 0.3482406774770079, "STROKE_cdc_2": 0.03269020646386417, "DISABILITY_cdc_2": 0.32417350225267155, "HEARING_cdc_2": 0.06631952563577466, "VISION_cdc_2": 0.060083437278921695, "COGNITION_cdc_2": 0.151219179357337, "MOBILITY_cdc_2": 0.14730373366347693, "SELFCARE_cdc_2": 0.04384422124585769, "INDEPLIVE_cdc_2": 0.09190795230293777, "BINGE_cdc_2": 0.1517409753509327, "CSMOKING_cdc_2": 0.18565982332352832, "LPA_cdc_2": 0.2559981103622892, "SLEEP_cdc_2": 0.3390820130692184, "heating_utility_gas": 0.2613348277067107, "heating_electricity": 0.6664703315333187, "industry_agriculture,_forestry,_fishing_and_hunting": 0.005472279056334381, "industry_mining,_quarrying,_and_oil_and_gas_extraction": 0.0008811296785623156, "industry_accommodation_and_food_services": 0.06809288603523068, "industry_arts,_entertainment,_and_recreation": 0.011951563459597123, "industry_construction": 0.05867168679455751, "industry_educational_services": 0.08376138965109065, "industry_health_care_and_social_assistance": 0.12484540453466832, "industry_finance_and_insurance": 0.03552417318243568, "industry_real_estate_and_rental_and_leasing": 0.01300515164651626, "industry_information": 0.015747708616109957, "industry_manufacturing": 0.2042128069726717, "industry_other_services,_except_public_administration": 0.05056289923771415, "industry_administrative_and_support_and_waste_management_services": 0.04576009206239904, "industry_management_of_companies_and_enterprises": 0.001013630382105521, "industry_professional,_scientific,_and_technical_services": 0.04183917308127364, "industry_public_administration": 0.028938536903837256, "industry_retail_trade": 0.1128725687039103, "industry_transportation_and_warehousing": 0.061805264558354125, "industry_utilities": 0.006750910845526313, "industry_wholesale_trade": 0.028290744597105164, "occupation_architecture_and_engineering_occupations": 0.022273711593738903, "occupation_computer_and_mathematical_occupations": 0.02203486699923505, "occupation_life,_physical,_and_social_science_occupations": 0.003928829500681618, "occupation_arts,_design,_entertainment,_sports,_and_media_occupations": 0.011083819585764555, "occupation_community_and_social_service_occupations": 0.015297206224063057, "occupation_educational_instruction,_and_library_occupations": 0.0570030242736658, "occupation_legal_occupations": 0.006196124531275268, "occupation_health_diagnosing_and_treating_practitioners_and_other_technical_occupations": 0.039698033172171916, "occupation_health_technologists_and_technicians": 0.020485359299031915, "occupation_business_and_financial_operations_occupations": 0.03598802944171222, "occupation_management_occupations": 0.08583003742324481, "occupation_construction_and_extraction_occupations": 0.04567961754652004, "occupation_farming,_fishing,_and_forestry_occupations": 0.004273147689268372, "occupation_installation,_maintenance,_and_repair_occupations": 0.041917108565894624, "occupation_material_moving_occupations": 0.05893631293601774, "occupation_transportation_occupations": 0.04293034771362391, "occupation_office_and_administrative_support_occupations": 0.11454307561543284, "occupation_sales_and_related_occupations": 0.0962972975812821, "occupation_building_and_grounds_cleaning_and_maintenance_occupations": 0.03631294360289398, "occupation_food_preparation_and_serving_related_occupations": 0.05372952233364631, "occupation_healthcare_support_occupations": 0.026685769443601962, "occupation_personal_care_and_service_occupations": 0.024559284854858993, "occupation_firefighting_and_prevention,_and_other_protective_service_workers_including_supervisors": 0.009950802836094721, "occupation_law_enforcement_workers_including_supervisors": 0.007698290875860231, "2020 Presidential Election-margin": -0.2733238711013016, "2016 Presidential Election-margin": -0.299592246693648, "2016-2020 Swing-margin": 0.026268375592346405, "park_percent_1km_v2": 0.006788076429320905, "mean_dist_Hospital_updated": 8.94531596824209, "mean_dist_Active Superfund Site_updated": 16.872257086039735, "mean_dist_Airport_updated": 23.50009216628685, "mean_dist_Public School_updated": 2.0600032253266343, "mean_high_temp_4": 71.5518998568928, "mean_high_temp_winter_4": 55.768233159893285, "mean_high_temp_spring_4": 77.06067148607015, "mean_high_temp_summer_4": 87.08343744899972, "mean_high_temp_fall_4": 65.46102615475291, "mean_high_heat_index_4": 72.64353954346878, "days_above_90_4": 0.10345342168297149, "days_below_40_4": 0.019675998178089366, "wind_speed_over_10mph_4": 0.03347498181887016, "snowfall_4": 0.015442406016294047, "rainfall_4": 1.13731008376669, "hours_sunny_4": 5.421608062777691, "internet_no_access": 0.1396293970975442, "insurance_coverage_none": 0.13848619443559018, "insurance_coverage_govt": 0.15441341215130286, "insurance_coverage_private": 0.707100393413107, "marriage_divorced": 0.10926440161046155}