{"population": 758049.0, "ad_1": 2472.406296343887, "population_change_2010": 0.11080843456471726, "ad_1_change_2010": 0.0959792572116978, "gpw_population": NaN, "gpw_pw_density_4": NaN, "white": 0.23959532958951202, "hispanic": 0.35163953781351864, "black": 0.15051533607985765, "asian": 0.18262671674258524, "citizenship_citizen_by_birth": 0.7241461679766003, "citizenship_citizen_by_naturalization": 0.14926219232937077, "citizenship_not_citizen": 0.1265916396940289, "birthplace_non_us": 0.27585383202339964, "birthplace_us_not_state": 0.16766056956961942, "birthplace_us_state": 0.556485598406981, "language_english_only": 0.5823067716369633, "language_spanish": 0.25809225823285736, "education_high_school": 0.8538080288813259, "education_ugrad": 0.2842064643082364, "education_grad": 0.09545146710688858, "education_field_stem": 0.13998980616600443, "education_field_humanities": 0.09302434793506269, "education_field_business": 0.05119231020716926, "generation_silent": 0.053841541523903316, "generation_boomer": 0.21918926356790433, "generation_genx": 0.19479608669598739, "generation_millenial": 0.2190332475022555, "generation_genz": 0.192839800902578, "generation_genalpha": 0.12030005980737156, "poverty_below_line": 0.10681966986253728, "household_income_under_50k": 0.2798197597437264, "household_income_over_100k": 0.4277822745819375, "individual_income_under_50k": 0.6104992901503796, "individual_income_over_100k": 0.13232147586179646, "housing_per_pop": 0.44777945226659144, "vacancy": 0.039028647315499904, "rent_or_own_rent": 0.41051565492099473, "rent_burden_under_20": 0.19664317727025538, "rent_burden_over_40": 0.38959425949701965, "rent_1br_under_750": 0.14162938883542212, "rent_1br_over_1500": 0.4600348047241169, "rent_2br_under_750": 0.06028821069319523, "rent_2br_over_1500": 0.6699615280874529, "year_built_1969_or_earlier": 0.4078073136303398, "year_built_2010_or_later": 0.03330525498161188, "transportation_means_car": 0.815406064509124, "transportation_means_bike": 0.0054599119010306455, "transportation_means_walk": 0.01252375910151079, "transportation_means_transit": 0.07122919813778307, "transportation_means_worked_at_home": 0.08600792896621633, "transportation_commute_time_under_15": 0.18436214131034256, "transportation_commute_time_over_60": 0.22261982451470183, "vehicle_ownership_at_least_1": 0.93812637493575, "GHLTH_cdc_2": 0.17394550493858812, "ARTHRITIS_cdc_2": 0.18984072837281807, "CASTHMA_cdc_2": 0.0990660830933495, "BPHIGH_cdc_2": 0.276375878302107, "CANCER_cdc_2": 0.05432312700771695, "KIDNEY_cdc_2": 0.028518353993596656, "COPD_cdc_2": 0.051893094657434254, "CHD_cdc_2": 0.04694684660027448, "DIABETES_cdc_2": 0.1086992603717631, "OBESITY_cdc_2": 0.2868371675992707, "STROKE_cdc_2": 0.028467206899727503, "DISABILITY_cdc_2": 0.2655657806741496, "HEARING_cdc_2": 0.054076013015693085, "VISION_cdc_2": 0.05341293267866796, "COGNITION_cdc_2": 0.13308059014373305, "MOBILITY_cdc_2": 0.11894989457086459, "SELFCARE_cdc_2": 0.03816780739329587, "INDEPLIVE_cdc_2": 0.07457601103133331, "BINGE_cdc_2": 0.15339846172954663, "CSMOKING_cdc_2": 0.12162384158510543, "LPA_cdc_2": 0.2163084136164753, "SLEEP_cdc_2": 0.3440535633392851, "heating_utility_gas": 0.6871860657423243, "heating_electricity": 0.2591875055879111, "industry_agriculture,_forestry,_fishing_and_hunting": 0.007544676880988715, "industry_mining,_quarrying,_and_oil_and_gas_extraction": 0.0011078235217753822, "industry_accommodation_and_food_services": 0.07422875450002711, "industry_arts,_entertainment,_and_recreation": 0.020124162960803015, "industry_construction": 0.08476567558788593, "industry_educational_services": 0.08280267806984894, "industry_health_care_and_social_assistance": 0.15225868736543863, "industry_finance_and_insurance": 0.035014951348647266, "industry_real_estate_and_rental_and_leasing": 0.017923165159012624, "industry_information": 0.01937839812792987, "industry_manufacturing": 0.07025186838555782, "industry_other_services,_except_public_administration": 0.05578780468651477, "industry_administrative_and_support_and_waste_management_services": 0.05877062503450678, "industry_management_of_companies_and_enterprises": 0.0008783754162941642, "industry_professional,_scientific,_and_technical_services": 0.06393865883781626, "industry_public_administration": 0.05096157014949539, "industry_retail_trade": 0.10665409776554509, "industry_transportation_and_warehousing": 0.0666240998918071, "industry_utilities": 0.008645422345528739, "industry_wholesale_trade": 0.022338503964576515, "occupation_architecture_and_engineering_occupations": 0.015240058980986968, "occupation_computer_and_mathematical_occupations": 0.026517468598441892, "occupation_life,_physical,_and_social_science_occupations": 0.012876970110692805, "occupation_arts,_design,_entertainment,_sports,_and_media_occupations": 0.019096881458425405, "occupation_community_and_social_service_occupations": 0.020488474453185752, "occupation_educational_instruction,_and_library_occupations": 0.05050206170490558, "occupation_legal_occupations": 0.008151014114916148, "occupation_health_diagnosing_and_treating_practitioners_and_other_technical_occupations": 0.028300040936899414, "occupation_health_technologists_and_technicians": 0.020790915808678104, "occupation_business_and_financial_operations_occupations": 0.04804061060950954, "occupation_management_occupations": 0.0930770937682248, "occupation_construction_and_extraction_occupations": 0.06938469596156036, "occupation_farming,_fishing,_and_forestry_occupations": 0.0060154003807885706, "occupation_installation,_maintenance,_and_repair_occupations": 0.029432743958827837, "occupation_material_moving_occupations": 0.0415465361569191, "occupation_transportation_occupations": 0.04539488523198618, "occupation_office_and_administrative_support_occupations": 0.11499339385668689, "occupation_sales_and_related_occupations": 0.09159596928604555, "occupation_building_and_grounds_cleaning_and_maintenance_occupations": 0.05209999644682021, "occupation_food_preparation_and_serving_related_occupations": 0.05771568039805096, "occupation_healthcare_support_occupations": 0.04595863471870072, "occupation_personal_care_and_service_occupations": 0.030440365893166763, "occupation_firefighting_and_prevention,_and_other_protective_service_workers_including_supervisors": 0.017686561986652527, "occupation_law_enforcement_workers_including_supervisors": 0.007835773701164787, "2020 Presidential Election-margin": 0.5401920917904283, "2016 Presidential Election-margin": 0.5578270269194769, "2016-2020 Swing-margin": -0.01763493512904868, "park_percent_1km_v2": 0.025536838749797917, "mean_dist_Hospital_updated": 4.402182412432698, "mean_dist_Active Superfund Site_updated": 11.27479632125544, "mean_dist_Airport_updated": 41.092644135612645, "mean_dist_Public School_updated": 0.7056195305263739, "mean_high_temp_4": 71.46111695781077, "mean_high_temp_winter_4": 60.66019391259644, "mean_high_temp_spring_4": 73.39676430039798, "mean_high_temp_summer_4": 82.22930165443631, "mean_high_temp_fall_4": 69.03926095230533, "mean_high_heat_index_4": 70.51901955374717, "days_above_90_4": 0.06343044049200817, "days_below_40_4": 0.0, "wind_speed_over_10mph_4": 0.057920663749821535, "snowfall_4": 2.5922910079884758e-05, "rainfall_4": 0.5246850897557807, "hours_sunny_4": 7.160058290171235, "internet_no_access": 0.05869526083797884, "insurance_coverage_none": 0.08256540851043226, "insurance_coverage_govt": 0.2302003729681942, "insurance_coverage_private": 0.6872342185213735, "marriage_divorced": 0.09905794235563044}