{"population": 1178533.0, "ad_1": 2101.6242986151856, "population_change_2010": 0.15470904302432217, "ad_1_change_2010": 0.06323197877867733, "gpw_population": NaN, "gpw_pw_density_4": NaN, "white": 0.6747074540975943, "hispanic": 0.19654859049343548, "black": 0.018629940782311567, "asian": 0.04251047700828063, "citizenship_citizen_by_birth": 0.8707148058007552, "citizenship_citizen_by_naturalization": 0.05336595382489498, "citizenship_not_citizen": 0.07591924037434963, "birthplace_non_us": 0.1292851941992446, "birthplace_us_not_state": 0.28555932714571874, "birthplace_us_state": 0.5851554786550367, "language_english_only": 0.7894299188661887, "language_spanish": 0.13461373220043654, "education_high_school": 0.9201616277827733, "education_ugrad": 0.3596173553939301, "education_grad": 0.12810604545901233, "education_field_stem": 0.16955151372185967, "education_field_humanities": 0.12301927048425046, "education_field_business": 0.06704657118781994, "generation_silent": 0.04078042117167133, "generation_boomer": 0.16936898509551276, "generation_genx": 0.1843041793663508, "generation_millenial": 0.24158041812026979, "generation_genz": 0.2178193899452374, "generation_genalpha": 0.14614660630095777, "poverty_below_line": 0.08414145036701402, "household_income_under_50k": 0.27668776905267223, "household_income_over_100k": 0.3960986986819828, "individual_income_under_50k": 0.6234758870533464, "individual_income_over_100k": 0.11652733460288701, "housing_per_pop": 0.48848114333274323, "vacancy": 0.05168043791875628, "rent_or_own_rent": 0.32742036051365997, "rent_burden_under_20": 0.2725409937180634, "rent_burden_over_40": 0.2988282910313615, "rent_1br_under_750": 0.18498211674073012, "rent_1br_over_1500": 0.10823641776643389, "rent_2br_under_750": 0.05567734771881259, "rent_2br_over_1500": 0.23911014710016404, "year_built_1969_or_earlier": 0.2828542330131039, "year_built_2010_or_later": 0.12601692029066, "transportation_means_car": 0.8097776047951681, "transportation_means_bike": 0.008181006928981417, "transportation_means_walk": 0.0187131164219825, "transportation_means_transit": 0.02872112081527781, "transportation_means_worked_at_home": 0.12772358045404325, "transportation_commute_time_under_15": 0.2560017250595767, "transportation_commute_time_over_60": 0.036383745099477206, "vehicle_ownership_at_least_1": 0.9473669434629847, "GHLTH_cdc_2": 0.12750956594573076, "ARTHRITIS_cdc_2": 0.19307667545721932, "CASTHMA_cdc_2": 0.09995139902474624, "BPHIGH_cdc_2": 0.2541082025807736, "CANCER_cdc_2": 0.054439690727349124, "KIDNEY_cdc_2": 0.02358725176363918, "COPD_cdc_2": 0.04580265347530905, "CHD_cdc_2": 0.03931033000508636, "DIABETES_cdc_2": 0.07983181986554325, "OBESITY_cdc_2": 0.3071782339835025, "STROKE_cdc_2": 0.021550099239257835, "DISABILITY_cdc_2": 0.2512317955394856, "HEARING_cdc_2": 0.053336607675976914, "VISION_cdc_2": 0.037708110805192506, "COGNITION_cdc_2": 0.13941301499369732, "MOBILITY_cdc_2": 0.09217881172737125, "SELFCARE_cdc_2": 0.027281509155443508, "INDEPLIVE_cdc_2": 0.06717235288263783, "BINGE_cdc_2": 0.16583179084013355, "CSMOKING_cdc_2": 0.09113809875273668, "LPA_cdc_2": 0.189075425982441, "SLEEP_cdc_2": 0.3032149096618678, "heating_utility_gas": 0.8481751704469677, "heating_electricity": 0.12940079596426957, "industry_agriculture,_forestry,_fishing_and_hunting": 0.0025474595572515233, "industry_mining,_quarrying,_and_oil_and_gas_extraction": 0.005046904274240025, "industry_accommodation_and_food_services": 0.06042938192462599, "industry_arts,_entertainment,_and_recreation": 0.018879021643917727, "industry_construction": 0.07554894553350244, "industry_educational_services": 0.09637409406513386, "industry_health_care_and_social_assistance": 0.11770496598433963, "industry_finance_and_insurance": 0.07069874000141535, "industry_real_estate_and_rental_and_leasing": 0.02288068539667489, "industry_information": 0.02065813586094494, "industry_manufacturing": 0.09661756466643676, "industry_other_services,_except_public_administration": 0.04529651673285775, "industry_administrative_and_support_and_waste_management_services": 0.04536474292779215, "industry_management_of_companies_and_enterprises": 0.0016035564416072782, "industry_professional,_scientific,_and_technical_services": 0.08855648899398909, "industry_public_administration": 0.0363772969578123, "industry_retail_trade": 0.10890425578275516, "industry_transportation_and_warehousing": 0.05404733046181734, "industry_utilities": 0.005716782546640965, "industry_wholesale_trade": 0.026747130246244546, "occupation_architecture_and_engineering_occupations": 0.020795063335634717, "occupation_computer_and_mathematical_occupations": 0.05130069432940423, "occupation_life,_physical,_and_social_science_occupations": 0.012144610393257815, "occupation_arts,_design,_entertainment,_sports,_and_media_occupations": 0.02226533904935517, "occupation_community_and_social_service_occupations": 0.014817482615617762, "occupation_educational_instruction,_and_library_occupations": 0.05519381382375433, "occupation_legal_occupations": 0.010468184516901497, "occupation_health_diagnosing_and_treating_practitioners_and_other_technical_occupations": 0.03743260813972338, "occupation_health_technologists_and_technicians": 0.01770081688543646, "occupation_business_and_financial_operations_occupations": 0.06522039874025386, "occupation_management_occupations": 0.11345977344990314, "occupation_construction_and_extraction_occupations": 0.055250198562130745, "occupation_farming,_fishing,_and_forestry_occupations": 0.0011150772458326003, "occupation_installation,_maintenance,_and_repair_occupations": 0.028652369965306058, "occupation_material_moving_occupations": 0.03571994279127597, "occupation_transportation_occupations": 0.03567943221081949, "occupation_office_and_administrative_support_occupations": 0.136455023250762, "occupation_sales_and_related_occupations": 0.0954427383567833, "occupation_building_and_grounds_cleaning_and_maintenance_occupations": 0.02945589603357263, "occupation_food_preparation_and_serving_related_occupations": 0.042782777299756984, "occupation_healthcare_support_occupations": 0.022248211201385447, "occupation_personal_care_and_service_occupations": 0.026340574289778783, "occupation_firefighting_and_prevention,_and_other_protective_service_workers_including_supervisors": 0.010336294180750945, "occupation_law_enforcement_workers_including_supervisors": 0.005336262976457092, "2020 Presidential Election-margin": 0.10921141373710087, "2016 Presidential Election-margin": 0.08950007019891643, "2016-2020 Swing-margin": 0.019711343538184448, "park_percent_1km_v2": 0.032683160417251264, "mean_dist_Hospital_updated": 3.0762130800655156, "mean_dist_Active Superfund Site_updated": 6.638977979043213, "mean_dist_Airport_updated": 18.527525311614795, "mean_dist_Public School_updated": 0.6844518375287251, "mean_high_temp_4": 60.90387279543318, "mean_high_temp_winter_4": 39.11394294201808, "mean_high_temp_spring_4": 65.25837390235841, "mean_high_temp_summer_4": 85.98287109236838, "mean_high_temp_fall_4": 52.01481136240454, "mean_high_heat_index_4": 58.41900182687065, "days_above_90_4": 0.09578603038036607, "days_below_40_4": 0.2072361926881842, "wind_speed_over_10mph_4": 0.0036780592723976028, "snowfall_4": 0.2585714398394931, "rainfall_4": 0.2816212692501002, "hours_sunny_4": 6.555304862994067, "internet_no_access": 0.046889864030672676, "insurance_coverage_none": 0.11840749517139083, "insurance_coverage_govt": 0.07836654595069108, "insurance_coverage_private": 0.8032259588779181, "marriage_divorced": 0.1021108370866616}