{"population": 255329.0, "ad_1": 854.3354416975875, "population_change_2010": 0.15830135097126577, "ad_1_change_2010": 0.0532317784066906, "gpw_population": NaN, "gpw_pw_density_4": NaN, "white": 0.744815512534808, "hispanic": 0.07581590810287903, "black": 0.11670433049124855, "asian": 0.014933673809085533, "citizenship_citizen_by_birth": 0.9513943356586699, "citizenship_citizen_by_naturalization": 0.023331707076988537, "citizenship_not_citizen": 0.025273957264341475, "birthplace_non_us": 0.04860566434133001, "birthplace_us_not_state": 0.46364058272922676, "birthplace_us_state": 0.48775375292944323, "language_english_only": 0.9295551872536683, "language_spanish": 0.04490305932607489, "education_high_school": 0.9420862691405925, "education_ugrad": 0.40805644116907863, "education_grad": 0.14016032418844193, "education_field_stem": 0.1677643151762758, "education_field_humanities": 0.15353048206317357, "education_field_business": 0.08676164392962926, "generation_silent": 0.06907154999709669, "generation_boomer": 0.25221233085014305, "generation_genx": 0.18219935515679458, "generation_millenial": 0.19455215836836137, "generation_genz": 0.20334344620714495, "generation_genalpha": 0.09862115942045929, "poverty_below_line": 0.13082460430643933, "household_income_under_50k": 0.3904148948121333, "household_income_over_100k": 0.30225128599869217, "individual_income_under_50k": 0.6563272002819451, "individual_income_over_100k": 0.1092854291990243, "housing_per_pop": 0.6070214143545718, "vacancy": 0.12438471323488745, "rent_or_own_rent": 0.38074664419671345, "rent_burden_under_20": 0.22708791803589728, "rent_burden_over_40": 0.37202117846199606, "rent_1br_under_750": 0.19779771775628233, "rent_1br_over_1500": 0.04926621184479037, "rent_2br_under_750": 0.145061423047638, "rent_2br_over_1500": 0.13971834206867229, "year_built_1969_or_earlier": 0.18790283342443775, "year_built_2010_or_later": 0.14236617537816015, "transportation_means_car": 0.8503997608209445, "transportation_means_bike": 0.004344839324005977, "transportation_means_walk": 0.014314353703774598, "transportation_means_transit": 0.0035670787507340205, "transportation_means_worked_at_home": 0.12329181700624603, "transportation_commute_time_under_15": 0.3214688521346909, "transportation_commute_time_over_60": 0.041292595297760984, "vehicle_ownership_at_least_1": 0.9391523662619161, "GHLTH_cdc_2": 0.13730908850706464, "ARTHRITIS_cdc_2": 0.2552850182603837, "CASTHMA_cdc_2": 0.0977882151838398, "BPHIGH_cdc_2": 0.3109250680174256, "CANCER_cdc_2": 0.064560358613954, "KIDNEY_cdc_2": 0.028360488633206622, "COPD_cdc_2": 0.06273447451212098, "CHD_cdc_2": 0.05457552543832445, "DIABETES_cdc_2": 0.09838740036760733, "OBESITY_cdc_2": 0.31254176550712753, "STROKE_cdc_2": 0.029153185668994604, "DISABILITY_cdc_2": 0.28892284905794974, "HEARING_cdc_2": 0.0692146837385052, "VISION_cdc_2": 0.048584645105996874, "COGNITION_cdc_2": 0.13610292957704415, "MOBILITY_cdc_2": 0.12484229852180231, "SELFCARE_cdc_2": 0.03651556758850019, "INDEPLIVE_cdc_2": 0.07613213891847252, "BINGE_cdc_2": 0.18921773315984589, "CSMOKING_cdc_2": 0.14756686275601458, "LPA_cdc_2": 0.19795217721651495, "SLEEP_cdc_2": 0.2884884836218198, "heating_utility_gas": 0.07475521189626161, "heating_electricity": 0.8876053648209705, "industry_agriculture,_forestry,_fishing_and_hunting": 0.0032679474878967853, "industry_mining,_quarrying,_and_oil_and_gas_extraction": 0.0014872108806260249, "industry_accommodation_and_food_services": 0.09612331847566136, "industry_arts,_entertainment,_and_recreation": 0.02468815921266347, "industry_construction": 0.0699078799496886, "industry_educational_services": 0.09136143833219457, "industry_health_care_and_social_assistance": 0.14827522074259455, "industry_finance_and_insurance": 0.03972043133599557, "industry_real_estate_and_rental_and_leasing": 0.029232125725679924, "industry_information": 0.028426206669624872, "industry_manufacturing": 0.06989513131539939, "industry_other_services,_except_public_administration": 0.05470514734646359, "industry_administrative_and_support_and_waste_management_services": 0.04470752756945882, "industry_management_of_companies_and_enterprises": 0.0016369915164792291, "industry_professional,_scientific,_and_technical_services": 0.08292671029992511, "industry_public_administration": 0.032565039598457635, "industry_retail_trade": 0.12100838669500304, "industry_transportation_and_warehousing": 0.027500613238536666, "industry_utilities": 0.010070645978258996, "industry_wholesale_trade": 0.022493867629392116, "occupation_architecture_and_engineering_occupations": 0.020676109569075778, "occupation_computer_and_mathematical_occupations": 0.022604039330116274, "occupation_life,_physical,_and_social_science_occupations": 0.014015676927950188, "occupation_arts,_design,_entertainment,_sports,_and_media_occupations": 0.024569563947708838, "occupation_community_and_social_service_occupations": 0.022898647648734356, "occupation_educational_instruction,_and_library_occupations": 0.06719526133718363, "occupation_legal_occupations": 0.007872300073381171, "occupation_health_diagnosing_and_treating_practitioners_and_other_technical_occupations": 0.051506209803184884, "occupation_health_technologists_and_technicians": 0.02374626579887732, "occupation_business_and_financial_operations_occupations": 0.04952625428576227, "occupation_management_occupations": 0.12411024103783108, "occupation_construction_and_extraction_occupations": 0.04742937074324233, "occupation_farming,_fishing,_and_forestry_occupations": 0.0021307490167406765, "occupation_installation,_maintenance,_and_repair_occupations": 0.03563296690780126, "occupation_material_moving_occupations": 0.025002684012083488, "occupation_transportation_occupations": 0.025530560607741205, "occupation_office_and_administrative_support_occupations": 0.09410941739038592, "occupation_sales_and_related_occupations": 0.11524452515008195, "occupation_building_and_grounds_cleaning_and_maintenance_occupations": 0.036849573608909406, "occupation_food_preparation_and_serving_related_occupations": 0.07279765769189507, "occupation_healthcare_support_occupations": 0.023346583243307364, "occupation_personal_care_and_service_occupations": 0.032164487327869425, "occupation_firefighting_and_prevention,_and_other_protective_service_workers_including_supervisors": 0.010464790452058363, "occupation_law_enforcement_workers_including_supervisors": 0.010013564119782402, "2020 Presidential Election-margin": 0.0070101565958558066, "2016 Presidential Election-margin": -0.04935359387994723, "2016-2020 Swing-margin": 0.05636375047580303, "park_percent_1km_v2": 0.015545840991053836, "mean_dist_Hospital_updated": 6.350223401996044, "mean_dist_Active Superfund Site_updated": 10.39186709413787, "mean_dist_Airport_updated": 10.212697007166819, "mean_dist_Public School_updated": 1.4436279259386264, "mean_high_temp_4": 70.86150466307407, "mean_high_temp_winter_4": 57.958384319552536, "mean_high_temp_spring_4": 73.58864563648088, "mean_high_temp_summer_4": 83.45310525333127, "mean_high_temp_fall_4": 67.82998041471468, "mean_high_heat_index_4": 72.91275521991449, "days_above_90_4": 0.015750043583494414, "days_below_40_4": 0.006836557518608918, "wind_speed_over_10mph_4": 0.3722902600527912, "snowfall_4": 0.002688833209559523, "rainfall_4": 1.387872169991255, "hours_sunny_4": 5.563898757735875, "internet_no_access": 0.06709298846560321, "insurance_coverage_none": 0.12949832232512423, "insurance_coverage_govt": 0.1162378242970799, "insurance_coverage_private": 0.7542638533777958, "marriage_divorced": 0.10804406418667606}