{"population": 405262.0, "ad_1": 1151.885441272513, "population_change_2010": 0.12421321275503835, "ad_1_change_2010": 0.018101947797377806, "gpw_population": NaN, "gpw_pw_density_4": NaN, "white": 0.8287947056472109, "hispanic": 0.0395077752170201, "black": 0.05100897690876519, "asian": 0.027310727381299013, "citizenship_citizen_by_birth": 0.9595926208505954, "citizenship_citizen_by_naturalization": 0.021927197628095044, "citizenship_not_citizen": 0.01848018152130962, "birthplace_non_us": 0.04040737914940466, "birthplace_us_not_state": 0.2727094242464157, "birthplace_us_state": 0.6868831966041796, "language_english_only": 0.9469427898673966, "language_spanish": 0.02123395851296371, "education_high_school": 0.9552406895143978, "education_ugrad": 0.40488910474340295, "education_grad": 0.1467998395168613, "education_field_stem": 0.16257716212316378, "education_field_humanities": 0.1253317003470096, "education_field_business": 0.11698024227322958, "generation_silent": 0.06053775439451062, "generation_boomer": 0.2300653367364437, "generation_genx": 0.19724039892936227, "generation_millenial": 0.19629849618641224, "generation_genz": 0.19301799059091349, "generation_genalpha": 0.12284002316235769, "poverty_below_line": 0.047091195167743065, "household_income_under_50k": 0.23423258729205296, "household_income_over_100k": 0.45058891123240447, "individual_income_under_50k": 0.5579500869091606, "individual_income_over_100k": 0.14755729784794763, "housing_per_pop": 0.518567882633597, "vacancy": 0.03893193275224118, "rent_or_own_rent": 0.18843200752134967, "rent_burden_under_20": 0.3407240985599057, "rent_burden_over_40": 0.23645537917572096, "rent_1br_under_750": 0.2686302913246419, "rent_1br_over_1500": 0.08063737324963785, "rent_2br_under_750": 0.11447260834014718, "rent_2br_over_1500": 0.11766148814390842, "year_built_1969_or_earlier": 0.13966501450601232, "year_built_2010_or_later": 0.12910037659237167, "transportation_means_car": 0.8647533851631322, "transportation_means_bike": 0.002055319609254112, "transportation_means_walk": 0.008028445247132194, "transportation_means_transit": 0.000592609315254046, "transportation_means_worked_at_home": 0.11617023878392806, "transportation_commute_time_under_15": 0.21299602488306132, "transportation_commute_time_over_60": 0.03893698880900814, "vehicle_ownership_at_least_1": 0.9705348515316916, "GHLTH_cdc_2": 0.13098510211044295, "ARTHRITIS_cdc_2": 0.24574130691840984, "CASTHMA_cdc_2": 0.0916720421401836, "BPHIGH_cdc_2": 0.29739425136530256, "CANCER_cdc_2": 0.06420090638272345, "KIDNEY_cdc_2": 0.023872730909687816, "COPD_cdc_2": 0.058570655582771226, "CHD_cdc_2": 0.04754922537244677, "DIABETES_cdc_2": 0.08208997773243124, "OBESITY_cdc_2": 0.37874668382413573, "STROKE_cdc_2": 0.02383450798156118, "DISABILITY_cdc_2": 0.26556168257335405, "HEARING_cdc_2": 0.06216517241652244, "VISION_cdc_2": 0.03275238779674191, "COGNITION_cdc_2": 0.12597818848285308, "MOBILITY_cdc_2": 0.11283754508285439, "SELFCARE_cdc_2": 0.026218288196739666, "INDEPLIVE_cdc_2": 0.06272295568791314, "BINGE_cdc_2": 0.1941962169249385, "CSMOKING_cdc_2": 0.14322301093635792, "LPA_cdc_2": 0.21464562008564364, "SLEEP_cdc_2": 0.3235861001207133, "heating_utility_gas": 0.6696025175628738, "heating_electricity": 0.29190279700190647, "industry_agriculture,_forestry,_fishing_and_hunting": 0.004792561795773832, "industry_mining,_quarrying,_and_oil_and_gas_extraction": 0.001432206571464327, "industry_accommodation_and_food_services": 0.059183966702355956, "industry_arts,_entertainment,_and_recreation": 0.021784371798971962, "industry_construction": 0.07030326626527802, "industry_educational_services": 0.0930795222270117, "industry_health_care_and_social_assistance": 0.12169120884723593, "industry_finance_and_insurance": 0.08382348169881021, "industry_real_estate_and_rental_and_leasing": 0.02095934665424494, "industry_information": 0.018437921492832014, "industry_manufacturing": 0.1269519028880515, "industry_other_services,_except_public_administration": 0.04473675672418668, "industry_administrative_and_support_and_waste_management_services": 0.03561513040495757, "industry_management_of_companies_and_enterprises": 0.003925821896538139, "industry_professional,_scientific,_and_technical_services": 0.07199966628196393, "industry_public_administration": 0.032092551135336565, "industry_retail_trade": 0.11473411478973446, "industry_transportation_and_warehousing": 0.036421615658791845, "industry_utilities": 0.005826160713044204, "industry_wholesale_trade": 0.032208425453416206, "occupation_architecture_and_engineering_occupations": 0.026845762012690556, "occupation_computer_and_mathematical_occupations": 0.05409476665229825, "occupation_life,_physical,_and_social_science_occupations": 0.007619895156917002, "occupation_arts,_design,_entertainment,_sports,_and_media_occupations": 0.016356818740121716, "occupation_community_and_social_service_occupations": 0.013594374997103142, "occupation_educational_instruction,_and_library_occupations": 0.06511209681531024, "occupation_legal_occupations": 0.00809729734740511, "occupation_health_diagnosing_and_treating_practitioners_and_other_technical_occupations": 0.04906582124764196, "occupation_health_technologists_and_technicians": 0.01700571492136769, "occupation_business_and_financial_operations_occupations": 0.074924334070294, "occupation_management_occupations": 0.12694726791532832, "occupation_construction_and_extraction_occupations": 0.04509828459659515, "occupation_farming,_fishing,_and_forestry_occupations": 0.0016222404531149334, "occupation_installation,_maintenance,_and_repair_occupations": 0.028449462574912748, "occupation_material_moving_occupations": 0.028597781702054684, "occupation_transportation_occupations": 0.02783301120272907, "occupation_office_and_administrative_support_occupations": 0.1197816000852835, "occupation_sales_and_related_occupations": 0.11694036180597077, "occupation_building_and_grounds_cleaning_and_maintenance_occupations": 0.022020755407854423, "occupation_food_preparation_and_serving_related_occupations": 0.04689201904046795, "occupation_healthcare_support_occupations": 0.01648659797637091, "occupation_personal_care_and_service_occupations": 0.024616340132838317, "occupation_firefighting_and_prevention,_and_other_protective_service_workers_including_supervisors": 0.008259521392716605, "occupation_law_enforcement_workers_including_supervisors": 0.009524868946146252, "2020 Presidential Election-margin": -0.17504684853508234, "2016 Presidential Election-margin": -0.264146619706382, "2016-2020 Swing-margin": 0.08909977117129964, "park_percent_1km_v2": 0.019624983461769836, "mean_dist_Hospital_updated": 4.513128215575055, "mean_dist_Active Superfund Site_updated": 10.91885912648845, "mean_dist_Airport_updated": 26.731787690551766, "mean_dist_Public School_updated": 1.2569392821066505, "mean_high_temp_4": 66.12608589740033, "mean_high_temp_winter_4": 45.19917602826748, "mean_high_temp_spring_4": 73.09183756076, "mean_high_temp_summer_4": 85.81966700233836, "mean_high_temp_fall_4": 59.346913994720666, "mean_high_heat_index_4": 66.67588523039942, "days_above_90_4": 0.0804850890590551, "days_below_40_4": 0.11820056415310776, "wind_speed_over_10mph_4": 0.1222358452250894, "snowfall_4": 0.05261424992058984, "rainfall_4": 0.9803367139968303, "hours_sunny_4": 5.21286392075023, "internet_no_access": 0.054425321877203524, "insurance_coverage_none": 0.05684128442921993, "insurance_coverage_govt": 0.059872925692960786, "insurance_coverage_private": 0.8832857898778192, "marriage_divorced": 0.10015240717296985}