{"population": 753677.0, "ad_1": 1316.6126398722788, "population_change_2010": 0.011633400893947732, "ad_1_change_2010": 0.0004444683535527372, "gpw_population": NaN, "gpw_pw_density_4": NaN, "white": 0.5789217396842414, "hispanic": 0.23969021212004613, "black": 0.0628332826927185, "asian": 0.07991619752228077, "citizenship_citizen_by_birth": 0.8140252284553517, "citizenship_citizen_by_naturalization": 0.0987747435108766, "citizenship_not_citizen": 0.08720002803377157, "birthplace_non_us": 0.18597477154464814, "birthplace_us_not_state": 0.2162930690693429, "birthplace_us_state": 0.597732159386009, "language_english_only": 0.7071490696176961, "language_spanish": 0.17445735091811, "education_high_school": 0.9118696490982707, "education_ugrad": 0.4476863231672239, "education_grad": 0.19168772749751636, "education_field_stem": 0.20245015357743373, "education_field_humanities": 0.1447585916789336, "education_field_business": 0.1004775779108566, "generation_silent": 0.06137081988976878, "generation_boomer": 0.22919649640874876, "generation_genx": 0.20078873585123755, "generation_millenial": 0.17168786231320096, "generation_genz": 0.21520267097625495, "generation_genalpha": 0.12175341456078886, "poverty_below_line": 0.07785147350483536, "household_income_under_50k": 0.2607300800924797, "household_income_over_100k": 0.47860427799047595, "individual_income_under_50k": 0.5681662185356383, "individual_income_over_100k": 0.198606670258578, "housing_per_pop": 0.49963516964611454, "vacancy": 0.061955180027469185, "rent_or_own_rent": 0.25992029566424707, "rent_burden_under_20": 0.2926879200071336, "rent_burden_over_40": 0.3190763696962378, "rent_1br_under_750": 0.2187699516915393, "rent_1br_over_1500": 0.1650900053577532, "rent_2br_under_750": 0.0720586911953426, "rent_2br_over_1500": 0.3265424128027277, "year_built_1969_or_earlier": 0.3632251189744667, "year_built_2010_or_later": 0.03665027378465601, "transportation_means_car": 0.799399311688163, "transportation_means_bike": 0.002353304036337003, "transportation_means_walk": 0.021860247218844858, "transportation_means_transit": 0.04272438866124327, "transportation_means_worked_at_home": 0.125331741545481, "transportation_commute_time_under_15": 0.2189929652419931, "transportation_commute_time_over_60": 0.11684072882909671, "vehicle_ownership_at_least_1": 0.9496590910097626, "GHLTH_cdc_2": 0.13631051538488473, "ARTHRITIS_cdc_2": 0.19335850826418105, "CASTHMA_cdc_2": 0.09224819264230812, "BPHIGH_cdc_2": 0.270160853452454, "CANCER_cdc_2": 0.062353418361611596, "KIDNEY_cdc_2": 0.025708445515744235, "COPD_cdc_2": 0.05106538000121627, "CHD_cdc_2": 0.04681134926646063, "DIABETES_cdc_2": 0.09107838118247172, "OBESITY_cdc_2": 0.31684911442698055, "STROKE_cdc_2": 0.02472499599183994, "DISABILITY_cdc_2": 0.28125620343393354, "HEARING_cdc_2": 0.06253247531065544, "VISION_cdc_2": 0.04155598616401575, "COGNITION_cdc_2": 0.1258886616062494, "MOBILITY_cdc_2": 0.12203484427146394, "SELFCARE_cdc_2": 0.030476106758955707, "INDEPLIVE_cdc_2": 0.06728518934179561, "BINGE_cdc_2": 0.17653639132910587, "CSMOKING_cdc_2": 0.1277229633479101, "LPA_cdc_2": 0.23922033086209532, "SLEEP_cdc_2": 0.30529100163459216, "heating_utility_gas": 0.8454111169677866, "heating_electricity": 0.13540964213720075, "industry_agriculture,_forestry,_fishing_and_hunting": 0.003265060293729808, "industry_mining,_quarrying,_and_oil_and_gas_extraction": 0.00020931357629409746, "industry_accommodation_and_food_services": 0.06172351256090872, "industry_arts,_entertainment,_and_recreation": 0.025788862033255304, "industry_construction": 0.05080231681556139, "industry_educational_services": 0.080153230087713, "industry_health_care_and_social_assistance": 0.11562413249206424, "industry_finance_and_insurance": 0.06445429488680035, "industry_real_estate_and_rental_and_leasing": 0.017927486559718674, "industry_information": 0.013934216687470835, "industry_manufacturing": 0.15267650542120237, "industry_other_services,_except_public_administration": 0.041241786661175985, "industry_administrative_and_support_and_waste_management_services": 0.05248836787407437, "industry_management_of_companies_and_enterprises": 0.002303250366039132, "industry_professional,_scientific,_and_technical_services": 0.09105853522021817, "industry_public_administration": 0.028193984576593313, "industry_retail_trade": 0.11341392988430195, "industry_transportation_and_warehousing": 0.04144187836993116, "industry_utilities": 0.0033781925981870133, "industry_wholesale_trade": 0.03992114303476004, "occupation_architecture_and_engineering_occupations": 0.020057332024438695, "occupation_computer_and_mathematical_occupations": 0.0459795924781057, "occupation_life,_physical,_and_social_science_occupations": 0.01205019871350545, "occupation_arts,_design,_entertainment,_sports,_and_media_occupations": 0.020771640425449725, "occupation_community_and_social_service_occupations": 0.01268396033889799, "occupation_educational_instruction,_and_library_occupations": 0.05885996632186673, "occupation_legal_occupations": 0.018922834605714832, "occupation_health_diagnosing_and_treating_practitioners_and_other_technical_occupations": 0.03796841869978336, "occupation_health_technologists_and_technicians": 0.01831942369247252, "occupation_business_and_financial_operations_occupations": 0.07512619359016776, "occupation_management_occupations": 0.12695680205622117, "occupation_construction_and_extraction_occupations": 0.034778977603710085, "occupation_farming,_fishing,_and_forestry_occupations": 0.0011804467462029778, "occupation_installation,_maintenance,_and_repair_occupations": 0.02467612589180082, "occupation_material_moving_occupations": 0.04174449080987331, "occupation_transportation_occupations": 0.03151899007784539, "occupation_office_and_administrative_support_occupations": 0.10109027687673405, "occupation_sales_and_related_occupations": 0.11361147022864819, "occupation_building_and_grounds_cleaning_and_maintenance_occupations": 0.03523595929624364, "occupation_food_preparation_and_serving_related_occupations": 0.04623093641686378, "occupation_healthcare_support_occupations": 0.02558946626203677, "occupation_personal_care_and_service_occupations": 0.026057892274028795, "occupation_firefighting_and_prevention,_and_other_protective_service_workers_including_supervisors": 0.010173238391568393, "occupation_law_enforcement_workers_including_supervisors": 0.004090951776773683, "2020 Presidential Election-margin": 0.25862409032658973, "2016 Presidential Election-margin": 0.22720073247405628, "2016-2020 Swing-margin": 0.031423357852533446, "park_percent_1km_v2": 0.025308805981490823, "mean_dist_Hospital_updated": 6.8995723404193425, "mean_dist_Active Superfund Site_updated": 12.60454237918358, "mean_dist_Airport_updated": 37.74550825918625, "mean_dist_Public School_updated": 1.0115726547837314, "mean_high_temp_4": 56.141977673468915, "mean_high_temp_winter_4": 33.944720703570425, "mean_high_temp_spring_4": 60.02798165464561, "mean_high_temp_summer_4": 78.31818004596022, "mean_high_temp_fall_4": 51.21271484965955, "mean_high_heat_index_4": 55.208131845506834, "days_above_90_4": 0.009284529827393303, "days_below_40_4": 0.2602873080996963, "wind_speed_over_10mph_4": 0.4517378059285703, "snowfall_4": 0.1203558329926124, "rainfall_4": 0.8554739962539927, "hours_sunny_4": 4.658912353519317, "internet_no_access": 0.06108050247758702, "insurance_coverage_none": 0.09624455177400372, "insurance_coverage_govt": 0.11145013805533013, "insurance_coverage_private": 0.7923053101706662, "marriage_divorced": 0.08944154823804376}