{"population": 2397382.0, "ad_1": 1962.5498139815074, "population_change_2010": 0.115516422280158, "ad_1_change_2010": 0.08729239259010978, "gpw_population": NaN, "gpw_pw_density_4": NaN, "white": 0.4825238531030933, "hispanic": 0.22241803767609836, "black": 0.06645665980640549, "asian": 0.14597882189822065, "citizenship_citizen_by_birth": 0.8135950386825409, "citizenship_citizen_by_naturalization": 0.10847292222136298, "citizenship_not_citizen": 0.07793203909609611, "birthplace_non_us": 0.1864049613174591, "birthplace_us_not_state": 0.19078889856466086, "birthplace_us_state": 0.62280614011788, "language_english_only": 0.7180641857304421, "language_spanish": 0.12130137753887876, "education_high_school": 0.9003938039898641, "education_ugrad": 0.34066485683552733, "education_grad": 0.12333989171143538, "education_field_stem": 0.1696701627944114, "education_field_humanities": 0.11009879749676851, "education_field_business": 0.06089589654434739, "generation_silent": 0.06126500818704799, "generation_boomer": 0.21912961761274422, "generation_genx": 0.1883924638811651, "generation_millenial": 0.21076731300076323, "generation_genz": 0.19890071649278296, "generation_genalpha": 0.12154488082549651, "poverty_below_line": 0.12178223478111096, "household_income_under_50k": 0.3054220290746149, "household_income_over_100k": 0.4035255648868829, "individual_income_under_50k": 0.6005578176142105, "individual_income_over_100k": 0.15073236249674807, "housing_per_pop": 0.5031133935531202, "vacancy": 0.06896555421410298, "rent_or_own_rent": 0.3843326858851641, "rent_burden_under_20": 0.21365029695382848, "rent_burden_over_40": 0.3739830129637908, "rent_1br_under_750": 0.15522455971307747, "rent_1br_over_1500": 0.22340881109148333, "rent_2br_under_750": 0.05945379328004097, "rent_2br_over_1500": 0.4386617695305311, "year_built_1969_or_earlier": 0.27970947570117255, "year_built_2010_or_later": 0.05504619819695407, "transportation_means_car": 0.8095504964426381, "transportation_means_bike": 0.014336546930771318, "transportation_means_walk": 0.01624494740127005, "transportation_means_transit": 0.01883472162466093, "transportation_means_worked_at_home": 0.13134356194130584, "transportation_commute_time_under_15": 0.22950809217651755, "transportation_commute_time_over_60": 0.08417627945882805, "vehicle_ownership_at_least_1": 0.9428510543157778, "GHLTH_cdc_2": 0.15789170407990688, "ARTHRITIS_cdc_2": 0.21437017146177717, "CASTHMA_cdc_2": 0.10139341671524658, "BPHIGH_cdc_2": 0.2765112078648031, "CANCER_cdc_2": 0.059963645295843894, "KIDNEY_cdc_2": 0.027835549836790093, "COPD_cdc_2": 0.05661552281376477, "CHD_cdc_2": 0.04980978069966218, "DIABETES_cdc_2": 0.09801210274696921, "OBESITY_cdc_2": 0.30455678273599146, "STROKE_cdc_2": 0.027647032949877307, "DISABILITY_cdc_2": 0.2716817186941473, "HEARING_cdc_2": 0.05886502921918821, "VISION_cdc_2": 0.0480756180076683, "COGNITION_cdc_2": 0.132867265030706, "MOBILITY_cdc_2": 0.1175133383596243, "SELFCARE_cdc_2": 0.035903247409364146, "INDEPLIVE_cdc_2": 0.07338657112996762, "BINGE_cdc_2": 0.16051359173920612, "CSMOKING_cdc_2": 0.1260791108049355, "LPA_cdc_2": 0.1903675596077015, "SLEEP_cdc_2": 0.33013672956964496, "heating_utility_gas": 0.579784013153911, "heating_electricity": 0.32178639799896597, "industry_agriculture,_forestry,_fishing_and_hunting": 0.010622689124948648, "industry_mining,_quarrying,_and_oil_and_gas_extraction": 0.0006266167660615692, "industry_accommodation_and_food_services": 0.07133679748269807, "industry_arts,_entertainment,_and_recreation": 0.025237125689030145, "industry_construction": 0.07174942552605561, "industry_educational_services": 0.0915564745132208, "industry_health_care_and_social_assistance": 0.13433706383996893, "industry_finance_and_insurance": 0.04542339519744297, "industry_real_estate_and_rental_and_leasing": 0.021937004248172742, "industry_information": 0.015799952145981844, "industry_manufacturing": 0.0574636467470554, "industry_other_services,_except_public_administration": 0.04758224345054558, "industry_administrative_and_support_and_waste_management_services": 0.044573760648647674, "industry_management_of_companies_and_enterprises": 0.0014446496047528972, "industry_professional,_scientific,_and_technical_services": 0.07841558054598725, "industry_public_administration": 0.09730617994013734, "industry_retail_trade": 0.1058548939762626, "industry_transportation_and_warehousing": 0.0444013056020803, "industry_utilities": 0.012257851896328333, "industry_wholesale_trade": 0.0220733430546213, "occupation_architecture_and_engineering_occupations": 0.023561332147516784, "occupation_computer_and_mathematical_occupations": 0.04298013155340463, "occupation_life,_physical,_and_social_science_occupations": 0.014498864595701265, "occupation_arts,_design,_entertainment,_sports,_and_media_occupations": 0.02027023976668909, "occupation_community_and_social_service_occupations": 0.01714708790241392, "occupation_educational_instruction,_and_library_occupations": 0.05929744883908861, "occupation_legal_occupations": 0.014598184256028027, "occupation_health_diagnosing_and_treating_practitioners_and_other_technical_occupations": 0.042431164703598534, "occupation_health_technologists_and_technicians": 0.018394903998519233, "occupation_business_and_financial_operations_occupations": 0.06515460008035863, "occupation_management_occupations": 0.1085906991652634, "occupation_construction_and_extraction_occupations": 0.04595972136320748, "occupation_farming,_fishing,_and_forestry_occupations": 0.005268456527333222, "occupation_installation,_maintenance,_and_repair_occupations": 0.026998695300825708, "occupation_material_moving_occupations": 0.03401878947392182, "occupation_transportation_occupations": 0.03502101513721914, "occupation_office_and_administrative_support_occupations": 0.1174879349185353, "occupation_sales_and_related_occupations": 0.09741272284848786, "occupation_building_and_grounds_cleaning_and_maintenance_occupations": 0.03220756003196287, "occupation_food_preparation_and_serving_related_occupations": 0.0572397260583187, "occupation_healthcare_support_occupations": 0.03659207158238791, "occupation_personal_care_and_service_occupations": 0.02867539174834204, "occupation_firefighting_and_prevention,_and_other_protective_service_workers_including_supervisors": 0.013194165421408804, "occupation_law_enforcement_workers_including_supervisors": 0.010164012875439603, "2020 Presidential Election-margin": 0.16801394271867587, "2016 Presidential Election-margin": 0.15019903978916485, "2016-2020 Swing-margin": 0.017814902929511017, "park_percent_1km_v2": 0.023530950889303143, "mean_dist_Hospital_updated": 5.653024432094932, "mean_dist_Active Superfund Site_updated": 12.477401302371872, "mean_dist_Airport_updated": 19.853079837043197, "mean_dist_Public School_updated": 0.9500199914698106, "mean_high_temp_4": 75.69886085402412, "mean_high_temp_winter_4": 60.84380373347045, "mean_high_temp_spring_4": 78.77203177395545, "mean_high_temp_summer_4": 91.89935242307851, "mean_high_temp_fall_4": 70.4758751723166, "mean_high_heat_index_4": 74.45605793016846, "days_above_90_4": 0.22124521635241884, "days_below_40_4": 0.003873352529959438, "wind_speed_over_10mph_4": 0.039868770172164864, "snowfall_4": 0.01878300326002868, "rainfall_4": 0.6804211263361825, "hours_sunny_4": 7.730595274540077, "internet_no_access": 0.06381905919725743, "insurance_coverage_none": 0.06582669425247657, "insurance_coverage_govt": 0.22346764257557594, "insurance_coverage_private": 0.7107056631719475, "marriage_divorced": 0.10591756718781271}