{"population": 760775.0, "ad_1": 843.2110724466717, "population_change_2010": 0.22974403737199847, "ad_1_change_2010": 0.15340837644528815, "gpw_population": NaN, "gpw_pw_density_4": NaN, "white": 0.6446478919522854, "hispanic": 0.2276073740593474, "black": 0.07355394170418324, "asian": 0.0168104893036706, "citizenship_citizen_by_birth": 0.8286909938919806, "citizenship_citizen_by_naturalization": 0.08967550689004096, "citizenship_not_citizen": 0.08163349921797837, "birthplace_non_us": 0.17130900610801933, "birthplace_us_not_state": 0.5691805999713906, "birthplace_us_state": 0.25951039392059005, "language_english_only": 0.7629402146486293, "language_spanish": 0.18226335386341536, "education_high_school": 0.901668185429051, "education_ugrad": 0.2787587131590008, "education_grad": 0.10811564275806806, "education_field_stem": 0.11241128880925143, "education_field_humanities": 0.10032909994025015, "education_field_business": 0.06601832440949923, "generation_silent": 0.1279837979659114, "generation_boomer": 0.29854994974677795, "generation_genx": 0.1677763015496208, "generation_millenial": 0.1609751997657305, "generation_genz": 0.1529156928103931, "generation_genalpha": 0.09179905816156617, "poverty_below_line": 0.12045409560501566, "household_income_under_50k": 0.3934322663343225, "household_income_over_100k": 0.27790275899995565, "individual_income_under_50k": 0.6961448120961128, "individual_income_over_100k": 0.0916760764542051, "housing_per_pop": 0.6618142576785154, "vacancy": 0.23481736587430616, "rent_or_own_rent": 0.27346643907356566, "rent_burden_under_20": 0.181709249758499, "rent_burden_over_40": 0.37456820386008793, "rent_1br_under_750": 0.22989758305429395, "rent_1br_over_1500": 0.16368084697126126, "rent_2br_under_750": 0.07754756650687605, "rent_2br_over_1500": 0.21604456132507174, "year_built_1969_or_earlier": 0.08366521427867206, "year_built_2010_or_later": 0.09101085526829547, "transportation_means_car": 0.8611348841904161, "transportation_means_bike": 0.009687492010319708, "transportation_means_walk": 0.010107291448510214, "transportation_means_transit": 0.00554591932124635, "transportation_means_worked_at_home": 0.09573065870161934, "transportation_commute_time_under_15": 0.20390840071124025, "transportation_commute_time_over_60": 0.07526948154120805, "vehicle_ownership_at_least_1": 0.9479118258936114, "GHLTH_cdc_2": 0.17895230729346656, "ARTHRITIS_cdc_2": 0.2682640394241174, "CASTHMA_cdc_2": 0.10427776663481221, "BPHIGH_cdc_2": 0.3395216390932594, "CANCER_cdc_2": 0.0695706763656685, "KIDNEY_cdc_2": 0.03160970520185274, "COPD_cdc_2": 0.07570033914847692, "CHD_cdc_2": 0.06344030106626503, "DIABETES_cdc_2": 0.11329064190900305, "OBESITY_cdc_2": 0.3592584343269335, "STROKE_cdc_2": 0.033198565310702983, "DISABILITY_cdc_2": 0.308298693888963, "HEARING_cdc_2": 0.07226797181784209, "VISION_cdc_2": 0.054784103052383334, "COGNITION_cdc_2": 0.14369272355477816, "MOBILITY_cdc_2": 0.14800279890634693, "SELFCARE_cdc_2": 0.042378652452575084, "INDEPLIVE_cdc_2": 0.0850159777537789, "BINGE_cdc_2": 0.16555453666054534, "CSMOKING_cdc_2": 0.17630184278568375, "LPA_cdc_2": 0.2610754203780086, "SLEEP_cdc_2": 0.3030564194869714, "heating_utility_gas": 0.019843151878051798, "heating_electricity": 0.95037548249635, "industry_agriculture,_forestry,_fishing_and_hunting": 0.006095875139634721, "industry_mining,_quarrying,_and_oil_and_gas_extraction": 0.0008049550376944514, "industry_accommodation_and_food_services": 0.08935566145065284, "industry_arts,_entertainment,_and_recreation": 0.028726827939843783, "industry_construction": 0.12241771713591744, "industry_educational_services": 0.06564207074511919, "industry_health_care_and_social_assistance": 0.13596212751246856, "industry_finance_and_insurance": 0.03182047733516294, "industry_real_estate_and_rental_and_leasing": 0.0362843955525381, "industry_information": 0.016820464306899825, "industry_manufacturing": 0.03384796985349893, "industry_other_services,_except_public_administration": 0.04833654848955902, "industry_administrative_and_support_and_waste_management_services": 0.06523162235961989, "industry_management_of_companies_and_enterprises": 0.000693499724782912, "industry_professional,_scientific,_and_technical_services": 0.06491920648839385, "industry_public_administration": 0.03327630631729882, "industry_retail_trade": 0.14653503804711915, "industry_transportation_and_warehousing": 0.04510844192003137, "industry_utilities": 0.0072260194537648054, "industry_wholesale_trade": 0.02089477518999943, "occupation_architecture_and_engineering_occupations": 0.011913195457323325, "occupation_computer_and_mathematical_occupations": 0.020458241881095903, "occupation_life,_physical,_and_social_science_occupations": 0.006492271977097171, "occupation_arts,_design,_entertainment,_sports,_and_media_occupations": 0.01648548632572517, "occupation_community_and_social_service_occupations": 0.012597546339918164, "occupation_educational_instruction,_and_library_occupations": 0.04644079711519232, "occupation_legal_occupations": 0.010201257112320066, "occupation_health_diagnosing_and_treating_practitioners_and_other_technical_occupations": 0.04294744724191319, "occupation_health_technologists_and_technicians": 0.021875616917474694, "occupation_business_and_financial_operations_occupations": 0.043652685275768356, "occupation_management_occupations": 0.09729106112847673, "occupation_construction_and_extraction_occupations": 0.08180184079457604, "occupation_farming,_fishing,_and_forestry_occupations": 0.0035571707899829897, "occupation_installation,_maintenance,_and_repair_occupations": 0.03603370455881987, "occupation_material_moving_occupations": 0.03252300130266094, "occupation_transportation_occupations": 0.039789546709419574, "occupation_office_and_administrative_support_occupations": 0.12056544937673405, "occupation_sales_and_related_occupations": 0.13010129315338637, "occupation_building_and_grounds_cleaning_and_maintenance_occupations": 0.05504274917095666, "occupation_food_preparation_and_serving_related_occupations": 0.07007077962908377, "occupation_healthcare_support_occupations": 0.027681280022319336, "occupation_personal_care_and_service_occupations": 0.027269639160202475, "occupation_firefighting_and_prevention,_and_other_protective_service_workers_including_supervisors": 0.01167751142629066, "occupation_law_enforcement_workers_including_supervisors": 0.008007438677628771, "2020 Presidential Election-margin": -0.19179944064149898, "2016 Presidential Election-margin": -0.20415575096069646, "2016-2020 Swing-margin": 0.012356310319197483, "park_percent_1km_v2": 0.01298549309697031, "mean_dist_Hospital_updated": 6.743993767177466, "mean_dist_Active Superfund Site_updated": 132.49875859287624, "mean_dist_Airport_updated": 17.5715685011203, "mean_dist_Public School_updated": 1.9900514279121475, "mean_high_temp_4": 81.8154660220199, "mean_high_temp_winter_4": 74.30284645761081, "mean_high_temp_spring_4": 84.13807125186689, "mean_high_temp_summer_4": 87.89871736263471, "mean_high_temp_fall_4": 80.60579614207, "mean_high_heat_index_4": 86.75882648924758, "days_above_90_4": 0.10170539533903945, "days_below_40_4": 0.0, "wind_speed_over_10mph_4": 0.18127233004259616, "snowfall_4": 2.5417387611573317e-07, "rainfall_4": 1.0224106143805778, "hours_sunny_4": 5.968752341651983, "internet_no_access": 0.07648860218378963, "insurance_coverage_none": 0.20018167891431282, "insurance_coverage_govt": 0.1396681485500317, "insurance_coverage_private": 0.6601501725356554, "marriage_divorced": 0.12834849877185506}