{"population": 766987.0, "ad_1": 902.7664045952287, "population_change_2010": 0.21582437301553334, "ad_1_change_2010": 0.03178059118955362, "gpw_population": NaN, "gpw_pw_density_4": NaN, "white": 0.5886149308919186, "hispanic": 0.307324635228498, "black": 0.033846727519501636, "asian": 0.025939161941467066, "citizenship_citizen_by_birth": 0.9141859325024277, "citizenship_citizen_by_naturalization": 0.042882725914119776, "citizenship_not_citizen": 0.04293134158345256, "birthplace_non_us": 0.08581406749757234, "birthplace_us_not_state": 0.32157857608762913, "birthplace_us_state": 0.5926073564147986, "language_english_only": 0.8034766686106816, "language_spanish": 0.1628968174047, "education_high_school": 0.9382742867316666, "education_ugrad": 0.42387749906494193, "education_grad": 0.16094317799034621, "education_field_stem": 0.18610390850634648, "education_field_humanities": 0.14223640891165934, "education_field_business": 0.09553718164693609, "generation_silent": 0.06835000451933934, "generation_boomer": 0.23735795111411664, "generation_genx": 0.19714382364458485, "generation_millenial": 0.1893976982039782, "generation_genz": 0.18736852255250333, "generation_genalpha": 0.1203819999654776, "poverty_below_line": 0.08803714215473418, "household_income_under_50k": 0.3052507408692871, "household_income_over_100k": 0.3947953710093704, "individual_income_under_50k": 0.5866827752984416, "individual_income_over_100k": 0.15905923961442905, "housing_per_pop": 0.5599464288079251, "vacancy": 0.10163227776808706, "rent_or_own_rent": 0.3199419896847007, "rent_burden_under_20": 0.23174487730366905, "rent_burden_over_40": 0.30892789917693597, "rent_1br_under_750": 0.08434213246623198, "rent_1br_over_1500": 0.062096271308791647, "rent_2br_under_750": 0.06607791564542917, "rent_2br_over_1500": 0.25278508447512743, "year_built_1969_or_earlier": 0.1498849571545267, "year_built_2010_or_later": 0.172686255041589, "transportation_means_car": 0.8410754683562293, "transportation_means_bike": 0.00363689797694235, "transportation_means_walk": 0.01625620780474312, "transportation_means_transit": 0.005428139073457769, "transportation_means_worked_at_home": 0.1225245611988161, "transportation_commute_time_under_15": 0.2546257159159738, "transportation_commute_time_over_60": 0.0798736159698157, "vehicle_ownership_at_least_1": 0.9645601625401767, "GHLTH_cdc_2": 0.15851320317690837, "ARTHRITIS_cdc_2": 0.24918921982255884, "CASTHMA_cdc_2": 0.091683880748684, "BPHIGH_cdc_2": 0.32364785768503684, "CANCER_cdc_2": 0.06953457181470915, "KIDNEY_cdc_2": 0.029832671306000622, "COPD_cdc_2": 0.06255020128236512, "CHD_cdc_2": 0.056443763332256806, "DIABETES_cdc_2": 0.10400014810761664, "OBESITY_cdc_2": 0.3330803833518811, "STROKE_cdc_2": 0.02845101032022101, "DISABILITY_cdc_2": 0.27412615889067393, "HEARING_cdc_2": 0.06628869671468507, "VISION_cdc_2": 0.044384191157563875, "COGNITION_cdc_2": 0.11851563255323132, "MOBILITY_cdc_2": 0.12714743290416408, "SELFCARE_cdc_2": 0.03391721195639877, "INDEPLIVE_cdc_2": 0.06832470332193043, "BINGE_cdc_2": 0.18135607333795487, "CSMOKING_cdc_2": 0.12583246765802775, "LPA_cdc_2": 0.210257205332697, "SLEEP_cdc_2": 0.3208734029576268, "heating_utility_gas": 0.22227525469203166, "heating_electricity": 0.7090898586832997, "industry_agriculture,_forestry,_fishing_and_hunting": 0.007947826375188734, "industry_mining,_quarrying,_and_oil_and_gas_extraction": 0.009636021205687312, "industry_accommodation_and_food_services": 0.0771176629765202, "industry_arts,_entertainment,_and_recreation": 0.020102701834825945, "industry_construction": 0.08203469568552108, "industry_educational_services": 0.10196590921068464, "industry_health_care_and_social_assistance": 0.1282548508205713, "industry_finance_and_insurance": 0.05811836109953986, "industry_real_estate_and_rental_and_leasing": 0.026854842852627674, "industry_information": 0.017653078112538415, "industry_manufacturing": 0.05900060839450733, "industry_other_services,_except_public_administration": 0.0531110633296525, "industry_administrative_and_support_and_waste_management_services": 0.04491060197223026, "industry_management_of_companies_and_enterprises": 0.001687853705236005, "industry_professional,_scientific,_and_technical_services": 0.09445064049726332, "industry_public_administration": 0.043336252624547184, "industry_retail_trade": 0.10584483039451735, "industry_transportation_and_warehousing": 0.03391039123341546, "industry_utilities": 0.00762301764861796, "industry_wholesale_trade": 0.02643879002630754, "occupation_architecture_and_engineering_occupations": 0.021462886572073278, "occupation_computer_and_mathematical_occupations": 0.03169020510817816, "occupation_life,_physical,_and_social_science_occupations": 0.008546370703633496, "occupation_arts,_design,_entertainment,_sports,_and_media_occupations": 0.0218916003993255, "occupation_community_and_social_service_occupations": 0.020352257616201772, "occupation_educational_instruction,_and_library_occupations": 0.0712902485358568, "occupation_legal_occupations": 0.017196152382127437, "occupation_health_diagnosing_and_treating_practitioners_and_other_technical_occupations": 0.05111302585422075, "occupation_health_technologists_and_technicians": 0.01934685207292006, "occupation_business_and_financial_operations_occupations": 0.07057429497503334, "occupation_management_occupations": 0.13759712318607148, "occupation_construction_and_extraction_occupations": 0.04569504557096716, "occupation_farming,_fishing,_and_forestry_occupations": 0.0032881688066348103, "occupation_installation,_maintenance,_and_repair_occupations": 0.02776657986774914, "occupation_material_moving_occupations": 0.02425879961222966, "occupation_transportation_occupations": 0.025220911712766275, "occupation_office_and_administrative_support_occupations": 0.10897775043747068, "occupation_sales_and_related_occupations": 0.11549195868453666, "occupation_building_and_grounds_cleaning_and_maintenance_occupations": 0.029002912762469316, "occupation_food_preparation_and_serving_related_occupations": 0.054268246769340556, "occupation_healthcare_support_occupations": 0.024481859686104317, "occupation_personal_care_and_service_occupations": 0.026166173615459972, "occupation_firefighting_and_prevention,_and_other_protective_service_workers_including_supervisors": 0.009419381860414805, "occupation_law_enforcement_workers_including_supervisors": 0.0069329517254978455, "2020 Presidential Election-margin": -0.19691469226663436, "2016 Presidential Election-margin": -0.27862333676831663, "2016-2020 Swing-margin": 0.08170864450168228, "park_percent_1km_v2": 0.023112909810151013, "mean_dist_Hospital_updated": 9.010780787930143, "mean_dist_Active Superfund Site_updated": 47.00433117838048, "mean_dist_Airport_updated": 30.664635631862797, "mean_dist_Public School_updated": 2.3154092974384275, "mean_high_temp_4": 79.2734417088102, "mean_high_temp_winter_4": 65.8507662948185, "mean_high_temp_spring_4": 83.53103519305668, "mean_high_temp_summer_4": 92.78974972085106, "mean_high_temp_fall_4": 74.2085109095855, "mean_high_heat_index_4": 82.23461498081438, "days_above_90_4": 0.24932024280126486, "days_below_40_4": 0.004707348558200839, "wind_speed_over_10mph_4": 0.1887423868701564, "snowfall_4": 0.0011177981153071674, "rainfall_4": 0.8451169132651583, "hours_sunny_4": 5.821708058307706, "internet_no_access": 0.059553375672553824, "insurance_coverage_none": 0.15967381246972095, "insurance_coverage_govt": 0.07650292109228925, "insurance_coverage_private": 0.7638232664379898, "marriage_divorced": 0.10501987483218958}