{"population": 1029923.0, "ad_1": 495.44524818441704, "population_change_2010": 0.044195058053474894, "ad_1_change_2010": 0.04713218748891156, "gpw_population": NaN, "gpw_pw_density_4": NaN, "white": 0.8976166179413413, "hispanic": 0.02067241920027031, "black": 0.022252148947057206, "asian": 0.013276720686886302, "citizenship_citizen_by_birth": 0.9617619747608352, "citizenship_citizen_by_naturalization": 0.021278080969297914, "citizenship_not_citizen": 0.016959944269866786, "birthplace_non_us": 0.038238025239164704, "birthplace_us_not_state": 0.3809974605649394, "birthplace_us_state": 0.5807645141958959, "language_english_only": 0.9407794742065742, "language_spanish": 0.009701124354500249, "education_high_school": 0.9433041285185654, "education_ugrad": 0.3425493865127262, "education_grad": 0.1308299371342812, "education_field_stem": 0.15290836994490176, "education_field_humanities": 0.1390386232049793, "education_field_business": 0.05060239336284513, "generation_silent": 0.08084313112336067, "generation_boomer": 0.2846903472062727, "generation_genx": 0.18883723535124697, "generation_millenial": 0.18159278986178534, "generation_genz": 0.16671965207778391, "generation_genalpha": 0.09731684437955034, "poverty_below_line": 0.0957999040063769, "household_income_under_50k": 0.36784929489621665, "household_income_over_100k": 0.3106204164862733, "individual_income_under_50k": 0.6633537462772474, "individual_income_over_100k": 0.0921122173121993, "housing_per_pop": 0.6593313629743853, "vacancy": 0.20867147051552049, "rent_or_own_rent": 0.2664871215798675, "rent_burden_under_20": 0.2546573677616391, "rent_burden_over_40": 0.28695538826191364, "rent_1br_under_750": 0.46141179297823254, "rent_1br_over_1500": 0.05232250781054622, "rent_2br_under_750": 0.1847521205239915, "rent_2br_over_1500": 0.1868866046772071, "year_built_1969_or_earlier": 0.4298080942819675, "year_built_2010_or_later": 0.05398409962391068, "transportation_means_car": 0.8345363956054435, "transportation_means_bike": 0.004460057355710268, "transportation_means_walk": 0.03630498328680104, "transportation_means_transit": 0.005372482413627717, "transportation_means_worked_at_home": 0.11152744310149326, "transportation_commute_time_under_15": 0.31131626824987757, "transportation_commute_time_over_60": 0.06663046423805302, "vehicle_ownership_at_least_1": 0.9340516293463238, "GHLTH_cdc_2": 0.1335951384699718, "ARTHRITIS_cdc_2": 0.28285992394813925, "CASTHMA_cdc_2": 0.11475031987120622, "BPHIGH_cdc_2": 0.3108574879319862, "CANCER_cdc_2": 0.07560870433910574, "KIDNEY_cdc_2": 0.02981164805073881, "COPD_cdc_2": 0.07529231681529952, "CHD_cdc_2": 0.06323023170330297, "DIABETES_cdc_2": 0.09104830663577461, "OBESITY_cdc_2": 0.31131940244600614, "STROKE_cdc_2": 0.029812705963116512, "DISABILITY_cdc_2": 0.2872325037814604, "HEARING_cdc_2": 0.07416259447247187, "VISION_cdc_2": 0.0427566314840359, "COGNITION_cdc_2": 0.13774734465273963, "MOBILITY_cdc_2": 0.12628332584085464, "SELFCARE_cdc_2": 0.03378791930664474, "INDEPLIVE_cdc_2": 0.07002437937301402, "BINGE_cdc_2": 0.16863133802862, "CSMOKING_cdc_2": 0.15643699081562995, "LPA_cdc_2": 0.24392279929250507, "SLEEP_cdc_2": 0.30927748554976225, "heating_utility_gas": 0.08996286261028731, "heating_electricity": 0.07809403044019066, "industry_agriculture,_forestry,_fishing_and_hunting": 0.016992883662602928, "industry_mining,_quarrying,_and_oil_and_gas_extraction": 0.0004967608033518206, "industry_accommodation_and_food_services": 0.06557195877919993, "industry_arts,_entertainment,_and_recreation": 0.01853891785163444, "industry_construction": 0.07686628240659996, "industry_educational_services": 0.10280835203348662, "industry_health_care_and_social_assistance": 0.16481788448196502, "industry_finance_and_insurance": 0.05648542292434266, "industry_real_estate_and_rental_and_leasing": 0.015886301738811535, "industry_information": 0.018277646078879033, "industry_manufacturing": 0.09457299510790289, "industry_other_services,_except_public_administration": 0.043410268747971284, "industry_administrative_and_support_and_waste_management_services": 0.03343137108343106, "industry_management_of_companies_and_enterprises": 0.0007498632658960942, "industry_professional,_scientific,_and_technical_services": 0.06561841999133072, "industry_public_administration": 0.041993524842430435, "industry_retail_trade": 0.1255138286736481, "industry_transportation_and_warehousing": 0.0320018919736621, "industry_utilities": 0.006958193526340894, "industry_wholesale_trade": 0.019007232026512756, "occupation_architecture_and_engineering_occupations": 0.019467873321991926, "occupation_computer_and_mathematical_occupations": 0.024587127941893227, "occupation_life,_physical,_and_social_science_occupations": 0.009595917991987297, "occupation_arts,_design,_entertainment,_sports,_and_media_occupations": 0.02093367156725362, "occupation_community_and_social_service_occupations": 0.02118199260649772, "occupation_educational_instruction,_and_library_occupations": 0.07016196817190845, "occupation_legal_occupations": 0.010010273695286578, "occupation_health_diagnosing_and_treating_practitioners_and_other_technical_occupations": 0.04718907969052401, "occupation_health_technologists_and_technicians": 0.020489479193047326, "occupation_business_and_financial_operations_occupations": 0.0530230647793788, "occupation_management_occupations": 0.11222464015360444, "occupation_construction_and_extraction_occupations": 0.05955975482378059, "occupation_farming,_fishing,_and_forestry_occupations": 0.009821467473402937, "occupation_installation,_maintenance,_and_repair_occupations": 0.03229781988658985, "occupation_material_moving_occupations": 0.031243182859520522, "occupation_transportation_occupations": 0.033379310606298056, "occupation_office_and_administrative_support_occupations": 0.10820436775336921, "occupation_sales_and_related_occupations": 0.09583571514823801, "occupation_building_and_grounds_cleaning_and_maintenance_occupations": 0.03530422356305016, "occupation_food_preparation_and_serving_related_occupations": 0.052845146351887265, "occupation_healthcare_support_occupations": 0.037498647264584586, "occupation_personal_care_and_service_occupations": 0.02504157466484893, "occupation_firefighting_and_prevention,_and_other_protective_service_workers_including_supervisors": 0.007839119329058177, "occupation_law_enforcement_workers_including_supervisors": 0.008524212779989843, "2020 Presidential Election-margin": 0.14887549086588417, "2016 Presidential Election-margin": 0.07368764338120669, "2016-2020 Swing-margin": 0.07518784748467748, "park_percent_1km_v2": 0.01224039647344968, "mean_dist_Hospital_updated": 9.008824510027816, "mean_dist_Active Superfund Site_updated": 18.521094435455808, "mean_dist_Airport_updated": 33.68985710415703, "mean_dist_Public School_updated": 2.6429719262813385, "mean_high_temp_4": 53.81886041873216, "mean_high_temp_winter_4": 33.065651864793686, "mean_high_temp_spring_4": 57.548636221782004, "mean_high_temp_summer_4": 74.19997070658907, "mean_high_temp_fall_4": 49.48406517151213, "mean_high_heat_index_4": 52.32610947914985, "days_above_90_4": 0.004247592833307811, "days_below_40_4": 0.26406149640945864, "wind_speed_over_10mph_4": 0.2239612836239598, "snowfall_4": 0.20641603813042783, "rainfall_4": 0.956435513024493, "hours_sunny_4": 4.724702363730052, "internet_no_access": 0.09234207724002097, "insurance_coverage_none": 0.09261574410090691, "insurance_coverage_govt": 0.17439433266972698, "insurance_coverage_private": 0.7329899232293661, "marriage_divorced": 0.13875316632514156}