{"population": 786630.0, "ad_1": 939.7572887228162, "population_change_2010": 0.02608418891438276, "ad_1_change_2010": 0.003937033618654207, "population_change_2000": 0.0646493328262479, "ad_1_change_2000": -0.04743703436120916, "gpw_population": NaN, "gpw_pw_density_4": NaN, "white": 0.8639131484942095, "hispanic": 0.03680637656839938, "black": 0.02945730521337859, "asian": 0.030269631211624272, "homogeneity_250_2020": 0.774256229382341, "homogeneity_250_diff_2010": -0.08336682181793786, "homogeneity_250_diff_2000": -0.12850319493580864, "citizenship_citizen_by_birth": 0.934122375585415, "citizenship_citizen_by_naturalization": 0.044788541710641346, "citizenship_not_citizen": 0.0210890827039436, "birthplace_non_us": 0.06587762441458571, "birthplace_us_not_state": 0.1587794180800236, "birthplace_us_state": 0.7753429575053907, "language_english_only": 0.8897961435970952, "language_spanish": 0.018632295628482794, "education_high_school": 0.9330865794909002, "education_ugrad": 0.35176362652202403, "education_grad": 0.13316616669697048, "education_field_stem": 0.14709798177860325, "education_field_humanities": 0.12007442545655073, "education_field_business": 0.08459121928686957, "generation_silent": 0.08051770478202647, "generation_boomer": 0.2617227664996053, "generation_genx": 0.1908118128561143, "generation_millenial": 0.17375183182140722, "generation_genz": 0.18017382971257126, "generation_genalpha": 0.1130220543282754, "poverty_below_line": 0.07278638897234606, "household_income_under_50k": 0.3110621185419569, "household_income_over_100k": 0.3583274682831105, "individual_income_under_50k": 0.6079921727662823, "individual_income_over_100k": 0.11653811176112118, "housing_per_pop": 0.5397985342993512, "vacancy": 0.048020719479161714, "rent_or_own_rent": 0.23709968786401048, "rent_burden_under_20": 0.34666307310176375, "rent_burden_over_40": 0.24899441128483704, "rent_1br_under_750": 0.45631374679307246, "rent_1br_over_1500": 0.06285162932276561, "rent_2br_under_750": 0.15992473634532373, "rent_2br_over_1500": 0.0741371967523652, "year_built_1969_or_earlier": 0.47037179777493004, "year_built_2010_or_later": 0.040470393986633366, "transportation_means_car": 0.8688437190330232, "transportation_means_bike": 0.004997402561897605, "transportation_means_walk": 0.015801421065998664, "transportation_means_transit": 0.006799119951840216, "transportation_means_worked_at_home": 0.0946243576755562, "transportation_commute_time_under_15": 0.2562835907643603, "transportation_commute_time_over_60": 0.04500637821796656, "vehicle_ownership_at_least_1": 0.9453483370123894, "traffic_fatalities_last_decade_per_capita": 5.580768595146383e-05, "traffic_fatalities_ped_last_decade_per_capita": 6.864726745738149e-06, "GHLTH_cdc_2": 0.14728706459814236, "ARTHRITIS_cdc_2": 0.30312418270722985, "CASTHMA_cdc_2": 0.09766493837336904, "BPHIGH_cdc_2": 0.32381253869155197, "CANCER_cdc_2": 0.07805573109859393, "KIDNEY_cdc_2": 0.029760216689648518, "COPD_cdc_2": 0.07495336321805138, "CHD_cdc_2": 0.06357678693484882, "DIABETES_cdc_2": 0.10134564000278155, "OBESITY_cdc_2": 0.3291012281228421, "STROKE_cdc_2": 0.030331250561822565, "DISABILITY_cdc_2": 0.2643111860773176, "HEARING_cdc_2": 0.0635726637935275, "VISION_cdc_2": 0.038095702333280725, "COGNITION_cdc_2": 0.11720102306822155, "MOBILITY_cdc_2": 0.13217627234781643, "SELFCARE_cdc_2": 0.031222968492144555, "INDEPLIVE_cdc_2": 0.06809967961275369, "BINGE_cdc_2": 0.1788868179898548, "CSMOKING_cdc_2": 0.1636633254126957, "LPA_cdc_2": 0.22601623815508462, "SLEEP_cdc_2": 0.3341833890491684, "heating_utility_gas": 0.7769803474701654, "heating_electricity": 0.1576384215891871, "industry_agriculture,_forestry,_fishing_and_hunting": 0.006969321364549936, "industry_mining,_quarrying,_and_oil_and_gas_extraction": 0.0010467858997917647, "industry_accommodation_and_food_services": 0.062162148295576265, "industry_arts,_entertainment,_and_recreation": 0.01780056836661059, "industry_construction": 0.06144002977634117, "industry_educational_services": 0.08195923129026092, "industry_health_care_and_social_assistance": 0.14917275787779477, "industry_finance_and_insurance": 0.061576215591902225, "industry_real_estate_and_rental_and_leasing": 0.016117205074957203, "industry_information": 0.01668405166407283, "industry_manufacturing": 0.14815696475312312, "industry_other_services,_except_public_administration": 0.04323904063115058, "industry_administrative_and_support_and_waste_management_services": 0.031992062913729115, "industry_management_of_companies_and_enterprises": 0.002269950800983796, "industry_professional,_scientific,_and_technical_services": 0.07313055238567474, "industry_public_administration": 0.03500800508666643, "industry_retail_trade": 0.10952968328209028, "industry_transportation_and_warehousing": 0.042619487439295584, "industry_utilities": 0.007419265677503838, "industry_wholesale_trade": 0.03170667182792477, "occupation_architecture_and_engineering_occupations": 0.02245344087989423, "occupation_computer_and_mathematical_occupations": 0.036620687200405816, "occupation_life,_physical,_and_social_science_occupations": 0.010193762642136284, "occupation_arts,_design,_entertainment,_sports,_and_media_occupations": 0.017191638120454246, "occupation_community_and_social_service_occupations": 0.014473613041631377, "occupation_educational_instruction,_and_library_occupations": 0.05579621648250324, "occupation_legal_occupations": 0.01280780686445665, "occupation_health_diagnosing_and_treating_practitioners_and_other_technical_occupations": 0.056836423494193225, "occupation_health_technologists_and_technicians": 0.020750224065213378, "occupation_business_and_financial_operations_occupations": 0.06586437468611363, "occupation_management_occupations": 0.11817273827915768, "occupation_construction_and_extraction_occupations": 0.04184541088814613, "occupation_farming,_fishing,_and_forestry_occupations": 0.003330240460281772, "occupation_installation,_maintenance,_and_repair_occupations": 0.030492624510684012, "occupation_material_moving_occupations": 0.036356500869808926, "occupation_transportation_occupations": 0.0350338822330113, "occupation_office_and_administrative_support_occupations": 0.11750843706983909, "occupation_sales_and_related_occupations": 0.09837640738471896, "occupation_building_and_grounds_cleaning_and_maintenance_occupations": 0.02839277202722206, "occupation_food_preparation_and_serving_related_occupations": 0.05000308649392054, "occupation_healthcare_support_occupations": 0.02279216218253314, "occupation_personal_care_and_service_occupations": 0.021481601222910388, "occupation_firefighting_and_prevention,_and_other_protective_service_workers_including_supervisors": 0.009067090328323748, "occupation_law_enforcement_workers_including_supervisors": 0.00856251111740464, "sors_cohabiting_partnered_gay": 0.004566935409803538, "2020 Presidential Election-margin": -0.09226009024828513, "2016 Presidential Election-margin": -0.11473342356312483, "2016-2020 Swing-margin": 0.022473333314839694, "park_percent_1km_v2": 0.03251341737505589, "mean_dist_Hospital_updated": 5.7143017804672915, "mean_dist_Active Superfund Site_updated": 32.90646155418195, "mean_dist_Airport_updated": 19.654379338816522, "mean_dist_Public School_updated": 1.6674734312145238, "lapop1share_usda_fra_1": 0.5602677683702422, "mean_high_temp_4": 59.3586170787361, "mean_high_temp_winter_4": 37.942317935913245, "mean_high_temp_spring_4": 65.48903792291809, "mean_high_temp_summer_4": 79.3713756886712, "mean_high_temp_fall_4": 53.603514468333664, "mean_high_heat_index_4": 58.628490602034454, "days_above_90_4": 0.011356816256185467, "days_below_40_4": 0.20443643115444465, "wind_speed_over_10mph_4": 0.2788322538201932, "snowfall_4": 0.13610587706453056, "rainfall_4": 0.974259559115164, "hours_sunny_4": 4.255568992130317, "internet_no_access": 0.0920844704167073, "insurance_coverage_none": 0.0719404851046193, "insurance_coverage_govt": 0.12840198310834594,