{"population": 769221.0, "ad_1": 3052.82458797721, "population_change_2010": 0.11577519745287602, "ad_1_change_2010": -0.043645706889279705, "population_change_2000": 0.3264855301141243, "ad_1_change_2000": -0.07637988311592475, "gpw_population": NaN, "gpw_pw_density_4": NaN, "white": 0.19399886378557007, "hispanic": 0.7295601654141007, "black": 0.048121411141921505, "asian": 0.011098240947660036, "homogeneity_250_2020": 0.7336882319255073, "homogeneity_250_diff_2010": -0.006196834232328974, "homogeneity_250_diff_2000": 0.03579522087701659, "citizenship_citizen_by_birth": 0.43587229926381826, "citizenship_citizen_by_naturalization": 0.31818509992332883, "citizenship_not_citizen": 0.2459426008128529, "birthplace_non_us": 0.5641277007361821, "birthplace_us_not_state": 0.17712612153812782, "birthplace_us_state": 0.2587461777256902, "language_english_only": 0.2417369417672697, "language_spanish": 0.7120470779365018, "education_high_school": 0.80361983216012, "education_ugrad": 0.2643281319212947, "education_grad": 0.09853862722176178, "education_field_stem": 0.11963994217093386, "education_field_humanities": 0.07686935507499842, "education_field_business": 0.06781883467536225, "generation_silent": 0.08786191651716302, "generation_boomer": 0.2325761514618969, "generation_genx": 0.21656444619260004, "generation_millenial": 0.18868280998750192, "generation_genz": 0.17266043556498753, "generation_genalpha": 0.10165424027585056, "poverty_below_line": 0.15347612052438128, "household_income_under_50k": 0.4396396838747658, "household_income_over_100k": 0.2539722466697286, "individual_income_under_50k": 0.7614291554064436, "individual_income_over_100k": 0.06503680919192774, "housing_per_pop": 0.4920256360084555, "vacancy": 0.11987534919501788, "rent_or_own_rent": 0.4525960009562294, "rent_burden_under_20": 0.14322456931032923, "rent_burden_over_40": 0.45110459487443505, "rent_1br_under_750": 0.20955466338872333, "rent_1br_over_1500": 0.1883207163701194, "rent_2br_under_750": 0.04889962340038662, "rent_2br_over_1500": 0.46895433841803924, "year_built_1969_or_earlier": 0.21939198251603736, "year_built_2010_or_later": 0.11955016465515597, "transportation_means_car": 0.8686655288171228, "transportation_means_bike": 0.0029041471865053434, "transportation_means_walk": 0.011441561166091808, "transportation_means_transit": 0.018133118133600152, "transportation_means_worked_at_home": 0.08729604011589, "transportation_commute_time_under_15": 0.14772108010274815, "transportation_commute_time_over_60": 0.09496594814106385, "vehicle_ownership_at_least_1": 0.9245349633195166, "GHLTH_cdc_2": 0.178952307293467, "ARTHRITIS_cdc_2": 0.26826403942411736, "CASTHMA_cdc_2": 0.10427776663481157, "BPHIGH_cdc_2": 0.33952163909325916, "CANCER_cdc_2": 0.06957067636566809, "KIDNEY_cdc_2": 0.031609705201851045, "COPD_cdc_2": 0.07570033914847649, "CHD_cdc_2": 0.0634403010662653, "DIABETES_cdc_2": 0.11329064190900284, "OBESITY_cdc_2": 0.35925843432693627, "STROKE_cdc_2": 0.033198565310702706, "DISABILITY_cdc_2": 0.30829869388896264, "HEARING_cdc_2": 0.07226797181784243, "VISION_cdc_2": 0.054784103052383445, "COGNITION_cdc_2": 0.1436927235547783, "MOBILITY_cdc_2": 0.14800279890634768, "SELFCARE_cdc_2": 0.04237865245257508, "INDEPLIVE_cdc_2": 0.08501597775377924, "BINGE_cdc_2": 0.16555453666054729, "CSMOKING_cdc_2": 0.17630184278568384, "LPA_cdc_2": 0.2610754203780085, "SLEEP_cdc_2": 0.3517816556574797, "heating_utility_gas": 0.032997554506050734, "heating_electricity": 0.9151002053836378, "industry_agriculture,_forestry,_fishing_and_hunting": 0.0069486487214924135, "industry_mining,_quarrying,_and_oil_and_gas_extraction": 0.0005472151706477924, "industry_accommodation_and_food_services": 0.08138196692237733, "industry_arts,_entertainment,_and_recreation": 0.020259914760086376, "industry_construction": 0.11023037832944542, "industry_educational_services": 0.05329258003230253, "industry_health_care_and_social_assistance": 0.12731176386628154, "industry_finance_and_insurance": 0.03739787110342559, "industry_real_estate_and_rental_and_leasing": 0.029943541545124137, "industry_information": 0.01750990266055107, "industry_manufacturing": 0.0629498720925242, "industry_other_services,_except_public_administration": 0.05915217897677871, "industry_administrative_and_support_and_waste_management_services": 0.06329530304810689, "industry_management_of_companies_and_enterprises": 0.0007050035178389913, "industry_professional,_scientific,_and_technical_services": 0.06093027403478636, "industry_public_administration": 0.02804796611758629, "industry_retail_trade": 0.11229311423375866, "industry_transportation_and_warehousing": 0.08273578519152096, "industry_utilities": 0.004090458868670872, "industry_wholesale_trade": 0.040976260806693685, "occupation_architecture_and_engineering_occupations": 0.009388542180848017, "occupation_computer_and_mathematical_occupations": 0.015997153871432166, "occupation_life,_physical,_and_social_science_occupations": 0.004009010112802758, "occupation_arts,_design,_entertainment,_sports,_and_media_occupations": 0.01662128867882564, "occupation_community_and_social_service_occupations": 0.009770641222220417, "occupation_educational_instruction,_and_library_occupations": 0.038200652231818163, "occupation_legal_occupations": 0.011474712852027393, "occupation_health_diagnosing_and_treating_practitioners_and_other_technical_occupations": 0.035517587510260865, "occupation_health_technologists_and_technicians": 0.019508354845221457, "occupation_business_and_financial_operations_occupations": 0.04225866782915313, "occupation_management_occupations": 0.10097980581089144, "occupation_construction_and_extraction_occupations": 0.0837481021035032, "occupation_farming,_fishing,_and_forestry_occupations": 0.005112893829400406, "occupation_installation,_maintenance,_and_repair_occupations": 0.042547014813127275, "occupation_material_moving_occupations": 0.029420757707814396, "occupation_transportation_occupations": 0.06266573462308052, "occupation_office_and_administrative_support_occupations": 0.11672586687819675, "occupation_sales_and_related_occupations": 0.1167109331896741, "occupation_building_and_grounds_cleaning_and_maintenance_occupations": 0.06372720346771088, "occupation_food_preparation_and_serving_related_occupations": 0.054155010745058345, "occupation_healthcare_support_occupations": 0.029462075797092313, "occupation_personal_care_and_service_occupations": 0.02493601648712975, "occupation_firefighting_and_prevention,_and_other_protective_service_workers_including_supervisors": 0.013484391114383841, "occupation_law_enforcement_workers_including_supervisors": 0.006743078886032821, "sors_cohabiting_partnered_gay": 0.004413490001484116, "2020 Presidential Election-margin": -0.18304834684340995, "2016 Presidential Election-margin": 0.034740360781393816, "2016-2020 Swing-margin": -0.21778870762480376, "park_percent_1km_v2": 0.019500920607811084, "mean_dist_Hospital_updated": 5.18689844005211, "mean_dist_Active Superfund Site_updated": 40.31266232832189, "mean_dist_Airport_updated": 18.135569442283632, "mean_dist_Public School_updated": 1.0589881777066665, "lapop1share_usda_fra_1": 0.8634054840552065, "mean_high_temp_4": 81.55200745420751, "mean_high_temp_winter_4": 75.49923692098521, "mean_high_temp_spring_4": 82.93600689845502, "mean_high_temp_summer_4": 86.95732938319598, "mean_high_temp_fall_4": 80.55166680229867, "mean_high_heat_index_4": 86.64915400826948, "days_above_90_4": 0.05234840061016616, "days_below_40_4": 0.0, "wind_speed_over_10mph_4": 0.2493692187098807, "snowfall_4": 6.587589886365857e-11, "rainfall_4": 1.1310030716377804, "hours_sunny_4": 5.691094901638565, "internet_no_access": 0.13146917115302714, "insurance_coverage_none": 0.22703105522305358, "insurance_coverage_govt": 0.12056145665859226, "insurance_coverage_private": 0.6524074881183541, "marriage_divorced": 0.13152722616230947}