{"population": 525524.0, "ad_1": 742.4275051413504, "population_change_2010": 0.16453676599309067, "ad_1_change_2010": 0.10046093033788651, "gpw_population": NaN, "gpw_pw_density_4": NaN, "white": 0.6543735395529033, "hispanic": 0.11040980050387804, "black": 0.16578500696447737, "asian": 0.02449935683241869, "citizenship_citizen_by_birth": 0.9133938454506131, "citizenship_citizen_by_naturalization": 0.035264168194204845, "citizenship_not_citizen": 0.051341986355182084, "birthplace_non_us": 0.08660615454938692, "birthplace_us_not_state": 0.4045626564196456, "birthplace_us_state": 0.5088311890309675, "language_english_only": 0.8790808334171839, "language_spanish": 0.07891663582685762, "education_high_school": 0.9005645178377923, "education_ugrad": 0.3641154600101895, "education_grad": 0.13326732143812228, "education_field_stem": 0.16082141671464292, "education_field_humanities": 0.1250911066762822, "education_field_business": 0.0782029366192644, "generation_silent": 0.06150495640749927, "generation_boomer": 0.2231641003076115, "generation_genx": 0.19410338356113377, "generation_millenial": 0.20359221965407626, "generation_genz": 0.18960987122036238, "generation_genalpha": 0.12802546884931698, "poverty_below_line": 0.11198407996474044, "household_income_under_50k": 0.38300206552428756, "household_income_over_100k": 0.3061071910840342, "individual_income_under_50k": 0.6683710601353203, "individual_income_over_100k": 0.10843215179090879, "housing_per_pop": 0.5567067662139775, "vacancy": 0.07570880277330692, "rent_or_own_rent": 0.31443489082924725, "rent_burden_under_20": 0.28440622053892656, "rent_burden_over_40": 0.2944189753323661, "rent_1br_under_750": 0.31547892720306514, "rent_1br_over_1500": 0.04904214559386973, "rent_2br_under_750": 0.20780795695159207, "rent_2br_over_1500": 0.08968183609331226, "year_built_1969_or_earlier": 0.24212306920796123, "year_built_2010_or_later": 0.13926787347515518, "transportation_means_car": 0.8744576664629086, "transportation_means_bike": 0.002487921111043952, "transportation_means_walk": 0.013547538728283707, "transportation_means_transit": 0.0034144844408305268, "transportation_means_worked_at_home": 0.09043544039488005, "transportation_commute_time_under_15": 0.24369792575534954, "transportation_commute_time_over_60": 0.03988869780924738, "vehicle_ownership_at_least_1": 0.9441871067462324, "GHLTH_cdc_2": 0.1556189129512919, "ARTHRITIS_cdc_2": 0.2518045125535555, "CASTHMA_cdc_2": 0.09247104566657406, "BPHIGH_cdc_2": 0.32907124453478, "CANCER_cdc_2": 0.06425224969657976, "KIDNEY_cdc_2": 0.028964376270343782, "COPD_cdc_2": 0.06335525465366225, "CHD_cdc_2": 0.053615763229853626, "DIABETES_cdc_2": 0.10325237252694225, "OBESITY_cdc_2": 0.33571723573193735, "STROKE_cdc_2": 0.029145612470206327, "DISABILITY_cdc_2": 0.2782754704841563, "HEARING_cdc_2": 0.061664193487066254, "VISION_cdc_2": 0.05175062219427669, "COGNITION_cdc_2": 0.13005990612250867, "MOBILITY_cdc_2": 0.12548892918244695, "SELFCARE_cdc_2": 0.038101653823095036, "INDEPLIVE_cdc_2": 0.07887547340868878, "BINGE_cdc_2": 0.16484933101320426, "CSMOKING_cdc_2": 0.1569676663693392, "LPA_cdc_2": 0.24106295348531154, "SLEEP_cdc_2": 0.3428553730972261, "heating_utility_gas": 0.37715103643166376, "heating_electricity": 0.5726371226994209, "industry_agriculture,_forestry,_fishing_and_hunting": 0.0034530626649482803, "industry_mining,_quarrying,_and_oil_and_gas_extraction": 0.0003522743301684905, "industry_accommodation_and_food_services": 0.07448814812404685, "industry_arts,_entertainment,_and_recreation": 0.015020048363227945, "industry_construction": 0.06589443619838793, "industry_educational_services": 0.08434004330813347, "industry_health_care_and_social_assistance": 0.12781174933990827, "industry_finance_and_insurance": 0.038610385824841775, "industry_real_estate_and_rental_and_leasing": 0.024701664421767165, "industry_information": 0.01828729599687856, "industry_manufacturing": 0.1631130373933949, "industry_other_services,_except_public_administration": 0.05026646854296801, "industry_administrative_and_support_and_waste_management_services": 0.0464570597875679, "industry_management_of_companies_and_enterprises": 0.0014826491038959545, "industry_professional,_scientific,_and_technical_services": 0.08017023069830967, "industry_public_administration": 0.024871892227505788, "industry_retail_trade": 0.10487602286560611, "industry_transportation_and_warehousing": 0.03488271902760196, "industry_utilities": 0.00824167086734853, "industry_wholesale_trade": 0.03267914091349241, "occupation_architecture_and_engineering_occupations": 0.034418162787609154, "occupation_computer_and_mathematical_occupations": 0.026517353424770986, "occupation_life,_physical,_and_social_science_occupations": 0.006104690702370647, "occupation_arts,_design,_entertainment,_sports,_and_media_occupations": 0.019475658655454788, "occupation_community_and_social_service_occupations": 0.017381447719302442, "occupation_educational_instruction,_and_library_occupations": 0.05866264002738126, "occupation_legal_occupations": 0.013424132942266437, "occupation_health_diagnosing_and_treating_practitioners_and_other_technical_occupations": 0.05053346567996652, "occupation_health_technologists_and_technicians": 0.018422347572773192, "occupation_business_and_financial_operations_occupations": 0.05543045665308275, "occupation_management_occupations": 0.11059707350376653, "occupation_construction_and_extraction_occupations": 0.045458873177676745, "occupation_farming,_fishing,_and_forestry_occupations": 0.0020478364907596863, "occupation_installation,_maintenance,_and_repair_occupations": 0.02767839878240301, "occupation_material_moving_occupations": 0.033295730920650406, "occupation_transportation_occupations": 0.030063253623810664, "occupation_office_and_administrative_support_occupations": 0.10441477325420204, "occupation_sales_and_related_occupations": 0.11626847572600571, "occupation_building_and_grounds_cleaning_and_maintenance_occupations": 0.033693801182003436, "occupation_food_preparation_and_serving_related_occupations": 0.054408679260180726, "occupation_healthcare_support_occupations": 0.022135140956339786, "occupation_personal_care_and_service_occupations": 0.02451193625504967, "occupation_firefighting_and_prevention,_and_other_protective_service_workers_including_supervisors": 0.007811973607472679, "occupation_law_enforcement_workers_including_supervisors": 0.006248030427383996, "2020 Presidential Election-margin": -0.1820255704478325, "2016 Presidential Election-margin": -0.24797396494657334, "2016-2020 Swing-margin": 0.06594839449874085, "park_percent_1km_v2": 0.00888761262995092, "mean_dist_Hospital_updated": 5.266267733833615, "mean_dist_Active Superfund Site_updated": 8.218480292012318, "mean_dist_Airport_updated": 16.125653828739274, "mean_dist_Public School_updated": 1.6798492880650153, "mean_high_temp_4": 71.11607817598356, "mean_high_temp_winter_4": 55.50841514463056, "mean_high_temp_spring_4": 76.50903796718364, "mean_high_temp_summer_4": 86.50021251154668, "mean_high_temp_fall_4": 65.11816941675275, "mean_high_heat_index_4": 72.04034166773748, "days_above_90_4": 0.08818173454788468, "days_below_40_4": 0.020298866463321324, "wind_speed_over_10mph_4": 0.03263680681443765, "snowfall_4": 0.014569430288089519, "rainfall_4": 1.1883380734433031, "hours_sunny_4": 5.4066594287614365, "internet_no_access": 0.0962237922277248, "insurance_coverage_none": 0.14266091583251744, "insurance_coverage_govt": 0.11599445103314823, "insurance_coverage_private": 0.7413446331343344, "marriage_divorced": 0.10630998038145913}