{"population": 303269.0, "ad_1": 422.195300863564, "population_change_2010": 0.06717972538338647, "ad_1_change_2010": 0.036615095318965375, "gpw_population": NaN, "gpw_pw_density_4": NaN, "white": 0.8543636177782761, "hispanic": 0.03277288479864411, "black": 0.02516577691752207, "asian": 0.012971981969802386, "citizenship_citizen_by_birth": 0.9201640438703268, "citizenship_citizen_by_naturalization": 0.04541414207142285, "citizenship_not_citizen": 0.03442181405825043, "birthplace_non_us": 0.07983595612967329, "birthplace_us_not_state": 0.2553961055312235, "birthplace_us_state": 0.6647679383391032, "language_english_only": 0.907118845041708, "language_spanish": 0.020405036340860955, "education_high_school": 0.9556654876623067, "education_ugrad": 0.41112129583400897, "education_grad": 0.17618574238996432, "education_field_stem": 0.1802784366393387, "education_field_humanities": 0.16260176285657837, "education_field_business": 0.06824109633809193, "generation_silent": 0.11871037052725085, "generation_boomer": 0.3449841915948497, "generation_genx": 0.1652671108558946, "generation_millenial": 0.1478467342898463, "generation_genz": 0.14505524350025142, "generation_genalpha": 0.07813634923190718, "poverty_below_line": 0.07109627512938443, "household_income_under_50k": 0.2895329871792041, "household_income_over_100k": 0.4163572701013203, "individual_income_under_50k": 0.5780239274166865, "individual_income_over_100k": 0.14614568930658248, "housing_per_pop": 0.7582816217981617, "vacancy": 0.31626390192127246, "rent_or_own_rent": 0.19792924391541447, "rent_burden_under_20": 0.2161154253310857, "rent_burden_over_40": 0.3819091213271404, "rent_1br_under_750": 0.37891591247351797, "rent_1br_over_1500": 0.14898637386633162, "rent_2br_under_750": 0.09207849999731058, "rent_2br_over_1500": 0.5264370821667779, "year_built_1969_or_earlier": 0.38344021641491444, "year_built_2010_or_later": 0.03899433156132141, "transportation_means_car": 0.8435539105367242, "transportation_means_bike": 0.003616173040501971, "transportation_means_walk": 0.019237759915043957, "transportation_means_transit": 0.013788794751761178, "transportation_means_worked_at_home": 0.11009103470354395, "transportation_commute_time_under_15": 0.3215184348446219, "transportation_commute_time_over_60": 0.10813113593660652, "vehicle_ownership_at_least_1": 0.9510731371076764, "GHLTH_cdc_2": 0.12691419610960158, "ARTHRITIS_cdc_2": 0.3204779755759353, "CASTHMA_cdc_2": 0.10851354900580147, "BPHIGH_cdc_2": 0.3197304972504568, "CANCER_cdc_2": 0.0912487764208853, "KIDNEY_cdc_2": 0.03266103942667813, "COPD_cdc_2": 0.06887832893435222, "CHD_cdc_2": 0.06673405675333596, "DIABETES_cdc_2": 0.09329419464087467, "OBESITY_cdc_2": 0.2884663251156622, "STROKE_cdc_2": 0.03201064827014208, "DISABILITY_cdc_2": 0.2764035931972025, "HEARING_cdc_2": 0.07589589318035536, "VISION_cdc_2": 0.03794211488036356, "COGNITION_cdc_2": 0.11503294700055726, "MOBILITY_cdc_2": 0.12858426388702898, "SELFCARE_cdc_2": 0.031742519212244, "INDEPLIVE_cdc_2": 0.06524279783837957, "BINGE_cdc_2": 0.16172985360248474, "CSMOKING_cdc_2": 0.13217852375665787, "LPA_cdc_2": 0.20055904930170676, "SLEEP_cdc_2": 0.2955117130971563, "heating_utility_gas": 0.5651277672165361, "heating_electricity": 0.11122752040427039, "industry_agriculture,_forestry,_fishing_and_hunting": 0.008421615295852787, "industry_mining,_quarrying,_and_oil_and_gas_extraction": 0.0006967614527182317, "industry_accommodation_and_food_services": 0.07636602728546261, "industry_arts,_entertainment,_and_recreation": 0.02931917759100447, "industry_construction": 0.09811136142512242, "industry_educational_services": 0.08371466191743704, "industry_health_care_and_social_assistance": 0.16038704517786972, "industry_finance_and_insurance": 0.04064598658832763, "industry_real_estate_and_rental_and_leasing": 0.02041483169492648, "industry_information": 0.020441958558805953, "industry_manufacturing": 0.05647341548249242, "industry_other_services,_except_public_administration": 0.04960389084317072, "industry_administrative_and_support_and_waste_management_services": 0.043914850370003665, "industry_management_of_companies_and_enterprises": 0.00012098803520068518, "industry_professional,_scientific,_and_technical_services": 0.07968898513097815, "industry_public_administration": 0.047599611145134106, "industry_retail_trade": 0.12363426091100936, "industry_transportation_and_warehousing": 0.031067986421393596, "industry_utilities": 0.007779142021574795, "industry_wholesale_trade": 0.021597442651515177, "occupation_architecture_and_engineering_occupations": 0.01954527579767566, "occupation_computer_and_mathematical_occupations": 0.020431753660963267, "occupation_life,_physical,_and_social_science_occupations": 0.01084450553581263, "occupation_arts,_design,_entertainment,_sports,_and_media_occupations": 0.02242383976336761, "occupation_community_and_social_service_occupations": 0.01940945656613591, "occupation_educational_instruction,_and_library_occupations": 0.06256153402876102, "occupation_legal_occupations": 0.011968992264718856, "occupation_health_diagnosing_and_treating_practitioners_and_other_technical_occupations": 0.05145220568893418, "occupation_health_technologists_and_technicians": 0.025560966945893937, "occupation_business_and_financial_operations_occupations": 0.05043659975290206, "occupation_management_occupations": 0.11590640721363184, "occupation_construction_and_extraction_occupations": 0.0689979780301751, "occupation_farming,_fishing,_and_forestry_occupations": 0.005464398450732202, "occupation_installation,_maintenance,_and_repair_occupations": 0.029778655977465693, "occupation_material_moving_occupations": 0.023950676329082356, "occupation_transportation_occupations": 0.03307513060169197, "occupation_office_and_administrative_support_occupations": 0.09862016510109077, "occupation_sales_and_related_occupations": 0.10783783175644111, "occupation_building_and_grounds_cleaning_and_maintenance_occupations": 0.04099738866278837, "occupation_food_preparation_and_serving_related_occupations": 0.062121307376715285, "occupation_healthcare_support_occupations": 0.03207700901681469, "occupation_personal_care_and_service_occupations": 0.0318777928130389, "occupation_firefighting_and_prevention,_and_other_protective_service_workers_including_supervisors": 0.012023868172648217, "occupation_law_enforcement_workers_including_supervisors": 0.012506185825498188, "2020 Presidential Election-margin": 0.20887511087454497, "2016 Presidential Election-margin": 0.10005631747475881, "2016-2020 Swing-margin": 0.10881879339978616, "park_percent_1km_v2": 0.007370813188739435, "mean_dist_Hospital_updated": 8.939191492596985, "mean_dist_Active Superfund Site_updated": 21.777124394794026, "mean_dist_Airport_updated": 20.81742000470582, "mean_dist_Public School_updated": 2.1398528434183453, "mean_high_temp_4": 55.32175815081303, "mean_high_temp_winter_4": 39.53659761445625, "mean_high_temp_spring_4": 54.91870488298288, "mean_high_temp_summer_4": 71.89211486292675, "mean_high_temp_fall_4": 54.244145937971496, "mean_high_heat_index_4": 54.322882561181196, "days_above_90_4": 0.0005333256134372989, "days_below_40_4": 0.15519233066653615, "wind_speed_over_10mph_4": 0.6560603816560742, "snowfall_4": 0.10926147538003403, "rainfall_4": 1.09769725748601, "hours_sunny_4": 4.968846984166091, "internet_no_access": 0.059827899704082636, "insurance_coverage_none": 0.047711594129830594, "insurance_coverage_govt": 0.2232036266594717, "insurance_coverage_private": 0.7290847792106977, "marriage_divorced": 0.11972663654327356}