{"population": 291021.0, "ad_1": 1691.527616163633, "population_change_2010": 0.12506233787320573, "ad_1_change_2010": 0.004146264275841825, "population_change_2000": 0.27983763506590026, "ad_1_change_2000": -0.047686297062817976, "gpw_population": NaN, "gpw_pw_density_4": NaN, "white": 0.7652849794344738, "hispanic": 0.08565017644774776, "black": 0.04544001979238611, "asian": 0.04725432185306215, "homogeneity_250_2020": 0.6267614544787862, "homogeneity_250_diff_2010": -0.09662689340900399, "homogeneity_250_diff_2000": -0.1656359418288974, "citizenship_citizen_by_birth": 0.9095935380133074, "citizenship_citizen_by_naturalization": 0.0444030848972706, "citizenship_not_citizen": 0.046003377089422, "birthplace_non_us": 0.09040646198669268, "birthplace_us_not_state": 0.25606891319138475, "birthplace_us_state": 0.6535246248219225, "language_english_only": 0.874085084304638, "language_spanish": 0.04671355026192414, "education_high_school": 0.9318587140383332, "education_ugrad": 0.3866703060762401, "education_grad": 0.14271973137887878, "education_field_stem": 0.15956561701278668, "education_field_humanities": 0.15041947211536652, "education_field_business": 0.07668521694808596, "generation_silent": 0.05285508222181113, "generation_boomer": 0.19036562624863376, "generation_genx": 0.1609840510869505, "generation_millenial": 0.21383277608482254, "generation_genz": 0.2579143225597292, "generation_genalpha": 0.12404814179805293, "poverty_below_line": 0.12950051418297862, "household_income_under_50k": 0.39260812344177165, "household_income_over_100k": 0.28169023278927374, "individual_income_under_50k": 0.6794547592456264, "individual_income_over_100k": 0.08029797696360454, "housing_per_pop": 0.5488026526939206, "vacancy": 0.057504038772213245, "rent_or_own_rent": 0.43142431360998895, "rent_burden_under_20": 0.29133595678619256, "rent_burden_over_40": 0.2917157434469507, "rent_1br_under_750": 0.47584281670198253, "rent_1br_over_1500": 0.04205378113884444, "rent_2br_under_750": 0.22801353535468255, "rent_2br_over_1500": 0.05935453720374153, "year_built_1969_or_earlier": 0.3654913400575956, "year_built_2010_or_later": 0.1016291800787429, "transportation_means_car": 0.8718420563593193, "transportation_means_bike": 0.008878432572989876, "transportation_means_walk": 0.03281497117890622, "transportation_means_transit": 0.009735129820512833, "transportation_means_worked_at_home": 0.07203421973966263, "transportation_commute_time_under_15": 0.37640945421504557, "transportation_commute_time_over_60": 0.033428547151530305, "vehicle_ownership_at_least_1": 0.9457363215809758, "GHLTH_cdc_2": 0.11773250526505398, "ARTHRITIS_cdc_2": 0.19183205854839575, "CASTHMA_cdc_2": 0.0889912957784525, "BPHIGH_cdc_2": 0.27378168411679593, "CANCER_cdc_2": 0.054757987623997605, "KIDNEY_cdc_2": 0.02372007423600441, "COPD_cdc_2": 0.04839669239581204, "CHD_cdc_2": 0.04311280971271065, "DIABETES_cdc_2": 0.07901332646333446, "OBESITY_cdc_2": 0.3316568335642789, "STROKE_cdc_2": 0.022900321656003093, "DISABILITY_cdc_2": 0.23939145985803112, "HEARING_cdc_2": 0.06235621776561651, "VISION_cdc_2": 0.03757736502203569, "COGNITION_cdc_2": 0.10781417487481414, "MOBILITY_cdc_2": 0.09274437101994455, "SELFCARE_cdc_2": 0.02774068923427864, "INDEPLIVE_cdc_2": 0.058711535094520755, "BINGE_cdc_2": 0.22486847621096182, "CSMOKING_cdc_2": 0.13962413270436194, "LPA_cdc_2": 0.2009106416612063, "SLEEP_cdc_2": 0.27823136221067213, "heating_utility_gas": 0.6285622659522416, "heating_electricity": 0.34759596995068326, "industry_agriculture,_forestry,_fishing_and_hunting": 0.012392282243048596, "industry_mining,_quarrying,_and_oil_and_gas_extraction": 0.0007771550815135801, "industry_accommodation_and_food_services": 0.06151580117819188, "industry_arts,_entertainment,_and_recreation": 0.019625900269710145, "industry_construction": 0.06343352194747173, "industry_educational_services": 0.12936811867435083, "industry_health_care_and_social_assistance": 0.1420899315873846, "industry_finance_and_insurance": 0.06573080100417376, "industry_real_estate_and_rental_and_leasing": 0.01126304865768997, "industry_information": 0.019620867646665586, "industry_manufacturing": 0.09060833334233168, "industry_other_services,_except_public_administration": 0.04823722564057483, "industry_administrative_and_support_and_waste_management_services": 0.03483400642351231, "industry_management_of_companies_and_enterprises": 0.0008696721553284459, "industry_professional,_scientific,_and_technical_services": 0.06533193715617341, "industry_public_administration": 0.05878500794577596, "industry_retail_trade": 0.11263649480676777, "industry_transportation_and_warehousing": 0.037020063178032594, "industry_utilities": 0.006027771212611051, "industry_wholesale_trade": 0.01983205984869143, "occupation_architecture_and_engineering_occupations": 0.015477293658961852, "occupation_computer_and_mathematical_occupations": 0.037859962116356415, "occupation_life,_physical,_and_social_science_occupations": 0.014892381418312076, "occupation_arts,_design,_entertainment,_sports,_and_media_occupations": 0.02329471586130241, "occupation_community_and_social_service_occupations": 0.02095260859330731, "occupation_educational_instruction,_and_library_occupations": 0.08211310095456105, "occupation_legal_occupations": 0.00793478151322359, "occupation_health_diagnosing_and_treating_practitioners_and_other_technical_occupations": 0.04214957613316859, "occupation_health_technologists_and_technicians": 0.015006307721803782, "occupation_business_and_financial_operations_occupations": 0.06383407739282848, "occupation_management_occupations": 0.09592355030148764, "occupation_construction_and_extraction_occupations": 0.04523259068077846, "occupation_farming,_fishing,_and_forestry_occupations": 0.0037693245476821823, "occupation_installation,_maintenance,_and_repair_occupations": 0.025236024637425015, "occupation_material_moving_occupations": 0.028896741818765864, "occupation_transportation_occupations": 0.028080095941710084, "occupation_office_and_administrative_support_occupations": 0.12153817222847986, "occupation_sales_and_related_occupations": 0.0953985668249949, "occupation_building_and_grounds_cleaning_and_maintenance_occupations": 0.030104543818070175, "occupation_food_preparation_and_serving_related_occupations": 0.05664295078228828, "occupation_healthcare_support_occupations": 0.029653131217986784, "occupation_personal_care_and_service_occupations": 0.03604082243476884, "occupation_firefighting_and_prevention,_and_other_protective_service_workers_including_supervisors": 0.009945934915248658, "occupation_law_enforcement_workers_including_supervisors": 0.008587522886426741, "sors_cohabiting_partnered_gay": 0.004330103135276986, "2020 Presidential Election-margin": 0.1332420202353295, "2016 Presidential Election-margin": 0.05397831078900489, "2016-2020 Swing-margin": 0.0792637094463246, "park_percent_1km_v2": 0.048346170127193645, "mean_dist_Hospital_updated": 3.737484533787515, "mean_dist_Active Superfund Site_updated": 45.642687017554394, "mean_dist_Airport_updated": 9.946148236315759, "mean_dist_Public School_updated": 0.760894818178999, "lapop1share_usda_fra_1": 0.8034830762758504, "mean_high_temp_4": 63.91492065117933, "mean_high_temp_winter_4": 40.66442851480551, "mean_high_temp_spring_4": 71.48019482928238, "mean_high_temp_summer_4": 85.8924430057718, "mean_high_temp_fall_4": 56.46181429397349, "mean_high_heat_index_4": 63.59078175814928, "days_above_90_4": 0.09767938718542075, "days_below_40_4": 0.16415666245405425, "wind_speed_over_10mph_4": 0.38059302540933765, "snowfall_4": 0.08510170087893304, "rainfall_4": 0.7222577135522184, "hours_sunny_4": 5.888779363107477, "internet_no_access": 0.06589019529423512, "insurance_coverage_none": 0.09291117548292599, "insurance_coverage_govt": 0.0931086009807386, "insurance_coverage_private": 0.8139802235363355, "marriage_divorced": 0.10079702058659509}