{"population": 1387038.0, "ad_1": 3325.8099345870223, "population_change_2010": 0.060759106447739734, "ad_1_change_2010": 0.022291073001044902, "gpw_population": NaN, "gpw_pw_density_4": NaN, "white": 0.4074300776186377, "hispanic": 0.29659100904229013, "black": 0.05590978761937308, "asian": 0.17551790217715738, "citizenship_citizen_by_birth": 0.7494880561757277, "citizenship_citizen_by_naturalization": 0.1425542459373641, "citizenship_not_citizen": 0.10795769788690822, "birthplace_non_us": 0.25051194382427233, "birthplace_us_not_state": 0.28472707885482273, "birthplace_us_state": 0.46476097732090493, "language_english_only": 0.6128550685269781, "language_spanish": 0.21686232542109657, "education_high_school": 0.8947997269106076, "education_ugrad": 0.46675039661870366, "education_grad": 0.19325862009349976, "education_field_stem": 0.25846193309279775, "education_field_humanities": 0.12622937933366862, "education_field_business": 0.08205908419223724, "generation_silent": 0.0530470739747986, "generation_boomer": 0.18870178851520344, "generation_genx": 0.18827913765860282, "generation_millenial": 0.2665833759633581, "generation_genz": 0.19357356037290543, "generation_genalpha": 0.10981506351513165, "poverty_below_line": 0.11597286301093063, "household_income_under_50k": 0.2723656415960215, "household_income_over_100k": 0.4500339541750264, "individual_income_under_50k": 0.5658920529400782, "individual_income_over_100k": 0.18173302628148058, "housing_per_pop": 0.48780028245147977, "vacancy": 0.06040470221263446, "rent_or_own_rent": 0.5236014386746148, "rent_burden_under_20": 0.20945994022799752, "rent_burden_over_40": 0.36799345064158806, "rent_1br_under_750": 0.06848710619151417, "rent_1br_over_1500": 0.5686076500123892, "rent_2br_under_750": 0.03270954656766267, "rent_2br_over_1500": 0.8061729801785188, "year_built_1969_or_earlier": 0.3479213514621703, "year_built_2010_or_later": 0.05855335112921695, "transportation_means_car": 0.7725473324859468, "transportation_means_bike": 0.011995125541521866, "transportation_means_walk": 0.03257376166708116, "transportation_means_transit": 0.03277902017404766, "transportation_means_worked_at_home": 0.1400644721601163, "transportation_commute_time_under_15": 0.21211828491601056, "transportation_commute_time_over_60": 0.05338412228252688, "vehicle_ownership_at_least_1": 0.9377355860187832, "GHLTH_cdc_2": 0.1407126429034527, "ARTHRITIS_cdc_2": 0.1791467781990975, "CASTHMA_cdc_2": 0.09358964198232331, "BPHIGH_cdc_2": 0.22693351713161217, "CANCER_cdc_2": 0.05051464940890621, "KIDNEY_cdc_2": 0.02447594494648805, "COPD_cdc_2": 0.042443213308912986, "CHD_cdc_2": 0.040782841115027356, "DIABETES_cdc_2": 0.08883724990252993, "OBESITY_cdc_2": 0.22733665558248764, "STROKE_cdc_2": 0.022950921144797107, "DISABILITY_cdc_2": 0.23230345310948125, "HEARING_cdc_2": 0.04955303726406584, "VISION_cdc_2": 0.045371503819592894, "COGNITION_cdc_2": 0.12319641557309084, "MOBILITY_cdc_2": 0.09538401088298072, "SELFCARE_cdc_2": 0.03075189389860559, "INDEPLIVE_cdc_2": 0.06469060298349842, "BINGE_cdc_2": 0.19001061504091069, "CSMOKING_cdc_2": 0.10272456763513332, "LPA_cdc_2": 0.1684854043681719, "SLEEP_cdc_2": 0.33559414854840897, "heating_utility_gas": 0.5456483926483126, "heating_electricity": 0.36364567763327815, "industry_agriculture,_forestry,_fishing_and_hunting": 0.0021967320399964617, "industry_mining,_quarrying,_and_oil_and_gas_extraction": 0.0002557615954722057, "industry_accommodation_and_food_services": 0.08426874677700953, "industry_arts,_entertainment,_and_recreation": 0.0256600707734436, "industry_construction": 0.04569762635736635, "industry_educational_services": 0.0923536293087017, "industry_health_care_and_social_assistance": 0.1296296767935179, "industry_finance_and_insurance": 0.04119092090839864, "industry_real_estate_and_rental_and_leasing": 0.02508344987642007, "industry_information": 0.02254590785473647, "industry_manufacturing": 0.09761380332051836, "industry_other_services,_except_public_administration": 0.047078010493183844, "industry_administrative_and_support_and_waste_management_services": 0.04348494245101947, "industry_management_of_companies_and_enterprises": 0.002504627093320659, "industry_professional,_scientific,_and_technical_services": 0.13934826011575444, "industry_public_administration": 0.048248314153495085, "industry_retail_trade": 0.09232494665955805, "industry_transportation_and_warehousing": 0.034912819554873534, "industry_utilities": 0.006003300529339307, "industry_wholesale_trade": 0.01959845334387428, "occupation_architecture_and_engineering_occupations": 0.04239202890633315, "occupation_computer_and_mathematical_occupations": 0.06032012572173198, "occupation_life,_physical,_and_social_science_occupations": 0.027868507881742107, "occupation_arts,_design,_entertainment,_sports,_and_media_occupations": 0.027686054416439544, "occupation_community_and_social_service_occupations": 0.01734691936335915, "occupation_educational_instruction,_and_library_occupations": 0.057257053415525894, "occupation_legal_occupations": 0.017052751104688988, "occupation_health_diagnosing_and_treating_practitioners_and_other_technical_occupations": 0.04762672787152356, "occupation_health_technologists_and_technicians": 0.016959745490359487, "occupation_business_and_financial_operations_occupations": 0.07337041453331711, "occupation_management_occupations": 0.11617317050423336, "occupation_construction_and_extraction_occupations": 0.0328855609370534, "occupation_farming,_fishing,_and_forestry_occupations": 0.0012896967055917995, "occupation_installation,_maintenance,_and_repair_occupations": 0.018624945962362065, "occupation_material_moving_occupations": 0.025169727502139135, "occupation_transportation_occupations": 0.025243508913588456, "occupation_office_and_administrative_support_occupations": 0.08897405839969924, "occupation_sales_and_related_occupations": 0.09461657507770906, "occupation_building_and_grounds_cleaning_and_maintenance_occupations": 0.03256770217856055, "occupation_food_preparation_and_serving_related_occupations": 0.06270274154936017, "occupation_healthcare_support_occupations": 0.028179778827959346, "occupation_personal_care_and_service_occupations": 0.030273909784841155, "occupation_firefighting_and_prevention,_and_other_protective_service_workers_including_supervisors": 0.011439214552542445, "occupation_law_enforcement_workers_including_supervisors": 0.00645386113830317, "2020 Presidential Election-margin": 0.3937022653690885, "2016 Presidential Election-margin": 0.3773080120176553, "2016-2020 Swing-margin": 0.016394253351433186, "park_percent_1km_v2": 0.040019064562767465, "mean_dist_Hospital_updated": 3.785774405487643, "mean_dist_Active Superfund Site_updated": 60.65834380618156, "mean_dist_Airport_updated": 12.958407790757555, "mean_dist_Public School_updated": 0.6580560807751777, "mean_high_temp_4": 69.12291066483073, "mean_high_temp_winter_4": 63.15069698314521, "mean_high_temp_spring_4": 67.38735660280076, "mean_high_temp_summer_4": 76.09522071366011, "mean_high_temp_fall_4": 69.60916965657657, "mean_high_heat_index_4": 68.89236535130556, "days_above_90_4": 0.007436762684223407, "days_below_40_4": 1.6786159661204348e-09, "wind_speed_over_10mph_4": 0.03746839845283717, "snowfall_4": 6.834778221432905e-08, "rainfall_4": 0.32608712928845507, "hours_sunny_4": 7.415148562199632, "internet_no_access": 0.04848886463572148, "insurance_coverage_none": 0.09457087515330735, "insurance_coverage_govt": 0.16478888277865808, "insurance_coverage_private": 0.7406402420680345, "marriage_divorced": 0.09534361300790141}