{"population": 588256.0, "ad_1": 1317.9229048366574, "population_change_2010": 0.09411222045322659, "ad_1_change_2010": 0.05499933155947375, "gpw_population": NaN, "gpw_pw_density_4": NaN, "white": 0.6253892862971223, "hispanic": 0.09654980144698906, "black": 0.17433736332481098, "asian": 0.042816392862971224, "citizenship_citizen_by_birth": 0.9113579813932144, "citizenship_citizen_by_naturalization": 0.051039530903076384, "citizenship_not_citizen": 0.03760248770370922, "birthplace_non_us": 0.08864201860678561, "birthplace_us_not_state": 0.4025293041576411, "birthplace_us_state": 0.5088286772355733, "language_english_only": 0.8797486845510967, "language_spanish": 0.05754983989102807, "education_high_school": 0.9360034218829206, "education_ugrad": 0.41628053598839687, "education_grad": 0.17809706359062252, "education_field_stem": 0.1995613779631518, "education_field_humanities": 0.1390605959666143, "education_field_business": 0.07765856205863075, "generation_silent": 0.05795541249690082, "generation_boomer": 0.2237836259407703, "generation_genx": 0.200214842010527, "generation_millenial": 0.20838066361027965, "generation_genz": 0.1872660291325713, "generation_genalpha": 0.12239942680895101, "poverty_below_line": 0.05637801933660403, "household_income_under_50k": 0.18969741706420148, "household_income_over_100k": 0.5396218508279197, "individual_income_under_50k": 0.484733418746778, "individual_income_over_100k": 0.2139063520876229, "housing_per_pop": 0.5112036033981413, "vacancy": 0.05644400212769608, "rent_or_own_rent": 0.2544997594553003, "rent_burden_under_20": 0.23270800028728145, "rent_burden_over_40": 0.3047555489507934, "rent_1br_under_750": 0.11055495393835646, "rent_1br_over_1500": 0.47260469563557495, "rent_2br_under_750": 0.026938596932897716, "rent_2br_over_1500": 0.7098189111092045, "year_built_1969_or_earlier": 0.3006641039573575, "year_built_2010_or_later": 0.09413509324550683, "transportation_means_car": 0.8225413265323845, "transportation_means_bike": 0.0024561069019004554, "transportation_means_walk": 0.018518784752361146, "transportation_means_transit": 0.02744463937050055, "transportation_means_worked_at_home": 0.12046563098342693, "transportation_commute_time_under_15": 0.19484315612529904, "transportation_commute_time_over_60": 0.12583593988235178, "vehicle_ownership_at_least_1": 0.962822616375431, "GHLTH_cdc_2": 0.12960669502127295, "ARTHRITIS_cdc_2": 0.24837256315891357, "CASTHMA_cdc_2": 0.09202931661491992, "BPHIGH_cdc_2": 0.3088121191554607, "CANCER_cdc_2": 0.06329468362309074, "KIDNEY_cdc_2": 0.025667314281251172, "COPD_cdc_2": 0.050707065778179766, "CHD_cdc_2": 0.04651102452578177, "DIABETES_cdc_2": 0.09228230606039027, "OBESITY_cdc_2": 0.3598336761668963, "STROKE_cdc_2": 0.025121738702394238, "DISABILITY_cdc_2": 0.235473811320337, "HEARING_cdc_2": 0.051232629458925705, "VISION_cdc_2": 0.035277485130558374, "COGNITION_cdc_2": 0.10605315066379807, "MOBILITY_cdc_2": 0.1000108218451137, "SELFCARE_cdc_2": 0.026768592205757065, "INDEPLIVE_cdc_2": 0.05643149874256487, "BINGE_cdc_2": 0.16960070229526109, "CSMOKING_cdc_2": 0.12008325894836099, "LPA_cdc_2": 0.2082207880751955, "SLEEP_cdc_2": 0.3326791129976915, "heating_utility_gas": 0.37094854790463405, "heating_electricity": 0.4832141928212736, "industry_agriculture,_forestry,_fishing_and_hunting": 0.00272085568999574, "industry_mining,_quarrying,_and_oil_and_gas_extraction": 0.00028587482527767355, "industry_accommodation_and_food_services": 0.06027526995970256, "industry_arts,_entertainment,_and_recreation": 0.018231332273310443, "industry_construction": 0.07631447959591722, "industry_educational_services": 0.09224968732984344, "industry_health_care_and_social_assistance": 0.10696070797202277, "industry_finance_and_insurance": 0.03368238345633022, "industry_real_estate_and_rental_and_leasing": 0.024622230539504096, "industry_information": 0.0168528338804466, "industry_manufacturing": 0.049698030588482114, "industry_other_services,_except_public_administration": 0.04825188003868662, "industry_administrative_and_support_and_waste_management_services": 0.040291265934155794, "industry_management_of_companies_and_enterprises": 0.0012376698317903983, "industry_professional,_scientific,_and_technical_services": 0.1271660892495293, "industry_public_administration": 0.12649068544606024, "industry_retail_trade": 0.09800749295577754, "industry_transportation_and_warehousing": 0.04345602866885588, "industry_utilities": 0.006400232852981327, "industry_wholesale_trade": 0.026804968911330097, "occupation_architecture_and_engineering_occupations": 0.028146898973515883, "occupation_computer_and_mathematical_occupations": 0.07193517236284697, "occupation_life,_physical,_and_social_science_occupations": 0.012195083723021697, "occupation_arts,_design,_entertainment,_sports,_and_media_occupations": 0.019993249191066646, "occupation_community_and_social_service_occupations": 0.01562221839311522, "occupation_educational_instruction,_and_library_occupations": 0.06341675832553609, "occupation_legal_occupations": 0.01574329478970341, "occupation_health_diagnosing_and_treating_practitioners_and_other_technical_occupations": 0.03713009495371195, "occupation_health_technologists_and_technicians": 0.015279168602782011, "occupation_business_and_financial_operations_occupations": 0.07381933808936907, "occupation_management_occupations": 0.14273122209885677, "occupation_construction_and_extraction_occupations": 0.04342542175603052, "occupation_farming,_fishing,_and_forestry_occupations": 0.0010022435050911379, "occupation_installation,_maintenance,_and_repair_occupations": 0.033437264857772125, "occupation_material_moving_occupations": 0.025375276842656252, "occupation_transportation_occupations": 0.030995249519987878, "occupation_office_and_administrative_support_occupations": 0.11473260345873018, "occupation_sales_and_related_occupations": 0.09032956928582139, "occupation_building_and_grounds_cleaning_and_maintenance_occupations": 0.02288317069136476, "occupation_food_preparation_and_serving_related_occupations": 0.04468332066573438, "occupation_healthcare_support_occupations": 0.017071771918934952, "occupation_personal_care_and_service_occupations": 0.02471976430342236, "occupation_firefighting_and_prevention,_and_other_protective_service_workers_including_supervisors": 0.014865490914439025, "occupation_law_enforcement_workers_including_supervisors": 0.016775737844066645, "2020 Presidential Election-margin": 0.14535301367942594, "2016 Presidential Election-margin": 0.022281105031104493, "2016-2020 Swing-margin": 0.12307190864832145, "park_percent_1km_v2": 0.02384143358182616, "mean_dist_Hospital_updated": 7.0872272126053435, "mean_dist_Active Superfund Site_updated": 11.48114147385543, "mean_dist_Airport_updated": 14.809081674191432, "mean_dist_Public School_updated": 1.1063022876933222, "mean_high_temp_4": 64.24578667798785, "mean_high_temp_winter_4": 45.063303270943884, "mean_high_temp_spring_4": 68.90775094501164, "mean_high_temp_summer_4": 82.945055964783, "mean_high_temp_fall_4": 59.13162924264576, "mean_high_heat_index_4": 64.4886730458535, "days_above_90_4": 0.03223951769992412, "days_below_40_4": 0.09099366201808108, "wind_speed_over_10mph_4": 0.21210934724717673, "snowfall_4": 0.05667111929957291, "rainfall_4": 1.1020408988615638, "hours_sunny_4": 5.109053380908553, "internet_no_access": 0.04906202291572003, "insurance_coverage_none": 0.061755819185097136, "insurance_coverage_govt": 0.12045424047562019, "insurance_coverage_private": 0.8177899403392827, "marriage_divorced": 0.10201343885960262}