{"population": 3776890.0, "ad_1": 1633.849927755174, "population_change_2010": 0.01922277210222101, "ad_1_change_2010": 0.006865091001682177, "population_change_2000": -0.031183114545861233, "ad_1_change_2000": -0.14221242361430556, "gpw_population": NaN, "gpw_pw_density_4": NaN, "white": 0.5988352851155315, "hispanic": 0.05250086711553686, "black": 0.24710012735345746, "asian": 0.054240658319410946, "homogeneity_250_2020": 0.6500254434167463, "homogeneity_250_diff_2010": -0.08372874778847705, "homogeneity_250_diff_2000": -0.14804461044510098, "citizenship_citizen_by_birth": 0.8870240647518648, "citizenship_citizen_by_naturalization": 0.0664578497881987, "citizenship_not_citizen": 0.04651808545993656, "birthplace_non_us": 0.11297593524813385, "birthplace_us_not_state": 0.1468593210889669, "birthplace_us_state": 0.7401647436628992, "language_english_only": 0.842873057762679, "language_spanish": 0.03099899021100789, "education_high_school": 0.9073323730680256, "education_ugrad": 0.3224748448056582, "education_grad": 0.13148292054740832, "education_field_stem": 0.1513430165892175, "education_field_humanities": 0.09961617313544617, "education_field_business": 0.07151565508099682, "generation_silent": 0.06520154000889353, "generation_boomer": 0.23584972318265196, "generation_genx": 0.19255029140708346, "generation_millenial": 0.20042381242932708, "generation_genz": 0.18740677994035584, "generation_genalpha": 0.11856785303168821, "poverty_below_line": 0.14370953925789337, "household_income_under_50k": 0.3940994771491259, "household_income_over_100k": 0.31567708477534573, "individual_income_under_50k": 0.6485953514339214, "individual_income_over_100k": 0.11749050971604338, "housing_per_pop": 0.5570335737869895, "vacancy": 0.07558401775562103, "rent_or_own_rent": 0.32039942056654935, "rent_burden_under_20": 0.276748193152415, "rent_burden_over_40": 0.3412595393014828, "rent_1br_under_750": 0.4131430081086042, "rent_1br_over_1500": 0.0648622168271538, "rent_2br_under_750": 0.15169174554087028, "rent_2br_over_1500": 0.1487762944160758, "year_built_1969_or_earlier": 0.5644528511129892, "year_built_2010_or_later": 0.029953600402620077, "transportation_means_car": 0.8663236995455553, "transportation_means_bike": 0.0027214601600169344, "transportation_means_walk": 0.013931282210230943, "transportation_means_transit": 0.013810507277492228, "transportation_means_worked_at_home": 0.09494267112888524, "transportation_commute_time_under_15": 0.2141414994816128, "transportation_commute_time_over_60": 0.05874628097185586, "vehicle_ownership_at_least_1": 0.9129790662089379, "traffic_fatalities_last_decade_per_capita": 7.717990198284833e-05, "traffic_fatalities_ped_last_decade_per_capita": 2.3590837964568732e-05, "GHLTH_cdc_2": 0.1778626274434404, "ARTHRITIS_cdc_2": 0.27332601946763446, "CASTHMA_cdc_2": 0.1165344909072776, "BPHIGH_cdc_2": 0.35128771987832574, "CANCER_cdc_2": 0.06753441399667894, "KIDNEY_cdc_2": 0.03243985527531456, "COPD_cdc_2": 0.0754544146264207, "CHD_cdc_2": 0.06089422697352873, "DIABETES_cdc_2": 0.10829605034644063, "OBESITY_cdc_2": 0.35638919421886245, "STROKE_cdc_2": 0.03508117486820658, "DISABILITY_cdc_2": 0.28439295917302954, "HEARING_cdc_2": 0.06113394000125931, "VISION_cdc_2": 0.05672619985360816, "COGNITION_cdc_2": 0.13175832180276464, "MOBILITY_cdc_2": 0.14474350183287282, "SELFCARE_cdc_2": 0.04554713319395101, "INDEPLIVE_cdc_2": 0.09020863432944701, "BINGE_cdc_2": 0.16454224663028055, "CSMOKING_cdc_2": 0.19364940624150478, "LPA_cdc_2": 0.2487712822527446, "SLEEP_cdc_2": 0.3645299181238053, "heating_utility_gas": 0.8742339085765377, "heating_electricity": 0.10192753977771549, "industry_agriculture,_forestry,_fishing_and_hunting": 0.002015739549036079, "industry_mining,_quarrying,_and_oil_and_gas_extraction": 0.0004870182924031618, "industry_accommodation_and_food_services": 0.06993896205724069, "industry_arts,_entertainment,_and_recreation": 0.019119706939279967, "industry_construction": 0.04713223368116891, "industry_educational_services": 0.06953916177570195, "industry_health_care_and_social_assistance": 0.148193897236168, "industry_finance_and_insurance": 0.05120070948192605, "industry_real_estate_and_rental_and_leasing": 0.016693359554167717, "industry_information": 0.014041754937697812, "industry_manufacturing": 0.19294301571736097, "industry_other_services,_except_public_administration": 0.042563725087113036, "industry_administrative_and_support_and_waste_management_services": 0.04175434470269938, "industry_management_of_companies_and_enterprises": 0.0018421885719692203, "industry_professional,_scientific,_and_technical_services": 0.0762272210464207, "industry_public_administration": 0.031190514225019398, "industry_retail_trade": 0.10434040885114684, "industry_transportation_and_warehousing": 0.041949012077603286, "industry_utilities": 0.0064617076186332546, "industry_wholesale_trade": 0.022365318597243552, "occupation_architecture_and_engineering_occupations": 0.044498519888902674, "occupation_computer_and_mathematical_occupations": 0.03663206671284911, "occupation_life,_physical,_and_social_science_occupations": 0.006549960114868331, "occupation_arts,_design,_entertainment,_sports,_and_media_occupations": 0.019806039970078855, "occupation_community_and_social_service_occupations": 0.015067270921355435, "occupation_educational_instruction,_and_library_occupations": 0.046626996053021515, "occupation_legal_occupations": 0.012537667164065703, "occupation_health_diagnosing_and_treating_practitioners_and_other_technical_occupations": 0.04655847798154807, "occupation_health_technologists_and_technicians": 0.020038340401864675, "occupation_business_and_financial_operations_occupations": 0.060666140076566365, "occupation_management_occupations": 0.10275933205987155, "occupation_construction_and_extraction_occupations": 0.03574871557988411, "occupation_farming,_fishing,_and_forestry_occupations": 0.0013788364829240068, "occupation_installation,_maintenance,_and_repair_occupations": 0.02560299081445742, "occupation_material_moving_occupations": 0.041128915043264616, "occupation_transportation_occupations": 0.03442557750765428, "occupation_office_and_administrative_support_occupations": 0.11311447363065497, "occupation_sales_and_related_occupations": 0.09469190632735226, "occupation_building_and_grounds_cleaning_and_maintenance_occupations": 0.03191566883898921, "occupation_food_preparation_and_serving_related_occupations": 0.05460169539752592, "occupation_healthcare_support_occupations": 0.0358959402723426, "occupation_personal_care_and_service_occupations": 0.023932775731902972, "occupation_firefighting_and_prevention,_and_other_protective_service_workers_including_supervisors": 0.010855846610341117, "occupation_law_enforcement_workers_including_supervisors": 0.006814601703487321, "sors_cohabiting_partnered_gay": 0.004737281870783311, "2020 Presidential Election-margin": 0.20521925370787739, "2016 Presidential Election-margin": 0.17700610225766983, "2016-2020 Swing-margin": 0.028213151450207558, "park_percent_1km_v2": 0.033693697480924024, "mean_dist_Hospital_updated": 4.6685139567271765, "mean_dist_Active Superfund Site_updated": 20.197369978478488, "mean_dist_Airport_updated": 27.080812516447867, "mean_dist_Public School_updated": 0.8458166152413834, "lapop1share_usda_fra_1": 0.7729835753643173, "mean_high_temp_4": 57.85616129044703, "mean_high_temp_winter_4": 35.076932203948466, "mean_high_temp_spring_4": 64.41814010553315, "mean_high_temp_summer_4": 79.42301783844663, "mean_high_temp_fall_4": 51.39517841298618, "mean_high_heat_index_4": 56.886693563529704, "days_above_90_4": 0.0155041404656435, "days_below_40_4": 0.24338436823540371, "wind_speed_over_10mph_4": 0.28438109660838085, "snowfall_4": 0.11907133168613789, "rainfall_4": 0.787305850980036, "hours_sunny_4": 4.261955253865462, "internet_no_access": 0.09902046398177418, "insurance_coverage_none": 0.07046652594333204, "insurance_coverage_govt": 0.23889294258056973,