{"population": 776287.0, "ad_1": 738.2466330849924, "population_change_2010": 0.08624781361505632, "ad_1_change_2010": 0.05110968907148585, "gpw_population": NaN, "gpw_pw_density_4": NaN, "white": 0.6241879614111792, "hispanic": 0.0722477640357239, "black": 0.23996923818123966, "asian": 0.023636876567558134, "citizenship_citizen_by_birth": 0.9535386057390439, "citizenship_citizen_by_naturalization": 0.017449785480176394, "citizenship_not_citizen": 0.02901160878077962, "birthplace_non_us": 0.04646139426095602, "birthplace_us_not_state": 0.17399063641985207, "birthplace_us_state": 0.7795479693191919, "language_english_only": 0.9261430606630694, "language_spanish": 0.03349894861075818, "education_high_school": 0.9021997121800157, "education_ugrad": 0.309721554887719, "education_grad": 0.11476880619907841, "education_field_stem": 0.1353088489950903, "education_field_humanities": 0.11293323489684969, "education_field_business": 0.061479470995779044, "generation_silent": 0.0521270745915226, "generation_boomer": 0.20985668731598903, "generation_genx": 0.18030919239546292, "generation_millenial": 0.21210160162476172, "generation_genz": 0.21403498353814954, "generation_genalpha": 0.13157046053411411, "poverty_below_line": 0.12075625906042402, "household_income_under_50k": 0.3642958489248165, "household_income_over_100k": 0.34914439865774083, "individual_income_under_50k": 0.6261936736947157, "individual_income_over_100k": 0.1212515239453528, "housing_per_pop": 0.5577167261128906, "vacancy": 0.09380095416389879, "rent_or_own_rent": 0.2749327508223104, "rent_burden_under_20": 0.28615976686406147, "rent_burden_over_40": 0.34434927627621775, "rent_1br_under_750": 0.26815976335910835, "rent_1br_over_1500": 0.05797224669243316, "rent_2br_under_750": 0.15800426866530876, "rent_2br_over_1500": 0.07797811650136555, "year_built_1969_or_earlier": 0.17920320258238764, "year_built_2010_or_later": 0.14266709588279627, "transportation_means_car": 0.9204246429259164, "transportation_means_bike": 0.002605826172840805, "transportation_means_walk": 0.013232490723641637, "transportation_means_transit": 0.005694662570892353, "transportation_means_worked_at_home": 0.050340078962297634, "transportation_commute_time_under_15": 0.22159724740134035, "transportation_commute_time_over_60": 0.0937132849457183, "vehicle_ownership_at_least_1": 0.9510377887286303, "GHLTH_cdc_2": 0.16579059976610794, "ARTHRITIS_cdc_2": 0.23932154220266932, "CASTHMA_cdc_2": 0.09963079764622897, "BPHIGH_cdc_2": 0.3327162165172356, "CANCER_cdc_2": 0.05902080711328916, "KIDNEY_cdc_2": 0.027093599524790703, "COPD_cdc_2": 0.06537699875628818, "CHD_cdc_2": 0.051359852239609434, "DIABETES_cdc_2": 0.10042826381541088, "OBESITY_cdc_2": 0.3543018024540105, "STROKE_cdc_2": 0.028549716916337176, "DISABILITY_cdc_2": 0.3081835236026805, "HEARING_cdc_2": 0.057286081565220616, "VISION_cdc_2": 0.048738952312004605, "COGNITION_cdc_2": 0.15842441573388277, "MOBILITY_cdc_2": 0.13489356796792337, "SELFCARE_cdc_2": 0.03635718846874942, "INDEPLIVE_cdc_2": 0.0818173878338995, "BINGE_cdc_2": 0.18835157134636446, "CSMOKING_cdc_2": 0.18198735683391806, "LPA_cdc_2": 0.25288629875071933, "SLEEP_cdc_2": 0.35234459913497057, "heating_utility_gas": 0.33586181590147934, "heating_electricity": 0.6455981499022846, "industry_agriculture,_forestry,_fishing_and_hunting": 0.004294825077460959, "industry_mining,_quarrying,_and_oil_and_gas_extraction": 0.015682826307366268, "industry_accommodation_and_food_services": 0.0672993290700427, "industry_arts,_entertainment,_and_recreation": 0.01694121846328554, "industry_construction": 0.0954471918731454, "industry_educational_services": 0.1020698138417771, "industry_health_care_and_social_assistance": 0.13344150506631358, "industry_finance_and_insurance": 0.03921668302527439, "industry_real_estate_and_rental_and_leasing": 0.01593515287252028, "industry_information": 0.015481245494372653, "industry_manufacturing": 0.0990299983100452, "industry_other_services,_except_public_administration": 0.04569510812832797, "industry_administrative_and_support_and_waste_management_services": 0.03168964366254761, "industry_management_of_companies_and_enterprises": 0.0007869426650920789, "industry_professional,_scientific,_and_technical_services": 0.06679350065911717, "industry_public_administration": 0.0615173302944898, "industry_retail_trade": 0.11515801252704914, "industry_transportation_and_warehousing": 0.03774011561651369, "industry_utilities": 0.008630791729526086, "industry_wholesale_trade": 0.02714876531573277, "occupation_architecture_and_engineering_occupations": 0.027033875321354817, "occupation_computer_and_mathematical_occupations": 0.02177407181048766, "occupation_life,_physical,_and_social_science_occupations": 0.013111986139357795, "occupation_arts,_design,_entertainment,_sports,_and_media_occupations": 0.015633706072724143, "occupation_community_and_social_service_occupations": 0.020890519091317748, "occupation_educational_instruction,_and_library_occupations": 0.06582427350927544, "occupation_legal_occupations": 0.014849205179555966, "occupation_health_diagnosing_and_treating_practitioners_and_other_technical_occupations": 0.0460639993985521, "occupation_health_technologists_and_technicians": 0.021353946933073832, "occupation_business_and_financial_operations_occupations": 0.05627926161829547, "occupation_management_occupations": 0.10547618097309966, "occupation_construction_and_extraction_occupations": 0.06572808659627234, "occupation_farming,_fishing,_and_forestry_occupations": 0.003289499720278259, "occupation_installation,_maintenance,_and_repair_occupations": 0.03522871498116987, "occupation_material_moving_occupations": 0.03105210972931402, "occupation_transportation_occupations": 0.03605782950797392, "occupation_office_and_administrative_support_occupations": 0.1098710239683988, "occupation_sales_and_related_occupations": 0.10982992800614398, "occupation_building_and_grounds_cleaning_and_maintenance_occupations": 0.027430405864231507, "occupation_food_preparation_and_serving_related_occupations": 0.050926106735827086, "occupation_healthcare_support_occupations": 0.026011589391448778, "occupation_personal_care_and_service_occupations": 0.02124483010833393, "occupation_firefighting_and_prevention,_and_other_protective_service_workers_including_supervisors": 0.009046697411023348, "occupation_law_enforcement_workers_including_supervisors": 0.01165446317855681, "2020 Presidential Election-margin": -0.33720136428291403, "2016 Presidential Election-margin": -0.35301047196739327, "2016-2020 Swing-margin": 0.01580910768447924, "park_percent_1km_v2": 0.010906657063470725, "mean_dist_Hospital_updated": 5.768350072942534, "mean_dist_Active Superfund Site_updated": 28.184218385063147, "mean_dist_Airport_updated": 28.277211236923154, "mean_dist_Public School_updated": 1.9338504441968012, "mean_high_temp_4": 77.93153743416579, "mean_high_temp_winter_4": 65.4497325462808, "mean_high_temp_spring_4": 82.21019590108362, "mean_high_temp_summer_4": 89.44661597402482, "mean_high_temp_fall_4": 74.00400201642964, "mean_high_heat_index_4": 82.30584565873856, "days_above_90_4": 0.15539828715896223, "days_below_40_4": 0.0021490925418136096, "wind_speed_over_10mph_4": 0.08643436414576854, "snowfall_4": 0.0011268949235081968, "rainfall_4": 1.398475163968221, "hours_sunny_4": 5.531354782461992, "internet_no_access": 0.08707121322214478, "insurance_coverage_none": 0.09477388290151531, "insurance_coverage_govt": 0.1790240530227465, "insurance_coverage_private": 0.7262020640757382, "marriage_divorced": 0.10956227283052669}