{"population": 1214857.0, "ad_1": 801.6536439104024, "population_change_2010": 0.0027105259031028257, "ad_1_change_2010": -0.013566195644643921, "gpw_population": NaN, "gpw_pw_density_4": NaN, "white": 0.7083055865834416, "hispanic": 0.1614206445696901, "black": 0.04738829343700534, "asian": 0.024121357493104126, "citizenship_citizen_by_birth": 0.9272403042670697, "citizenship_citizen_by_naturalization": 0.03082948606540836, "citizenship_not_citizen": 0.04193020966752192, "birthplace_non_us": 0.07275969573293029, "birthplace_us_not_state": 0.25991936181341196, "birthplace_us_state": 0.6673209424536578, "language_english_only": 0.8635290825378051, "language_spanish": 0.1022711272563431, "education_high_school": 0.8980741013789587, "education_ugrad": 0.261343916281096, "education_grad": 0.08931157382252339, "education_field_stem": 0.10453972076145522, "education_field_humanities": 0.1026463752366682, "education_field_business": 0.05415782028297258, "generation_silent": 0.07006132291104678, "generation_boomer": 0.227073509243739, "generation_genx": 0.17118770411798379, "generation_millenial": 0.18874195368452265, "generation_genz": 0.20848224765560328, "generation_genalpha": 0.13445326238710448, "poverty_below_line": 0.12234569427206708, "household_income_under_50k": 0.4234689965409716, "household_income_over_100k": 0.2433503160836301, "individual_income_under_50k": 0.7060921670473859, "individual_income_over_100k": 0.067640655450497, "housing_per_pop": 0.5756325978108036, "vacancy": 0.10706531228885295, "rent_or_own_rent": 0.32654804300782114, "rent_burden_under_20": 0.32945026549677714, "rent_burden_over_40": 0.26909589118891447, "rent_1br_under_750": 0.7309356074650847, "rent_1br_over_1500": 0.02814856012853788, "rent_2br_under_750": 0.3763102903450502, "rent_2br_over_1500": 0.031939654440121645, "year_built_1969_or_earlier": 0.4952557126905243, "year_built_2010_or_later": 0.05277540340002581, "transportation_means_car": 0.9048754898046313, "transportation_means_bike": 0.004699704604811709, "transportation_means_walk": 0.02191870323413655, "transportation_means_transit": 0.003344585660283434, "transportation_means_worked_at_home": 0.05616484054018083, "transportation_commute_time_under_15": 0.4528131884633909, "transportation_commute_time_over_60": 0.03302243555112782, "vehicle_ownership_at_least_1": 0.9468855964694055, "GHLTH_cdc_2": 0.1642574707689834, "ARTHRITIS_cdc_2": 0.265388074683126, "CASTHMA_cdc_2": 0.10309664435075433, "BPHIGH_cdc_2": 0.34777910373102994, "CANCER_cdc_2": 0.06977474029280144, "KIDNEY_cdc_2": 0.030129693934061615, "COPD_cdc_2": 0.06971963457879646, "CHD_cdc_2": 0.06498381798611917, "DIABETES_cdc_2": 0.11436431582896395, "OBESITY_cdc_2": 0.3924853353639474, "STROKE_cdc_2": 0.03142891324930998, "DISABILITY_cdc_2": 0.30439219694871955, "HEARING_cdc_2": 0.07314340839459416, "VISION_cdc_2": 0.04998511763865193, "COGNITION_cdc_2": 0.14279202433163918, "MOBILITY_cdc_2": 0.14107314118424696, "SELFCARE_cdc_2": 0.03859968803873054, "INDEPLIVE_cdc_2": 0.07953876180182756, "BINGE_cdc_2": 0.16982235402356347, "CSMOKING_cdc_2": 0.18285978937589883, "LPA_cdc_2": 0.2690171344224809, "SLEEP_cdc_2": 0.3358306677802292, "heating_utility_gas": 0.649784023719052, "heating_electricity": 0.24688176257092712, "industry_agriculture,_forestry,_fishing_and_hunting": 0.041724327630450454, "industry_mining,_quarrying,_and_oil_and_gas_extraction": 0.009777590984729669, "industry_accommodation_and_food_services": 0.06491514014604027, "industry_arts,_entertainment,_and_recreation": 0.01498501669178122, "industry_construction": 0.06413949340358574, "industry_educational_services": 0.10137737093340714, "industry_health_care_and_social_assistance": 0.14508523571801996, "industry_finance_and_insurance": 0.03370988078275399, "industry_real_estate_and_rental_and_leasing": 0.012191663335144315, "industry_information": 0.013365384286832115, "industry_manufacturing": 0.1577877324804636, "industry_other_services,_except_public_administration": 0.04646192326222669, "industry_administrative_and_support_and_waste_management_services": 0.03233285154394705, "industry_management_of_companies_and_enterprises": 0.0011429684376697796, "industry_professional,_scientific,_and_technical_services": 0.03923849941399376, "industry_public_administration": 0.04127670770418815, "industry_retail_trade": 0.10374873145879676, "industry_transportation_and_warehousing": 0.039988519061433275, "industry_utilities": 0.010578864822199215, "industry_wholesale_trade": 0.02617209790233685, "occupation_architecture_and_engineering_occupations": 0.020066015396758684, "occupation_computer_and_mathematical_occupations": 0.01601351743838392, "occupation_life,_physical,_and_social_science_occupations": 0.006880020775031692, "occupation_arts,_design,_entertainment,_sports,_and_media_occupations": 0.012936557563580822, "occupation_community_and_social_service_occupations": 0.01810981381061235, "occupation_educational_instruction,_and_library_occupations": 0.06809460840090344, "occupation_legal_occupations": 0.005899357272457023, "occupation_health_diagnosing_and_treating_practitioners_and_other_technical_occupations": 0.042163405191707755, "occupation_health_technologists_and_technicians": 0.021603641097659734, "occupation_business_and_financial_operations_occupations": 0.03735405369388948, "occupation_management_occupations": 0.10159434700453429, "occupation_construction_and_extraction_occupations": 0.055417738733474796, "occupation_farming,_fishing,_and_forestry_occupations": 0.0152481215339354, "occupation_installation,_maintenance,_and_repair_occupations": 0.04260077427996405, "occupation_material_moving_occupations": 0.04004148172446431, "occupation_transportation_occupations": 0.03940422129509087, "occupation_office_and_administrative_support_occupations": 0.1115854971143891, "occupation_sales_and_related_occupations": 0.08898410778414469, "occupation_building_and_grounds_cleaning_and_maintenance_occupations": 0.039011272504860604, "occupation_food_preparation_and_serving_related_occupations": 0.053470079512333464, "occupation_healthcare_support_occupations": 0.034813554341400745, "occupation_personal_care_and_service_occupations": 0.02410484557112544, "occupation_firefighting_and_prevention,_and_other_protective_service_workers_including_supervisors": 0.00804861630771649, "occupation_law_enforcement_workers_including_supervisors": 0.009693875807680611, "2020 Presidential Election-margin": -0.32056894626722837, "2016 Presidential Election-margin": -0.3629633902476542, "2016-2020 Swing-margin": 0.042394443980425855, "park_percent_1km_v2": 0.019910506698033365, "mean_dist_Hospital_updated": 6.543024914228677, "mean_dist_Active Superfund Site_updated": 35.275440024798, "mean_dist_Airport_updated": 39.95570407844729, "mean_dist_Public School_updated": 2.092890047257254, "mean_high_temp_4": 68.77260635423418, "mean_high_temp_winter_4": 48.81390643499613, "mean_high_temp_spring_4": 74.72078473406926, "mean_high_temp_summer_4": 89.10954727704058, "mean_high_temp_fall_4": 61.38678484537011, "mean_high_heat_index_4": 68.82019965554113, "days_above_90_4": 0.15069547651584927, "days_below_40_4": 0.08970884744938142, "wind_speed_over_10mph_4": 0.38228279800870857, "snowfall_4": 0.04968051509928226, "rainfall_4": 0.7320246551279985, "hours_sunny_4": 6.490783809851804, "internet_no_access": 0.11882955339342614, "insurance_coverage_none": 0.14122944668076687, "insurance_coverage_govt": 0.11657312170962401, "insurance_coverage_private": 0.7421974316096092, "marriage_divorced": 0.12246013932652954}