{"population": 674046.0, "ad_1": 1160.7930458116157, "population_change_2010": 0.02727268570801538, "ad_1_change_2010": -0.010261270042046957, "gpw_population": NaN, "gpw_pw_density_4": NaN, "white": 0.7001985027728078, "hispanic": 0.03923471098411681, "black": 0.17586188479718, "asian": 0.027986220525008678, "citizenship_citizen_by_birth": 0.948125193447941, "citizenship_citizen_by_naturalization": 0.02753768271615336, "citizenship_not_citizen": 0.024337123835905663, "birthplace_non_us": 0.05187480655205902, "birthplace_us_not_state": 0.26404931924399466, "birthplace_us_state": 0.6840758742039463, "language_english_only": 0.9360575445010707, "language_spanish": 0.01998639268025635, "education_high_school": 0.9202293351823319, "education_ugrad": 0.3129895840109852, "education_grad": 0.13216119203156992, "education_field_stem": 0.14497491045979483, "education_field_humanities": 0.10227004033868599, "education_field_business": 0.06574463321250437, "generation_silent": 0.07046388105655545, "generation_boomer": 0.23268951586574996, "generation_genx": 0.17758135579036993, "generation_millenial": 0.1994015330213298, "generation_genz": 0.19863244045286424, "generation_genalpha": 0.1212312738131306, "poverty_below_line": 0.1392818515699332, "household_income_under_50k": 0.4137602936784949, "household_income_over_100k": 0.27804659986551167, "individual_income_under_50k": 0.6682988186589016, "individual_income_over_100k": 0.09599040578733883, "housing_per_pop": 0.5872717998690561, "vacancy": 0.08371089116611896, "rent_or_own_rent": 0.3725861369966301, "rent_burden_under_20": 0.3149608445562802, "rent_burden_over_40": 0.28616930719877887, "rent_1br_under_750": 0.6521067033510185, "rent_1br_over_1500": 0.030271917690286358, "rent_2br_under_750": 0.2767576337877258, "rent_2br_over_1500": 0.04351130841509486, "year_built_1969_or_earlier": 0.5427480189930357, "year_built_2010_or_later": 0.034118922363585345, "transportation_means_car": 0.8769505479036994, "transportation_means_bike": 0.002377219013500949, "transportation_means_walk": 0.02204979837440331, "transportation_means_transit": 0.016544512881178784, "transportation_means_worked_at_home": 0.07614874375019329, "transportation_commute_time_under_15": 0.3011205978766841, "transportation_commute_time_over_60": 0.04336391311085112, "vehicle_ownership_at_least_1": 0.9217139712544029, "GHLTH_cdc_2": 0.1866675544972262, "ARTHRITIS_cdc_2": 0.2935714441889171, "CASTHMA_cdc_2": 0.10961604773613146, "BPHIGH_cdc_2": 0.35638901091037745, "CANCER_cdc_2": 0.07117583020439318, "KIDNEY_cdc_2": 0.03229764519508089, "COPD_cdc_2": 0.0853044629387059, "CHD_cdc_2": 0.06796010924291243, "DIABETES_cdc_2": 0.12706363558663405, "OBESITY_cdc_2": 0.399212483030179, "STROKE_cdc_2": 0.03495066179817491, "DISABILITY_cdc_2": 0.3156267792223797, "HEARING_cdc_2": 0.06336354077428101, "VISION_cdc_2": 0.05485193769019617, "COGNITION_cdc_2": 0.1468205860079229, "MOBILITY_cdc_2": 0.16089444423463375, "SELFCARE_cdc_2": 0.04367212218668692, "INDEPLIVE_cdc_2": 0.09153421096046702, "BINGE_cdc_2": 0.16669206060834946, "CSMOKING_cdc_2": 0.1856713569297494, "LPA_cdc_2": 0.28633118730110774, "SLEEP_cdc_2": 0.37461536794944933, "heating_utility_gas": 0.6675167523506786, "heating_electricity": 0.29746899230007096, "industry_agriculture,_forestry,_fishing_and_hunting": 0.00250119983913756, "industry_mining,_quarrying,_and_oil_and_gas_extraction": 0.0008968242880641688, "industry_accommodation_and_food_services": 0.07638721144714004, "industry_arts,_entertainment,_and_recreation": 0.015049596211499292, "industry_construction": 0.04637035433859521, "industry_educational_services": 0.08458334025021212, "industry_health_care_and_social_assistance": 0.16588907639385708, "industry_finance_and_insurance": 0.043260028148486826, "industry_real_estate_and_rental_and_leasing": 0.018154573390666756, "industry_information": 0.015985039448222278, "industry_manufacturing": 0.13224259541976927, "industry_other_services,_except_public_administration": 0.038770781292268776, "industry_administrative_and_support_and_waste_management_services": 0.03828925133059139, "industry_management_of_companies_and_enterprises": 0.0028857607453061165, "industry_professional,_scientific,_and_technical_services": 0.07720959643321085, "industry_public_administration": 0.061080096561953956, "industry_retail_trade": 0.10796688476663698, "industry_transportation_and_warehousing": 0.046399858479867453, "industry_utilities": 0.005057615137149159, "industry_wholesale_trade": 0.021020316077364588, "occupation_architecture_and_engineering_occupations": 0.02862387642341503, "occupation_computer_and_mathematical_occupations": 0.03941007439416194, "occupation_life,_physical,_and_social_science_occupations": 0.009968841480518763, "occupation_arts,_design,_entertainment,_sports,_and_media_occupations": 0.016897622618645528, "occupation_community_and_social_service_occupations": 0.020891280340101133, "occupation_educational_instruction,_and_library_occupations": 0.05651702220866359, "occupation_legal_occupations": 0.009466781478382768, "occupation_health_diagnosing_and_treating_practitioners_and_other_technical_occupations": 0.049090233112900956, "occupation_health_technologists_and_technicians": 0.026180783413800094, "occupation_business_and_financial_operations_occupations": 0.053832627300402086, "occupation_management_occupations": 0.10053368277584651, "occupation_construction_and_extraction_occupations": 0.03343992555208033, "occupation_farming,_fishing,_and_forestry_occupations": 0.0011462580652179801, "occupation_installation,_maintenance,_and_repair_occupations": 0.02475986881992975, "occupation_material_moving_occupations": 0.044345106544217354, "occupation_transportation_occupations": 0.03900870585783368, "occupation_office_and_administrative_support_occupations": 0.11245302620987425, "occupation_sales_and_related_occupations": 0.09201562967941639, "occupation_building_and_grounds_cleaning_and_maintenance_occupations": 0.03127165679210921, "occupation_food_preparation_and_serving_related_occupations": 0.05917611641071192, "occupation_healthcare_support_occupations": 0.03774703679477847, "occupation_personal_care_and_service_occupations": 0.02337062089906669, "occupation_firefighting_and_prevention,_and_other_protective_service_workers_including_supervisors": 0.01106338649116125, "occupation_law_enforcement_workers_including_supervisors": 0.007749133635968451, "2020 Presidential Election-margin": -0.02450917977312678, "2016 Presidential Election-margin": -0.06058986589411168, "2016-2020 Swing-margin": 0.0360806861209849, "park_percent_1km_v2": 0.02810911455836993, "mean_dist_Hospital_updated": 4.4377445024082, "mean_dist_Active Superfund Site_updated": 5.824667205213735, "mean_dist_Airport_updated": 21.04365865553492, "mean_dist_Public School_updated": 1.1102690692836668, "mean_high_temp_4": 62.64111884927959, "mean_high_temp_winter_4": 41.47799860633154, "mean_high_temp_spring_4": 69.64774239027156, "mean_high_temp_summer_4": 82.14895275273014, "mean_high_temp_fall_4": 56.25562265267636, "mean_high_heat_index_4": 62.25595459388151, "days_above_90_4": 0.024575224151572154, "days_below_40_4": 0.1569001392801039, "wind_speed_over_10mph_4": 0.1972492372308056, "snowfall_4": 0.08093977062493249, "rainfall_4": 0.9915289726015643, "hours_sunny_4": 4.603346129654766, "internet_no_access": 0.09635727164693646, "insurance_coverage_none": 0.0870549872621742, "insurance_coverage_govt": 0.20804451941738433, "insurance_coverage_private": 0.7049004933204415, "marriage_divorced": 0.12785308666518005}