{"population": 775568.0, "ad_1": 1309.2158480892074, "population_change_2010": 0.03776574107773662, "ad_1_change_2010": 0.03731167576962008, "gpw_population": NaN, "gpw_pw_density_4": NaN, "white": 0.6830000722051451, "hispanic": 0.05329513337321808, "black": 0.1294431951808223, "asian": 0.08667840859860128, "citizenship_citizen_by_birth": 0.8559943515323319, "citizenship_citizen_by_naturalization": 0.07930921905499787, "citizenship_not_citizen": 0.06469642941267023, "birthplace_non_us": 0.14400564846766808, "birthplace_us_not_state": 0.16475956229970468, "birthplace_us_state": 0.6912347892326273, "language_english_only": 0.823301384276091, "language_spanish": 0.03103580682725323, "education_high_school": 0.9404110716720651, "education_ugrad": 0.4790856005393888, "education_grad": 0.20810998373411088, "education_field_stem": 0.23369407699289085, "education_field_humanities": 0.143249631155409, "education_field_business": 0.10214189239108895, "generation_silent": 0.06789597868116073, "generation_boomer": 0.24507812352539313, "generation_genx": 0.19372272768430837, "generation_millenial": 0.21324949315648448, "generation_genz": 0.17538576256159344, "generation_genalpha": 0.10466791439105991, "poverty_below_line": 0.08698138187315071, "household_income_under_50k": 0.3065278763700741, "household_income_over_100k": 0.409028507724149, "individual_income_under_50k": 0.5638067269226941, "individual_income_over_100k": 0.17482503605265598, "housing_per_pop": 0.5558299215626578, "vacancy": 0.055925206270864926, "rent_or_own_rent": 0.31033686169349983, "rent_burden_under_20": 0.3400080512649066, "rent_burden_over_40": 0.2776017339635791, "rent_1br_under_750": 0.31735316395948276, "rent_1br_over_1500": 0.06369195591483132, "rent_2br_under_750": 0.0811099288375373, "rent_2br_over_1500": 0.24028967680761065, "year_built_1969_or_earlier": 0.49335946708295364, "year_built_2010_or_later": 0.029631578133052134, "transportation_means_car": 0.8525707510460181, "transportation_means_bike": 0.0025297083223254626, "transportation_means_walk": 0.01208614890907064, "transportation_means_transit": 0.0034446207318659565, "transportation_means_worked_at_home": 0.12288804813544922, "transportation_commute_time_under_15": 0.21807511828162793, "transportation_commute_time_over_60": 0.04863866783422577, "vehicle_ownership_at_least_1": 0.9395578161968441, "GHLTH_cdc_2": 0.12452556362868526, "ARTHRITIS_cdc_2": 0.24539423373152824, "CASTHMA_cdc_2": 0.10496299071955471, "BPHIGH_cdc_2": 0.30347379079017056, "CANCER_cdc_2": 0.06853145174410756, "KIDNEY_cdc_2": 0.027665711852731346, "COPD_cdc_2": 0.055451576221844524, "CHD_cdc_2": 0.052514521248792786, "DIABETES_cdc_2": 0.0806251994724581, "OBESITY_cdc_2": 0.3092094971390198, "STROKE_cdc_2": 0.027356002520016475, "DISABILITY_cdc_2": 0.21966778705860768, "HEARING_cdc_2": 0.05675359223502615, "VISION_cdc_2": 0.03838544309712794, "COGNITION_cdc_2": 0.10162907295932319, "MOBILITY_cdc_2": 0.10310838147787889, "SELFCARE_cdc_2": 0.030520729558616344, "INDEPLIVE_cdc_2": 0.06389641105345688, "BINGE_cdc_2": 0.1721593546957807, "CSMOKING_cdc_2": 0.1343870406075732, "LPA_cdc_2": 0.19430041850273636, "SLEEP_cdc_2": 0.3364951953532004, "heating_utility_gas": 0.8553390565335622, "heating_electricity": 0.12041779493722725, "industry_agriculture,_forestry,_fishing_and_hunting": 0.001598542041676308, "industry_mining,_quarrying,_and_oil_and_gas_extraction": 0.00048004997288145224, "industry_accommodation_and_food_services": 0.0575354132808272, "industry_arts,_entertainment,_and_recreation": 0.020582237792334854, "industry_construction": 0.04731909930469318, "industry_educational_services": 0.06945430633963746, "industry_health_care_and_social_assistance": 0.1434779910729155, "industry_finance_and_insurance": 0.061379746195453326, "industry_real_estate_and_rental_and_leasing": 0.02205393249915014, "industry_information": 0.017556627033636838, "industry_manufacturing": 0.18807749310678418, "industry_other_services,_except_public_administration": 0.04100119817058373, "industry_administrative_and_support_and_waste_management_services": 0.03713182849503212, "industry_management_of_companies_and_enterprises": 0.0020854467508153516, "industry_professional,_scientific,_and_technical_services": 0.11536480378546274, "industry_public_administration": 0.025928169342473724, "industry_retail_trade": 0.09556238914663696, "industry_transportation_and_warehousing": 0.026204635443455443, "industry_utilities": 0.0050163025585796455, "industry_wholesale_trade": 0.02218978766696985, "occupation_architecture_and_engineering_occupations": 0.06236829525910691, "occupation_computer_and_mathematical_occupations": 0.05339878016215715, "occupation_life,_physical,_and_social_science_occupations": 0.008281757881996036, "occupation_arts,_design,_entertainment,_sports,_and_media_occupations": 0.02655142600663672, "occupation_community_and_social_service_occupations": 0.014019220446398533, "occupation_educational_instruction,_and_library_occupations": 0.05107032344041897, "occupation_legal_occupations": 0.021422152337908857, "occupation_health_diagnosing_and_treating_practitioners_and_other_technical_occupations": 0.05827286451240175, "occupation_health_technologists_and_technicians": 0.01658108332486955, "occupation_business_and_financial_operations_occupations": 0.07699658821406806, "occupation_management_occupations": 0.12851498933194785, "occupation_construction_and_extraction_occupations": 0.03206843109242957, "occupation_farming,_fishing,_and_forestry_occupations": 0.0008382598511229419, "occupation_installation,_maintenance,_and_repair_occupations": 0.01822592794964708, "occupation_material_moving_occupations": 0.026108519975778826, "occupation_transportation_occupations": 0.021912358512193007, "occupation_office_and_administrative_support_occupations": 0.09999897619729038, "occupation_sales_and_related_occupations": 0.09878711288850611, "occupation_building_and_grounds_cleaning_and_maintenance_occupations": 0.02706642108976143, "occupation_food_preparation_and_serving_related_occupations": 0.04584827823894177, "occupation_healthcare_support_occupations": 0.024369046903081962, "occupation_personal_care_and_service_occupations": 0.025089413883669254, "occupation_firefighting_and_prevention,_and_other_protective_service_workers_including_supervisors": 0.007075416899516327, "occupation_law_enforcement_workers_including_supervisors": 0.005412137003907134, "2020 Presidential Election-margin": 0.19837327601995605, "2016 Presidential Election-margin": 0.13887551424365774, "2016-2020 Swing-margin": 0.059497761776298314, "park_percent_1km_v2": 0.03496969573724294, "mean_dist_Hospital_updated": 4.153995497063091, "mean_dist_Active Superfund Site_updated": 16.439027798289075, "mean_dist_Airport_updated": 37.004979592711024, "mean_dist_Public School_updated": 0.9550691415712158, "mean_high_temp_4": 57.957974917002716, "mean_high_temp_winter_4": 35.17488120677836, "mean_high_temp_spring_4": 64.81240964149839, "mean_high_temp_summer_4": 79.42000272257378, "mean_high_temp_fall_4": 51.310346248072406, "mean_high_heat_index_4": 56.92744004214759, "days_above_90_4": 0.016558763241503544, "days_below_40_4": 0.2441074809362043, "wind_speed_over_10mph_4": 0.2354898682732029, "snowfall_4": 0.12494931297467661, "rainfall_4": 0.7765574833635056, "hours_sunny_4": 4.200678820022134, "internet_no_access": 0.0677271886938031, "insurance_coverage_none": 0.06159059392599458, "insurance_coverage_govt": 0.1435734775771541, "insurance_coverage_private": 0.7948359284968513, "marriage_divorced": 0.1062387819299105}