{"population": 909225.0, "ad_1": 1786.4705893560808, "population_change_2010": 0.08288641081617996, "ad_1_change_2010": 0.045345774853562955, "population_change_2000": 0.37418026778548746, "ad_1_change_2000": 0.13959309750269566, "gpw_population": NaN, "gpw_pw_density_4": NaN, "white": 0.3075124419148176, "hispanic": 0.5489873243696555, "black": 0.051446011713272295, "asian": 0.048675520360746787, "homogeneity_250_2020": 0.5454991958309767, "homogeneity_250_diff_2010": -0.020403454745007155, "homogeneity_250_diff_2000": -0.03336098070213467, "citizenship_citizen_by_birth": 0.8034546169924409, "citizenship_citizen_by_naturalization": 0.07603871675121229, "citizenship_not_citizen": 0.12050666625634679, "birthplace_non_us": 0.19654538300755706, "birthplace_us_not_state": 0.12735106527902768, "birthplace_us_state": 0.6761035517134152, "language_english_only": 0.5564976632710479, "language_spanish": 0.3924352764057781, "education_high_school": 0.7681979606083069, "education_ugrad": 0.16969592086888896, "education_grad": 0.05828322407292002, "education_field_stem": 0.07839781690137594, "education_field_humanities": 0.06034676575666489, "education_field_business": 0.03095133821084788, "generation_silent": 0.04164583938594006, "generation_boomer": 0.17250741476021217, "generation_genx": 0.17336749749560673, "generation_millenial": 0.22224573934849765, "generation_genz": 0.2345411476595637, "generation_genalpha": 0.15569236135017975, "poverty_below_line": 0.19351250971754097, "household_income_under_50k": 0.43273471953552056, "household_income_over_100k": 0.2690677550192879, "individual_income_under_50k": 0.7196216837209378, "individual_income_over_100k": 0.08550771399168036, "housing_per_pop": 0.46149868580748804, "vacancy": 0.06461351251608356, "rent_or_own_rent": 0.40730619452408856, "rent_burden_under_20": 0.22519519794463425, "rent_burden_over_40": 0.3722202913417193, "rent_1br_under_750": 0.5003309450646665, "rent_1br_over_1500": 0.05841154616812529, "rent_2br_under_750": 0.1849196016844549, "rent_2br_over_1500": 0.08423424176669013, "year_built_1969_or_earlier": 0.291802054284967, "year_built_2010_or_later": 0.06349116458442233, "transportation_means_car": 0.9172662402678821, "transportation_means_bike": 0.003650836426665851, "transportation_means_walk": 0.00934626498441472, "transportation_means_transit": 0.005656631933806371, "transportation_means_worked_at_home": 0.054420461549246235, "transportation_commute_time_under_15": 0.27821586344240584, "transportation_commute_time_over_60": 0.06606198098380789, "vehicle_ownership_at_least_1": 0.9349827257465427, "traffic_fatalities_last_decade_per_capita": 0.00018213313536253405, "traffic_fatalities_ped_last_decade_per_capita": 4.366355962495532e-05, "GHLTH_cdc_2": 0.23205671932371147, "ARTHRITIS_cdc_2": 0.20065551020408046, "CASTHMA_cdc_2": 0.1059762462641968, "BPHIGH_cdc_2": 0.2898030364614473, "CANCER_cdc_2": 0.05065792331995544, "KIDNEY_cdc_2": 0.030169459482537932, "COPD_cdc_2": 0.06768881393561621, "CHD_cdc_2": 0.05364205447869474, "DIABETES_cdc_2": 0.11810239603791456, "OBESITY_cdc_2": 0.36360737084792233, "STROKE_cdc_2": 0.0308142737597135, "DISABILITY_cdc_2": 0.34464315771497006, "HEARING_cdc_2": 0.06658550081120249, "VISION_cdc_2": 0.08030310648108645, "COGNITION_cdc_2": 0.18204712150969138, "MOBILITY_cdc_2": 0.1471462915207939, "SELFCARE_cdc_2": 0.055270101613866834, "INDEPLIVE_cdc_2": 0.10463217317052352, "BINGE_cdc_2": 0.1656265015797112, "CSMOKING_cdc_2": 0.1724691657416093, "LPA_cdc_2": 0.27100735206216114, "SLEEP_cdc_2": 0.3481075108872005, "heating_utility_gas": 0.6100418658803366, "heating_electricity": 0.30236932645569115, "industry_agriculture,_forestry,_fishing_and_hunting": 0.11626560800334985, "industry_mining,_quarrying,_and_oil_and_gas_extraction": 0.0276532015241338, "industry_accommodation_and_food_services": 0.06925852155777287, "industry_arts,_entertainment,_and_recreation": 0.013046503876944966, "industry_construction": 0.07204114061374028, "industry_educational_services": 0.09915676191689735, "industry_health_care_and_social_assistance": 0.120070099037984, "industry_finance_and_insurance": 0.020507313370796396, "industry_real_estate_and_rental_and_leasing": 0.014441650494299168, "industry_information": 0.009309166521878381, "industry_manufacturing": 0.05426967504114732, "industry_other_services,_except_public_administration": 0.04542567329417964, "industry_administrative_and_support_and_waste_management_services": 0.03922179211982184, "industry_management_of_companies_and_enterprises": 0.000915867384591115, "industry_professional,_scientific,_and_technical_services": 0.039381275954682535, "industry_public_administration": 0.06667010476438667, "industry_retail_trade": 0.10222479334219722, "industry_transportation_and_warehousing": 0.05533185338201529, "industry_utilities": 0.009429359423161497, "industry_wholesale_trade": 0.025379638376020013, "occupation_architecture_and_engineering_occupations": 0.018015269984854494, "occupation_computer_and_mathematical_occupations": 0.01732085527460479, "occupation_life,_physical,_and_social_science_occupations": 0.008599040361487646, "occupation_arts,_design,_entertainment,_sports,_and_media_occupations": 0.010434390671977307, "occupation_community_and_social_service_occupations": 0.01857591582084411, "occupation_educational_instruction,_and_library_occupations": 0.0620503722445942, "occupation_legal_occupations": 0.005324775382957758, "occupation_health_diagnosing_and_treating_practitioners_and_other_technical_occupations": 0.02696832876587892, "occupation_health_technologists_and_technicians": 0.014726890548471892, "occupation_business_and_financial_operations_occupations": 0.02780506656726957, "occupation_management_occupations": 0.07392574228947782, "occupation_construction_and_extraction_occupations": 0.06580580884559256, "occupation_farming,_fishing,_and_forestry_occupations": 0.08899698930029018, "occupation_installation,_maintenance,_and_repair_occupations": 0.03722680412164916, "occupation_material_moving_occupations": 0.052908416046277155, "occupation_transportation_occupations": 0.04782931592589188, "occupation_office_and_administrative_support_occupations": 0.10454741092394641, "occupation_sales_and_related_occupations": 0.08528652695609909, "occupation_building_and_grounds_cleaning_and_maintenance_occupations": 0.03897294441206797, "occupation_food_preparation_and_serving_related_occupations": 0.05243585095064796, "occupation_healthcare_support_occupations": 0.040993995078217535, "occupation_personal_care_and_service_occupations": 0.02712157233029624, "occupation_firefighting_and_prevention,_and_other_protective_service_workers_including_supervisors": 0.01246783572143424, "occupation_law_enforcement_workers_including_supervisors": 0.016619652577866375, "sors_cohabiting_partnered_gay": 0.004383783320341033, "2020 Presidential Election-margin": -0.10199964169337508, "2016 Presidential Election-margin": -0.12766150858417674, "2016-2020 Swing-margin": 0.02566186689080166, "park_percent_1km_v2": 0.017834683680340958, "mean_dist_Hospital_updated": 8.25090499541342, "mean_dist_Active Superfund Site_updated": 32.000197718805644, "mean_dist_Airport_updated": 27.684834627606662, "mean_dist_Public School_updated": 1.175281782712336, "lapop1share_usda_fra_1": 0.705104567935983, "mean_high_temp_4": 76.3517273058321, "mean_high_temp_winter_4": 62.226164397467855, "mean_high_temp_spring_4": 78.7324727324802, "mean_high_temp_summer_4": 92.85686654314762, "mean_high_temp_fall_4": 70.7846741982451, "mean_high_heat_index_4": 75.30816319141397, "days_above_90_4": 0.22939255745431353, "days_below_40_4": 0.0010993016011976659, "wind_speed_over_10mph_4": 0.011156681092018034, "snowfall_4": 0.007097010354007425, "rainfall_4": 0.2615171344036393, "hours_sunny_4": 8.48444829503932, "internet_no_access": 0.11899968003062848, "insurance_coverage_none": 0.11246988002457212, "insurance_coverage_govt": 0.3431015109928812,