{"population": 736714.0, "ad_1": 709.785756051632, "population_change_2010": 0.057940795501216315, "ad_1_change_2010": 0.002799963022615523, "population_change_2000": 0.13599622523970037, "ad_1_change_2000": -0.05341330205790015, "gpw_population": NaN, "gpw_pw_density_4": NaN, "white": 0.8378163032058573, "hispanic": 0.06159242256832367, "black": 0.016669969621861402, "asian": 0.023357775201774365, "homogeneity_250_2020": 0.7587522411489659, "homogeneity_250_diff_2010": -0.07398463868058747, "homogeneity_250_diff_2000": -0.13025840959571644, "citizenship_citizen_by_birth": 0.9625092502921618, "citizenship_citizen_by_naturalization": 0.01732306769721456, "citizenship_not_citizen": 0.020167682010623654, "birthplace_non_us": 0.03749074970783873, "birthplace_us_not_state": 0.1834459250419203, "birthplace_us_state": 0.7790633252502409, "language_english_only": 0.9324676279623374, "language_spanish": 0.03895010123791071, "education_high_school": 0.9342239021153719, "education_ugrad": 0.26946133460766064, "education_grad": 0.08098805101342305, "education_field_stem": 0.11212327165024763, "education_field_humanities": 0.09983336485349617, "education_field_business": 0.05750469810391938, "generation_silent": 0.06895631795390726, "generation_boomer": 0.2497353984740883, "generation_genx": 0.18669029210610916, "generation_millenial": 0.18780664752052784, "generation_genz": 0.1860075641196351, "generation_genalpha": 0.1208037798257324, "poverty_below_line": 0.08623635423925749, "household_income_under_50k": 0.35014374549689825, "household_income_over_100k": 0.3010314428388803, "individual_income_under_50k": 0.6516057354925145, "individual_income_over_100k": 0.07745984115539094, "housing_per_pop": 0.6015498373055491, "vacancy": 0.12608815707247598, "rent_or_own_rent": 0.2792050003299786, "rent_burden_under_20": 0.38856573066875677, "rent_burden_over_40": 0.2358285862047026, "rent_1br_under_750": 0.6789672770731849, "rent_1br_over_1500": 0.02307417108301992, "rent_2br_under_750": 0.2982731274408501, "rent_2br_over_1500": 0.0229485586269759, "year_built_1969_or_earlier": 0.37177366755491326, "year_built_2010_or_later": 0.06565864337314893, "transportation_means_car": 0.8878356759999969, "transportation_means_bike": 0.0032833125395474766, "transportation_means_walk": 0.022151732859554973, "transportation_means_transit": 0.003981714188458653, "transportation_means_worked_at_home": 0.07621879632341096, "transportation_commute_time_under_15": 0.36787384508712423, "transportation_commute_time_over_60": 0.037630318308400246, "vehicle_ownership_at_least_1": 0.9555905420286208, "GHLTH_cdc_2": 0.13429800120105878, "ARTHRITIS_cdc_2": 0.27419186272299845, "CASTHMA_cdc_2": 0.10328791532715616, "BPHIGH_cdc_2": 0.2916849395775876, "CANCER_cdc_2": 0.070821104558533, "KIDNEY_cdc_2": 0.02846658912188165, "COPD_cdc_2": 0.058483648343237354, "CHD_cdc_2": 0.05578397967669863, "DIABETES_cdc_2": 0.0858034921675353, "OBESITY_cdc_2": 0.3551804640183928, "STROKE_cdc_2": 0.02848675708085579, "DISABILITY_cdc_2": 0.23079902513322503, "HEARING_cdc_2": 0.06369407634877773, "VISION_cdc_2": 0.03855315448777847, "COGNITION_cdc_2": 0.11389279307098313, "MOBILITY_cdc_2": 0.10697108362523146, "SELFCARE_cdc_2": 0.0325395108995266, "INDEPLIVE_cdc_2": 0.06527852470413929, "BINGE_cdc_2": 0.235587284296993, "CSMOKING_cdc_2": 0.15341837243093437, "LPA_cdc_2": 0.20538152792275643, "SLEEP_cdc_2": 0.307718192271909, "heating_utility_gas": 0.639505609984054, "heating_electricity": 0.14756356846026458, "industry_agriculture,_forestry,_fishing_and_hunting": 0.023204452668153113, "industry_mining,_quarrying,_and_oil_and_gas_extraction": 0.0007934910862864729, "industry_accommodation_and_food_services": 0.05988604583965046, "industry_arts,_entertainment,_and_recreation": 0.020132004525454418, "industry_construction": 0.06781964681826848, "industry_educational_services": 0.07177140072195078, "industry_health_care_and_social_assistance": 0.13571493143453933, "industry_finance_and_insurance": 0.05185823216022431, "industry_real_estate_and_rental_and_leasing": 0.011128421882349974, "industry_information": 0.01312010013958822, "industry_manufacturing": 0.21003935191608214, "industry_other_services,_except_public_administration": 0.04313483442849536, "industry_administrative_and_support_and_waste_management_services": 0.03360818014616607, "industry_management_of_companies_and_enterprises": 0.001264274404612288, "industry_professional,_scientific,_and_technical_services": 0.042372663241375896, "industry_public_administration": 0.029274295410547414, "industry_retail_trade": 0.1034496936295762, "industry_transportation_and_warehousing": 0.043904876386447425, "industry_utilities": 0.008628390624513527, "industry_wholesale_trade": 0.02889471253571802, "occupation_architecture_and_engineering_occupations": 0.021210410280848434, "occupation_computer_and_mathematical_occupations": 0.02640761135692766, "occupation_life,_physical,_and_social_science_occupations": 0.0073836016970164715, "occupation_arts,_design,_entertainment,_sports,_and_media_occupations": 0.016642292818684398, "occupation_community_and_social_service_occupations": 0.015997743716407775, "occupation_educational_instruction,_and_library_occupations": 0.0528941477136335, "occupation_legal_occupations": 0.005770745496991332, "occupation_health_diagnosing_and_treating_practitioners_and_other_technical_occupations": 0.039083311832235464, "occupation_health_technologists_and_technicians": 0.019853385350896594, "occupation_business_and_financial_operations_occupations": 0.052349322761726054, "occupation_management_occupations": 0.09691784228156708, "occupation_construction_and_extraction_occupations": 0.049442861183269356, "occupation_farming,_fishing,_and_forestry_occupations": 0.010892630168235558, "occupation_installation,_maintenance,_and_repair_occupations": 0.037329212433705496, "occupation_material_moving_occupations": 0.04540449763525941, "occupation_transportation_occupations": 0.03675251561706667, "occupation_office_and_administrative_support_occupations": 0.10793019613782677, "occupation_sales_and_related_occupations": 0.09123443032579298, "occupation_building_and_grounds_cleaning_and_maintenance_occupations": 0.029903530827541932, "occupation_food_preparation_and_serving_related_occupations": 0.04832729996220967, "occupation_healthcare_support_occupations": 0.03527654107644364, "occupation_personal_care_and_service_occupations": 0.02351637680247391, "occupation_firefighting_and_prevention,_and_other_protective_service_workers_including_supervisors": 0.00835756022183561, "occupation_law_enforcement_workers_including_supervisors": 0.006697577749306541, "sors_cohabiting_partnered_gay": 0.004564299789147202, "2020 Presidential Election-margin": -0.15471027341564678, "2016 Presidential Election-margin": -0.1713679186390328, "2016-2020 Swing-margin": 0.01665764522338603, "park_percent_1km_v2": 0.022610460260348, "mean_dist_Hospital_updated": 9.191950741640893, "mean_dist_Active Superfund Site_updated": 22.546780583202434, "mean_dist_Airport_updated": 34.02890094702788, "mean_dist_Public School_updated": 2.5400422721812443, "lapop1share_usda_fra_1": 0.4705417805894825, "mean_high_temp_4": 54.59307188589357, "mean_high_temp_winter_4": 30.093366322806396, "mean_high_temp_spring_4": 61.74365906200949, "mean_high_temp_summer_4": 77.651354647443, "mean_high_temp_fall_4": 47.69338680005005, "mean_high_heat_index_4": 53.17476887970191, "days_above_90_4": 0.010107041388230792, "days_below_40_4": 0.3043548947777847, "wind_speed_over_10mph_4": 0.2835291660007935, "snowfall_4": 0.14226089153119492, "rainfall_4": 0.678234081601895, "hours_sunny_4": 4.483809192914026, "internet_no_access": 0.10340788872320694, "insurance_coverage_none": 0.06659271487567109, "insurance_coverage_govt": 0.1415469108050431, "insurance_coverage_private": 0.7918603743192858, "marriage_divorced": 0.11328319092125909}