{"population": 492401.0, "ad_1": 1260.885528730218, "population_change_2010": 0.14341677503250974, "ad_1_change_2010": 0.012935935623125786, "gpw_population": NaN, "gpw_pw_density_4": NaN, "white": 0.7357011866344707, "hispanic": 0.09759322178468362, "black": 0.07105996941517179, "asian": 0.049376422874852, "citizenship_citizen_by_birth": 0.905637683560694, "citizenship_citizen_by_naturalization": 0.04322203607904744, "citizenship_not_citizen": 0.05114028036025864, "birthplace_non_us": 0.09436231643930608, "birthplace_us_not_state": 0.22896224157293027, "birthplace_us_state": 0.6766754419877636, "language_english_only": 0.8618389981482173, "language_spanish": 0.05854532913625211, "education_high_school": 0.9275733678547251, "education_ugrad": 0.3667175382130429, "education_grad": 0.11468366607679426, "education_field_stem": 0.13706219788833596, "education_field_humanities": 0.13538462452048125, "education_field_business": 0.0942707158042257, "generation_silent": 0.04994569119460962, "generation_boomer": 0.19866999678851885, "generation_genx": 0.1899335407500138, "generation_millenial": 0.2258325816012813, "generation_genz": 0.19968048830877674, "generation_genalpha": 0.13593770135679964, "poverty_below_line": 0.10098818139220075, "household_income_under_50k": 0.3315425861530346, "household_income_over_100k": 0.3414779041600303, "individual_income_under_50k": 0.6104729107322534, "individual_income_over_100k": 0.10839108314555787, "housing_per_pop": 0.5654921903378133, "vacancy": 0.06323512618476647, "rent_or_own_rent": 0.33141967500243263, "rent_burden_under_20": 0.2849268261233963, "rent_burden_over_40": 0.271468635162143, "rent_1br_under_750": 0.37181175907076996, "rent_1br_over_1500": 0.03586396838701952, "rent_2br_under_750": 0.10040118973507643, "rent_2br_over_1500": 0.08404233243411496, "year_built_1969_or_earlier": 0.3778937637225068, "year_built_2010_or_later": 0.12307884904279497, "transportation_means_car": 0.8659030256954867, "transportation_means_bike": 0.00326434961850608, "transportation_means_walk": 0.014444649092212979, "transportation_means_transit": 0.009201312009906693, "transportation_means_worked_at_home": 0.10016419717768957, "transportation_commute_time_under_15": 0.3092792035571659, "transportation_commute_time_over_60": 0.020215921017676955, "vehicle_ownership_at_least_1": 0.9425236731997357, "GHLTH_cdc_2": 0.12936875730789016, "ARTHRITIS_cdc_2": 0.22879444990100248, "CASTHMA_cdc_2": 0.09358088645682304, "BPHIGH_cdc_2": 0.28225064933040234, "CANCER_cdc_2": 0.06133900503562353, "KIDNEY_cdc_2": 0.02540273139703475, "COPD_cdc_2": 0.05777835461390955, "CHD_cdc_2": 0.048391437880984677, "DIABETES_cdc_2": 0.08271118594390658, "OBESITY_cdc_2": 0.3621175373774223, "STROKE_cdc_2": 0.024863695181079774, "DISABILITY_cdc_2": 0.23521993358589402, "HEARING_cdc_2": 0.053941692780194256, "VISION_cdc_2": 0.039449601671265766, "COGNITION_cdc_2": 0.11657411408883277, "MOBILITY_cdc_2": 0.10034891414495736, "SELFCARE_cdc_2": 0.030519922672778012, "INDEPLIVE_cdc_2": 0.06182560840621736, "BINGE_cdc_2": 0.21165523595715824, "CSMOKING_cdc_2": 0.1642096471945497, "LPA_cdc_2": 0.24282937499025614, "SLEEP_cdc_2": 0.2900225558517687, "heating_utility_gas": 0.6591622580826885, "heating_electricity": 0.30581830659162257, "industry_agriculture,_forestry,_fishing_and_hunting": 0.01064620909416674, "industry_mining,_quarrying,_and_oil_and_gas_extraction": 0.0003005444478266398, "industry_accommodation_and_food_services": 0.05833259481599359, "industry_arts,_entertainment,_and_recreation": 0.019704927002377384, "industry_construction": 0.06104520111432634, "industry_educational_services": 0.07937455929780488, "industry_health_care_and_social_assistance": 0.13338779095977712, "industry_finance_and_insurance": 0.13227423524923998, "industry_real_estate_and_rental_and_leasing": 0.01447622423698315, "industry_information": 0.01941594195639023, "industry_manufacturing": 0.09106882082541835, "industry_other_services,_except_public_administration": 0.044815800931687785, "industry_administrative_and_support_and_waste_management_services": 0.04014194945458889, "industry_management_of_companies_and_enterprises": 0.0014063938904708144, "industry_professional,_scientific,_and_technical_services": 0.06805405176300144, "industry_public_administration": 0.034905540421301666, "industry_retail_trade": 0.11400267407495887, "industry_transportation_and_warehousing": 0.0405503816529174, "industry_utilities": 0.006269048930947986, "industry_wholesale_trade": 0.029827109879820752, "occupation_architecture_and_engineering_occupations": 0.0176049690015374, "occupation_computer_and_mathematical_occupations": 0.05077274601296965, "occupation_life,_physical,_and_social_science_occupations": 0.01013759541322935, "occupation_arts,_design,_entertainment,_sports,_and_media_occupations": 0.01924255092879794, "occupation_community_and_social_service_occupations": 0.01705397084718856, "occupation_educational_instruction,_and_library_occupations": 0.058721761344589625, "occupation_legal_occupations": 0.014114029646012584, "occupation_health_diagnosing_and_treating_practitioners_and_other_technical_occupations": 0.040438640768469036, "occupation_health_technologists_and_technicians": 0.015034928659224981, "occupation_business_and_financial_operations_occupations": 0.0848537157697213, "occupation_management_occupations": 0.1021196089839671, "occupation_construction_and_extraction_occupations": 0.045309002076839196, "occupation_farming,_fishing,_and_forestry_occupations": 0.0026817812267607858, "occupation_installation,_maintenance,_and_repair_occupations": 0.024760238740179324, "occupation_material_moving_occupations": 0.03875867436779705, "occupation_transportation_occupations": 0.029646012584335468, "occupation_office_and_administrative_support_occupations": 0.11658042068516428, "occupation_sales_and_related_occupations": 0.1006245930127269, "occupation_building_and_grounds_cleaning_and_maintenance_occupations": 0.032293115605577793, "occupation_food_preparation_and_serving_related_occupations": 0.05009074130443997, "occupation_healthcare_support_occupations": 0.024625379052051987, "occupation_personal_care_and_service_occupations": 0.032678429000227334, "occupation_firefighting_and_prevention,_and_other_protective_service_workers_including_supervisors": 0.009744575750686822, "occupation_law_enforcement_workers_including_supervisors": 0.005926120009709898, "2020 Presidential Election-margin": 0.15246082201310118, "2016 Presidential Election-margin": 0.11363175055602341, "2016-2020 Swing-margin": 0.03882907145707777, "park_percent_1km_v2": 0.039256900226592346, "mean_dist_Hospital_updated": 6.734294741563813, "mean_dist_Active Superfund Site_updated": 9.17347223329983, "mean_dist_Airport_updated": 13.497980194013975, "mean_dist_Public School_updated": 1.0314653468355781, "mean_high_temp_4": 60.58658356023236, "mean_high_temp_winter_4": 35.99579177868292, "mean_high_temp_spring_4": 69.01359899582437, "mean_high_temp_summer_4": 82.5613681829688, "mean_high_temp_fall_4": 53.60419500379741, "mean_high_heat_index_4": 60.239635352742084, "days_above_90_4": 0.03942531824504125, "days_below_40_4": 0.21230903541512627, "wind_speed_over_10mph_4": 0.3437442311506809, "snowfall_4": 0.09101572417585897, "rainfall_4": 0.8576473721374269, "hours_sunny_4": 5.199246654051563, "internet_no_access": 0.08451677993270615, "insurance_coverage_none": 0.06416926923681837, "insurance_coverage_govt": 0.17086769100404106, "insurance_coverage_private": 0.7649630397591406, "marriage_divorced": 0.11622557634653158}