{"population": 265218.0, "ad_1": 526.1053206203266, "population_change_2010": 0.25607630666641407, "ad_1_change_2010": 0.17004503528095924, "gpw_population": NaN, "gpw_pw_density_4": NaN, "white": 0.6421095099126002, "hispanic": 0.2168216335241198, "black": 0.06655656855869511, "asian": 0.03528795179814342, "citizenship_citizen_by_birth": 0.857686541238523, "citizenship_citizen_by_naturalization": 0.04878918232057713, "citizenship_not_citizen": 0.09352427644090003, "birthplace_non_us": 0.14231345876147714, "birthplace_us_not_state": 0.36836205210779205, "birthplace_us_state": 0.4893244891307309, "language_english_only": 0.7626173083022229, "language_spanish": 0.19143531534151176, "education_high_school": 0.8629942388274078, "education_ugrad": 0.33517984338079887, "education_grad": 0.11627543835510049, "education_field_stem": 0.13320208310678763, "education_field_humanities": 0.11248996736454706, "education_field_business": 0.08948779290946418, "generation_silent": 0.0562957082557705, "generation_boomer": 0.20526319240700927, "generation_genx": 0.21265479371964854, "generation_millenial": 0.1861232491067566, "generation_genz": 0.21127276624617425, "generation_genalpha": 0.1283902902646408, "poverty_below_line": 0.10938697533634194, "household_income_under_50k": 0.2937109756319493, "household_income_over_100k": 0.40882535577128865, "individual_income_under_50k": 0.6350583180599931, "individual_income_over_100k": 0.13481484469367927, "housing_per_pop": 0.5045380801936783, "vacancy": 0.07030363364858139, "rent_or_own_rent": 0.2628509996694795, "rent_burden_under_20": 0.2586770039497592, "rent_burden_over_40": 0.31790832587375584, "rent_1br_under_750": 0.27043019074536784, "rent_1br_over_1500": 0.035400944060569574, "rent_2br_under_750": 0.13568610471762116, "rent_2br_over_1500": 0.11352567303021599, "year_built_1969_or_earlier": 0.11001067449738199, "year_built_2010_or_later": 0.17227329173031566, "transportation_means_car": 0.861218398822441, "transportation_means_bike": 0.0010550337993636362, "transportation_means_walk": 0.008617838919303202, "transportation_means_transit": 0.005999269691685776, "transportation_means_worked_at_home": 0.11611362215187963, "transportation_commute_time_under_15": 0.2213660421084114, "transportation_commute_time_over_60": 0.12291241035008613, "vehicle_ownership_at_least_1": 0.9528853856144008, "GHLTH_cdc_2": 0.16140484376746236, "ARTHRITIS_cdc_2": 0.22501296404646542, "CASTHMA_cdc_2": 0.09610059626724869, "BPHIGH_cdc_2": 0.3137945540486349, "CANCER_cdc_2": 0.059786698046846755, "KIDNEY_cdc_2": 0.028093009801923568, "COPD_cdc_2": 0.0598944468914557, "CHD_cdc_2": 0.050682538639038086, "DIABETES_cdc_2": 0.09830476027689941, "OBESITY_cdc_2": 0.35356413981710966, "STROKE_cdc_2": 0.027162451598482705, "DISABILITY_cdc_2": 0.27964987870859165, "HEARING_cdc_2": 0.05809833479058332, "VISION_cdc_2": 0.050477500279397555, "COGNITION_cdc_2": 0.13952745656189805, "MOBILITY_cdc_2": 0.12347159677345133, "SELFCARE_cdc_2": 0.03543975202645402, "INDEPLIVE_cdc_2": 0.0745222104619592, "BINGE_cdc_2": 0.16941367930420148, "CSMOKING_cdc_2": 0.1544245265033232, "LPA_cdc_2": 0.2400305365090426, "SLEEP_cdc_2": 0.31980854364847183, "heating_utility_gas": 0.41835837351230626, "heating_electricity": 0.5313279087342196, "industry_agriculture,_forestry,_fishing_and_hunting": 0.004293150005003131, "industry_mining,_quarrying,_and_oil_and_gas_extraction": 0.0003182811704238044, "industry_accommodation_and_food_services": 0.06374683308679757, "industry_arts,_entertainment,_and_recreation": 0.01828062441993333, "industry_construction": 0.09157922761723407, "industry_educational_services": 0.08017906064721027, "industry_health_care_and_social_assistance": 0.09752406289424104, "industry_finance_and_insurance": 0.04937953457963108, "industry_real_estate_and_rental_and_leasing": 0.01923224896283228, "industry_information": 0.02136784848565444, "industry_manufacturing": 0.1425964006673659, "industry_other_services,_except_public_administration": 0.05520621467678245, "industry_administrative_and_support_and_waste_management_services": 0.05175808755489328, "industry_management_of_companies_and_enterprises": 0.0012619640990862177, "industry_professional,_scientific,_and_technical_services": 0.07713553237265677, "industry_public_administration": 0.023676414839459453, "industry_retail_trade": 0.11621827829994652, "industry_transportation_and_warehousing": 0.041672138396588024, "industry_utilities": 0.009022654091100748, "industry_wholesale_trade": 0.03555144313315966, "occupation_architecture_and_engineering_occupations": 0.024042067712097805, "occupation_computer_and_mathematical_occupations": 0.032069290029489085, "occupation_life,_physical,_and_social_science_occupations": 0.003376534341119963, "occupation_arts,_design,_entertainment,_sports,_and_media_occupations": 0.017336569639220943, "occupation_community_and_social_service_occupations": 0.014258706959206086, "occupation_educational_instruction,_and_library_occupations": 0.06114489179840431, "occupation_legal_occupations": 0.00756142833504294, "occupation_health_diagnosing_and_treating_practitioners_and_other_technical_occupations": 0.03309288723263802, "occupation_health_technologists_and_technicians": 0.017079006365327346, "occupation_business_and_financial_operations_occupations": 0.05688106062237375, "occupation_management_occupations": 0.12772157512067533, "occupation_construction_and_extraction_occupations": 0.05910415939613813, "occupation_farming,_fishing,_and_forestry_occupations": 0.002076781969265303, "occupation_installation,_maintenance,_and_repair_occupations": 0.03331307285312262, "occupation_material_moving_occupations": 0.044361919643049176, "occupation_transportation_occupations": 0.023893582859759233, "occupation_office_and_administrative_support_occupations": 0.10161790204558398, "occupation_sales_and_related_occupations": 0.12398152902588744, "occupation_building_and_grounds_cleaning_and_maintenance_occupations": 0.04181750866802637, "occupation_food_preparation_and_serving_related_occupations": 0.04297868221142405, "occupation_healthcare_support_occupations": 0.014999776570899024, "occupation_personal_care_and_service_occupations": 0.025212189639195862, "occupation_firefighting_and_prevention,_and_other_protective_service_workers_including_supervisors": 0.006019933359888427, "occupation_law_enforcement_workers_including_supervisors": 0.004558953532833715, "2020 Presidential Election-margin": -0.4341189557440652, "2016 Presidential Election-margin": -0.5286001846896968, "2016-2020 Swing-margin": 0.0944812289456316, "park_percent_1km_v2": 0.00397801109117569, "mean_dist_Hospital_updated": 10.53674612728522, "mean_dist_Active Superfund Site_updated": 119.01232825007624, "mean_dist_Airport_updated": 64.26622367834429, "mean_dist_Public School_updated": 2.1424202836156927, "mean_high_temp_4": 70.69682610974702, "mean_high_temp_winter_4": 55.53008093095654, "mean_high_temp_spring_4": 75.87639759865144, "mean_high_temp_summer_4": 85.53781364249217, "mean_high_temp_fall_4": 65.04617977748134, "mean_high_heat_index_4": 71.66506221227833, "days_above_90_4": 0.05861891829313463, "days_below_40_4": 0.020637117177791178, "wind_speed_over_10mph_4": 0.06691051888736069, "snowfall_4": 0.009002538961127194, "rainfall_4": 1.3053400349402806, "hours_sunny_4": 5.234607326896796, "internet_no_access": 0.05660838972373562, "insurance_coverage_none": 0.19618084019277215, "insurance_coverage_govt": 0.07525702105120477, "insurance_coverage_private": 0.728562138756023, "marriage_divorced": 0.10703735987655069}