{"population": 1257936.0, "ad_1": 2025.4661713437745, "population_change_2010": 0.1563537887221273, "ad_1_change_2010": 0.06285651070871642, "gpw_population": NaN, "gpw_pw_density_4": NaN, "white": 0.6829544587323998, "hispanic": 0.19206859490466924, "black": 0.017816486689306927, "asian": 0.0403454547767136, "citizenship_citizen_by_birth": 0.876243601722865, "citizenship_citizen_by_naturalization": 0.05134449183760206, "citizenship_not_citizen": 0.07241190643953302, "birthplace_non_us": 0.12375639827713508, "birthplace_us_not_state": 0.283576945232917, "birthplace_us_state": 0.592666656489948, "language_english_only": 0.796619406406519, "language_spanish": 0.13060440653627564, "education_high_school": 0.9208116510726495, "education_ugrad": 0.35264114829006715, "education_grad": 0.12606259980601214, "education_field_stem": 0.16598377533797282, "education_field_humanities": 0.12075313509200901, "education_field_business": 0.06590423786008534, "generation_silent": 0.04022428416826615, "generation_boomer": 0.1686092148045548, "generation_genx": 0.18458211045328443, "generation_millenial": 0.24012128506247835, "generation_genz": 0.2192997185601657, "generation_genalpha": 0.14716338695125056, "poverty_below_line": 0.08182185160648682, "household_income_under_50k": 0.27396414139134445, "household_income_over_100k": 0.39880645521475017, "individual_income_under_50k": 0.6231108482953756, "individual_income_over_100k": 0.11484039833860667, "housing_per_pop": 0.488546328957141, "vacancy": 0.05307841981393411, "rent_or_own_rent": 0.3182041712299641, "rent_burden_under_20": 0.276259771214414, "rent_burden_over_40": 0.2949123040856809, "rent_1br_under_750": 0.19089609151572925, "rent_1br_over_1500": 0.10709604385128695, "rent_2br_under_750": 0.06166407154549447, "rent_2br_over_1500": 0.23366071785044118, "year_built_1969_or_earlier": 0.2799386359335718, "year_built_2010_or_later": 0.1286122349676059, "transportation_means_car": 0.8132015006791599, "transportation_means_bike": 0.007935447173171786, "transportation_means_walk": 0.018788018189673662, "transportation_means_transit": 0.027865759462391327, "transportation_means_worked_at_home": 0.12545342082114627, "transportation_commute_time_under_15": 0.2559194626101791, "transportation_commute_time_over_60": 0.04151976116007961, "vehicle_ownership_at_least_1": 0.9486400383910902, "GHLTH_cdc_2": 0.1279025754346168, "ARTHRITIS_cdc_2": 0.1943082973189667, "CASTHMA_cdc_2": 0.10024053816219175, "BPHIGH_cdc_2": 0.2549234618117345, "CANCER_cdc_2": 0.054493148470448664, "KIDNEY_cdc_2": 0.023604995730423507, "COPD_cdc_2": 0.046045639491301145, "CHD_cdc_2": 0.03938780009256181, "DIABETES_cdc_2": 0.08002178070672898, "OBESITY_cdc_2": 0.311000719635489, "STROKE_cdc_2": 0.021608722972928932, "DISABILITY_cdc_2": 0.2527510791273116, "HEARING_cdc_2": 0.05356523326228237, "VISION_cdc_2": 0.037695259140478846, "COGNITION_cdc_2": 0.1393950485949508, "MOBILITY_cdc_2": 0.0926066227323986, "SELFCARE_cdc_2": 0.027356874018160365, "INDEPLIVE_cdc_2": 0.06720180169609742, "BINGE_cdc_2": 0.1646454400271167, "CSMOKING_cdc_2": 0.09231700595133335, "LPA_cdc_2": 0.18901184400075616, "SLEEP_cdc_2": 0.3053124834594651, "heating_utility_gas": 0.8475284547823753, "heating_electricity": 0.1281635232377753, "industry_agriculture,_forestry,_fishing_and_hunting": 0.002632498329788603, "industry_mining,_quarrying,_and_oil_and_gas_extraction": 0.005672589532524685, "industry_accommodation_and_food_services": 0.05985026324983298, "industry_arts,_entertainment,_and_recreation": 0.019363726073072515, "industry_construction": 0.07582146819243286, "industry_educational_services": 0.09693048855981809, "industry_health_care_and_social_assistance": 0.11539781677321287, "industry_finance_and_insurance": 0.06876674042156748, "industry_real_estate_and_rental_and_leasing": 0.022347122026564022, "industry_information": 0.020123748873756536, "industry_manufacturing": 0.0980536674164741, "industry_other_services,_except_public_administration": 0.04440004167866971, "industry_administrative_and_support_and_waste_management_services": 0.045405233124735676, "industry_management_of_companies_and_enterprises": 0.0015200456013680411, "industry_professional,_scientific,_and_technical_services": 0.08724019785109682, "industry_public_administration": 0.03780806972596275, "industry_retail_trade": 0.11056186524305407, "industry_transportation_and_warehousing": 0.055064877752784194, "industry_utilities": 0.00565420188412104, "industry_wholesale_trade": 0.027385337689162934, "occupation_architecture_and_engineering_occupations": 0.020811753384859612, "occupation_computer_and_mathematical_occupations": 0.050192150925818094, "occupation_life,_physical,_and_social_science_occupations": 0.011967294502706049, "occupation_arts,_design,_entertainment,_sports,_and_media_occupations": 0.021939529153616542, "occupation_community_and_social_service_occupations": 0.014576808271990096, "occupation_educational_instruction,_and_library_occupations": 0.055713042359012706, "occupation_legal_occupations": 0.010439587381169822, "occupation_health_diagnosing_and_treating_practitioners_and_other_technical_occupations": 0.03665271248460034, "occupation_health_technologists_and_technicians": 0.017788517526493536, "occupation_business_and_financial_operations_occupations": 0.0640472439979651, "occupation_management_occupations": 0.11208191084442211, "occupation_construction_and_extraction_occupations": 0.05559045803632173, "occupation_farming,_fishing,_and_forestry_occupations": 0.0011676156736314992, "occupation_installation,_maintenance,_and_repair_occupations": 0.029763473549367772, "occupation_material_moving_occupations": 0.03691780108241957, "occupation_transportation_occupations": 0.03652399894577482, "occupation_office_and_administrative_support_occupations": 0.13624174854277887, "occupation_sales_and_related_occupations": 0.09473469687961607, "occupation_building_and_grounds_cleaning_and_maintenance_occupations": 0.029843153359116904, "occupation_food_preparation_and_serving_related_occupations": 0.04295201436688262, "occupation_healthcare_support_occupations": 0.021879769296304696, "occupation_personal_care_and_service_occupations": 0.02594037498544311, "occupation_firefighting_and_prevention,_and_other_protective_service_workers_including_supervisors": 0.010644916121677199, "occupation_law_enforcement_workers_including_supervisors": 0.005438147015378203, "2020 Presidential Election-margin": 0.08246923871415307, "2016 Presidential Election-margin": 0.07087126749897102, "2016-2020 Swing-margin": 0.011597971215182051, "park_percent_1km_v2": 0.0312867906497073, "mean_dist_Hospital_updated": 3.4929962120056435, "mean_dist_Active Superfund Site_updated": 6.92498805816757, "mean_dist_Airport_updated": 19.862271686677545, "mean_dist_Public School_updated": 0.7502518291893008, "mean_high_temp_4": 61.00191266839688, "mean_high_temp_winter_4": 39.20971271450138, "mean_high_temp_spring_4": 65.39899344002845, "mean_high_temp_summer_4": 86.05563933873934, "mean_high_temp_fall_4": 52.097632859497956, "mean_high_heat_index_4": 58.52459383517175, "days_above_90_4": 0.09698611534832104, "days_below_40_4": 0.2055263664132805, "wind_speed_over_10mph_4": 0.004281896740179205, "snowfall_4": 0.2512567573953828, "rainfall_4": 0.2840807656586611, "hours_sunny_4": 6.558979281189771, "internet_no_access": 0.04668698670328391, "insurance_coverage_none": 0.11674939227914323, "insurance_coverage_govt": 0.07865009320318811, "insurance_coverage_private": 0.8046005145176687, "marriage_divorced": 0.1010873433073039}