{"population": 772748.0, "ad_1": 598.5970800229306, "population_change_2010": 0.040836173107228965, "ad_1_change_2010": 0.047351360011786026, "population_change_2000": 0.1769020476854073, "ad_1_change_2000": 0.16368533788324993, "gpw_population": NaN, "gpw_pw_density_4": NaN, "white": 0.7205207907364367, "hispanic": 0.055741328350251314, "black": 0.1476678037342057, "asian": 0.02486192135081553, "homogeneity_250_2020": 0.6503585903140299, "homogeneity_250_diff_2010": -0.08547513857260858, "homogeneity_250_diff_2000": -0.15291846471850679, "citizenship_citizen_by_birth": 0.9452986151908528, "citizenship_citizen_by_naturalization": 0.030005743303027372, "citizenship_not_citizen": 0.02469564150611985, "birthplace_non_us": 0.054701384809147206, "birthplace_us_not_state": 0.3339381614445981, "birthplace_us_state": 0.6113604537462547, "language_english_only": 0.9233238645289827, "language_spanish": 0.03334801881881407, "education_high_school": 0.9166546781203603, "education_ugrad": 0.3178093988972538, "education_grad": 0.13296394896407074, "education_field_stem": 0.1463350016122407, "education_field_humanities": 0.11095224680594515, "education_field_business": 0.0605221504790659, "generation_silent": 0.07415013744822822, "generation_boomer": 0.2575179358670341, "generation_genx": 0.18912753999182677, "generation_millenial": 0.1757616555539531, "generation_genz": 0.1900661612239578, "generation_genalpha": 0.11337656991499993, "poverty_below_line": 0.09363380907817027, "household_income_under_50k": 0.3055063606099463, "household_income_over_100k": 0.40539777552068773, "individual_income_under_50k": 0.5918792183457046, "individual_income_over_100k": 0.13631137029742857, "housing_per_pop": 0.5914375886501483, "vacancy": 0.16883861203231765, "rent_or_own_rent": 0.24984531563266035, "rent_burden_under_20": 0.26168139736241686, "rent_burden_over_40": 0.3517059869967927, "rent_1br_under_750": 0.4131807230388737, "rent_1br_over_1500": 0.09746736061008698, "rent_2br_under_750": 0.16671209772860757, "rent_2br_over_1500": 0.1896101981436678, "year_built_1969_or_earlier": 0.2785017739462404, "year_built_2010_or_later": 0.06166641316685247, "transportation_means_car": 0.8783905434737422, "transportation_means_bike": 0.003149099906975103, "transportation_means_walk": 0.016341204515023116, "transportation_means_transit": 0.00801792914413773, "transportation_means_worked_at_home": 0.08612398950430064, "transportation_commute_time_under_15": 0.24601956730352412, "transportation_commute_time_over_60": 0.11793717038203985, "vehicle_ownership_at_least_1": 0.9448321486098727, "GHLTH_cdc_2": 0.1510410447043853, "ARTHRITIS_cdc_2": 0.2781737247479358, "CASTHMA_cdc_2": 0.103285638635326, "BPHIGH_cdc_2": 0.35098691323199854, "CANCER_cdc_2": 0.07213465144770612, "KIDNEY_cdc_2": 0.029684758843792527, "COPD_cdc_2": 0.06512329315374007, "CHD_cdc_2": 0.05722914602197507, "DIABETES_cdc_2": 0.10793137311445282, "OBESITY_cdc_2": 0.35640586283011694, "STROKE_cdc_2": 0.03095355665427535, "DISABILITY_cdc_2": 0.27366638004407734, "HEARING_cdc_2": 0.06105458237865355, "VISION_cdc_2": 0.044809555018429516, "COGNITION_cdc_2": 0.121593556933907, "MOBILITY_cdc_2": 0.12617933486082356, "SELFCARE_cdc_2": 0.034322934525962995, "INDEPLIVE_cdc_2": 0.06984059239995703, "BINGE_cdc_2": 0.15375626244143084, "CSMOKING_cdc_2": 0.15706915469055993, "LPA_cdc_2": 0.23693329733073945, "SLEEP_cdc_2": 0.3280515326443918, "heating_utility_gas": 0.23075958491011714, "heating_electricity": 0.4844885876861266, "industry_agriculture,_forestry,_fishing_and_hunting": 0.01596268943284324, "industry_mining,_quarrying,_and_oil_and_gas_extraction": 0.0010353616333891999, "industry_accommodation_and_food_services": 0.06877980739501645, "industry_arts,_entertainment,_and_recreation": 0.019491796834021857, "industry_construction": 0.0800023037882996, "industry_educational_services": 0.09668758292683417, "industry_health_care_and_social_assistance": 0.14023867744237692, "industry_finance_and_insurance": 0.041310799258525745, "industry_real_estate_and_rental_and_leasing": 0.01862919860325618, "industry_information": 0.013735361897894533, "industry_manufacturing": 0.07500845342591164, "industry_other_services,_except_public_administration": 0.047028312850736984, "industry_administrative_and_support_and_waste_management_services": 0.03610920104461408, "industry_management_of_companies_and_enterprises": 0.0005335281886342309, "industry_professional,_scientific,_and_technical_services": 0.08071965854714758, "industry_public_administration": 0.08769508922449282, "industry_retail_trade": 0.10930706254371404, "industry_transportation_and_warehousing": 0.03937554748785265, "industry_utilities": 0.007475321920579921, "industry_wholesale_trade": 0.020874245553858185, "occupation_architecture_and_engineering_occupations": 0.023107286075800083, "occupation_computer_and_mathematical_occupations": 0.033494328386350136, "occupation_life,_physical,_and_social_science_occupations": 0.01240743076375455, "occupation_arts,_design,_entertainment,_sports,_and_media_occupations": 0.014986190533534323, "occupation_community_and_social_service_occupations": 0.01840067225814175, "occupation_educational_instruction,_and_library_occupations": 0.06140696844926373, "occupation_legal_occupations": 0.010424163447041428, "occupation_health_diagnosing_and_treating_practitioners_and_other_technical_occupations": 0.04678311187026472, "occupation_health_technologists_and_technicians": 0.02142986533495778, "occupation_business_and_financial_operations_occupations": 0.05715486537217641, "occupation_management_occupations": 0.11577772486631498, "occupation_construction_and_extraction_occupations": 0.05232623891782631, "occupation_farming,_fishing,_and_forestry_occupations": 0.006822293620011002, "occupation_installation,_maintenance,_and_repair_occupations": 0.035976622182892874, "occupation_material_moving_occupations": 0.031684973012573184, "occupation_transportation_occupations": 0.03334603281046607, "occupation_office_and_administrative_support_occupations": 0.11392847388323313, "occupation_sales_and_related_occupations": 0.09782496625136376, "occupation_building_and_grounds_cleaning_and_maintenance_occupations": 0.034660887102324116, "occupation_food_preparation_and_serving_related_occupations": 0.0529720204014013, "occupation_healthcare_support_occupations": 0.02698083752796738, "occupation_personal_care_and_service_occupations": 0.025441550086002, "occupation_firefighting_and_prevention,_and_other_protective_service_workers_including_supervisors": 0.012895263436155883, "occupation_law_enforcement_workers_including_supervisors": 0.016363629153167913, "sors_cohabiting_partnered_gay": 0.005479070466697488, "2020 Presidential Election-margin": -0.14449611916801344, "2016 Presidential Election-margin": -0.23044818337607959, "2016-2020 Swing-margin": 0.08595206420806614, "park_percent_1km_v2": 0.014893921975701874, "mean_dist_Hospital_updated": 9.777839016118334, "mean_dist_Active Superfund Site_updated": 23.373483784709965, "mean_dist_Airport_updated": 39.4566150656002, "mean_dist_Public School_updated": 2.4237315136414797, "lapop1share_usda_fra_1": 0.39463974977750416, "mean_high_temp_4": 64.14156499359254, "mean_high_temp_winter_4": 45.137116367079535, "mean_high_temp_spring_4": 68.7892200161969, "mean_high_temp_summer_4": 82.54512322306533, "mean_high_temp_fall_4": 59.17294556927266, "mean_high_heat_index_4": 64.40201255122129, "days_above_90_4": 0.02709584498562782, "days_below_40_4": 0.09156304846835431, "wind_speed_over_10mph_4": 0.22191403524080647, "snowfall_4": 0.05736392272781153, "rainfall_4": 1.0681915315781165, "hours_sunny_4": 5.134199501455031, "internet_no_access": 0.09314592392450075, "insurance_coverage_none": 0.05902572278698525, "insurance_coverage_govt": 0.19566872908764799, "insurance_coverage_private": 0.7453055481253668, "marriage_divorced": 0.09980400220837085}