{"population": 794612.0, "ad_1": 1548.7264061118683, "population_change_2010": 0.2879849321330044, "ad_1_change_2010": 0.12426264475927813, "gpw_population": NaN, "gpw_pw_density_4": NaN, "white": 0.6705687807382723, "hispanic": 0.1775231182010843, "black": 0.03472134828067031, "asian": 0.058561914494117885, "citizenship_citizen_by_birth": 0.9036963504701906, "citizenship_citizen_by_naturalization": 0.05662946050748916, "citizenship_not_citizen": 0.039674189022320124, "birthplace_non_us": 0.09630364952980928, "birthplace_us_not_state": 0.5426662713767136, "birthplace_us_state": 0.3610300790934772, "language_english_only": 0.8511670275624904, "language_spanish": 0.08564212646971706, "education_high_school": 0.9468462660254464, "education_ugrad": 0.37932745086223246, "education_grad": 0.13192526469459648, "education_field_stem": 0.16581036215090728, "education_field_humanities": 0.1251567644078112, "education_field_business": 0.088360324303514, "generation_silent": 0.06389488214168189, "generation_boomer": 0.20749168738913046, "generation_genx": 0.2097321618527334, "generation_millenial": 0.180179834760436, "generation_genz": 0.2068596112549596, "generation_genalpha": 0.1318418226010586, "poverty_below_line": 0.06275834830976819, "household_income_under_50k": 0.23963000586054337, "household_income_over_100k": 0.4529563634437175, "individual_income_under_50k": 0.5662763120629187, "individual_income_over_100k": 0.16111816069474713, "housing_per_pop": 0.5277387808769851, "vacancy": 0.10152215099530248, "rent_or_own_rent": 0.2154398011819383, "rent_burden_under_20": 0.24027730090114593, "rent_burden_over_40": 0.2812437562866331, "rent_1br_under_750": 0.13006880929592537, "rent_1br_over_1500": 0.24590919141513684, "rent_2br_under_750": 0.07461736228820266, "rent_2br_over_1500": 0.43489407887317527, "year_built_1969_or_earlier": 0.0230919601757616, "year_built_2010_or_later": 0.18788804049311422, "transportation_means_car": 0.8058385799022959, "transportation_means_bike": 0.0069610271939058764, "transportation_means_walk": 0.009237003024399969, "transportation_means_transit": 0.004293377539617453, "transportation_means_worked_at_home": 0.16153307052134178, "transportation_commute_time_under_15": 0.19489331710749608, "transportation_commute_time_over_60": 0.08406997637986484, "vehicle_ownership_at_least_1": 0.9759282214980185, "GHLTH_cdc_2": 0.12148928993318323, "ARTHRITIS_cdc_2": 0.21685577402266604, "CASTHMA_cdc_2": 0.09768441756801655, "BPHIGH_cdc_2": 0.26215870371737604, "CANCER_cdc_2": 0.06547780464395142, "KIDNEY_cdc_2": 0.0273263547934586, "COPD_cdc_2": 0.05225470670751966, "CHD_cdc_2": 0.047839298239137656, "DIABETES_cdc_2": 0.08031922551589206, "OBESITY_cdc_2": 0.29835834656133486, "STROKE_cdc_2": 0.024538897246114657, "DISABILITY_cdc_2": 0.23958218972645723, "HEARING_cdc_2": 0.05594716259367271, "VISION_cdc_2": 0.034404183893831444, "COGNITION_cdc_2": 0.1159282319391635, "MOBILITY_cdc_2": 0.10130379028387906, "SELFCARE_cdc_2": 0.026729269722027393, "INDEPLIVE_cdc_2": 0.05726959743807449, "BINGE_cdc_2": 0.18810328685075126, "CSMOKING_cdc_2": 0.1328637131307911, "LPA_cdc_2": 0.18511918121746837, "SLEEP_cdc_2": 0.3178462890841301, "heating_utility_gas": 0.38993922874114895, "heating_electricity": 0.5846713609458806, "industry_agriculture,_forestry,_fishing_and_hunting": 0.0036678972527772326, "industry_mining,_quarrying,_and_oil_and_gas_extraction": 0.0029096017582024084, "industry_accommodation_and_food_services": 0.05884775797266094, "industry_arts,_entertainment,_and_recreation": 0.01963314407504243, "industry_construction": 0.06183866662181166, "industry_educational_services": 0.09509890188986757, "industry_health_care_and_social_assistance": 0.13199664583256165, "industry_finance_and_insurance": 0.0809412830179556, "industry_real_estate_and_rental_and_leasing": 0.025059832958928666, "industry_information": 0.021153041825635346, "industry_manufacturing": 0.1005672571128613, "industry_other_services,_except_public_administration": 0.0409903060718343, "industry_administrative_and_support_and_waste_management_services": 0.041391562384943334, "industry_management_of_companies_and_enterprises": 0.0022544834633227875, "industry_professional,_scientific,_and_technical_services": 0.08047122860794387, "industry_public_administration": 0.04012398149812778, "industry_retail_trade": 0.11510030178739786, "industry_transportation_and_warehousing": 0.04224974192459872, "industry_utilities": 0.010591934341076015, "industry_wholesale_trade": 0.02511242960245067, "occupation_architecture_and_engineering_occupations": 0.039944803075803705, "occupation_computer_and_mathematical_occupations": 0.04762385919062775, "occupation_life,_physical,_and_social_science_occupations": 0.00711959864250157, "occupation_arts,_design,_entertainment,_sports,_and_media_occupations": 0.017940552343345465, "occupation_community_and_social_service_occupations": 0.015533426128489245, "occupation_educational_instruction,_and_library_occupations": 0.06100503225335493, "occupation_legal_occupations": 0.0096670995576179, "occupation_health_diagnosing_and_treating_practitioners_and_other_technical_occupations": 0.0479405401917377, "occupation_health_technologists_and_technicians": 0.017103097181620116, "occupation_business_and_financial_operations_occupations": 0.07478510563213493, "occupation_management_occupations": 0.13348653466886706, "occupation_construction_and_extraction_occupations": 0.03263963792031874, "occupation_farming,_fishing,_and_forestry_occupations": 0.001889742761033944, "occupation_installation,_maintenance,_and_repair_occupations": 0.03159287651684894, "occupation_material_moving_occupations": 0.02271979265602817, "occupation_transportation_occupations": 0.03044953891892773, "occupation_office_and_administrative_support_occupations": 0.12316071241982175, "occupation_sales_and_related_occupations": 0.11581208079385155, "occupation_building_and_grounds_cleaning_and_maintenance_occupations": 0.023643854771005227, "occupation_food_preparation_and_serving_related_occupations": 0.04313155790482894, "occupation_healthcare_support_occupations": 0.024769436141922223, "occupation_personal_care_and_service_occupations": 0.024102361003580604, "occupation_firefighting_and_prevention,_and_other_protective_service_workers_including_supervisors": 0.012009125012313144, "occupation_law_enforcement_workers_including_supervisors": 0.011789816209494808, "2020 Presidential Election-margin": -0.16365354772318325, "2016 Presidential Election-margin": -0.21274835216502538, "2016-2020 Swing-margin": 0.04909480444184214, "park_percent_1km_v2": 0.01859341593906262, "mean_dist_Hospital_updated": 4.592444470870085, "mean_dist_Active Superfund Site_updated": 12.17159332247053, "mean_dist_Airport_updated": 12.131003191243707, "mean_dist_Public School_updated": 0.9221484211812115, "mean_high_temp_4": 86.3427375244351, "mean_high_temp_winter_4": 69.72268219881764, "mean_high_temp_spring_4": 91.37044721420752, "mean_high_temp_summer_4": 103.41188972510406, "mean_high_temp_fall_4": 79.97233495355349, "mean_high_heat_index_4": 85.03889096204516, "days_above_90_4": 0.45932027591633146, "days_below_40_4": 2.0697222730553192e-07, "wind_speed_over_10mph_4": 0.011727047604396147, "snowfall_4": 0.00036900021732695697, "rainfall_4": 0.24511757496248548, "hours_sunny_4": 8.814856692704076, "internet_no_access": 0.03962149371928388, "insurance_coverage_none": 0.08365786203585118, "insurance_coverage_govt": 0.10876863083105963, "insurance_coverage_private": 0.8075735071330892, "marriage_divorced": 0.10355080326374713}