{"population": 646083.0, "ad_1": 1046.5337078852767, "population_change_2010": 0.03332112486385424, "ad_1_change_2010": 0.022464040959167864, "population_change_2000": 0.08106620261530867, "ad_1_change_2000": 0.006347506958733209, "gpw_population": NaN, "gpw_pw_density_4": NaN, "white": 0.807089801155579, "hispanic": 0.06134815495841865, "black": 0.03902439779409147, "asian": 0.05407664340340173, "homogeneity_250_2020": 0.7005944204957865, "homogeneity_250_diff_2010": -0.09315350405404799, "homogeneity_250_diff_2000": -0.15992898388529597, "citizenship_citizen_by_birth": 0.9012923365169216, "citizenship_citizen_by_naturalization": 0.0682229939104612, "citizenship_not_citizen": 0.03048466957261724, "birthplace_non_us": 0.09870766348307827, "birthplace_us_not_state": 0.25488521503306294, "birthplace_us_state": 0.6464071214838588, "language_english_only": 0.8745210946584955, "language_spanish": 0.03375288916939162, "education_high_school": 0.946238419554492, "education_ugrad": 0.419553904820281, "education_grad": 0.170552652716535, "education_field_stem": 0.18690345909975553, "education_field_humanities": 0.1388848273712055, "education_field_business": 0.09376561834932051, "generation_silent": 0.07720856005916286, "generation_boomer": 0.2703030372148782, "generation_genx": 0.2002944314015101, "generation_millenial": 0.16972155953675347, "generation_genz": 0.1817566434768768, "generation_genalpha": 0.10071576831081851, "poverty_below_line": 0.055005726365582874, "household_income_under_50k": 0.23358912602390466, "household_income_over_100k": 0.4967286476859993, "individual_income_under_50k": 0.5419360845144078, "individual_income_over_100k": 0.18338750595724523, "housing_per_pop": 0.49591435684131624, "vacancy": 0.03929000755727672, "rent_or_own_rent": 0.2181596653468808, "rent_burden_under_20": 0.27355438575843777, "rent_burden_over_40": 0.3321872477242165, "rent_1br_under_750": 0.16268756872129872, "rent_1br_over_1500": 0.17355132443095686, "rent_2br_under_750": 0.05991625561956839, "rent_2br_over_1500": 0.4076315458979726, "year_built_1969_or_earlier": 0.42541030166330107, "year_built_2010_or_later": 0.039604022658209156, "transportation_means_car": 0.8318700302936066, "transportation_means_bike": 0.0017829103770825045, "transportation_means_walk": 0.013714482393090654, "transportation_means_transit": 0.025131032279042193, "transportation_means_worked_at_home": 0.12186154563158558, "transportation_commute_time_under_15": 0.22616386188587914, "transportation_commute_time_over_60": 0.12795060195916907, "vehicle_ownership_at_least_1": 0.9527156415082063, "traffic_fatalities_last_decade_per_capita": 7.769899533032135e-05, "traffic_fatalities_ped_last_decade_per_capita": 1.687089739244029e-05, "GHLTH_cdc_2": 0.12933734522092008, "ARTHRITIS_cdc_2": 0.25987510145619647, "CASTHMA_cdc_2": 0.10112862673461497, "BPHIGH_cdc_2": 0.2899853176538979, "CANCER_cdc_2": 0.07294292297632562, "KIDNEY_cdc_2": 0.027190887105981693, "COPD_cdc_2": 0.0579306174556551, "CHD_cdc_2": 0.054780030514702066, "DIABETES_cdc_2": 0.08395336855324996, "OBESITY_cdc_2": 0.3216678381267697, "STROKE_cdc_2": 0.026939458415934286, "DISABILITY_cdc_2": 0.2551159953086238, "HEARING_cdc_2": 0.06350442670762933, "VISION_cdc_2": 0.03560118529897136, "COGNITION_cdc_2": 0.10737217764953744, "MOBILITY_cdc_2": 0.10972171837213396, "SELFCARE_cdc_2": 0.027872801436474585, "INDEPLIVE_cdc_2": 0.0607149906068689, "BINGE_cdc_2": 0.18143787351967297, "CSMOKING_cdc_2": 0.15157261980134354, "LPA_cdc_2": 0.22323925394667146, "SLEEP_cdc_2": 0.34462117139091164, "heating_utility_gas": 0.36785710416346373, "heating_electricity": 0.30240895717645144, "industry_agriculture,_forestry,_fishing_and_hunting": 0.003727142969744487, "industry_mining,_quarrying,_and_oil_and_gas_extraction": 0.0008282539932765513, "industry_accommodation_and_food_services": 0.05012509830882135, "industry_arts,_entertainment,_and_recreation": 0.020846800530698633, "industry_construction": 0.07076643171262129, "industry_educational_services": 0.09511116689459069, "industry_health_care_and_social_assistance": 0.15292242349988827, "industry_finance_and_insurance": 0.060515408785354746, "industry_real_estate_and_rental_and_leasing": 0.015515057291671248, "industry_information": 0.020271663338988537, "industry_manufacturing": 0.12067178945596038, "industry_other_services,_except_public_administration": 0.03998822027822805, "industry_administrative_and_support_and_waste_management_services": 0.03657528392215358, "industry_management_of_companies_and_enterprises": 0.002561125823181396, "industry_professional,_scientific,_and_technical_services": 0.09398936205546461, "industry_public_administration": 0.032870982557518726, "industry_retail_trade": 0.1074512394978155, "industry_transportation_and_warehousing": 0.036656387165778105, "industry_utilities": 0.006291205863824012, "industry_wholesale_trade": 0.032314956054420016, "occupation_architecture_and_engineering_occupations": 0.020694601548321256, "occupation_computer_and_mathematical_occupations": 0.041289547854948386, "occupation_life,_physical,_and_social_science_occupations": 0.013710540501802844, "occupation_arts,_design,_entertainment,_sports,_and_media_occupations": 0.01978998371169286, "occupation_community_and_social_service_occupations": 0.017161305257854146, "occupation_educational_instruction,_and_library_occupations": 0.06394884466528496, "occupation_legal_occupations": 0.013078776709434328, "occupation_health_diagnosing_and_treating_practitioners_and_other_technical_occupations": 0.05739046319948582, "occupation_health_technologists_and_technicians": 0.019766487144507797, "occupation_business_and_financial_operations_occupations": 0.07668653922084223, "occupation_management_occupations": 0.12707753161548052, "occupation_construction_and_extraction_occupations": 0.04385047797861822, "occupation_farming,_fishing,_and_forestry_occupations": 0.0019502150763674828, "occupation_installation,_maintenance,_and_repair_occupations": 0.031084567972487466, "occupation_material_moving_occupations": 0.028768521066893878, "occupation_transportation_occupations": 0.029350149485150853, "occupation_office_and_administrative_support_occupations": 0.11309342213491191, "occupation_sales_and_related_occupations": 0.10478950992159682, "occupation_building_and_grounds_cleaning_and_maintenance_occupations": 0.025295012555488848, "occupation_food_preparation_and_serving_related_occupations": 0.043405080093868266, "occupation_healthcare_support_occupations": 0.024568861626024993, "occupation_personal_care_and_service_occupations": 0.02142299513106092, "occupation_firefighting_and_prevention,_and_other_protective_service_workers_including_supervisors": 0.007092017735242992, "occupation_law_enforcement_workers_including_supervisors": 0.007198760771350442, "sors_cohabiting_partnered_gay": 0.0060355809025045785, "2020 Presidential Election-margin": 0.04373594347499495, "2016 Presidential Election-margin": 0.0077050622470446915, "2016-2020 Swing-margin": 0.036030881227950264, "park_percent_1km_v2": 0.02327978657908582, "mean_dist_Hospital_updated": 4.945584110383472, "mean_dist_Active Superfund Site_updated": 6.899684570781168, "mean_dist_Airport_updated": 16.776808187942635, "mean_dist_Public School_updated": 1.402739130167222, "lapop1share_usda_fra_1": 0.5492477610733614, "mean_high_temp_4": 63.73567842491044, "mean_high_temp_winter_4": 43.558537805370435, "mean_high_temp_spring_4": 69.11510388213091, "mean_high_temp_summer_4": 83.26363172527113, "mean_high_temp_fall_4": 58.01404922479839, "mean_high_heat_index_4": 63.46595097426811, "days_above_90_4": 0.04721815256440444, "days_below_40_4": 0.12022104891847003, "wind_speed_over_10mph_4": 0.12668697520902394, "snowfall_4": 0.09245346663996698, "rainfall_4": 1.0556225323516195, "hours_sunny_4": 4.785784521755483, "internet_no_access": 0.06281747427252049, "insurance_coverage_none": 0.05415663577962656, "insurance_coverage_govt": 0.11226328353549438,