{"population": 776971.0, "ad_1": 31720.711111616787, "population_change_2010": 0.1155282445926447, "ad_1_change_2010": 0.07682153287808108, "population_change_2000": 0.17695059955525663, "ad_1_change_2000": 0.10075318703990621, "gpw_population": NaN, "gpw_pw_density_4": NaN, "white": 0.6519252327306939, "hispanic": 0.11223070101715509, "black": 0.0467018717558313, "asian": 0.14094605847579897, "homogeneity_250_2020": 0.4899370398533208, "homogeneity_250_diff_2010": -0.08214304818657259, "homogeneity_250_diff_2000": -0.12110809894432728, "citizenship_citizen_by_birth": 0.756935238011285, "citizenship_citizen_by_naturalization": 0.12483772377367029, "citizenship_not_citizen": 0.11822703821504454, "birthplace_non_us": 0.24306476198871507, "birthplace_us_not_state": 0.32357129463078166, "birthplace_us_state": 0.43336394338050327, "language_english_only": 0.7209856596758317, "language_spanish": 0.09304927939918918, "education_high_school": 0.9634099480450568, "education_ugrad": 0.7824341817647882, "education_grad": 0.41455044284715975, "education_field_stem": 0.34646934326985945, "education_field_humanities": 0.28488359778140976, "education_field_business": 0.1510812407135186, "generation_silent": 0.08932266319369644, "generation_boomer": 0.2232386938527962, "generation_genx": 0.187777117233095, "generation_millenial": 0.3019375779425336, "generation_genz": 0.11857599719003649, "generation_genalpha": 0.07914795058784219, "poverty_below_line": 0.08939642329832204, "household_income_under_50k": 0.22385360666516854, "household_income_over_100k": 0.5985346209601126, "individual_income_under_50k": 0.33229293016262973, "individual_income_over_100k": 0.4310423775023779, "housing_per_pop": 0.6981181302372894, "vacancy": 0.12872226736288261, "rent_or_own_rent": 0.6757812587233277, "rent_burden_under_20": 0.3594654233208538, "rent_burden_over_40": 0.2806292015843368, "rent_1br_under_750": 0.06529381668365718, "rent_1br_over_1500": 0.7631667730107932, "rent_2br_under_750": 0.07935538139377962, "rent_2br_over_1500": 0.7377953656425464, "year_built_1969_or_earlier": 0.6729230261936672, "year_built_2010_or_later": 0.04805341121160665, "transportation_means_car": 0.09806724670372419, "transportation_means_bike": 0.024345547892257496, "transportation_means_walk": 0.22604239357271372, "transportation_means_transit": 0.4420328138306492, "transportation_means_worked_at_home": 0.19643378417978405, "transportation_commute_time_under_15": 0.13026592238497536, "transportation_commute_time_over_60": 0.07431065571006296, "vehicle_ownership_at_least_1": 0.2438316876488484, "traffic_fatalities_last_decade_per_capita": 2.496875687766982e-05, "traffic_fatalities_ped_last_decade_per_capita": 1.9177034921509298e-05, "GHLTH_cdc_2": 0.08212483027982345, "ARTHRITIS_cdc_2": 0.1740301904519008, "CASTHMA_cdc_2": 0.09674832815023374, "BPHIGH_cdc_2": 0.21160097837787423, "CANCER_cdc_2": 0.0628299052444775, "KIDNEY_cdc_2": 0.02231197420238351, "COPD_cdc_2": 0.034629809621310174, "CHD_cdc_2": 0.03671363850256252, "DIABETES_cdc_2": 0.05990698640935613, "OBESITY_cdc_2": 0.1681763040464149, "STROKE_cdc_2": 0.018386530102328456, "DISABILITY_cdc_2": 0.18655661202863344, "HEARING_cdc_2": 0.04243765364314091, "VISION_cdc_2": 0.026773365947815982, "COGNITION_cdc_2": 0.07690371386063687, "MOBILITY_cdc_2": 0.07936371441566942, "SELFCARE_cdc_2": 0.019000742224230295, "INDEPLIVE_cdc_2": 0.04381384361633573, "BINGE_cdc_2": 0.2196211165472569, "CSMOKING_cdc_2": 0.0797549672302269, "LPA_cdc_2": 0.14138484628202214, "SLEEP_cdc_2": 0.28529498985173213, "heating_utility_gas": 0.46676843939956303, "heating_electricity": 0.27719803922121783, "industry_agriculture,_forestry,_fishing_and_hunting": 0.00042358881776410884, "industry_mining,_quarrying,_and_oil_and_gas_extraction": 0.00010938832107095116, "industry_accommodation_and_food_services": 0.026128854453773193, "industry_arts,_entertainment,_and_recreation": 0.04307443600205701, "industry_construction": 0.015145128528501453, "industry_educational_services": 0.09062667404928408, "industry_health_care_and_social_assistance": 0.12458279043451145, "industry_finance_and_insurance": 0.16561609451906806, "industry_real_estate_and_rental_and_leasing": 0.03827536147500474, "industry_information": 0.06636755957731094, "industry_manufacturing": 0.03099944594720653, "industry_other_services,_except_public_administration": 0.03644715784782892, "industry_administrative_and_support_and_waste_management_services": 0.023103343085757132, "industry_management_of_companies_and_enterprises": 0.0021792725039068116, "industry_professional,_scientific,_and_technical_services": 0.2192216018585357, "industry_public_administration": 0.028330580759616524, "industry_retail_trade": 0.05526248052750791, "industry_transportation_and_warehousing": 0.014500293489146826, "industry_utilities": 0.0019084770910251052, "industry_wholesale_trade": 0.01769747071112262, "occupation_architecture_and_engineering_occupations": 0.01260385346361767, "occupation_computer_and_mathematical_occupations": 0.05604814752181223, "occupation_life,_physical,_and_social_science_occupations": 0.02816166585993001, "occupation_arts,_design,_entertainment,_sports,_and_media_occupations": 0.08552785336319918, "occupation_community_and_social_service_occupations": 0.015367577048562947, "occupation_educational_instruction,_and_library_occupations": 0.06004946234545565, "occupation_legal_occupations": 0.06152684755989358, "occupation_health_diagnosing_and_treating_practitioners_and_other_technical_occupations": 0.0678977567282735, "occupation_health_technologists_and_technicians": 0.007793766116196833, "occupation_business_and_financial_operations_occupations": 0.14627811730437604, "occupation_management_occupations": 0.2004729272623881, "occupation_construction_and_extraction_occupations": 0.006605276508592233, "occupation_farming,_fishing,_and_forestry_occupations": 0.0001536091317166549, "occupation_installation,_maintenance,_and_repair_occupations": 0.0024321445855137016, "occupation_material_moving_occupations": 0.00418975496442158, "occupation_transportation_occupations": 0.008024838241718202, "occupation_office_and_administrative_support_occupations": 0.0633940494722435, "occupation_sales_and_related_occupations": 0.0993027122083436, "occupation_building_and_grounds_cleaning_and_maintenance_occupations": 0.008805598067780404, "occupation_food_preparation_and_serving_related_occupations": 0.015496085485314217, "occupation_healthcare_support_occupations": 0.010872758316417106, "occupation_personal_care_and_service_occupations": 0.02330020025056654, "occupation_firefighting_and_prevention,_and_other_protective_service_workers_including_supervisors": 0.004723485109581273, "occupation_law_enforcement_workers_including_supervisors": 0.0035473276931552, "sors_cohabiting_partnered_gay": 0.023501203450657687, "2020 Presidential Election-margin": 0.7095881434195908, "2016 Presidential Election-margin": 0.7027833121948311, "2016-2020 Swing-margin": 0.006804831224759611, "park_percent_1km_v2": 0.1126188905811326, "mean_dist_Hospital_updated": 0.7992015378208718, "mean_dist_Active Superfund Site_updated": 4.32656467696355, "mean_dist_Airport_updated": 8.745346395873815, "mean_dist_Public School_updated": 0.2733393405390105, "lapop1share_usda_fra_1": 1.0, "mean_high_temp_4": 61.30815017598005, "mean_high_temp_winter_4": 41.30116206684778, "mean_high_temp_spring_4": 65.53815998179938, "mean_high_temp_summer_4": 80.91412244556113, "mean_high_temp_fall_4": 56.51570570919647, "mean_high_heat_index_4": 60.918811706662936, "days_above_90_4": 0.017529550651561122, "days_below_40_4": 0.13494927922057193, "wind_speed_over_10mph_4": 0.1643516797229137, "snowfall_4": 0.1094119341517307, "rainfall_4": 1.0243566584893187, "hours_sunny_4": 4.901846042379316, "internet_no_access": 0.052364768222735614, "insurance_coverage_none": 0.03645400422947888, "insurance_coverage_govt": 0.0926058085215174, "insurance_coverage_private": 0.8709401872490037,