{"population": 276102.0, "ad_1": 1858.9404708446273, "population_change_2010": 0.16843842573000423, "ad_1_change_2010": 0.07926836412504736, "gpw_population": NaN, "gpw_pw_density_4": NaN, "white": 0.5330855988004433, "hispanic": 0.22560503002513563, "black": 0.05637047178216746, "asian": 0.11848157564957879, "citizenship_citizen_by_birth": 0.8510789449190036, "citizenship_citizen_by_naturalization": 0.07396853354423806, "citizenship_not_citizen": 0.07495252153675841, "birthplace_non_us": 0.1489210550809965, "birthplace_us_not_state": 0.48573773505481965, "birthplace_us_state": 0.365341209864184, "language_english_only": 0.7666065054985909, "language_spanish": 0.12364154898342974, "education_high_school": 0.9411892868852686, "education_ugrad": 0.44280763782024807, "education_grad": 0.16450194400628945, "education_field_stem": 0.21446610593839716, "education_field_humanities": 0.13189713888841975, "education_field_business": 0.09644439299343122, "generation_silent": 0.04368495242923072, "generation_boomer": 0.19044837036809875, "generation_genx": 0.22026667552378815, "generation_millenial": 0.22715040394627756, "generation_genz": 0.19192372734520183, "generation_genalpha": 0.126525870387403, "poverty_below_line": 0.07543206817822783, "household_income_under_50k": 0.23306388713540374, "household_income_over_100k": 0.45252051547755656, "individual_income_under_50k": 0.542717304304195, "individual_income_over_100k": 0.17596831854067202, "housing_per_pop": 0.5186531819008162, "vacancy": 0.0540069365014943, "rent_or_own_rent": 0.3488489714876779, "rent_burden_under_20": 0.2825654906971484, "rent_burden_over_40": 0.2628810565097982, "rent_1br_under_750": 0.03937324714285879, "rent_1br_over_1500": 0.20734198283140418, "rent_2br_under_750": 0.02759799548358908, "rent_2br_over_1500": 0.43844963585780883, "year_built_1969_or_earlier": 0.03259926642830989, "year_built_2010_or_later": 0.12714915334179558, "transportation_means_car": 0.8096338097666257, "transportation_means_bike": 0.006243544300296722, "transportation_means_walk": 0.011670549472061805, "transportation_means_transit": 0.0071833610034053585, "transportation_means_worked_at_home": 0.15545050820433087, "transportation_commute_time_under_15": 0.2517591912538796, "transportation_commute_time_over_60": 0.05302872706859438, "vehicle_ownership_at_least_1": 0.9670273832576806, "GHLTH_cdc_2": 0.1155135666214926, "ARTHRITIS_cdc_2": 0.18342523326429908, "CASTHMA_cdc_2": 0.09679473825241398, "BPHIGH_cdc_2": 0.23631990384033996, "CANCER_cdc_2": 0.05428471505974022, "KIDNEY_cdc_2": 0.024046788567880815, "COPD_cdc_2": 0.042137287559222865, "CHD_cdc_2": 0.03836162252744738, "DIABETES_cdc_2": 0.0739486982756334, "OBESITY_cdc_2": 0.28452512587766127, "STROKE_cdc_2": 0.020557672705949704, "DISABILITY_cdc_2": 0.2256489612880132, "HEARING_cdc_2": 0.04580340271939518, "VISION_cdc_2": 0.034437768284082515, "COGNITION_cdc_2": 0.11657987003926405, "MOBILITY_cdc_2": 0.08854871095624531, "SELFCARE_cdc_2": 0.0251746744017245, "INDEPLIVE_cdc_2": 0.054466237144893764, "BINGE_cdc_2": 0.19155368763848507, "CSMOKING_cdc_2": 0.12332578151486767, "LPA_cdc_2": 0.1796602785733877, "SLEEP_cdc_2": 0.311435008310492, "heating_utility_gas": 0.31784989799478713, "heating_electricity": 0.6669761528523472, "industry_agriculture,_forestry,_fishing_and_hunting": 0.0027519598927732004, "industry_mining,_quarrying,_and_oil_and_gas_extraction": 0.0018410851630527654, "industry_accommodation_and_food_services": 0.05947588561657061, "industry_arts,_entertainment,_and_recreation": 0.025649827921745316, "industry_construction": 0.05827110321942372, "industry_educational_services": 0.09042410767583216, "industry_health_care_and_social_assistance": 0.12049567883378522, "industry_finance_and_insurance": 0.09302654104339682, "industry_real_estate_and_rental_and_leasing": 0.024787617043822877, "industry_information": 0.02320334966794543, "industry_manufacturing": 0.12340164879789864, "industry_other_services,_except_public_administration": 0.03614254637063363, "industry_administrative_and_support_and_waste_management_services": 0.04239891599247655, "industry_management_of_companies_and_enterprises": 0.001190210508249678, "industry_professional,_scientific,_and_technical_services": 0.08698294454027937, "industry_public_administration": 0.030904918466404568, "industry_retail_trade": 0.10722833674334133, "industry_transportation_and_warehousing": 0.03851595107114315, "industry_utilities": 0.007901334139367522, "industry_wholesale_trade": 0.025406037291857458, "occupation_architecture_and_engineering_occupations": 0.06216665254167654, "occupation_computer_and_mathematical_occupations": 0.0593434278980565, "occupation_life,_physical,_and_social_science_occupations": 0.007770056624586204, "occupation_arts,_design,_entertainment,_sports,_and_media_occupations": 0.017890704900795463, "occupation_community_and_social_service_occupations": 0.013004209372039999, "occupation_educational_instruction,_and_library_occupations": 0.059061732998162295, "occupation_legal_occupations": 0.008689027520592132, "occupation_health_diagnosing_and_treating_practitioners_and_other_technical_occupations": 0.04666371505069065, "occupation_health_technologists_and_technicians": 0.016536641579467035, "occupation_business_and_financial_operations_occupations": 0.07628520760022901, "occupation_management_occupations": 0.1243549227290872, "occupation_construction_and_extraction_occupations": 0.035831752323197734, "occupation_farming,_fishing,_and_forestry_occupations": 0.000885396410836437, "occupation_installation,_maintenance,_and_repair_occupations": 0.022969349081163548, "occupation_material_moving_occupations": 0.026279904647579507, "occupation_transportation_occupations": 0.023583398896849624, "occupation_office_and_administrative_support_occupations": 0.12685150660452738, "occupation_sales_and_related_occupations": 0.10975671690419439, "occupation_building_and_grounds_cleaning_and_maintenance_occupations": 0.020578087432793307, "occupation_food_preparation_and_serving_related_occupations": 0.04704489179451837, "occupation_healthcare_support_occupations": 0.020616875875010706, "occupation_personal_care_and_service_occupations": 0.025177983904908618, "occupation_firefighting_and_prevention,_and_other_protective_service_workers_including_supervisors": 0.009929285604830952, "occupation_law_enforcement_workers_including_supervisors": 0.006840860373563876, "2020 Presidential Election-margin": 0.08932142413210693, "2016 Presidential Election-margin": 0.01683537270416907, "2016-2020 Swing-margin": 0.07248605142793786, "park_percent_1km_v2": 0.029562378098982458, "mean_dist_Hospital_updated": 4.096524407422886, "mean_dist_Active Superfund Site_updated": 16.89995886457468, "mean_dist_Airport_updated": 16.934783160558332, "mean_dist_Public School_updated": 0.7683667875559552, "mean_high_temp_4": 87.18790657048662, "mean_high_temp_winter_4": 70.40759196567966, "mean_high_temp_spring_4": 92.35145043068604, "mean_high_temp_summer_4": 104.44405364311802, "mean_high_temp_fall_4": 80.6413268058821, "mean_high_heat_index_4": 85.9920856111686, "days_above_90_4": 0.4745813671229836, "days_below_40_4": 0.0, "wind_speed_over_10mph_4": 0.009735588359568564, "snowfall_4": 9.879040718357493e-06, "rainfall_4": 0.2280969420057934, "hours_sunny_4": 8.840331182750951, "internet_no_access": 0.04123753791929151, "insurance_coverage_none": 0.09010264921420212, "insurance_coverage_govt": 0.09877630025057836, "insurance_coverage_private": 0.8111210505352195, "marriage_divorced": 0.12096739341389773}