{"population": 310487.0, "ad_1": 5338.959073069199, "population_change_2010": -0.04465832412823345, "ad_1_change_2010": -0.06618849247552692, "gpw_population": NaN, "gpw_pw_density_4": NaN, "white": 0.08533046472155034, "hispanic": 0.7671110223616447, "black": 0.008844170609397494, "asian": 0.12067171894475454, "citizenship_citizen_by_birth": 0.5837198672444239, "citizenship_citizen_by_naturalization": 0.17939976840526906, "citizenship_not_citizen": 0.23688036435030707, "birthplace_non_us": 0.4162801327555761, "birthplace_us_not_state": 0.07346059896409668, "birthplace_us_state": 0.5102592682803272, "language_english_only": 0.22115055419168006, "language_spanish": 0.6704352775196334, "education_high_school": 0.6445662580713376, "education_ugrad": 0.1675848580447162, "education_grad": 0.04744764230148822, "education_field_stem": 0.0773779135335163, "education_field_humanities": 0.05659832650912488, "education_field_business": 0.03360861800207504, "generation_silent": 0.03905420662305395, "generation_boomer": 0.16645318836987014, "generation_genx": 0.19589598339534955, "generation_millenial": 0.2382383001516374, "generation_genz": 0.23160878182672062, "generation_genalpha": 0.12874953963336827, "poverty_below_line": 0.12467048726187392, "household_income_under_50k": 0.30686754332624433, "household_income_over_100k": 0.3731018040329925, "individual_income_under_50k": 0.7646684263512, "individual_income_over_100k": 0.061258322185962395, "housing_per_pop": 0.3396233691111254, "vacancy": 0.03228492487036827, "rent_or_own_rent": 0.53879417885652, "rent_burden_under_20": 0.20568725115133352, "rent_burden_over_40": 0.3848256163238173, "rent_1br_under_750": 0.05777286473348108, "rent_1br_over_1500": 0.4533072291982503, "rent_2br_under_750": 0.02129097343112937, "rent_2br_over_1500": 0.7691487379663244, "year_built_1969_or_earlier": 0.5530677078052454, "year_built_2010_or_later": 0.030894822367714556, "transportation_means_car": 0.8600405470771476, "transportation_means_bike": 0.008242862333235536, "transportation_means_walk": 0.01999056721160685, "transportation_means_transit": 0.03491402683363461, "transportation_means_worked_at_home": 0.06736832074625129, "transportation_commute_time_under_15": 0.18543824221834193, "transportation_commute_time_over_60": 0.0583765777323684, "vehicle_ownership_at_least_1": 0.9431736165264226, "GHLTH_cdc_2": 0.23304963786296964, "ARTHRITIS_cdc_2": 0.1531046356204289, "CASTHMA_cdc_2": 0.09608679742973743, "BPHIGH_cdc_2": 0.24331859177320586, "CANCER_cdc_2": 0.03781121803269225, "KIDNEY_cdc_2": 0.027469881123135472, "COPD_cdc_2": 0.04703482377182036, "CHD_cdc_2": 0.04285682820361382, "DIABETES_cdc_2": 0.11271302583140534, "OBESITY_cdc_2": 0.3132725464161534, "STROKE_cdc_2": 0.025307001611964957, "DISABILITY_cdc_2": 0.31415421131395127, "HEARING_cdc_2": 0.055152532738875, "VISION_cdc_2": 0.08008898224174145, "COGNITION_cdc_2": 0.1763854328103699, "MOBILITY_cdc_2": 0.12859651584654805, "SELFCARE_cdc_2": 0.04816973147239455, "INDEPLIVE_cdc_2": 0.09090233623901488, "BINGE_cdc_2": 0.16206378585289818, "CSMOKING_cdc_2": 0.13499714908677524, "LPA_cdc_2": 0.2546493421140276, "SLEEP_cdc_2": 0.3383472341256977, "heating_utility_gas": 0.6119294712822615, "heating_electricity": 0.2510133152055992, "industry_agriculture,_forestry,_fishing_and_hunting": 0.017603497903356767, "industry_mining,_quarrying,_and_oil_and_gas_extraction": 0.0008244482338945648, "industry_accommodation_and_food_services": 0.10688937807659946, "industry_arts,_entertainment,_and_recreation": 0.020685361459329667, "industry_construction": 0.08219803083325812, "industry_educational_services": 0.05817869521007947, "industry_health_care_and_social_assistance": 0.10159891505011777, "industry_finance_and_insurance": 0.031503073206241385, "industry_real_estate_and_rental_and_leasing": 0.020018329817305683, "industry_information": 0.01277054111331191, "industry_manufacturing": 0.13672544831759212, "industry_other_services,_except_public_administration": 0.06420244366846431, "industry_administrative_and_support_and_waste_management_services": 0.09325283354801833, "industry_management_of_companies_and_enterprises": 0.0005410441534933082, "industry_professional,_scientific,_and_technical_services": 0.04807169373783409, "industry_public_administration": 0.026559100072618604, "industry_retail_trade": 0.11044715802912239, "industry_transportation_and_warehousing": 0.03908837683137606, "industry_utilities": 0.003479401817260264, "industry_wholesale_trade": 0.025362228920725618, "occupation_architecture_and_engineering_occupations": 0.014045758149566774, "occupation_computer_and_mathematical_occupations": 0.01822305059769555, "occupation_life,_physical,_and_social_science_occupations": 0.004272558382964477, "occupation_arts,_design,_entertainment,_sports,_and_media_occupations": 0.015296221729014726, "occupation_community_and_social_service_occupations": 0.012147298528229095, "occupation_educational_instruction,_and_library_occupations": 0.03543155928929064, "occupation_legal_occupations": 0.007834582167696343, "occupation_health_diagnosing_and_treating_practitioners_and_other_technical_occupations": 0.013605410843800406, "occupation_health_technologists_and_technicians": 0.01557806498542105, "occupation_business_and_financial_operations_occupations": 0.035048983201567074, "occupation_management_occupations": 0.059906791501640924, "occupation_construction_and_extraction_occupations": 0.07228344634902394, "occupation_farming,_fishing,_and_forestry_occupations": 0.012341471130567055, "occupation_installation,_maintenance,_and_repair_occupations": 0.030817584397002745, "occupation_material_moving_occupations": 0.052785446608848804, "occupation_transportation_occupations": 0.034713571707956546, "occupation_office_and_administrative_support_occupations": 0.11484746754151812, "occupation_sales_and_related_occupations": 0.09372191066710109, "occupation_building_and_grounds_cleaning_and_maintenance_occupations": 0.09757131948275577, "occupation_food_preparation_and_serving_related_occupations": 0.08393799475249546, "occupation_healthcare_support_occupations": 0.03579006776482337, "occupation_personal_care_and_service_occupations": 0.031021370601427123, "occupation_firefighting_and_prevention,_and_other_protective_service_workers_including_supervisors": 0.009943139798285644, "occupation_law_enforcement_workers_including_supervisors": 0.003413085981855705, "2020 Presidential Election-margin": 0.38916071906547806, "2016 Presidential Election-margin": 0.5287628605544777, "2016-2020 Swing-margin": -0.1396021414889997, "park_percent_1km_v2": 0.020755627217105607, "mean_dist_Hospital_updated": 2.059323674596001, "mean_dist_Active Superfund Site_updated": 16.321295686971567, "mean_dist_Airport_updated": 7.531121631290048, "mean_dist_Public School_updated": 0.44192081273060424, "mean_high_temp_4": 71.69631836451016, "mean_high_temp_winter_4": 64.8078539823065, "mean_high_temp_spring_4": 70.21396024364044, "mean_high_temp_summer_4": 79.76611337825126, "mean_high_temp_fall_4": 71.69590985950246, "mean_high_heat_index_4": 71.57167701909319, "days_above_90_4": 0.02030151721944211, "days_below_40_4": 0.0, "wind_speed_over_10mph_4": 0.0117334681257008, "snowfall_4": 0.0, "rainfall_4": 0.3466708455309305, "hours_sunny_4": 7.95948743312398, "internet_no_access": 0.11115375533149727, "insurance_coverage_none": 0.19257480576090477, "insurance_coverage_govt": 0.2672744965279769, "insurance_coverage_private": 0.5401506977111183, "marriage_divorced": 0.07501415677155393}