{"population": 310229.0, "ad_1": 850.430376678395, "population_change_2010": 0.00457228714740445, "ad_1_change_2010": -0.0278877955671202, "gpw_population": NaN, "gpw_pw_density_4": NaN, "white": 0.7692994529847307, "hispanic": 0.1505500775233779, "black": 0.01312901114982803, "asian": 0.02794387371909138, "citizenship_citizen_by_birth": 0.9119900627194295, "citizenship_citizen_by_naturalization": 0.046754776362916695, "citizenship_not_citizen": 0.0412551609176538, "birthplace_non_us": 0.0880099372805705, "birthplace_us_not_state": 0.17919928945869495, "birthplace_us_state": 0.7327907732607345, "language_english_only": 0.8619546140973838, "language_spanish": 0.08652708052732541, "education_high_school": 0.9370924099977069, "education_ugrad": 0.34238936023847744, "education_grad": 0.11396468699839486, "education_field_stem": 0.13889933501490484, "education_field_humanities": 0.1241733547351525, "education_field_business": 0.07931667048842009, "generation_silent": 0.05568803117628697, "generation_boomer": 0.23955990204312805, "generation_genx": 0.21050107964949202, "generation_millenial": 0.17705286259971875, "generation_genz": 0.20011327470080353, "generation_genalpha": 0.11708484983057066, "poverty_below_line": 0.06283805694273299, "household_income_under_50k": 0.23671425825280046, "household_income_over_100k": 0.4679674256854761, "individual_income_under_50k": 0.5652814906258604, "individual_income_over_100k": 0.15376519800705168, "housing_per_pop": 0.500910510430054, "vacancy": 0.045288159390252054, "rent_or_own_rent": 0.18525767610925678, "rent_burden_under_20": 0.2747514910536779, "rent_burden_over_40": 0.3239065606361829, "rent_1br_under_750": 0.2952755905511811, "rent_1br_over_1500": 0.09867125984251969, "rent_2br_under_750": 0.0573836739406535, "rent_2br_over_1500": 0.22745641380902898, "year_built_1969_or_earlier": 0.256200560833717, "year_built_2010_or_later": 0.034654501318377766, "transportation_means_car": 0.8550270350161964, "transportation_means_bike": 0.0018906036383342982, "transportation_means_walk": 0.008036605042430811, "transportation_means_transit": 0.01768668941138796, "transportation_means_worked_at_home": 0.1099444519712776, "transportation_commute_time_under_15": 0.23701125725632918, "transportation_commute_time_over_60": 0.14774889468549565, "vehicle_ownership_at_least_1": 0.9624975971200391, "GHLTH_cdc_2": 0.12452066509370967, "ARTHRITIS_cdc_2": 0.22103442549971064, "CASTHMA_cdc_2": 0.0942712015314072, "BPHIGH_cdc_2": 0.2851889596224903, "CANCER_cdc_2": 0.06340207007078306, "KIDNEY_cdc_2": 0.0245024707296443, "COPD_cdc_2": 0.05470760361483329, "CHD_cdc_2": 0.04653007612518363, "DIABETES_cdc_2": 0.08329384766059741, "OBESITY_cdc_2": 0.312569020166496, "STROKE_cdc_2": 0.023780630369941682, "DISABILITY_cdc_2": 0.2689354761162801, "HEARING_cdc_2": 0.06226104705515737, "VISION_cdc_2": 0.03504720651738415, "COGNITION_cdc_2": 0.12219204914748698, "MOBILITY_cdc_2": 0.11747978008280283, "SELFCARE_cdc_2": 0.027775671103592574, "INDEPLIVE_cdc_2": 0.06327982460045409, "BINGE_cdc_2": 0.1850947558206829, "CSMOKING_cdc_2": 0.14104509638071494, "LPA_cdc_2": 0.25587087210078796, "SLEEP_cdc_2": 0.3250343053020523, "heating_utility_gas": 0.878152141621376, "heating_electricity": 0.0921045733358964, "industry_agriculture,_forestry,_fishing_and_hunting": 0.007233699961864176, "industry_mining,_quarrying,_and_oil_and_gas_extraction": 0.0006174371515566075, "industry_accommodation_and_food_services": 0.05444342883431498, "industry_arts,_entertainment,_and_recreation": 0.02004854750936749, "industry_construction": 0.0799702177373955, "industry_educational_services": 0.09261557273349112, "industry_health_care_and_social_assistance": 0.11338446358634133, "industry_finance_and_insurance": 0.05225213227682976, "industry_real_estate_and_rental_and_leasing": 0.013952868964097845, "industry_information": 0.015950459748545694, "industry_manufacturing": 0.15195007233699961, "industry_other_services,_except_public_administration": 0.04842644325934176, "industry_administrative_and_support_and_waste_management_services": 0.0391467260697704, "industry_management_of_companies_and_enterprises": 0.002209456473707468, "industry_professional,_scientific,_and_technical_services": 0.06987935762323016, "industry_public_administration": 0.030738684858867184, "industry_retail_trade": 0.1236569228627292, "industry_transportation_and_warehousing": 0.04295425517103615, "industry_utilities": 0.005532721142379796, "industry_wholesale_trade": 0.03503653169813377, "occupation_architecture_and_engineering_occupations": 0.020109080563441666, "occupation_computer_and_mathematical_occupations": 0.02535729635167283, "occupation_life,_physical,_and_social_science_occupations": 0.008002469748606227, "occupation_arts,_design,_entertainment,_sports,_and_media_occupations": 0.018305195552031188, "occupation_community_and_social_service_occupations": 0.012881433906984908, "occupation_educational_instruction,_and_library_occupations": 0.06665294584107652, "occupation_legal_occupations": 0.007814817280976277, "occupation_health_diagnosing_and_treating_practitioners_and_other_technical_occupations": 0.03838400958843576, "occupation_health_technologists_and_technicians": 0.01481849163735858, "occupation_business_and_financial_operations_occupations": 0.059951936755065105, "occupation_management_occupations": 0.12426830670887838, "occupation_construction_and_extraction_occupations": 0.05032718115727093, "occupation_farming,_fishing,_and_forestry_occupations": 0.0027784671820047335, "occupation_installation,_maintenance,_and_repair_occupations": 0.03750628030436019, "occupation_material_moving_occupations": 0.03331739296242713, "occupation_transportation_occupations": 0.035199970944134046, "occupation_office_and_administrative_support_occupations": 0.11421981973256497, "occupation_sales_and_related_occupations": 0.11888691820168402, "occupation_building_and_grounds_cleaning_and_maintenance_occupations": 0.02559942856796954, "occupation_food_preparation_and_serving_related_occupations": 0.04268185642770235, "occupation_healthcare_support_occupations": 0.025454149238191514, "occupation_personal_care_and_service_occupations": 0.03030284686953311, "occupation_firefighting_and_prevention,_and_other_protective_service_workers_including_supervisors": 0.012506128971725011, "occupation_law_enforcement_workers_including_supervisors": 0.007954043305346884, "2020 Presidential Election-margin": -0.025055835580995153, "2016 Presidential Election-margin": -0.07625396825396825, "2016-2020 Swing-margin": 0.0511981326729731, "park_percent_1km_v2": 0.03695262251025323, "mean_dist_Hospital_updated": 8.160877459385048, "mean_dist_Active Superfund Site_updated": 12.059844833291226, "mean_dist_Airport_updated": 47.135191064538795, "mean_dist_Public School_updated": 1.4487434024332528, "mean_high_temp_4": 58.15511768474571, "mean_high_temp_winter_4": 34.671446088445755, "mean_high_temp_spring_4": 65.4458903597638, "mean_high_temp_summer_4": 79.92912367108197, "mean_high_temp_fall_4": 51.435198234897896, "mean_high_heat_index_4": 57.30959076739363, "days_above_90_4": 0.01635709678920268, "days_below_40_4": 0.24481551642145294, "wind_speed_over_10mph_4": 0.2313224329542119, "snowfall_4": 0.11591210561487326, "rainfall_4": 0.8258046878156624, "hours_sunny_4": 4.588342067718355, "internet_no_access": 0.04095381227827971, "insurance_coverage_none": 0.06676222361360497, "insurance_coverage_govt": 0.09846677671239257, "insurance_coverage_private": 0.8347709996740025, "marriage_divorced": 0.09410906438081343}