{"population": 769221.0, "ad_1": 1283.4732497223274, "population_change_2010": 0.39844633435989923, "ad_1_change_2010": 0.13539433321947422, "population_change_2000": 1.171235583355444, "ad_1_change_2000": 0.14300866747110583, "gpw_population": NaN, "gpw_pw_density_4": NaN, "white": 0.3003155140070279, "hispanic": 0.5177835758514133, "black": 0.09323718411223822, "asian": 0.04114162249860573, "homogeneity_250_2020": 0.4643356260500848, "homogeneity_250_diff_2010": -0.021410666918680266, "homogeneity_250_diff_2000": -0.08105663219808557, "citizenship_citizen_by_birth": 0.7612096183963282, "citizenship_citizen_by_naturalization": 0.1216332663333294, "citizenship_not_citizen": 0.11715711527034244, "birthplace_non_us": 0.2387903816036725, "birthplace_us_not_state": 0.5088280452252197, "birthplace_us_state": 0.25238157317110793, "language_english_only": 0.4733388704252793, "language_spanish": 0.4470741253371053, "education_high_school": 0.8894816348589559, "education_ugrad": 0.27950733805825734, "education_grad": 0.09206428586145046, "education_field_stem": 0.1213891958100735, "education_field_humanities": 0.08570342777344155, "education_field_business": 0.07241471447474256, "generation_silent": 0.05108893273675258, "generation_boomer": 0.1949175409678615, "generation_genx": 0.21215114091392284, "generation_millenial": 0.2235839688602827, "generation_genz": 0.19540573141011489, "generation_genalpha": 0.12285268511106538, "poverty_below_line": 0.1298578211435036, "household_income_under_50k": 0.4010724371786897, "household_income_over_100k": 0.25532377045271853, "individual_income_under_50k": 0.7551573286676537, "individual_income_over_100k": 0.0644086569739779, "housing_per_pop": 0.5119315540162659, "vacancy": 0.12297096751902757, "rent_or_own_rent": 0.3671657244935139, "rent_burden_under_20": 0.16196741012561922, "rent_burden_over_40": 0.4225419905340961, "rent_1br_under_750": 0.06606508630038249, "rent_1br_over_1500": 0.1428206379524796, "rent_2br_under_750": 0.04773233457129862, "rent_2br_over_1500": 0.37127402047834573, "year_built_1969_or_earlier": 0.06841537235409371, "year_built_2010_or_later": 0.17608928013389027, "transportation_means_car": 0.8795936099854168, "transportation_means_bike": 0.006220639824673014, "transportation_means_walk": 0.006710625207057892, "transportation_means_transit": 0.012336434999014916, "transportation_means_worked_at_home": 0.08489834836535619, "transportation_commute_time_under_15": 0.12702460944244245, "transportation_commute_time_over_60": 0.11306643551996917, "vehicle_ownership_at_least_1": 0.9604950922177943, "GHLTH_cdc_2": 0.17895230729346728, "ARTHRITIS_cdc_2": 0.2682640394241164, "CASTHMA_cdc_2": 0.10427776663481186, "BPHIGH_cdc_2": 0.3395216390932584, "CANCER_cdc_2": 0.06957067636566812, "KIDNEY_cdc_2": 0.03160970520185111, "COPD_cdc_2": 0.07570033914847707, "CHD_cdc_2": 0.06344030106626715, "DIABETES_cdc_2": 0.11329064190900302, "OBESITY_cdc_2": 0.3592584343269342, "STROKE_cdc_2": 0.03319856531070289, "DISABILITY_cdc_2": 0.30829869388896325, "HEARING_cdc_2": 0.07226797181784309, "VISION_cdc_2": 0.05478410305238313, "COGNITION_cdc_2": 0.14369272355477813, "MOBILITY_cdc_2": 0.14800279890634718, "SELFCARE_cdc_2": 0.042378652452575175, "INDEPLIVE_cdc_2": 0.08501597775377945, "BINGE_cdc_2": 0.16555453666054665, "CSMOKING_cdc_2": 0.17630184278568292, "LPA_cdc_2": 0.2610754203779995, "SLEEP_cdc_2": 0.34777181607056984, "heating_utility_gas": 0.04520623877006814, "heating_electricity": 0.9197851962743429, "industry_agriculture,_forestry,_fishing_and_hunting": 0.0027752423453845897, "industry_mining,_quarrying,_and_oil_and_gas_extraction": 0.0004215653094536851, "industry_accommodation_and_food_services": 0.1186704443557511, "industry_arts,_entertainment,_and_recreation": 0.07397416320205906, "industry_construction": 0.07035659035378637, "industry_educational_services": 0.059757903265097556, "industry_health_care_and_social_assistance": 0.10451021166969454, "industry_finance_and_insurance": 0.03476661289471536, "industry_real_estate_and_rental_and_leasing": 0.03132339321079132, "industry_information": 0.01414857048029444, "industry_manufacturing": 0.04496241918523126, "industry_other_services,_except_public_administration": 0.04868731799703367, "industry_administrative_and_support_and_waste_management_services": 0.06311584210857095, "industry_management_of_companies_and_enterprises": 0.0015198538788198641, "industry_professional,_scientific,_and_technical_services": 0.05589504426088535, "industry_public_administration": 0.0316924129769088, "industry_retail_trade": 0.1366943923071819, "industry_transportation_and_warehousing": 0.07799607721504434, "industry_utilities": 0.005743287000621244, "industry_wholesale_trade": 0.022988655982674484, "occupation_architecture_and_engineering_occupations": 0.013222582228422345, "occupation_computer_and_mathematical_occupations": 0.022496619264118604, "occupation_life,_physical,_and_social_science_occupations": 0.0028476215781645365, "occupation_arts,_design,_entertainment,_sports,_and_media_occupations": 0.02261505662756508, "occupation_community_and_social_service_occupations": 0.01110938984487241, "occupation_educational_instruction,_and_library_occupations": 0.04465797987502675, "occupation_legal_occupations": 0.007947632279729687, "occupation_health_diagnosing_and_treating_practitioners_and_other_technical_occupations": 0.031578826510635344, "occupation_health_technologists_and_technicians": 0.017662454229324435, "occupation_business_and_financial_operations_occupations": 0.04896049662457198, "occupation_management_occupations": 0.09298399295531809, "occupation_construction_and_extraction_occupations": 0.05147692975253021, "occupation_farming,_fishing,_and_forestry_occupations": 0.001436650199322431, "occupation_installation,_maintenance,_and_repair_occupations": 0.032773863455656846, "occupation_material_moving_occupations": 0.043319172038129586, "occupation_transportation_occupations": 0.06330878963826618, "occupation_office_and_administrative_support_occupations": 0.13013330016165336, "occupation_sales_and_related_occupations": 0.11943004547819633, "occupation_building_and_grounds_cleaning_and_maintenance_occupations": 0.05380764357643289, "occupation_food_preparation_and_serving_related_occupations": 0.07076404332635443, "occupation_healthcare_support_occupations": 0.023968561634792607, "occupation_personal_care_and_service_occupations": 0.03239745642316701, "occupation_firefighting_and_prevention,_and_other_protective_service_workers_including_supervisors": 0.01669274880914091, "occupation_law_enforcement_workers_including_supervisors": 0.004814436029673179, "sors_cohabiting_partnered_gay": 0.007566430017171629, "2020 Presidential Election-margin": 0.17398873564435066, "2016 Presidential Election-margin": 0.26348801278335715, "2016-2020 Swing-margin": -0.08949927713900649, "park_percent_1km_v2": 0.01242774444330411, "mean_dist_Hospital_updated": 5.233151345352219, "mean_dist_Active Superfund Site_updated": 28.522512683981148, "mean_dist_Airport_updated": 17.716765573082732, "mean_dist_Public School_updated": 1.4134745428241327, "lapop1share_usda_fra_1": 0.6165093382007449, "mean_high_temp_4": 81.61369079225587, "mean_high_temp_winter_4": 72.99392045983232, "mean_high_temp_spring_4": 84.73632834051071, "mean_high_temp_summer_4": 89.15216278695246, "mean_high_temp_fall_4": 79.16782684599197, "mean_high_heat_index_4": 86.34726536415616, "days_above_90_4": 0.15753961881582693, "days_below_40_4": 0.0, "wind_speed_over_10mph_4": 0.07659801774652876, "snowfall_4": 1.8388390789075183e-05, "rainfall_4": 1.0652122802502935, "hours_sunny_4": 5.36424016804381, "internet_no_access": 0.0662410732776617, "insurance_coverage_none": 0.16324263266889494, "insurance_coverage_govt": 0.14803376748984629, "insurance_coverage_private": 0.6887235998412587, "marriage_divorced": 0.11626737368559564}