{"population": 906431.0, "ad_1": 1514.0336635370697, "population_change_2010": 0.3688341145770411, "ad_1_change_2010": 0.07259131208663715, "gpw_population": NaN, "gpw_pw_density_4": NaN, "white": 0.5357859561290379, "hispanic": 0.2016468986607916, "black": 0.1052324997710802, "asian": 0.10232659739130723, "citizenship_citizen_by_birth": 0.8411343546661213, "citizenship_citizen_by_naturalization": 0.0776339131501537, "citizenship_not_citizen": 0.08123173218372508, "birthplace_non_us": 0.15886564533387876, "birthplace_us_not_state": 0.3664214906778606, "birthplace_us_state": 0.4747128639882606, "language_english_only": 0.7656384381570154, "language_spanish": 0.12953300143578655, "education_high_school": 0.9342959228123163, "education_ugrad": 0.4612523686145312, "education_grad": 0.1525269366462931, "education_field_stem": 0.19765365840863766, "education_field_humanities": 0.13274144590215675, "education_field_business": 0.13085726430373684, "generation_silent": 0.03635990983121267, "generation_boomer": 0.1819141331834112, "generation_genx": 0.22118009024618235, "generation_millenial": 0.22402885490569413, "generation_genz": 0.207693401576607, "generation_genalpha": 0.1288236102568927, "poverty_below_line": 0.07239397080515178, "household_income_under_50k": 0.23496825697695586, "household_income_over_100k": 0.4835117954844693, "individual_income_under_50k": 0.5310539232494828, "individual_income_over_100k": 0.19022515450375074, "housing_per_pop": 0.5133361143007071, "vacancy": 0.055677112945000544, "rent_or_own_rent": 0.3490899087327983, "rent_burden_under_20": 0.24865087111121356, "rent_burden_over_40": 0.296135012342809, "rent_1br_under_750": 0.051225364643714105, "rent_1br_over_1500": 0.09269094928688901, "rent_2br_under_750": 0.02692049647769205, "rent_2br_over_1500": 0.41278094599127807, "year_built_1969_or_earlier": 0.05833440292167233, "year_built_2010_or_later": 0.23546059550188161, "transportation_means_car": 0.8183474157718644, "transportation_means_bike": 0.0029781122019710273, "transportation_means_walk": 0.011567926246548925, "transportation_means_transit": 0.005801929023712187, "transportation_means_worked_at_home": 0.15034541119456357, "transportation_commute_time_under_15": 0.19862426653213752, "transportation_commute_time_over_60": 0.08268240327339145, "vehicle_ownership_at_least_1": 0.9715195494094735, "GHLTH_cdc_2": 0.13212249412588112, "ARTHRITIS_cdc_2": 0.185248000299955, "CASTHMA_cdc_2": 0.09339038519222118, "BPHIGH_cdc_2": 0.2613113074705461, "CANCER_cdc_2": 0.04946525937776001, "KIDNEY_cdc_2": 0.021534228199103465, "COPD_cdc_2": 0.04723849964172041, "CHD_cdc_2": 0.03617901689746538, "DIABETES_cdc_2": 0.07818661992367812, "OBESITY_cdc_2": 0.32716614799446747, "STROKE_cdc_2": 0.02008146902964555, "DISABILITY_cdc_2": 0.23338158442900234, "HEARING_cdc_2": 0.04527299655051742, "VISION_cdc_2": 0.03618364745288207, "COGNITION_cdc_2": 0.1169899723374827, "MOBILITY_cdc_2": 0.09025642403639454, "SELFCARE_cdc_2": 0.02626251062340649, "INDEPLIVE_cdc_2": 0.06130440017330734, "BINGE_cdc_2": 0.19799318435567997, "CSMOKING_cdc_2": 0.13111152077188423, "LPA_cdc_2": 0.19406150952357146, "SLEEP_cdc_2": 0.33195287165258547, "heating_utility_gas": 0.4177346007153633, "heating_electricity": 0.5510803591309716, "industry_agriculture,_forestry,_fishing_and_hunting": 0.0025975620907950133, "industry_mining,_quarrying,_and_oil_and_gas_extraction": 0.005867874075608879, "industry_accommodation_and_food_services": 0.06653787146245099, "industry_arts,_entertainment,_and_recreation": 0.019642635794501057, "industry_construction": 0.05666487263726892, "industry_educational_services": 0.1003355077858066, "industry_health_care_and_social_assistance": 0.11122025816393194, "industry_finance_and_insurance": 0.08798953636694518, "industry_real_estate_and_rental_and_leasing": 0.0259446791320026, "industry_information": 0.025081569298413358, "industry_manufacturing": 0.08325749630190127, "industry_other_services,_except_public_administration": 0.045166098668658734, "industry_administrative_and_support_and_waste_management_services": 0.036062834025870134, "industry_management_of_companies_and_enterprises": 0.0024003051774252877, "industry_professional,_scientific,_and_technical_services": 0.10062434839859961, "industry_public_administration": 0.027003433246034488, "industry_retail_trade": 0.1119409443137173, "industry_transportation_and_warehousing": 0.05450104696977418, "industry_utilities": 0.005143214467545362, "industry_wholesale_trade": 0.032017911622749085, "occupation_architecture_and_engineering_occupations": 0.022440396864412366, "occupation_computer_and_mathematical_occupations": 0.059847865001135425, "occupation_life,_physical,_and_social_science_occupations": 0.00801070707137263, "occupation_arts,_design,_entertainment,_sports,_and_media_occupations": 0.019752746222360375, "occupation_community_and_social_service_occupations": 0.014136071878868433, "occupation_educational_instruction,_and_library_occupations": 0.06992861398384849, "occupation_legal_occupations": 0.0076867904557339235, "occupation_health_diagnosing_and_treating_practitioners_and_other_technical_occupations": 0.03905351991318217, "occupation_health_technologists_and_technicians": 0.016557221326221602, "occupation_business_and_financial_operations_occupations": 0.08650465265870388, "occupation_management_occupations": 0.1524136319066805, "occupation_construction_and_extraction_occupations": 0.029601149922041072, "occupation_farming,_fishing,_and_forestry_occupations": 0.001249985914195522, "occupation_installation,_maintenance,_and_repair_occupations": 0.026270665952794633, "occupation_material_moving_occupations": 0.027159162388168484, "occupation_transportation_occupations": 0.03321598782289994, "occupation_office_and_administrative_support_occupations": 0.1144097455800477, "occupation_sales_and_related_occupations": 0.11393844866038139, "occupation_building_and_grounds_cleaning_and_maintenance_occupations": 0.01866507107026658, "occupation_food_preparation_and_serving_related_occupations": 0.04539815951490181, "occupation_healthcare_support_occupations": 0.018764323432865333, "occupation_personal_care_and_service_occupations": 0.025905023696849386, "occupation_firefighting_and_prevention,_and_other_protective_service_workers_including_supervisors": 0.009146571998979907, "occupation_law_enforcement_workers_including_supervisors": 0.006534394803942371, "2020 Presidential Election-margin": -0.08064592719766049, "2016 Presidential Election-margin": -0.19979301829328613, "2016-2020 Swing-margin": 0.11914709109562564, "park_percent_1km_v2": 0.025970707269297316, "mean_dist_Hospital_updated": 4.5005444320685175, "mean_dist_Active Superfund Site_updated": 38.72878902679508, "mean_dist_Airport_updated": 27.256825443598114, "mean_dist_Public School_updated": 1.054656506353346, "mean_high_temp_4": 76.31178464951236, "mean_high_temp_winter_4": 60.37898979672529, "mean_high_temp_spring_4": 80.66638752267512, "mean_high_temp_summer_4": 92.80591783533532, "mean_high_temp_fall_4": 70.5486883059036, "mean_high_heat_index_4": 78.59686691873661, "days_above_90_4": 0.23034106906851295, "days_below_40_4": 0.015496354594490011, "wind_speed_over_10mph_4": 0.2867441731629064, "snowfall_4": 0.009386383660138086, "rainfall_4": 0.9790921752176693, "hours_sunny_4": 6.4738105098938155, "internet_no_access": 0.03657190173423014, "insurance_coverage_none": 0.1323691566698945, "insurance_coverage_govt": 0.046796318351707285, "insurance_coverage_private": 0.8208345249783982, "marriage_divorced": 0.10003702348440896}