{"population": 530425.0, "ad_1": 942.2380311336531, "population_change_2010": 0.07222632126866049, "ad_1_change_2010": 0.12178080241661943, "population_change_2000": 0.12367226922799897, "ad_1_change_2000": 0.0918240748323525, "gpw_population": NaN, "gpw_pw_density_4": NaN, "white": 0.766460856860065, "hispanic": 0.04515435735495122, "black": 0.08197011830136211, "asian": 0.014497808361219777, "homogeneity_250_2020": 0.7084981223576353, "homogeneity_250_diff_2010": -0.07764438493122983, "homogeneity_250_diff_2000": -0.11435446626893875, "citizenship_citizen_by_birth": 0.8976296740858752, "citizenship_citizen_by_naturalization": 0.06333033409062407, "citizenship_not_citizen": 0.039039991823500764, "birthplace_non_us": 0.1023703259141243, "birthplace_us_not_state": 0.15192158174147535, "birthplace_us_state": 0.7457080923444004, "language_english_only": 0.8588564777486449, "language_spanish": 0.029161563197099165, "education_high_school": 0.9318150916133425, "education_ugrad": 0.3828944735460816, "education_grad": 0.14369492153467367, "education_field_stem": 0.165228034154612, "education_field_humanities": 0.1360207212841941, "education_field_business": 0.08164571810727493, "generation_silent": 0.0715101187902114, "generation_boomer": 0.26019631336127164, "generation_genx": 0.19856952897178745, "generation_millenial": 0.17059370317563888, "generation_genz": 0.1883344480166392, "generation_genalpha": 0.11079588768445149, "poverty_below_line": 0.06530362750564464, "household_income_under_50k": 0.2528614032357133, "household_income_over_100k": 0.49101014890676214, "individual_income_under_50k": 0.5496827785430963, "individual_income_over_100k": 0.1724884686783892, "housing_per_pop": 0.5114448632915016, "vacancy": 0.08096395433998703, "rent_or_own_rent": 0.22501588321598906, "rent_burden_under_20": 0.21324892109247529, "rent_burden_over_40": 0.3539756815869784, "rent_1br_under_750": 0.4007714776406744, "rent_1br_over_1500": 0.22025677990983655, "rent_2br_under_750": 0.10075043997070057, "rent_2br_over_1500": 0.4834664438560885, "year_built_1969_or_earlier": 0.4966290576915106, "year_built_2010_or_later": 0.05949586025393474, "transportation_means_car": 0.8222438105483535, "transportation_means_bike": 0.001542000951975049, "transportation_means_walk": 0.0169891795149069, "transportation_means_transit": 0.044755090588680976, "transportation_means_worked_at_home": 0.10404904585369525, "transportation_commute_time_under_15": 0.21997936821938618, "transportation_commute_time_over_60": 0.1825527808712696, "vehicle_ownership_at_least_1": 0.9363880014340463, "traffic_fatalities_last_decade_per_capita": 7.277183390677286e-05, "traffic_fatalities_ped_last_decade_per_capita": 1.2442852429655465e-05, "GHLTH_cdc_2": 0.12573018609968814, "ARTHRITIS_cdc_2": 0.2532820144498422, "CASTHMA_cdc_2": 0.11442767483323511, "BPHIGH_cdc_2": 0.26911615573423153, "CANCER_cdc_2": 0.07343306887260816, "KIDNEY_cdc_2": 0.02739313859003447, "COPD_cdc_2": 0.062349138792577495, "CHD_cdc_2": 0.053027236700787905, "DIABETES_cdc_2": 0.07858537852884473, "OBESITY_cdc_2": 0.29149132129979327, "STROKE_cdc_2": 0.027534015228034104, "DISABILITY_cdc_2": 0.2376941307841341, "HEARING_cdc_2": 0.05983554842509546, "VISION_cdc_2": 0.03807115121699006, "COGNITION_cdc_2": 0.12534818204349846, "MOBILITY_cdc_2": 0.10912190688885953, "SELFCARE_cdc_2": 0.03137305218946325, "INDEPLIVE_cdc_2": 0.0663703764900901, "BINGE_cdc_2": 0.17679057855336322, "CSMOKING_cdc_2": 0.14477421787761616, "LPA_cdc_2": 0.1987981206143467, "SLEEP_cdc_2": 0.332378510189778, "heating_utility_gas": 0.4681904214788366, "heating_electricity": 0.10645790547302758, "industry_agriculture,_forestry,_fishing_and_hunting": 0.005469941777644267, "industry_mining,_quarrying,_and_oil_and_gas_extraction": 0.0006096305143007302, "industry_accommodation_and_food_services": 0.06387228156216446, "industry_arts,_entertainment,_and_recreation": 0.019679583226866627, "industry_construction": 0.0814371378260132, "industry_educational_services": 0.08851678482118833, "industry_health_care_and_social_assistance": 0.1730940259350243, "industry_finance_and_insurance": 0.06727384573293763, "industry_real_estate_and_rental_and_leasing": 0.016858470290607323, "industry_information": 0.01948367814345808, "industry_manufacturing": 0.06594307085082612, "industry_other_services,_except_public_administration": 0.044072249700401224, "industry_administrative_and_support_and_waste_management_services": 0.04022316932114973, "industry_management_of_companies_and_enterprises": 0.0013660400248128046, "industry_professional,_scientific,_and_technical_services": 0.0805989362674563, "industry_public_administration": 0.046055328618147, "industry_retail_trade": 0.11663032228111389, "industry_transportation_and_warehousing": 0.036299113819004594, "industry_utilities": 0.00882818022174236, "industry_wholesale_trade": 0.023688209065141217, "occupation_architecture_and_engineering_occupations": 0.018727694573033315, "occupation_computer_and_mathematical_occupations": 0.025318784369695535, "occupation_life,_physical,_and_social_science_occupations": 0.0077826897275732315, "occupation_arts,_design,_entertainment,_sports,_and_media_occupations": 0.020777174055700915, "occupation_community_and_social_service_occupations": 0.02087261172036177, "occupation_educational_instruction,_and_library_occupations": 0.06384457724553633, "occupation_legal_occupations": 0.01363607007119909, "occupation_health_diagnosing_and_treating_practitioners_and_other_technical_occupations": 0.05139846929721969, "occupation_health_technologists_and_technicians": 0.023794047645267366, "occupation_business_and_financial_operations_occupations": 0.06572510397550814, "occupation_management_occupations": 0.1205727521488837, "occupation_construction_and_extraction_occupations": 0.059393049696139885, "occupation_farming,_fishing,_and_forestry_occupations": 0.002786759880021547, "occupation_installation,_maintenance,_and_repair_occupations": 0.027124208736198148, "occupation_material_moving_occupations": 0.027731382302622714, "occupation_transportation_occupations": 0.03757767415758378, "occupation_office_and_administrative_support_occupations": 0.10528351229611445, "occupation_sales_and_related_occupations": 0.10006598435441298, "occupation_building_and_grounds_cleaning_and_maintenance_occupations": 0.0306230659085231, "occupation_food_preparation_and_serving_related_occupations": 0.05095418226627004, "occupation_healthcare_support_occupations": 0.037922785825627164, "occupation_personal_care_and_service_occupations": 0.02843397807926841, "occupation_firefighting_and_prevention,_and_other_protective_service_workers_including_supervisors": 0.013492048460074657, "occupation_law_enforcement_workers_including_supervisors": 0.01299490664693193, "sors_cohabiting_partnered_gay": 0.006594161083827758, "2020 Presidential Election-margin": 0.17356398690582595, "2016 Presidential Election-margin": 0.0742201491701598, "2016-2020 Swing-margin": 0.09934383773566614, "park_percent_1km_v2": 0.015107967754337018, "mean_dist_Hospital_updated": 6.21217941673244, "mean_dist_Active Superfund Site_updated": 15.17368451154824, "mean_dist_Airport_updated": 30.37626362796766, "mean_dist_Public School_updated": 1.6171929842772321, "lapop1share_usda_fra_1": 0.46097239779969523, "mean_high_temp_4": 57.71727579940705, "mean_high_temp_winter_4": 39.61949013445884, "mean_high_temp_spring_4": 59.792863445874296, "mean_high_temp_summer_4": 76.14976458377467, "mean_high_temp_fall_4": 54.45667328027701, "mean_high_heat_index_4": 56.78123542188277, "days_above_90_4": 0.007319646586139834, "days_below_40_4": 0.16386806996485265, "wind_speed_over_10mph_4": 0.37876283759182466, "snowfall_4": 0.13823435348892285, "rainfall_4": 1.0411367154163524, "hours_sunny_4": 4.902206940288085, "internet_no_access": 0.06724344993456925, "insurance_coverage_none": 0.033676691158450414, "insurance_coverage_govt": 0.20278667315611143,