{"population": 733391.0, "ad_1": 803.1152823787206, "population_change_2010": 0.032609108867396666, "ad_1_change_2010": -0.035483524607223184, "gpw_population": NaN, "gpw_pw_density_4": NaN, "white": 0.575079323307758, "hispanic": 0.06793647590439479, "black": 0.02826732261508527, "asian": 0.05924397763266798, "citizenship_citizen_by_birth": 0.9212923142980987, "citizenship_citizen_by_naturalization": 0.04726945136293041, "citizenship_not_citizen": 0.03143823433897094, "birthplace_non_us": 0.07870768570190136, "birthplace_us_not_state": 0.49263605865064386, "birthplace_us_state": 0.4286562556474548, "language_english_only": 0.843943020608325, "language_spanish": 0.03448683519178002, "education_high_school": 0.9360037454724252, "education_ugrad": 0.2902956611679527, "education_grad": 0.10872056464172167, "education_field_stem": 0.14513509754487416, "education_field_humanities": 0.10427183667232798, "education_field_business": 0.04088872695075056, "generation_silent": 0.039028413576447346, "generation_boomer": 0.21027351005705544, "generation_genx": 0.17927823999152118, "generation_millenial": 0.22959137225168524, "generation_genz": 0.20043182222729503, "generation_genalpha": 0.1413966418959958, "poverty_below_line": 0.10432131900774039, "household_income_under_50k": 0.29042719363220126, "household_income_over_100k": 0.39584204850303767, "individual_income_under_50k": 0.607774810230766, "individual_income_over_100k": 0.13224912974698047, "housing_per_pop": 0.5817892682891609, "vacancy": 0.1662080027799065, "rent_or_own_rent": 0.3429292948676126, "rent_burden_under_20": 0.2870656632219444, "rent_burden_over_40": 0.29198024314237503, "rent_1br_under_750": 0.2777275296777841, "rent_1br_over_1500": 0.061390616167326176, "rent_2br_under_750": 0.08217143242969514, "rent_2br_over_1500": 0.2821646804631849, "year_built_1969_or_earlier": 0.15292170364388444, "year_built_2010_or_later": 0.06210508146495127, "transportation_means_car": 0.7978137860082305, "transportation_means_bike": 0.00848193872885231, "transportation_means_walk": 0.07374542752629172, "transportation_means_transit": 0.011828417924096937, "transportation_means_worked_at_home": 0.07093621399176955, "transportation_commute_time_under_15": 0.4453026472017669, "transportation_commute_time_over_60": 0.05028945118087469, "vehicle_ownership_at_least_1": 0.9083861360679457, "GHLTH_cdc_2": 0.14642017193204385, "ARTHRITIS_cdc_2": 0.20763713449824386, "CASTHMA_cdc_2": 0.09854534545463928, "BPHIGH_cdc_2": 0.27111275693774045, "CANCER_cdc_2": 0.05396361120162184, "KIDNEY_cdc_2": 0.02451715318697545, "COPD_cdc_2": 0.0578516487005125, "CHD_cdc_2": 0.04533370915352266, "DIABETES_cdc_2": 0.07855369026751197, "OBESITY_cdc_2": 0.3402658017775489, "STROKE_cdc_2": 0.02528321984883714, "DISABILITY_cdc_2": 0.26885449009180035, "HEARING_cdc_2": 0.0654834452918548, "VISION_cdc_2": 0.04417073846970809, "COGNITION_cdc_2": 0.1285689359901382, "MOBILITY_cdc_2": 0.10352526656179435, "SELFCARE_cdc_2": 0.03211531953988659, "INDEPLIVE_cdc_2": 0.0696129536046479, "BINGE_cdc_2": 0.19357342249306525, "CSMOKING_cdc_2": 0.18090593805689173, "LPA_cdc_2": 0.2101310821244353, "SLEEP_cdc_2": 0.31888863268278295, "heating_utility_gas": 0.4968587010335392, "heating_electricity": 0.13058362533149628, "industry_agriculture,_forestry,_fishing_and_hunting": 0.017329860865046183, "industry_mining,_quarrying,_and_oil_and_gas_extraction": 0.02769706848085418, "industry_accommodation_and_food_services": 0.07030862447735808, "industry_arts,_entertainment,_and_recreation": 0.02108284317199348, "industry_construction": 0.06878203765383979, "industry_educational_services": 0.094925944298774, "industry_health_care_and_social_assistance": 0.14854250820872605, "industry_finance_and_insurance": 0.02309073299789762, "industry_real_estate_and_rental_and_leasing": 0.016184182552618526, "industry_information": 0.01828656131150639, "industry_manufacturing": 0.03812628445893275, "industry_other_services,_except_public_administration": 0.04421786785722722, "industry_administrative_and_support_and_waste_management_services": 0.028733493964519404, "industry_management_of_companies_and_enterprises": 0.002616162331986866, "industry_professional,_scientific,_and_technical_services": 0.05283703021283632, "industry_public_administration": 0.11550681501429146, "industry_retail_trade": 0.10361006779580942, "industry_transportation_and_warehousing": 0.07630571894266884, "industry_utilities": 0.015667446200363783, "industry_wholesale_trade": 0.016148749202749627, "occupation_architecture_and_engineering_occupations": 0.022760021732454585, "occupation_computer_and_mathematical_occupations": 0.019981456546901945, "occupation_life,_physical,_and_social_science_occupations": 0.019045425554531925, "occupation_arts,_design,_entertainment,_sports,_and_media_occupations": 0.016712730021496234, "occupation_community_and_social_service_occupations": 0.02342734982165214, "occupation_educational_instruction,_and_library_occupations": 0.06631941983795148, "occupation_legal_occupations": 0.0091329459287081, "occupation_health_diagnosing_and_treating_practitioners_and_other_technical_occupations": 0.043441286939267236, "occupation_health_technologists_and_technicians": 0.016018826919897006, "occupation_business_and_financial_operations_occupations": 0.04317553681525051, "occupation_management_occupations": 0.10500968511563083, "occupation_construction_and_extraction_occupations": 0.060304608697706284, "occupation_farming,_fishing,_and_forestry_occupations": 0.010674296648005102, "occupation_installation,_maintenance,_and_repair_occupations": 0.0423399003141757, "occupation_material_moving_occupations": 0.035566224930904965, "occupation_transportation_occupations": 0.046571232844353105, "occupation_office_and_administrative_support_occupations": 0.12339959369758817, "occupation_sales_and_related_occupations": 0.07779391963716249, "occupation_building_and_grounds_cleaning_and_maintenance_occupations": 0.03642843644438145, "occupation_food_preparation_and_serving_related_occupations": 0.05118937944393263, "occupation_healthcare_support_occupations": 0.03335754612241041, "occupation_personal_care_and_service_occupations": 0.029991377884865236, "occupation_firefighting_and_prevention,_and_other_protective_service_workers_including_supervisors": 0.015165473743887747, "occupation_law_enforcement_workers_including_supervisors": 0.013086717218245813, "2020 Presidential Election-margin": -0.1011636914833221, "2016 Presidential Election-margin": -0.147306407874253, "2016-2020 Swing-margin": 0.0461427163909309, "park_percent_1km_v2": 0.028537553223594643, "mean_dist_Hospital_updated": 29.628959768219943, "mean_dist_Active Superfund Site_updated": 129.74225152248067, "mean_dist_Airport_updated": 37.6092136389663, "mean_dist_Public School_updated": 2.614954930406501, "mean_high_temp_4": 40.27546196402608, "mean_high_temp_winter_4": 21.76633507084607, "mean_high_temp_spring_4": 47.16486249810756, "mean_high_temp_summer_4": 59.91786339804342, "mean_high_temp_fall_4": 31.178475417781975, "mean_high_heat_index_4": 37.35824096904749, "days_above_90_4": 3.615206819891289e-05, "days_below_40_4": 0.4768226034166632, "wind_speed_over_10mph_4": 0.09851350249560303, "snowfall_4": 0.40229865073399657, "rainfall_4": 0.7293806069604528, "hours_sunny_4": 3.2944453297400127, "internet_no_access": 0.09343301568538653, "insurance_coverage_none": 0.15775981295722272, "insurance_coverage_govt": 0.19333429984374748, "insurance_coverage_private": 0.6489058871990299, "marriage_divorced": 0.11303012659662719}