{"population": 570235.0, "ad_1": 2127.5807416377147, "population_change_2010": 0.14693412070428938, "ad_1_change_2010": 0.04546341954635803, "gpw_population": NaN, "gpw_pw_density_4": NaN, "white": 0.30182293265057386, "hispanic": 0.5425938428893351, "black": 0.05572088700272695, "asian": 0.056474962077038414, "citizenship_citizen_by_birth": 0.8139612580621315, "citizenship_citizen_by_naturalization": 0.07950772821068701, "citizenship_not_citizen": 0.10653101372718149, "birthplace_non_us": 0.18603874193786848, "birthplace_us_not_state": 0.11744290534919903, "birthplace_us_state": 0.6965183527129325, "language_english_only": 0.5734610933622873, "language_spanish": 0.36761783655936026, "education_high_school": 0.7909939006267068, "education_ugrad": 0.19246179170584354, "education_grad": 0.06656199700040234, "education_field_stem": 0.08679972071495212, "education_field_humanities": 0.06838240081109745, "education_field_business": 0.037279670179793965, "generation_silent": 0.03970546695964509, "generation_boomer": 0.16327731511950483, "generation_genx": 0.17489195107559746, "generation_millenial": 0.21800247476831797, "generation_genz": 0.24105600656813683, "generation_genalpha": 0.16306678550879777, "poverty_below_line": 0.18818464103452565, "household_income_under_50k": 0.4051311586464157, "household_income_over_100k": 0.290380509231603, "individual_income_under_50k": 0.6979548159134933, "individual_income_over_100k": 0.09269607347280302, "housing_per_pop": 0.4621955085341813, "vacancy": 0.03872924357950801, "rent_or_own_rent": 0.42308243079081276, "rent_burden_under_20": 0.2242426611046914, "rent_burden_over_40": 0.369490543608592, "rent_1br_under_750": 0.42109552727271626, "rent_1br_over_1500": 0.0673556576174587, "rent_2br_under_750": 0.11921020595217931, "rent_2br_over_1500": 0.09440892811658846, "year_built_1969_or_earlier": 0.2954868255063132, "year_built_2010_or_later": 0.07491058947563346, "transportation_means_car": 0.9174187357979071, "transportation_means_bike": 0.0042235577895485404, "transportation_means_walk": 0.0070960524381048625, "transportation_means_transit": 0.007408877479254869, "transportation_means_worked_at_home": 0.0544713298437492, "transportation_commute_time_under_15": 0.2506885867486482, "transportation_commute_time_over_60": 0.060710130480770064, "vehicle_ownership_at_least_1": 0.9283422677805886, "GHLTH_cdc_2": 0.2241521345918175, "ARTHRITIS_cdc_2": 0.19964470800339365, "CASTHMA_cdc_2": 0.10729278315893666, "BPHIGH_cdc_2": 0.28478223687311466, "CANCER_cdc_2": 0.050591714390082955, "KIDNEY_cdc_2": 0.029715783488876324, "COPD_cdc_2": 0.06633818521398945, "CHD_cdc_2": 0.05172478023661388, "DIABETES_cdc_2": 0.11529309836915536, "OBESITY_cdc_2": 0.35986357878487935, "STROKE_cdc_2": 0.030259058611425343, "DISABILITY_cdc_2": 0.3360609416242459, "HEARING_cdc_2": 0.06404051187782805, "VISION_cdc_2": 0.07818589449000755, "COGNITION_cdc_2": 0.1784630968372926, "MOBILITY_cdc_2": 0.1443477740855958, "SELFCARE_cdc_2": 0.05408394018665158, "INDEPLIVE_cdc_2": 0.1036122325131976, "BINGE_cdc_2": 0.16472095057975114, "CSMOKING_cdc_2": 0.16795858078808448, "LPA_cdc_2": 0.2642917462056938, "SLEEP_cdc_2": 0.34661296309389145, "heating_utility_gas": 0.6353515449293806, "heating_electricity": 0.3181749126476096, "industry_agriculture,_forestry,_fishing_and_hunting": 0.07504533225688666, "industry_mining,_quarrying,_and_oil_and_gas_extraction": 0.03180048379179799, "industry_accommodation_and_food_services": 0.07807678056829846, "industry_arts,_entertainment,_and_recreation": 0.013194839284560046, "industry_construction": 0.07783376460280933, "industry_educational_services": 0.1020552160342837, "industry_health_care_and_social_assistance": 0.13628585873292803, "industry_finance_and_insurance": 0.024951730746745497, "industry_real_estate_and_rental_and_leasing": 0.01589713564133446, "industry_information": 0.010426926002435185, "industry_manufacturing": 0.04977941916302987, "industry_other_services,_except_public_administration": 0.04664887914551877, "industry_administrative_and_support_and_waste_management_services": 0.043903231312263646, "industry_management_of_companies_and_enterprises": 0.0012940207487681802, "industry_professional,_scientific,_and_technical_services": 0.04132913887979291, "industry_public_administration": 0.05217126087143876, "industry_retail_trade": 0.10552575654647048, "industry_transportation_and_warehousing": 0.0611381312851878, "industry_utilities": 0.008158754140988265, "industry_wholesale_trade": 0.024483340244461794, "occupation_architecture_and_engineering_occupations": 0.014494775486834654, "occupation_computer_and_mathematical_occupations": 0.016906949569822808, "occupation_life,_physical,_and_social_science_occupations": 0.009247218949339199, "occupation_arts,_design,_entertainment,_sports,_and_media_occupations": 0.010576447525343907, "occupation_community_and_social_service_occupations": 0.02176212665217168, "occupation_educational_instruction,_and_library_occupations": 0.06375608071933568, "occupation_legal_occupations": 0.005973405829553472, "occupation_health_diagnosing_and_treating_practitioners_and_other_technical_occupations": 0.03183160898639152, "occupation_health_technologists_and_technicians": 0.016131250680215262, "occupation_business_and_financial_operations_occupations": 0.030137510725618297, "occupation_management_occupations": 0.07784758976261957, "occupation_construction_and_extraction_occupations": 0.07114092588456086, "occupation_farming,_fishing,_and_forestry_occupations": 0.05143791268974066, "occupation_installation,_maintenance,_and_repair_occupations": 0.0362940305936598, "occupation_material_moving_occupations": 0.05193025215015812, "occupation_transportation_occupations": 0.04890704904720159, "occupation_office_and_administrative_support_occupations": 0.11630015673856355, "occupation_sales_and_related_occupations": 0.09061769342496388, "occupation_building_and_grounds_cleaning_and_maintenance_occupations": 0.036624192724320354, "occupation_food_preparation_and_serving_related_occupations": 0.0565614034954638, "occupation_healthcare_support_occupations": 0.042251675454341456, "occupation_personal_care_and_service_occupations": 0.02790880379301857, "occupation_firefighting_and_prevention,_and_other_protective_service_workers_including_supervisors": 0.013292921344251137, "occupation_law_enforcement_workers_including_supervisors": 0.015731379545517437, "2020 Presidential Election-margin": -0.07818623219784596, "2016 Presidential Election-margin": -0.10709628322513214, "2016-2020 Swing-margin": 0.02891005102728618, "park_percent_1km_v2": 0.021534401068951978, "mean_dist_Hospital_updated": 3.2522570396370334, "mean_dist_Active Superfund Site_updated": 26.759799967357687, "mean_dist_Airport_updated": 10.915691256373941, "mean_dist_Public School_updated": 0.6998334706492692, "mean_high_temp_4": 77.07375680077969, "mean_high_temp_winter_4": 63.310553279253256, "mean_high_temp_spring_4": 79.4608980806215, "mean_high_temp_summer_4": 93.19238544791585, "mean_high_temp_fall_4": 71.54044702142413, "mean_high_heat_index_4": 76.32234258364609, "days_above_90_4": 0.2401358822133501, "days_below_40_4": 9.511301286091471e-05, "wind_speed_over_10mph_4": 0.0007779294643304176, "snowfall_4": 0.002492755169726597, "rainfall_4": 0.27286888137744725, "hours_sunny_4": 8.396906373458737, "internet_no_access": 0.08436953203890245, "insurance_coverage_none": 0.1161923791475496, "insurance_coverage_govt": 0.32898618761421045, "insurance_coverage_private": 0.55482143323824, "marriage_divorced": 0.09666398172756857}