{"population": 282409.0, "ad_1": 1125.9985790229346, "population_change_2010": 0.04760438614713476, "ad_1_change_2010": 0.06272882220170228, "population_change_2000": 0.1448348271654485, "ad_1_change_2000": 0.06545794552398147, "gpw_population": NaN, "gpw_pw_density_4": NaN, "white": 0.6496499757443991, "hispanic": 0.2404916273914783, "black": 0.01532883158822842, "asian": 0.035399013487530495, "homogeneity_250_2020": 0.5519008047669507, "homogeneity_250_diff_2010": -0.06803769600612453, "homogeneity_250_diff_2000": -0.11514069400166771, "citizenship_citizen_by_birth": 0.9033205107136953, "citizenship_citizen_by_naturalization": 0.04872178194351804, "citizenship_not_citizen": 0.04795770734278665, "birthplace_non_us": 0.09667948928630456, "birthplace_us_not_state": 0.22514936478449396, "birthplace_us_state": 0.6781711459292015, "language_english_only": 0.8295644450856783, "language_spanish": 0.1253338918297668, "education_high_school": 0.9214202444403453, "education_ugrad": 0.3578215717163528, "education_grad": 0.13775426607756347, "education_field_stem": 0.18558667014471492, "education_field_humanities": 0.12175218376262378, "education_field_business": 0.050482717809014685, "generation_silent": 0.07939857944945242, "generation_boomer": 0.258245152191284, "generation_genx": 0.1579058117160226, "generation_millenial": 0.17751113982918232, "generation_genz": 0.23333821171182387, "generation_genalpha": 0.09360110510223471, "poverty_below_line": 0.1200215696997202, "household_income_under_50k": 0.30873723142333415, "household_income_over_100k": 0.4164241950642123, "individual_income_under_50k": 0.6234030373731191, "individual_income_over_100k": 0.14486698715764473, "housing_per_pop": 0.5333385117961067, "vacancy": 0.12825471316449552, "rent_or_own_rent": 0.3758647274820856, "rent_burden_under_20": 0.2082858348189441, "rent_burden_over_40": 0.3942575441889871, "rent_1br_under_750": 0.1478449004999643, "rent_1br_over_1500": 0.22221526714812687, "rent_2br_under_750": 0.05213157220040058, "rent_2br_over_1500": 0.6679940895607317, "year_built_1969_or_earlier": 0.262204258804482, "year_built_2010_or_later": 0.0626985682434593, "transportation_means_car": 0.8097170331729805, "transportation_means_bike": 0.017890644247123142, "transportation_means_walk": 0.04847861793661789, "transportation_means_transit": 0.008192766836496996, "transportation_means_worked_at_home": 0.10929706380998286, "transportation_commute_time_under_15": 0.36951065918507187, "transportation_commute_time_over_60": 0.04135749013243461, "vehicle_ownership_at_least_1": 0.9623839660989719, "traffic_fatalities_last_decade_per_capita": 0.00011366493277480535, "traffic_fatalities_ped_last_decade_per_capita": 1.9829396371928656e-05, "GHLTH_cdc_2": 0.1492689039135815, "ARTHRITIS_cdc_2": 0.22768786885545714, "CASTHMA_cdc_2": 0.10065682899735305, "BPHIGH_cdc_2": 0.28526329022495966, "CANCER_cdc_2": 0.06824463888165007, "KIDNEY_cdc_2": 0.028393008489104154, "COPD_cdc_2": 0.058023455892772885, "CHD_cdc_2": 0.05323525378169728, "DIABETES_cdc_2": 0.09197477497245639, "OBESITY_cdc_2": 0.29681207400194626, "STROKE_cdc_2": 0.027686662003831082, "DISABILITY_cdc_2": 0.27255837459028415, "HEARING_cdc_2": 0.06461061663718091, "VISION_cdc_2": 0.04473998747434269, "COGNITION_cdc_2": 0.13068753057128846, "MOBILITY_cdc_2": 0.11466052726616081, "SELFCARE_cdc_2": 0.03326625249713155, "INDEPLIVE_cdc_2": 0.07226892219921222, "BINGE_cdc_2": 0.1793522498182851, "CSMOKING_cdc_2": 0.1164929851749253, "LPA_cdc_2": 0.18820849733258482, "SLEEP_cdc_2": 0.30580862716056195, "heating_utility_gas": 0.6689772017557148, "heating_electricity": 0.19175817589974983, "industry_agriculture,_forestry,_fishing_and_hunting": 0.030292071227651905, "industry_mining,_quarrying,_and_oil_and_gas_extraction": 0.0028740921073882775, "industry_accommodation_and_food_services": 0.10015668913330289, "industry_arts,_entertainment,_and_recreation": 0.021738957549782476, "industry_construction": 0.08056083133342812, "industry_educational_services": 0.10088099948552907, "industry_health_care_and_social_assistance": 0.12027861005577332, "industry_finance_and_insurance": 0.025813035798709177, "industry_real_estate_and_rental_and_leasing": 0.02182323034308787, "industry_information": 0.018481795503392448, "industry_manufacturing": 0.07513436881536326, "industry_other_services,_except_public_administration": 0.050840672330402154, "industry_administrative_and_support_and_waste_management_services": 0.031974121259256895, "industry_management_of_companies_and_enterprises": 0.0012679818120830623, "industry_professional,_scientific,_and_technical_services": 0.07959297788154299, "industry_public_administration": 0.05850067074193513, "industry_retail_trade": 0.11042761410505067, "industry_transportation_and_warehousing": 0.03147668789268024, "industry_utilities": 0.01917225497259609, "industry_wholesale_trade": 0.01871233765104405, "occupation_architecture_and_engineering_occupations": 0.023226425513759762, "occupation_computer_and_mathematical_occupations": 0.02942071353857926, "occupation_life,_physical,_and_social_science_occupations": 0.013393331804799386, "occupation_arts,_design,_entertainment,_sports,_and_media_occupations": 0.018196422877955042, "occupation_community_and_social_service_occupations": 0.017037064711443364, "occupation_educational_instruction,_and_library_occupations": 0.05963023217867722, "occupation_legal_occupations": 0.008875872684581456, "occupation_health_diagnosing_and_treating_practitioners_and_other_technical_occupations": 0.04603015584649206, "occupation_health_technologists_and_technicians": 0.017106227355738725, "occupation_business_and_financial_operations_occupations": 0.04878625394130271, "occupation_management_occupations": 0.11835346642550823, "occupation_construction_and_extraction_occupations": 0.05417156982934082, "occupation_farming,_fishing,_and_forestry_occupations": 0.016276275624193506, "occupation_installation,_maintenance,_and_repair_occupations": 0.028416995093419918, "occupation_material_moving_occupations": 0.024483576080585642, "occupation_transportation_occupations": 0.027748422865230733, "occupation_office_and_administrative_support_occupations": 0.10574712442972589, "occupation_sales_and_related_occupations": 0.10802293934997072, "occupation_building_and_grounds_cleaning_and_maintenance_occupations": 0.03692400034175903, "occupation_food_preparation_and_serving_related_occupations": 0.07411505614319373, "occupation_healthcare_support_occupations": 0.030483446278527684, "occupation_personal_care_and_service_occupations": 0.028999608899552658, "occupation_firefighting_and_prevention,_and_other_protective_service_workers_including_supervisors": 0.007899910926190242, "occupation_law_enforcement_workers_including_supervisors": 0.015382771366606436, "sors_cohabiting_partnered_gay": 0.006740761516600906, "2020 Presidential Election-margin": 0.13074429900811596, "2016 Presidential Election-margin": 0.08226904487221062, "2016-2020 Swing-margin": 0.04847525413590534, "park_percent_1km_v2": 0.03217688124212849, "mean_dist_Hospital_updated": 7.942611375806506, "mean_dist_Active Superfund Site_updated": 29.791140454229755, "mean_dist_Airport_updated": 22.394404939405906, "mean_dist_Public School_updated": 1.5376978151711889, "lapop1share_usda_fra_1": 0.629614092556942, "mean_high_temp_4": 67.71183614761212, "mean_high_temp_winter_4": 60.26727576021056, "mean_high_temp_spring_4": 67.56229585494452, "mean_high_temp_summer_4": 75.6878963773522, "mean_high_temp_fall_4": 66.99433133679256, "mean_high_heat_index_4": 66.93329694895932, "days_above_90_4": 0.020058798963499432, "days_below_40_4": 1.567800177360705e-06, "wind_speed_over_10mph_4": 0.0856708217581894, "snowfall_4": 0.00016367651376981767, "rainfall_4": 0.40836134870820334, "hours_sunny_4": 8.352491145216023, "internet_no_access": 0.06878962806594158, "insurance_coverage_none": 0.08267797977548305, "insurance_coverage_govt": 0.15807496762644238,