{"population": 822779.0, "ad_1": 1430.6529482494857, "population_change_2010": 0.4055540275753916, "ad_1_change_2010": 0.07024609502634938, "gpw_population": NaN, "gpw_pw_density_4": NaN, "white": 0.2962229225587916, "hispanic": 0.2413527812450245, "black": 0.20414230309718648, "asian": 0.22062060407472722, "citizenship_citizen_by_birth": 0.7073913480149338, "citizenship_citizen_by_naturalization": 0.1628325957815094, "citizenship_not_citizen": 0.12977605620355687, "birthplace_non_us": 0.2926086519850663, "birthplace_us_not_state": 0.2298768625301768, "birthplace_us_state": 0.47751448548475695, "language_english_only": 0.5976668568925931, "language_spanish": 0.1752684176299619, "education_high_school": 0.912627835426293, "education_ugrad": 0.4672471491154107, "education_grad": 0.1893556982090861, "education_field_stem": 0.2488860657980041, "education_field_humanities": 0.10537686389579047, "education_field_business": 0.11298421942161613, "generation_silent": 0.03700323745779587, "generation_boomer": 0.19298025907101948, "generation_genx": 0.2203752772793947, "generation_millenial": 0.19296661983863547, "generation_genz": 0.2160615600554001, "generation_genalpha": 0.14061304629775437, "poverty_below_line": 0.07150882674582097, "household_income_under_50k": 0.22096362106628176, "household_income_over_100k": 0.5112463624925706, "individual_income_under_50k": 0.5507429488694171, "individual_income_over_100k": 0.19912474784262646, "housing_per_pop": 0.4654878700420273, "vacancy": 0.05318593847272152, "rent_or_own_rent": 0.2235687324878621, "rent_burden_under_20": 0.23015933376430772, "rent_burden_over_40": 0.3190097729779062, "rent_1br_under_750": 0.05947157128185977, "rent_1br_over_1500": 0.13920268882457287, "rent_2br_under_750": 0.057826384142173615, "rent_2br_over_1500": 0.44900888585099114, "year_built_1969_or_earlier": 0.04853404374319272, "year_built_2010_or_later": 0.28593506225898563, "transportation_means_car": 0.8504368452263293, "transportation_means_bike": 0.0010542267905383146, "transportation_means_walk": 0.005513606114515385, "transportation_means_transit": 0.010797917902088687, "transportation_means_worked_at_home": 0.12272517625354154, "transportation_commute_time_under_15": 0.13698251517154358, "transportation_commute_time_over_60": 0.11999339061467283, "vehicle_ownership_at_least_1": 0.9713321960896313, "GHLTH_cdc_2": 0.14964335110389704, "ARTHRITIS_cdc_2": 0.17958429030329834, "CASTHMA_cdc_2": 0.08999687759694029, "BPHIGH_cdc_2": 0.3044760048792104, "CANCER_cdc_2": 0.04890957423543648, "KIDNEY_cdc_2": 0.024792908135743134, "COPD_cdc_2": 0.046521227481034745, "CHD_cdc_2": 0.03991548371733626, "DIABETES_cdc_2": 0.10435358481029883, "OBESITY_cdc_2": 0.3204651602995563, "STROKE_cdc_2": 0.023863518182834317, "DISABILITY_cdc_2": 0.23773164099897456, "HEARING_cdc_2": 0.0459149758712355, "VISION_cdc_2": 0.04437494593504429, "COGNITION_cdc_2": 0.11483833970773336, "MOBILITY_cdc_2": 0.10532776970515767, "SELFCARE_cdc_2": 0.03207794587186727, "INDEPLIVE_cdc_2": 0.06384177556604186, "BINGE_cdc_2": 0.16662903907742102, "CSMOKING_cdc_2": 0.12827501445781964, "LPA_cdc_2": 0.2339527605930865, "SLEEP_cdc_2": 0.369405229599895, "heating_utility_gas": 0.5984114609464852, "heating_electricity": 0.36609341350644137, "industry_agriculture,_forestry,_fishing_and_hunting": 0.004300496549511343, "industry_mining,_quarrying,_and_oil_and_gas_extraction": 0.041892321983507, "industry_accommodation_and_food_services": 0.05376138195499228, "industry_arts,_entertainment,_and_recreation": 0.015357068003218904, "industry_construction": 0.058926117883286284, "industry_educational_services": 0.0985310518103745, "industry_health_care_and_social_assistance": 0.14349996248062577, "industry_finance_and_insurance": 0.05056576628793662, "industry_real_estate_and_rental_and_leasing": 0.02137828068114483, "industry_information": 0.016402435395518892, "industry_manufacturing": 0.08598146801667413, "industry_other_services,_except_public_administration": 0.043592337767519605, "industry_administrative_and_support_and_waste_management_services": 0.03305327492386154, "industry_management_of_companies_and_enterprises": 0.003488008031733628, "industry_professional,_scientific,_and_technical_services": 0.09846636323411831, "industry_public_administration": 0.030696023205086076, "industry_retail_trade": 0.11421932532402508, "industry_transportation_and_warehousing": 0.04403222008606168, "industry_utilities": 0.011356726447536271, "industry_wholesale_trade": 0.030499369933267264, "occupation_architecture_and_engineering_occupations": 0.04557439574400919, "occupation_computer_and_mathematical_occupations": 0.04479813282893494, "occupation_life,_physical,_and_social_science_occupations": 0.011411064851591468, "occupation_arts,_design,_entertainment,_sports,_and_media_occupations": 0.018004124543622095, "occupation_community_and_social_service_occupations": 0.016037591825433996, "occupation_educational_instruction,_and_library_occupations": 0.06856471574545822, "occupation_legal_occupations": 0.012927365079036503, "occupation_health_diagnosing_and_treating_practitioners_and_other_technical_occupations": 0.06041654268022884, "occupation_health_technologists_and_technicians": 0.019670502267981484, "occupation_business_and_financial_operations_occupations": 0.08175342267256971, "occupation_management_occupations": 0.12990501129462542, "occupation_construction_and_extraction_occupations": 0.033612184222715, "occupation_farming,_fishing,_and_forestry_occupations": 0.001994995691740821, "occupation_installation,_maintenance,_and_repair_occupations": 0.02536309697852598, "occupation_material_moving_occupations": 0.022697927636771056, "occupation_transportation_occupations": 0.03479727893972836, "occupation_office_and_administrative_support_occupations": 0.10073305094613512, "occupation_sales_and_related_occupations": 0.1163178227377758, "occupation_building_and_grounds_cleaning_and_maintenance_occupations": 0.02041830220950301, "occupation_food_preparation_and_serving_related_occupations": 0.03797478180543229, "occupation_healthcare_support_occupations": 0.023062771206855955, "occupation_personal_care_and_service_occupations": 0.023632030677910403, "occupation_firefighting_and_prevention,_and_other_protective_service_workers_including_supervisors": 0.009418656702900895, "occupation_law_enforcement_workers_including_supervisors": 0.009348793040544211, "2020 Presidential Election-margin": 0.105563510541397, "2016 Presidential Election-margin": 0.0663567541562022, "2016-2020 Swing-margin": 0.0392067563851948, "park_percent_1km_v2": 0.012374915145513567, "mean_dist_Hospital_updated": 6.089369185894609, "mean_dist_Active Superfund Site_updated": 19.890148932059876, "mean_dist_Airport_updated": 40.03805461546137, "mean_dist_Public School_updated": 1.0859354583273224, "mean_high_temp_4": 79.6935482773305, "mean_high_temp_winter_4": 67.13215153906118, "mean_high_temp_spring_4": 83.536579383254, "mean_high_temp_summer_4": 91.73228831190546, "mean_high_temp_fall_4": 75.74674318554636, "mean_high_heat_index_4": 84.52899740821216, "days_above_90_4": 0.23199053381010898, "days_below_40_4": 0.002423748798259795, "wind_speed_over_10mph_4": 0.1819015839213055, "snowfall_4": 0.0008403335179006037, "rainfall_4": 1.1321298386744938, "hours_sunny_4": 5.4582437791773035, "internet_no_access": 0.04750951348096918, "insurance_coverage_none": 0.1477790404167379, "insurance_coverage_govt": 0.06188115326984382, "insurance_coverage_private": 0.7903398063134183, "marriage_divorced": 0.07077192493809137}