{"population": 776317.0, "ad_1": 1745.0576634744336, "population_change_2010": 0.02840197807059958, "ad_1_change_2010": 0.049546664538494954, "gpw_population": NaN, "gpw_pw_density_4": NaN, "white": 0.2705016120991811, "hispanic": 0.08659864462584228, "black": 0.5816348218575659, "asian": 0.026052501748641342, "citizenship_citizen_by_birth": 0.9372047203610891, "citizenship_citizen_by_naturalization": 0.027589703790241334, "citizenship_not_citizen": 0.035205575848669374, "birthplace_non_us": 0.06279527963891071, "birthplace_us_not_state": 0.16952339069967073, "birthplace_us_state": 0.7676813296614186, "language_english_only": 0.9025661889598446, "language_spanish": 0.057386774150507795, "education_high_school": 0.8511488728926266, "education_ugrad": 0.24457332548731556, "education_grad": 0.09460841689723919, "education_field_stem": 0.09944339105595111, "education_field_humanities": 0.09948988920140388, "education_field_business": 0.04564004522996057, "generation_silent": 0.05437742698474581, "generation_boomer": 0.22630407578023706, "generation_genx": 0.1814014073679923, "generation_millenial": 0.2245852284991336, "generation_genz": 0.1892439066734836, "generation_genalpha": 0.12408795469440766, "poverty_below_line": 0.2352330058344054, "household_income_under_50k": 0.535402317609451, "household_income_over_100k": 0.20347710247086434, "individual_income_under_50k": 0.7404038119543501, "individual_income_over_100k": 0.06964987033277041, "housing_per_pop": 0.5951386447585234, "vacancy": 0.1285959843674763, "rent_or_own_rent": 0.44993446960701744, "rent_burden_under_20": 0.20817389591703012, "rent_burden_over_40": 0.4476142344788616, "rent_1br_under_750": 0.3852989590783344, "rent_1br_over_1500": 0.064265136233191, "rent_2br_under_750": 0.18533293516474914, "rent_2br_over_1500": 0.12005262646936705, "year_built_1969_or_earlier": 0.4985386920429986, "year_built_2010_or_later": 0.05323917651097126, "transportation_means_car": 0.8424703342190382, "transportation_means_bike": 0.016083275363922882, "transportation_means_walk": 0.029885445893018652, "transportation_means_transit": 0.03527389478433847, "transportation_means_worked_at_home": 0.06466733747598204, "transportation_commute_time_under_15": 0.24073315977966045, "transportation_commute_time_over_60": 0.0677058494143124, "vehicle_ownership_at_least_1": 0.852170804580752, "GHLTH_cdc_2": 0.2362498185568395, "ARTHRITIS_cdc_2": 0.2560740004079708, "CASTHMA_cdc_2": 0.11246220393677238, "BPHIGH_cdc_2": 0.3972565298952909, "CANCER_cdc_2": 0.055120287509237094, "KIDNEY_cdc_2": 0.03487842321489265, "COPD_cdc_2": 0.0793388509086284, "CHD_cdc_2": 0.060362198271766254, "DIABETES_cdc_2": 0.14687610100316814, "OBESITY_cdc_2": 0.3936079714827386, "STROKE_cdc_2": 0.0411281746995894, "DISABILITY_cdc_2": 0.36030193130615007, "HEARING_cdc_2": 0.05840406221511697, "VISION_cdc_2": 0.08309483512391491, "COGNITION_cdc_2": 0.1912353915276669, "MOBILITY_cdc_2": 0.1855016530875707, "SELFCARE_cdc_2": 0.06193728967324385, "INDEPLIVE_cdc_2": 0.11618415189138394, "BINGE_cdc_2": 0.17746721872930596, "CSMOKING_cdc_2": 0.22260312168168656, "LPA_cdc_2": 0.3063736762404475, "SLEEP_cdc_2": 0.412286787601951, "heating_utility_gas": 0.347590114357916, "heating_electricity": 0.6371974198863711, "industry_agriculture,_forestry,_fishing_and_hunting": 0.00580169520133369, "industry_mining,_quarrying,_and_oil_and_gas_extraction": 0.006576095515329501, "industry_accommodation_and_food_services": 0.10968461946664552, "industry_arts,_entertainment,_and_recreation": 0.029181581794448797, "industry_construction": 0.07317238082884817, "industry_educational_services": 0.09795113648031457, "industry_health_care_and_social_assistance": 0.14923876790158555, "industry_finance_and_insurance": 0.02666227579147703, "industry_real_estate_and_rental_and_leasing": 0.02050920066446444, "industry_information": 0.014658037131840317, "industry_manufacturing": 0.06140285629263904, "industry_other_services,_except_public_administration": 0.04948021031957483, "industry_administrative_and_support_and_waste_management_services": 0.047222614562764595, "industry_management_of_companies_and_enterprises": 0.0008625675696304112, "industry_professional,_scientific,_and_technical_services": 0.05514533155823301, "industry_public_administration": 0.05690894753637721, "industry_retail_trade": 0.10740681184663013, "industry_transportation_and_warehousing": 0.06023500018343825, "industry_utilities": 0.008892634616848007, "industry_wholesale_trade": 0.01900723473757681, "occupation_architecture_and_engineering_occupations": 0.017956295941902196, "occupation_computer_and_mathematical_occupations": 0.016392552156325263, "occupation_life,_physical,_and_social_science_occupations": 0.010394221810136552, "occupation_arts,_design,_entertainment,_sports,_and_media_occupations": 0.021655259342041596, "occupation_community_and_social_service_occupations": 0.021246345732171837, "occupation_educational_instruction,_and_library_occupations": 0.06119791673978642, "occupation_legal_occupations": 0.01615139559432726, "occupation_health_diagnosing_and_treating_practitioners_and_other_technical_occupations": 0.038298639374802594, "occupation_health_technologists_and_technicians": 0.022455939189474635, "occupation_business_and_financial_operations_occupations": 0.040578289858684086, "occupation_management_occupations": 0.08816899007976646, "occupation_construction_and_extraction_occupations": 0.059177632170306034, "occupation_farming,_fishing,_and_forestry_occupations": 0.004091851970822441, "occupation_installation,_maintenance,_and_repair_occupations": 0.028220903566164586, "occupation_material_moving_occupations": 0.035818520620419916, "occupation_transportation_occupations": 0.050475191517987926, "occupation_office_and_administrative_support_occupations": 0.10525655174278636, "occupation_sales_and_related_occupations": 0.09191033440605892, "occupation_building_and_grounds_cleaning_and_maintenance_occupations": 0.047335453478375734, "occupation_food_preparation_and_serving_related_occupations": 0.08043683187238176, "occupation_healthcare_support_occupations": 0.03990455563483081, "occupation_personal_care_and_service_occupations": 0.029847246323471733, "occupation_firefighting_and_prevention,_and_other_protective_service_workers_including_supervisors": 0.019183462993493612, "occupation_law_enforcement_workers_including_supervisors": 0.012050836621273611, "2020 Presidential Election-margin": 0.5280531028037571, "2016 Presidential Election-margin": 0.523025875358662, "2016-2020 Swing-margin": 0.005027227445095095, "park_percent_1km_v2": 0.01772254568628589, "mean_dist_Hospital_updated": 3.1041185335727466, "mean_dist_Active Superfund Site_updated": 15.835687830522874, "mean_dist_Airport_updated": 20.491411997285518, "mean_dist_Public School_updated": 0.9335702213800888, "mean_high_temp_4": 76.50684095750599, "mean_high_temp_winter_4": 64.56524953767563, "mean_high_temp_spring_4": 80.29677782820619, "mean_high_temp_summer_4": 87.67085539363462, "mean_high_temp_fall_4": 72.90648702011123, "mean_high_heat_index_4": 80.70169610845953, "days_above_90_4": 0.0798451501340811, "days_below_40_4": 0.001434473835067252, "wind_speed_over_10mph_4": 0.21307435745824002, "snowfall_4": 0.0005649439630001511, "rainfall_4": 1.3933933158881204, "hours_sunny_4": 5.697141256473521, "internet_no_access": 0.18049612388664463, "insurance_coverage_none": 0.1289935724639203, "insurance_coverage_govt": 0.3203302612224844, "insurance_coverage_private": 0.5506761663135954, "marriage_divorced": 0.13072611215513025}