{"population": 1090033.0, "ad_1": 1136.2151317195373, "population_change_2010": 0.009668440479994813, "ad_1_change_2010": -0.0017982842246630898, "population_change_2000": 0.026608123520763697, "ad_1_change_2000": -0.061786765564014204, "gpw_population": NaN, "gpw_pw_density_4": NaN, "white": 0.7287733490637439, "hispanic": 0.08150945888794192, "black": 0.11063885221823559, "asian": 0.03214673317229845, "homogeneity_250_2020": 0.6663125019760107, "homogeneity_250_diff_2010": -0.081431042809196, "homogeneity_250_diff_2000": -0.12481110121574823, "citizenship_citizen_by_birth": 0.9312266437240333, "citizenship_citizen_by_naturalization": 0.04090167579410776, "citizenship_not_citizen": 0.027871680481859073, "birthplace_non_us": 0.06877335627596726, "birthplace_us_not_state": 0.16973112262195472, "birthplace_us_state": 0.7614955211020781, "language_english_only": 0.885694477385878, "language_spanish": 0.05011384959178984, "education_high_school": 0.9141810542843312, "education_ugrad": 0.3494252153548686, "education_grad": 0.15640153499682424, "education_field_stem": 0.16253619840211678, "education_field_humanities": 0.12688349602775112, "education_field_business": 0.06000552092499963, "generation_silent": 0.07333024272781209, "generation_boomer": 0.2505026358953721, "generation_genx": 0.18046290744400856, "generation_millenial": 0.19243833813373357, "generation_genz": 0.19483477188838808, "generation_genalpha": 0.10843110391068557, "poverty_below_line": 0.12797801165934705, "household_income_under_50k": 0.3819538698353276, "household_income_over_100k": 0.30806770516404003, "individual_income_under_50k": 0.6541816912808819, "individual_income_over_100k": 0.09538233385051616, "housing_per_pop": 0.5630394532005637, "vacancy": 0.07872650229864372, "rent_or_own_rent": 0.32757844120605184, "rent_burden_under_20": 0.25120053243389984, "rent_burden_over_40": 0.3581176253623714, "rent_1br_under_750": 0.4223571144613319, "rent_1br_over_1500": 0.06222382343047589, "rent_2br_under_750": 0.13036337139853868, "rent_2br_over_1500": 0.12964836897537985, "year_built_1969_or_earlier": 0.5595411200152065, "year_built_2010_or_later": 0.04197849201335889, "transportation_means_car": 0.8533300815990345, "transportation_means_bike": 0.005467624281922657, "transportation_means_walk": 0.02827214296143659, "transportation_means_transit": 0.016682128048613663, "transportation_means_worked_at_home": 0.08919538481367709, "transportation_commute_time_under_15": 0.3141678470410775, "transportation_commute_time_over_60": 0.03653933438235885, "vehicle_ownership_at_least_1": 0.9003335351687887, "GHLTH_cdc_2": 0.15044896246359318, "ARTHRITIS_cdc_2": 0.27335108062349, "CASTHMA_cdc_2": 0.11967058962457185, "BPHIGH_cdc_2": 0.3158281015483968, "CANCER_cdc_2": 0.0702642540288824, "KIDNEY_cdc_2": 0.02927272117418763, "COPD_cdc_2": 0.06915242770676285, "CHD_cdc_2": 0.05719152890889247, "DIABETES_cdc_2": 0.10605117320681277, "OBESITY_cdc_2": 0.33587963832937595, "STROKE_cdc_2": 0.02923894702099104, "DISABILITY_cdc_2": 0.2925646320459749, "HEARING_cdc_2": 0.06087650694068399, "VISION_cdc_2": 0.04958909355180744, "COGNITION_cdc_2": 0.1328268626573957, "MOBILITY_cdc_2": 0.1371649426965258, "SELFCARE_cdc_2": 0.03890897957315394, "INDEPLIVE_cdc_2": 0.08442291139700844, "BINGE_cdc_2": 0.16504000448785422, "CSMOKING_cdc_2": 0.17476827760253716, "LPA_cdc_2": 0.24561176697135947, "SLEEP_cdc_2": 0.3248475553940873, "heating_utility_gas": 0.6940387008728179, "heating_electricity": 0.16690916509218598, "industry_agriculture,_forestry,_fishing_and_hunting": 0.011378739042160965, "industry_mining,_quarrying,_and_oil_and_gas_extraction": 0.0011457888932815306, "industry_accommodation_and_food_services": 0.06200011340670505, "industry_arts,_entertainment,_and_recreation": 0.019129774762665766, "industry_construction": 0.05204300471293433, "industry_educational_services": 0.1385407060620956, "industry_health_care_and_social_assistance": 0.16632767088075173, "industry_finance_and_insurance": 0.037637762731187185, "industry_real_estate_and_rental_and_leasing": 0.014797260509944999, "industry_information": 0.020306341119592567, "industry_manufacturing": 0.11808312144286114, "industry_other_services,_except_public_administration": 0.04212348123943127, "industry_administrative_and_support_and_waste_management_services": 0.037308935126439825, "industry_management_of_companies_and_enterprises": 0.0011702876689602471, "industry_professional,_scientific,_and_technical_services": 0.07660134559388197, "industry_public_administration": 0.035205365774664585, "industry_retail_trade": 0.10786280490459112, "industry_transportation_and_warehousing": 0.03163168844363569, "industry_utilities": 0.005915512065807116, "industry_wholesale_trade": 0.020790295618407284, "occupation_architecture_and_engineering_occupations": 0.023581934766261574, "occupation_computer_and_mathematical_occupations": 0.03458809207337576, "occupation_life,_physical,_and_social_science_occupations": 0.01188379072538378, "occupation_arts,_design,_entertainment,_sports,_and_media_occupations": 0.018773600254721433, "occupation_community_and_social_service_occupations": 0.023374117513101072, "occupation_educational_instruction,_and_library_occupations": 0.07943599482159165, "occupation_legal_occupations": 0.011961757453856895, "occupation_health_diagnosing_and_treating_practitioners_and_other_technical_occupations": 0.051293476045257705, "occupation_health_technologists_and_technicians": 0.023428291399000958, "occupation_business_and_financial_operations_occupations": 0.04970668022058217, "occupation_management_occupations": 0.11048698391239525, "occupation_construction_and_extraction_occupations": 0.03784572787962053, "occupation_farming,_fishing,_and_forestry_occupations": 0.005137204807706329, "occupation_installation,_maintenance,_and_repair_occupations": 0.028534418378436264, "occupation_material_moving_occupations": 0.028269698037952644, "occupation_transportation_occupations": 0.03198065420055891, "occupation_office_and_administrative_support_occupations": 0.11183324713478446, "occupation_sales_and_related_occupations": 0.09401054792133826, "occupation_building_and_grounds_cleaning_and_maintenance_occupations": 0.030516051889651057, "occupation_food_preparation_and_serving_related_occupations": 0.05205361048114592, "occupation_healthcare_support_occupations": 0.03564760313373929, "occupation_personal_care_and_service_occupations": 0.026862366265509217, "occupation_firefighting_and_prevention,_and_other_protective_service_workers_including_supervisors": 0.013776694696480076, "occupation_law_enforcement_workers_including_supervisors": 0.008618468939042485, "sors_cohabiting_partnered_gay": 0.007897140714783247, "2020 Presidential Election-margin": 0.10465040699871818, "2016 Presidential Election-margin": 0.046832726630924, "2016-2020 Swing-margin": 0.05781768036779418, "park_percent_1km_v2": 0.02119855338385904, "mean_dist_Hospital_updated": 8.57983649894056, "mean_dist_Active Superfund Site_updated": 28.755388629052526, "mean_dist_Airport_updated": 21.497452505763125, "mean_dist_Public School_updated": 1.9087419472094516, "lapop1share_usda_fra_1": 0.5041290982404132, "mean_high_temp_4": 55.927744198564746, "mean_high_temp_winter_4": 34.903812541417565, "mean_high_temp_spring_4": 59.66183255361124, "mean_high_temp_summer_4": 76.70577719259718, "mean_high_temp_fall_4": 51.44382125556717, "mean_high_heat_index_4": 54.72264056909722, "days_above_90_4": 0.005039724142560571, "days_below_40_4": 0.24611864957594806, "wind_speed_over_10mph_4": 0.32843689506346796, "snowfall_4": 0.19843235665922018, "rainfall_4": 0.8802855581797845, "hours_sunny_4": 4.067104345092343, "internet_no_access": 0.10276198085845238, "insurance_coverage_none": 0.04758226515464846, "insurance_coverage_govt": 0.22674313540076518, "insurance_coverage_private": 0.7256745994445865, "marriage_divorced": 0.10736620119231383}