{"population": 334418.0, "ad_1": 1174.1839606461183, "population_change_2010": 0.08965018377082085, "ad_1_change_2010": 0.04702645652314497, "population_change_2000": 0.2747940578886979, "ad_1_change_2000": 0.11433382167287155, "gpw_population": NaN, "gpw_pw_density_4": NaN, "white": 0.4994737125393968, "hispanic": 0.0660401054967137, "black": 0.28812743333193785, "asian": 0.09621192639152198, "homogeneity_250_2020": 0.5388366710895489, "homogeneity_250_diff_2010": -0.07557676157811866, "homogeneity_250_diff_2000": -0.16783938501835427, "citizenship_citizen_by_birth": 0.866344785697458, "citizenship_citizen_by_naturalization": 0.06318391864750218, "citizenship_not_citizen": 0.07047129565503986, "birthplace_non_us": 0.13365521430254235, "birthplace_us_not_state": 0.2820565559888578, "birthplace_us_state": 0.5842882297086, "language_english_only": 0.8468596482996733, "language_spanish": 0.04203162504494026, "education_high_school": 0.9295237004920256, "education_ugrad": 0.4348266194529895, "education_grad": 0.1777198322230802, "education_field_stem": 0.2029652662630733, "education_field_humanities": 0.1390333925305709, "education_field_business": 0.09282796065934487, "generation_silent": 0.06191533321328481, "generation_boomer": 0.2233865267777429, "generation_genx": 0.20261260693360045, "generation_millenial": 0.20861881278134145, "generation_genz": 0.1832080688641329, "generation_genalpha": 0.12025865142989738, "poverty_below_line": 0.08148742543103284, "household_income_under_50k": 0.31848001014905236, "household_income_over_100k": 0.38417602139396634, "individual_income_under_50k": 0.5910945426020223, "individual_income_over_100k": 0.14971072864731533, "housing_per_pop": 0.5434675996184783, "vacancy": 0.04622063692819281, "rent_or_own_rent": 0.3557953456577713, "rent_burden_under_20": 0.24983382870445603, "rent_burden_over_40": 0.3294151904014454, "rent_1br_under_750": 0.08198411879962883, "rent_1br_over_1500": 0.10178405692482217, "rent_2br_under_750": 0.05822618498304812, "rent_2br_over_1500": 0.19962640217467476, "year_built_1969_or_earlier": 0.28914654208033924, "year_built_2010_or_later": 0.06875985581395076, "transportation_means_car": 0.8233869148198396, "transportation_means_bike": 0.0016632636262717288, "transportation_means_walk": 0.0062808556516554806, "transportation_means_transit": 0.010485924430364939, "transportation_means_worked_at_home": 0.14876540343926722, "transportation_commute_time_under_15": 0.2548362943756824, "transportation_commute_time_over_60": 0.03926048080067534, "vehicle_ownership_at_least_1": 0.946705953338471, "traffic_fatalities_last_decade_per_capita": 7.714895729296868e-05, "traffic_fatalities_ped_last_decade_per_capita": 2.511826516515259e-05, "GHLTH_cdc_2": 0.14672680319267908, "ARTHRITIS_cdc_2": 0.26195799717888263, "CASTHMA_cdc_2": 0.10533469371957442, "BPHIGH_cdc_2": 0.3495844829958886, "CANCER_cdc_2": 0.06371107632497884, "KIDNEY_cdc_2": 0.027886419933600515, "COPD_cdc_2": 0.05585202466757273, "CHD_cdc_2": 0.04749293000533253, "DIABETES_cdc_2": 0.1059493532073005, "OBESITY_cdc_2": 0.37361782034300695, "STROKE_cdc_2": 0.028547726764488315, "DISABILITY_cdc_2": 0.24842836254795092, "HEARING_cdc_2": 0.04908068996955246, "VISION_cdc_2": 0.04196597887602588, "COGNITION_cdc_2": 0.11401009323447923, "MOBILITY_cdc_2": 0.11259442571345026, "SELFCARE_cdc_2": 0.03235807974816364, "INDEPLIVE_cdc_2": 0.06713477714895162, "BINGE_cdc_2": 0.16774839161921803, "CSMOKING_cdc_2": 0.14018519171554894, "LPA_cdc_2": 0.22666950355219898, "SLEEP_cdc_2": 0.3620562503225364, "heating_utility_gas": 0.35054544087453876, "heating_electricity": 0.5893637660869512, "industry_agriculture,_forestry,_fishing_and_hunting": 0.002185263634145031, "industry_mining,_quarrying,_and_oil_and_gas_extraction": 0.0009700209022331747, "industry_accommodation_and_food_services": 0.060135316467463014, "industry_arts,_entertainment,_and_recreation": 0.019756319636723144, "industry_construction": 0.05944460561988556, "industry_educational_services": 0.08642959310734383, "industry_health_care_and_social_assistance": 0.1393411638557004, "industry_finance_and_insurance": 0.09731055379290277, "industry_real_estate_and_rental_and_leasing": 0.020691800326682847, "industry_information": 0.017688553936492855, "industry_manufacturing": 0.06151948502180498, "industry_other_services,_except_public_administration": 0.046007520792388755, "industry_administrative_and_support_and_waste_management_services": 0.04245974905872147, "industry_management_of_companies_and_enterprises": 0.0011183770402217782, "industry_professional,_scientific,_and_technical_services": 0.09581039157486707, "industry_public_administration": 0.06801507995856586, "industry_retail_trade": 0.10069027074918487, "industry_transportation_and_warehousing": 0.04532273763952395, "industry_utilities": 0.009215198571215171, "industry_wholesale_trade": 0.025887998313933583, "occupation_architecture_and_engineering_occupations": 0.016518822848505834, "occupation_computer_and_mathematical_occupations": 0.05925434174296751, "occupation_life,_physical,_and_social_science_occupations": 0.01098892710334362, "occupation_arts,_design,_entertainment,_sports,_and_media_occupations": 0.019000997673155783, "occupation_community_and_social_service_occupations": 0.020378882576073797, "occupation_educational_instruction,_and_library_occupations": 0.060291204863424014, "occupation_legal_occupations": 0.017562356876883786, "occupation_health_diagnosing_and_treating_practitioners_and_other_technical_occupations": 0.04251909570950916, "occupation_health_technologists_and_technicians": 0.018396161110586805, "occupation_business_and_financial_operations_occupations": 0.07664157309962868, "occupation_management_occupations": 0.11757131820619261, "occupation_construction_and_extraction_occupations": 0.038057912100526434, "occupation_farming,_fishing,_and_forestry_occupations": 0.001323793231282922, "occupation_installation,_maintenance,_and_repair_occupations": 0.022002282582232496, "occupation_material_moving_occupations": 0.03272127623609403, "occupation_transportation_occupations": 0.03887303174103627, "occupation_office_and_administrative_support_occupations": 0.11868425113130547, "occupation_sales_and_related_occupations": 0.09989722694383221, "occupation_building_and_grounds_cleaning_and_maintenance_occupations": 0.027323699395861753, "occupation_food_preparation_and_serving_related_occupations": 0.04911961893716599, "occupation_healthcare_support_occupations": 0.02640160699085298, "occupation_personal_care_and_service_occupations": 0.026315869146166626, "occupation_firefighting_and_prevention,_and_other_protective_service_workers_including_supervisors": 0.015617336525954125, "occupation_law_enforcement_workers_including_supervisors": 0.012439091569813666, "sors_cohabiting_partnered_gay": 0.006980643964048942, "2020 Presidential Election-margin": 0.2901733305780089, "2016 Presidential Election-margin": 0.20844161742351072, "2016-2020 Swing-margin": 0.0817317131544982, "park_percent_1km_v2": 0.01909761201077366, "mean_dist_Hospital_updated": 5.315666888576079, "mean_dist_Active Superfund Site_updated": 7.76215594706065, "mean_dist_Airport_updated": 20.301928671081757, "mean_dist_Public School_updated": 1.0640418690521771, "lapop1share_usda_fra_1": 0.6742688970299258, "mean_high_temp_4": 69.09026063631532, "mean_high_temp_winter_4": 51.450096542874846, "mean_high_temp_spring_4": 74.56931421916825, "mean_high_temp_summer_4": 86.20900614930316, "mean_high_temp_fall_4": 63.23196251823424, "mean_high_heat_index_4": 70.03818226306764, "days_above_90_4": 0.09136182320487324, "days_below_40_4": 0.048618638994407715, "wind_speed_over_10mph_4": 0.07429310945026649, "snowfall_4": 0.04321121697832061, "rainfall_4": 1.0613769670963753, "hours_sunny_4": 5.191555388955079, "internet_no_access": 0.08752797834967337, "insurance_coverage_none": 0.09331508295845442, "insurance_coverage_govt": 0.11138557344873215,