{"population": 1213450.0, "ad_1": 1177.2267751240865, "population_change_2010": 0.0012005000020627148, "ad_1_change_2010": -0.02579543889712576, "population_change_2000": 0.0565216672050346, "ad_1_change_2000": -0.01916870951794926, "gpw_population": NaN, "gpw_pw_density_4": NaN, "white": 0.6386839177551609, "hispanic": 0.1548436276731633, "black": 0.1081453706374387, "asian": 0.05495570480860357, "homogeneity_250_2020": 0.5948098443500895, "homogeneity_250_diff_2010": -0.09056883199410615, "homogeneity_250_diff_2000": -0.15656062318034036, "citizenship_citizen_by_birth": 0.8662610201107543, "citizenship_citizen_by_naturalization": 0.0786229474897728, "citizenship_not_citizen": 0.055116032399472936, "birthplace_non_us": 0.13373897988924463, "birthplace_us_not_state": 0.2880441090595034, "birthplace_us_state": 0.578216911051252, "language_english_only": 0.7882472337120946, "language_spanish": 0.10644229314193243, "education_high_school": 0.917500440353832, "education_ugrad": 0.39021320002762905, "education_grad": 0.17195964571946853, "education_field_stem": 0.18230636066952452, "education_field_humanities": 0.1330644173419238, "education_field_business": 0.07484242201617884, "generation_silent": 0.07375475321153871, "generation_boomer": 0.24249012725916136, "generation_genx": 0.19098857650574286, "generation_millenial": 0.18986885747059973, "generation_genz": 0.19987733277648476, "generation_genalpha": 0.10302035277647269, "poverty_below_line": 0.10188999337012221, "household_income_under_50k": 0.3134950400046589, "household_income_over_100k": 0.41377273829682415, "individual_income_under_50k": 0.5725886855072089, "individual_income_over_100k": 0.15640102519508203, "housing_per_pop": 0.5368828616594615, "vacancy": 0.0666248040080943, "rent_or_own_rent": 0.3325695691262855, "rent_burden_under_20": 0.25657046802055955, "rent_burden_over_40": 0.35023851841356773, "rent_1br_under_750": 0.2675846285041218, "rent_1br_over_1500": 0.10847697720232792, "rent_2br_under_750": 0.08731179194049402, "rent_2br_over_1500": 0.2954763672844722, "year_built_1969_or_earlier": 0.5515748966922405, "year_built_2010_or_later": 0.033303089342668714, "transportation_means_car": 0.8375751732931878, "transportation_means_bike": 0.002228781273216333, "transportation_means_walk": 0.023018152739490486, "transportation_means_transit": 0.023670579257331934, "transportation_means_worked_at_home": 0.10616699610236703, "transportation_commute_time_under_15": 0.26576391371621644, "transportation_commute_time_over_60": 0.049156593128901666, "vehicle_ownership_at_least_1": 0.9138956515448907, "traffic_fatalities_last_decade_per_capita": 8.166797148625818e-05, "traffic_fatalities_ped_last_decade_per_capita": 1.656434134080514e-05, "GHLTH_cdc_2": 0.1364114574874288, "ARTHRITIS_cdc_2": 0.24473399827395775, "CASTHMA_cdc_2": 0.11623840414250439, "BPHIGH_cdc_2": 0.3135109448759552, "CANCER_cdc_2": 0.0697219234023222, "KIDNEY_cdc_2": 0.028363484951259853, "COPD_cdc_2": 0.05706532213634461, "CHD_cdc_2": 0.05473948000029727, "DIABETES_cdc_2": 0.1001779958154601, "OBESITY_cdc_2": 0.3281963358204911, "STROKE_cdc_2": 0.02787201060677959, "DISABILITY_cdc_2": 0.26501086366912546, "HEARING_cdc_2": 0.06040055348027017, "VISION_cdc_2": 0.04567094886729736, "COGNITION_cdc_2": 0.12016331807918787, "MOBILITY_cdc_2": 0.11592906344641779, "SELFCARE_cdc_2": 0.033622805425253054, "INDEPLIVE_cdc_2": 0.06990480648890281, "BINGE_cdc_2": 0.15057908536695527, "CSMOKING_cdc_2": 0.13676322954782136, "LPA_cdc_2": 0.23846126115797828, "SLEEP_cdc_2": 0.33811519586768823, "heating_utility_gas": 0.40387144109418704, "heating_electricity": 0.15406436700873363, "industry_agriculture,_forestry,_fishing_and_hunting": 0.00311707274105845, "industry_mining,_quarrying,_and_oil_and_gas_extraction": 0.00034724688878232416, "industry_accommodation_and_food_services": 0.05733450300022821, "industry_arts,_entertainment,_and_recreation": 0.01943281891691266, "industry_construction": 0.055035511254128144, "industry_educational_services": 0.10698064771065063, "industry_health_care_and_social_assistance": 0.15759075885061874, "industry_finance_and_insurance": 0.08801667764348933, "industry_real_estate_and_rental_and_leasing": 0.01368945542918302, "industry_information": 0.01844123244705385, "industry_manufacturing": 0.1101593009004967, "industry_other_services,_except_public_administration": 0.042993213631919096, "industry_administrative_and_support_and_waste_management_services": 0.034714386417038154, "industry_management_of_companies_and_enterprises": 0.0010835981069706453, "industry_professional,_scientific,_and_technical_services": 0.0733485324521027, "industry_public_administration": 0.0422371214772804, "industry_retail_trade": 0.10414372545056035, "industry_transportation_and_warehousing": 0.04162674384224658, "industry_utilities": 0.007270967646938613, "industry_wholesale_trade": 0.022436485192341395, "occupation_architecture_and_engineering_occupations": 0.030053421903158507, "occupation_computer_and_mathematical_occupations": 0.04137921370660957, "occupation_life,_physical,_and_social_science_occupations": 0.009716749217782657, "occupation_arts,_design,_entertainment,_sports,_and_media_occupations": 0.02009822725467722, "occupation_community_and_social_service_occupations": 0.020850804555650127, "occupation_educational_instruction,_and_library_occupations": 0.07166717226880456, "occupation_legal_occupations": 0.013981637964159873, "occupation_health_diagnosing_and_treating_practitioners_and_other_technical_occupations": 0.047752645492786086, "occupation_health_technologists_and_technicians": 0.01955204311348404, "occupation_business_and_financial_operations_occupations": 0.07266709128308477, "occupation_management_occupations": 0.11261931102949693, "occupation_construction_and_extraction_occupations": 0.03956734639161878, "occupation_farming,_fishing,_and_forestry_occupations": 0.0010771991571883331, "occupation_installation,_maintenance,_and_repair_occupations": 0.023110208431484567, "occupation_material_moving_occupations": 0.028201231217098697, "occupation_transportation_occupations": 0.03153290354332678, "occupation_office_and_administrative_support_occupations": 0.11043371702933291, "occupation_sales_and_related_occupations": 0.09588718575736177, "occupation_building_and_grounds_cleaning_and_maintenance_occupations": 0.03033554841146283, "occupation_food_preparation_and_serving_related_occupations": 0.04683814072050477, "occupation_healthcare_support_occupations": 0.03551745803629953, "occupation_personal_care_and_service_occupations": 0.027120310569156373, "occupation_firefighting_and_prevention,_and_other_protective_service_workers_including_supervisors": 0.01069673323587267, "occupation_law_enforcement_workers_including_supervisors": 0.008784366654426256, "sors_cohabiting_partnered_gay": 0.007350673214635671, "2020 Presidential Election-margin": 0.23813445220797017, "2016 Presidential Election-margin": 0.17985071077374673, "2016-2020 Swing-margin": 0.058283741434223435, "park_percent_1km_v2": 0.02502334401037095, "mean_dist_Hospital_updated": 6.481813512749721, "mean_dist_Active Superfund Site_updated": 15.008822185526382, "mean_dist_Airport_updated": 25.775195291116358, "mean_dist_Public School_updated": 1.293590960435301, "lapop1share_usda_fra_1": 0.5736713860147254, "mean_high_temp_4": 60.069380234895874, "mean_high_temp_winter_4": 39.41265605338076, "mean_high_temp_spring_4": 64.81412874098055, "mean_high_temp_summer_4": 80.32918117440246, "mean_high_temp_fall_4": 54.715850303220215, "mean_high_heat_index_4": 59.192746945960735, "days_above_90_4": 0.02445131685889975, "days_below_40_4": 0.17107413154997755, "wind_speed_over_10mph_4": 0.12185049144939776, "snowfall_4": 0.13324653546903084, "rainfall_4": 1.0233176220304685, "hours_sunny_4": 4.830527220393546, "internet_no_access": 0.08811567173047137, "insurance_coverage_none": 0.051697022636024666, "insurance_coverage_govt": 0.19636475492393712,