{"population": 1213450.0, "ad_1": 1177.2267751240865, "population_change_2010": 0.0012005000020627148, "ad_1_change_2010": -0.025795438897127043, "gpw_population": NaN, "gpw_pw_density_4": NaN, "white": 0.6386839177551609, "hispanic": 0.1548436276731633, "black": 0.1081453706374387, "asian": 0.05495570480860357, "citizenship_citizen_by_birth": 0.8662610201107542, "citizenship_citizen_by_naturalization": 0.07862294748977257, "citizenship_not_citizen": 0.05511603239947327, "birthplace_non_us": 0.13373897988924582, "birthplace_us_not_state": 0.2880441090595028, "birthplace_us_state": 0.5782169110512514, "language_english_only": 0.7882472337120947, "language_spanish": 0.10644229314193202, "education_high_school": 0.9175004403538318, "education_ugrad": 0.3902132000276282, "education_grad": 0.1719596457194672, "education_field_stem": 0.18230636066952538, "education_field_humanities": 0.133064417341924, "education_field_business": 0.0748424220161788, "generation_silent": 0.07375475321153854, "generation_boomer": 0.24249012725916144, "generation_genx": 0.19098857650574225, "generation_millenial": 0.1898688574705999, "generation_genz": 0.19987733277648476, "generation_genalpha": 0.10302035277647315, "poverty_below_line": 0.10188999337012225, "household_income_under_50k": 0.31349504000465694, "household_income_over_100k": 0.4137727382968252, "individual_income_under_50k": 0.5725886855072087, "individual_income_over_100k": 0.15640102519508192, "housing_per_pop": 0.5368828616594615, "vacancy": 0.0666248040080943, "rent_or_own_rent": 0.33256956912628516, "rent_burden_under_20": 0.2565704680205597, "rent_burden_over_40": 0.3502385184135679, "rent_1br_under_750": 0.2675846285041213, "rent_1br_over_1500": 0.10847697720232789, "rent_2br_under_750": 0.08731179194049388, "rent_2br_over_1500": 0.29547636728447213, "year_built_1969_or_earlier": 0.55157489669224, "year_built_2010_or_later": 0.03330308934266859, "transportation_means_car": 0.837575173293187, "transportation_means_bike": 0.0022287812732163445, "transportation_means_walk": 0.02301815273949055, "transportation_means_transit": 0.023670579257332038, "transportation_means_worked_at_home": 0.10616699610236759, "transportation_commute_time_under_15": 0.26576391371621766, "transportation_commute_time_over_60": 0.04915659312890178, "vehicle_ownership_at_least_1": 0.91389565154489, "GHLTH_cdc_2": 0.13641145748742886, "ARTHRITIS_cdc_2": 0.2447339982739568, "CASTHMA_cdc_2": 0.11623840414250365, "BPHIGH_cdc_2": 0.31351094487595527, "CANCER_cdc_2": 0.06972192340232197, "KIDNEY_cdc_2": 0.028363484951259982, "COPD_cdc_2": 0.05706532213634467, "CHD_cdc_2": 0.05473948000029723, "DIABETES_cdc_2": 0.10017799581545987, "OBESITY_cdc_2": 0.3281963358204915, "STROKE_cdc_2": 0.02787201060677955, "DISABILITY_cdc_2": 0.26501086366912624, "HEARING_cdc_2": 0.06040055348026993, "VISION_cdc_2": 0.04567094886729743, "COGNITION_cdc_2": 0.12016331807918781, "MOBILITY_cdc_2": 0.11592906344641782, "SELFCARE_cdc_2": 0.033622805425253095, "INDEPLIVE_cdc_2": 0.06990480648890333, "BINGE_cdc_2": 0.15057908536695402, "CSMOKING_cdc_2": 0.13676322954782127, "LPA_cdc_2": 0.23846126115797753, "SLEEP_cdc_2": 0.338115195867687, "heating_utility_gas": 0.4038714410941865, "heating_electricity": 0.1540643670087342, "industry_agriculture,_forestry,_fishing_and_hunting": 0.0031170727410584523, "industry_mining,_quarrying,_and_oil_and_gas_extraction": 0.0003472468887823244, "industry_accommodation_and_food_services": 0.057334503000228146, "industry_arts,_entertainment,_and_recreation": 0.01943281891691266, "industry_construction": 0.05503551125412824, "industry_educational_services": 0.10698064771065036, "industry_health_care_and_social_assistance": 0.15759075885061943, "industry_finance_and_insurance": 0.08801667764348939, "industry_real_estate_and_rental_and_leasing": 0.013689455429182994, "industry_information": 0.01844123244705386, "industry_manufacturing": 0.11015930090049644, "industry_other_services,_except_public_administration": 0.04299321363191932, "industry_administrative_and_support_and_waste_management_services": 0.03471438641703834, "industry_management_of_companies_and_enterprises": 0.001083598106970644, "industry_professional,_scientific,_and_technical_services": 0.07334853245210247, "industry_public_administration": 0.042237121477280204, "industry_retail_trade": 0.10414372545055998, "industry_transportation_and_warehousing": 0.04162674384224653, "industry_utilities": 0.007270967646938627, "industry_wholesale_trade": 0.022436485192341423, "occupation_architecture_and_engineering_occupations": 0.030053421903158423, "occupation_computer_and_mathematical_occupations": 0.04137921370660969, "occupation_life,_physical,_and_social_science_occupations": 0.00971674921778265, "occupation_arts,_design,_entertainment,_sports,_and_media_occupations": 0.020098227254677213, "occupation_community_and_social_service_occupations": 0.020850804555650165, "occupation_educational_instruction,_and_library_occupations": 0.07166717226880415, "occupation_legal_occupations": 0.01398163796415992, "occupation_health_diagnosing_and_treating_practitioners_and_other_technical_occupations": 0.04775264549278581, "occupation_health_technologists_and_technicians": 0.019552043113483956, "occupation_business_and_financial_operations_occupations": 0.07266709128308492, "occupation_management_occupations": 0.11261931102949678, "occupation_construction_and_extraction_occupations": 0.03956734639161886, "occupation_farming,_fishing,_and_forestry_occupations": 0.0010771991571883331, "occupation_installation,_maintenance,_and_repair_occupations": 0.023110208431484574, "occupation_material_moving_occupations": 0.028201231217098773, "occupation_transportation_occupations": 0.0315329035433269, "occupation_office_and_administrative_support_occupations": 0.11043371702933365, "occupation_sales_and_related_occupations": 0.09588718575736165, "occupation_building_and_grounds_cleaning_and_maintenance_occupations": 0.03033554841146295, "occupation_food_preparation_and_serving_related_occupations": 0.04683814072050478, "occupation_healthcare_support_occupations": 0.03551745803629939, "occupation_personal_care_and_service_occupations": 0.027120310569156474, "occupation_firefighting_and_prevention,_and_other_protective_service_workers_including_supervisors": 0.010696733235872698, "occupation_law_enforcement_workers_including_supervisors": 0.008784366654426291, "2020 Presidential Election-margin": 0.23813445220797547, "2016 Presidential Election-margin": 0.1798507107737513, "2016-2020 Swing-margin": 0.05828374143422416, "park_percent_1km_v2": 0.02502334401037095, "mean_dist_Hospital_updated": 6.481813512749721, "mean_dist_Active Superfund Site_updated": 15.008822185526382, "mean_dist_Airport_updated": 25.775195291116358, "mean_dist_Public School_updated": 1.293590960435301, "mean_high_temp_4": 60.069380234895874, "mean_high_temp_winter_4": 39.41265605338076, "mean_high_temp_spring_4": 64.81412874098055, "mean_high_temp_summer_4": 80.32918117440246, "mean_high_temp_fall_4": 54.715850303220215, "mean_high_heat_index_4": 59.192746945960735, "days_above_90_4": 0.02445131685889975, "days_below_40_4": 0.17107413154997755, "wind_speed_over_10mph_4": 0.12185049144939776, "snowfall_4": 0.13324653546903084, "rainfall_4": 1.0233176220304685, "hours_sunny_4": 4.830527220393546, "internet_no_access": 0.08811567173047165, "insurance_coverage_none": 0.05169702263602414, "insurance_coverage_govt": 0.19636475492393674, "insurance_coverage_private": 0.7519382224400392, "marriage_divorced": 0.10793796195952449}