{"population": 4845832.0, "ad_1": 1858.0952645712532, "population_change_2010": 0.1557268297476178, "ad_1_change_2010": 0.07678773338084569, "gpw_population": NaN, "gpw_pw_density_4": NaN, "white": 0.5360435524797393, "hispanic": 0.30396183771950824, "black": 0.054882422667562554, "asian": 0.04213930652156327, "citizenship_citizen_by_birth": 0.8597981415724222, "citizenship_citizen_by_naturalization": 0.06162523959279095, "citizenship_not_citizen": 0.07857661883478692, "birthplace_non_us": 0.14020185842757787, "birthplace_us_not_state": 0.4725917543528765, "birthplace_us_state": 0.38720638721954564, "language_english_only": 0.7402238852580828, "language_spanish": 0.1988694823584169, "education_high_school": 0.8913866751368479, "education_ugrad": 0.3192208510019758, "education_grad": 0.11823529517325289, "education_field_stem": 0.1379365418331841, "education_field_humanities": 0.10722376053314288, "education_field_business": 0.07406054863564882, "generation_silent": 0.06378238405818441, "generation_boomer": 0.20931423567053922, "generation_genx": 0.188858540990862, "generation_millenial": 0.21088342877360866, "generation_genz": 0.20251488623924377, "generation_genalpha": 0.12464652426756194, "poverty_below_line": 0.1198940264734075, "household_income_under_50k": 0.33667565765973545, "household_income_over_100k": 0.34362337958210165, "individual_income_under_50k": 0.6412077776321171, "individual_income_over_100k": 0.11783797497940483, "housing_per_pop": 0.5353020717761957, "vacancy": 0.09820929269479685, "rent_or_own_rent": 0.35015202184839445, "rent_burden_under_20": 0.24712939627801972, "rent_burden_over_40": 0.3221282879368143, "rent_1br_under_750": 0.160846305572505, "rent_1br_over_1500": 0.12387365015396404, "rent_2br_under_750": 0.07685683629816216, "rent_2br_over_1500": 0.2624690891843229, "year_built_1969_or_earlier": 0.13814182919284992, "year_built_2010_or_later": 0.10085916387197603, "transportation_means_car": 0.8207059516569544, "transportation_means_bike": 0.008820292528168912, "transportation_means_walk": 0.014393081455516831, "transportation_means_transit": 0.014361586747736707, "transportation_means_worked_at_home": 0.12966726063024014, "transportation_commute_time_under_15": 0.21483441656405197, "transportation_commute_time_over_60": 0.07539071737871758, "vehicle_ownership_at_least_1": 0.9482377559831356, "GHLTH_cdc_2": 0.15724228702972928, "ARTHRITIS_cdc_2": 0.21872693938795756, "CASTHMA_cdc_2": 0.10224384869593411, "BPHIGH_cdc_2": 0.2780333992734874, "CANCER_cdc_2": 0.06383858245314997, "KIDNEY_cdc_2": 0.03017460725847956, "COPD_cdc_2": 0.0580942338404353, "CHD_cdc_2": 0.05297034133052926, "DIABETES_cdc_2": 0.0948803670678629, "OBESITY_cdc_2": 0.3144387840043546, "STROKE_cdc_2": 0.02757153944962752, "DISABILITY_cdc_2": 0.28486146547586094, "HEARING_cdc_2": 0.06175374829191675, "VISION_cdc_2": 0.05067287850861198, "COGNITION_cdc_2": 0.14378111379943267, "MOBILITY_cdc_2": 0.12202467458814467, "SELFCARE_cdc_2": 0.03625005755261518, "INDEPLIVE_cdc_2": 0.07362816501297463, "BINGE_cdc_2": 0.1763121859377074, "CSMOKING_cdc_2": 0.15004500982964772, "LPA_cdc_2": 0.22564142881409616, "SLEEP_cdc_2": 0.32279593481360236, "heating_utility_gas": 0.2777046810353799, "heating_electricity": 0.691330676349563, "industry_agriculture,_forestry,_fishing_and_hunting": 0.0046919476482946846, "industry_mining,_quarrying,_and_oil_and_gas_extraction": 0.0022029052973856524, "industry_accommodation_and_food_services": 0.072338859774468, "industry_arts,_entertainment,_and_recreation": 0.02144277827703492, "industry_construction": 0.07453213966638345, "industry_educational_services": 0.0834111386942175, "industry_health_care_and_social_assistance": 0.12425917191761703, "industry_finance_and_insurance": 0.07631196464151052, "industry_real_estate_and_rental_and_leasing": 0.025031304443699692, "industry_information": 0.01881766769425162, "industry_manufacturing": 0.07720668983180916, "industry_other_services,_except_public_administration": 0.04503289701078658, "industry_administrative_and_support_and_waste_management_services": 0.05743304436699396, "industry_management_of_companies_and_enterprises": 0.0018808917325642343, "industry_professional,_scientific,_and_technical_services": 0.07377829541069418, "industry_public_administration": 0.03978880110324647, "industry_retail_trade": 0.11993648982463387, "industry_transportation_and_warehousing": 0.04884893276129257, "industry_utilities": 0.008984440969575843, "industry_wholesale_trade": 0.024069638933540076, "occupation_architecture_and_engineering_occupations": 0.023144287453108963, "occupation_computer_and_mathematical_occupations": 0.038246548635861286, "occupation_life,_physical,_and_social_science_occupations": 0.007466689534296632, "occupation_arts,_design,_entertainment,_sports,_and_media_occupations": 0.018425213662125517, "occupation_community_and_social_service_occupations": 0.015430400005600236, "occupation_educational_instruction,_and_library_occupations": 0.05213075850820216, "occupation_legal_occupations": 0.010258932157517135, "occupation_health_diagnosing_and_treating_practitioners_and_other_technical_occupations": 0.03995155795937904, "occupation_health_technologists_and_technicians": 0.017982007492065605, "occupation_business_and_financial_operations_occupations": 0.0661037846219272, "occupation_management_occupations": 0.10954848973012989, "occupation_construction_and_extraction_occupations": 0.05021792793021406, "occupation_farming,_fishing,_and_forestry_occupations": 0.0032599498253863945, "occupation_installation,_maintenance,_and_repair_occupations": 0.0319944102645324, "occupation_material_moving_occupations": 0.035594311910389226, "occupation_transportation_occupations": 0.03505878935150143, "occupation_office_and_administrative_support_occupations": 0.12977584180733615, "occupation_sales_and_related_occupations": 0.10945354823071922, "occupation_building_and_grounds_cleaning_and_maintenance_occupations": 0.03879213411864975, "occupation_food_preparation_and_serving_related_occupations": 0.05344987657605076, "occupation_healthcare_support_occupations": 0.02811012163887404, "occupation_personal_care_and_service_occupations": 0.02518312333907066, "occupation_firefighting_and_prevention,_and_other_protective_service_workers_including_supervisors": 0.012762412616631476, "occupation_law_enforcement_workers_including_supervisors": 0.008680365660403444, "2020 Presidential Election-margin": 0.005831030598486187, "2016 Presidential Election-margin": -0.040875349067386206, "2016-2020 Swing-margin": 0.04670637966587239, "park_percent_1km_v2": 0.02062532274996927, "mean_dist_Hospital_updated": 5.187857634146352, "mean_dist_Active Superfund Site_updated": 17.71027211263351, "mean_dist_Airport_updated": 22.332177686191358, "mean_dist_Public School_updated": 1.0384640809575874, "mean_high_temp_4": 86.23058195689846, "mean_high_temp_winter_4": 69.54880102881029, "mean_high_temp_spring_4": 91.15306702102352, "mean_high_temp_summer_4": 103.53251105843691, "mean_high_temp_fall_4": 79.78712899277639, "mean_high_heat_index_4": 84.92094368531846, "days_above_90_4": 0.45550456499417213, "days_below_40_4": 1.1663341360251985e-05, "wind_speed_over_10mph_4": 0.014039429353439683, "snowfall_4": 0.0003065955245693336, "rainfall_4": 0.23597964282825962, "hours_sunny_4": 8.843501309405319, "internet_no_access": 0.07529820752037036, "insurance_coverage_none": 0.13768420183221028, "insurance_coverage_govt": 0.16685089717734997, "insurance_coverage_private": 0.6954649009904398, "marriage_divorced": 0.11687636984363996}