{"population": 713311.0, "ad_1": 1116.078786566694, "population_change_2010": 0.10402056638028302, "ad_1_change_2010": 0.07366288813123377, "population_change_2000": 0.16538660732811508, "ad_1_change_2000": 0.06696177222072748, "gpw_population": NaN, "gpw_pw_density_4": NaN, "white": 0.7137966469043657, "hispanic": 0.05245117487323201, "black": 0.0947104418689744, "asian": 0.08726067591835819, "homogeneity_250_2020": 0.6034174649663406, "homogeneity_250_diff_2010": -0.1035810167223169, "homogeneity_250_diff_2000": -0.2184344239052185, "citizenship_citizen_by_birth": 0.8722847957998058, "citizenship_citizen_by_naturalization": 0.07295882341003475, "citizenship_not_citizen": 0.05475638079015948, "birthplace_non_us": 0.12771520420019425, "birthplace_us_not_state": 0.25986168387582625, "birthplace_us_state": 0.6124231119239795, "language_english_only": 0.8441806812118178, "language_spanish": 0.034731717565440606, "education_high_school": 0.9570580561535718, "education_ugrad": 0.4878530671947882, "education_grad": 0.1776920044118983, "education_field_stem": 0.214461844521388, "education_field_humanities": 0.15319825639626597, "education_field_business": 0.12019296627713386, "generation_silent": 0.06464204863448468, "generation_boomer": 0.24149184762160847, "generation_genx": 0.1987757502334313, "generation_millenial": 0.2002954778132919, "generation_genz": 0.16846717514961596, "generation_genalpha": 0.12632770054756762, "poverty_below_line": 0.06021822981193814, "household_income_under_50k": 0.23652927499446175, "household_income_over_100k": 0.48610472514323805, "individual_income_under_50k": 0.514473405787448, "individual_income_over_100k": 0.19868792288498424, "housing_per_pop": 0.5342784044868117, "vacancy": 0.04219394901962121, "rent_or_own_rent": 0.2698852481474656, "rent_burden_under_20": 0.268122364304197, "rent_burden_over_40": 0.2809354935146319, "rent_1br_under_750": 0.1395668677627505, "rent_1br_over_1500": 0.21437137413355412, "rent_2br_under_750": 0.05072839852797446, "rent_2br_over_1500": 0.4124289508516285, "year_built_1969_or_earlier": 0.2797723773636009, "year_built_2010_or_later": 0.07333416313041095, "transportation_means_car": 0.8026341269664408, "transportation_means_bike": 0.0028568341979118787, "transportation_means_walk": 0.011613336545114534, "transportation_means_transit": 0.02817967350417128, "transportation_means_worked_at_home": 0.14722716879552075, "transportation_commute_time_under_15": 0.23891575286472577, "transportation_commute_time_over_60": 0.036863150239233686, "vehicle_ownership_at_least_1": 0.9531816461469341, "GHLTH_cdc_2": 0.10532067170589565, "ARTHRITIS_cdc_2": 0.19363053715560344, "CASTHMA_cdc_2": 0.09180020829361162, "BPHIGH_cdc_2": 0.2578666264840423, "CANCER_cdc_2": 0.06451710529283075, "KIDNEY_cdc_2": 0.024459219760011336, "COPD_cdc_2": 0.040475223105829926, "CHD_cdc_2": 0.04356333786412952, "DIABETES_cdc_2": 0.07364183749408021, "OBESITY_cdc_2": 0.27986237245603995, "STROKE_cdc_2": 0.0235249204035485, "DISABILITY_cdc_2": 0.2111606443981132, "HEARING_cdc_2": 0.053838970176701174, "VISION_cdc_2": 0.02908011513552404, "COGNITION_cdc_2": 0.09612542719666708, "MOBILITY_cdc_2": 0.08288001795917374, "SELFCARE_cdc_2": 0.024776098718051264, "INDEPLIVE_cdc_2": 0.05102405217180968, "BINGE_cdc_2": 0.20282303243516878, "CSMOKING_cdc_2": 0.12276350269490094, "LPA_cdc_2": 0.17094699378604394, "SLEEP_cdc_2": 0.2512025327355145, "heating_utility_gas": 0.804703245804757, "heating_electricity": 0.15431181468751468, "industry_agriculture,_forestry,_fishing_and_hunting": 0.003661952513961267, "industry_mining,_quarrying,_and_oil_and_gas_extraction": 0.0005981825342827825, "industry_accommodation_and_food_services": 0.04570064917086688, "industry_arts,_entertainment,_and_recreation": 0.019334656688798822, "industry_construction": 0.04133548700754282, "industry_educational_services": 0.07788459739036736, "industry_health_care_and_social_assistance": 0.1446017460085926, "industry_finance_and_insurance": 0.09086477835401265, "industry_real_estate_and_rental_and_leasing": 0.021607754145563835, "industry_information": 0.0161806663379698, "industry_manufacturing": 0.1437031796334327, "industry_other_services,_except_public_administration": 0.040034483897781734, "industry_administrative_and_support_and_waste_management_services": 0.033329088937561646, "industry_management_of_companies_and_enterprises": 0.00427978072412332, "industry_professional,_scientific,_and_technical_services": 0.10482377645032177, "industry_public_administration": 0.024763614035884726, "industry_retail_trade": 0.11419951471142263, "industry_transportation_and_warehousing": 0.03484662011945063, "industry_utilities": 0.0045575746519968315, "industry_wholesale_trade": 0.03369189668606514, "occupation_architecture_and_engineering_occupations": 0.030014932392459594, "occupation_computer_and_mathematical_occupations": 0.05984886800785238, "occupation_life,_physical,_and_social_science_occupations": 0.010483419224269626, "occupation_arts,_design,_entertainment,_sports,_and_media_occupations": 0.02311748641946424, "occupation_community_and_social_service_occupations": 0.01622565318686637, "occupation_educational_instruction,_and_library_occupations": 0.05600295469519847, "occupation_legal_occupations": 0.013688736987556318, "occupation_health_diagnosing_and_treating_practitioners_and_other_technical_occupations": 0.04621556535428567, "occupation_health_technologists_and_technicians": 0.016036351405390968, "occupation_business_and_financial_operations_occupations": 0.09649432003156835, "occupation_management_occupations": 0.13925227497972684, "occupation_construction_and_extraction_occupations": 0.025385676511210726, "occupation_farming,_fishing,_and_forestry_occupations": 0.0011862151701782578, "occupation_installation,_maintenance,_and_repair_occupations": 0.021768007766818673, "occupation_material_moving_occupations": 0.025914531628126493, "occupation_transportation_occupations": 0.025846636596141306, "occupation_office_and_administrative_support_occupations": 0.09776815495259687, "occupation_sales_and_related_occupations": 0.11338089325435138, "occupation_building_and_grounds_cleaning_and_maintenance_occupations": 0.021431946422892204, "occupation_food_preparation_and_serving_related_occupations": 0.03776220650537676, "occupation_healthcare_support_occupations": 0.030673112453289138, "occupation_personal_care_and_service_occupations": 0.02364249680839678, "occupation_firefighting_and_prevention,_and_other_protective_service_workers_including_supervisors": 0.006854201278988338, "occupation_law_enforcement_workers_including_supervisors": 0.004242058527546306, "sors_cohabiting_partnered_gay": 0.007605643330747459, "2020 Presidential Election-margin": 0.20903756604802118, "2016 Presidential Election-margin": 0.11009782552623563, "2016-2020 Swing-margin": 0.09893974052178554, "park_percent_1km_v2": 0.06668850163359351, "mean_dist_Hospital_updated": 7.2410177929721025, "mean_dist_Active Superfund Site_updated": 9.439225951473716, "mean_dist_Airport_updated": 24.669998171792837, "mean_dist_Public School_updated": 1.21604406441609, "lapop1share_usda_fra_1": 0.523737829040915, "mean_high_temp_4": 55.15499249054115, "mean_high_temp_winter_4": 28.601696120425792, "mean_high_temp_spring_4": 64.37134368872553, "mean_high_temp_summer_4": 79.52572768003537, "mean_high_temp_fall_4": 46.81656395142481, "mean_high_heat_index_4": 53.79627554587204, "days_above_90_4": 0.017878170972982475, "days_below_40_4": 0.3138213133796913, "wind_speed_over_10mph_4": 0.20677541439459288, "snowfall_4": 0.14225149015982222, "rainfall_4": 0.6936750874363429, "hours_sunny_4": 4.71479928811074, "internet_no_access": 0.05078792031498132, "insurance_coverage_none": 0.04862798851893963, "insurance_coverage_govt": 0.12218361231165577, "insurance_coverage_private": 0.8291883991694047, "marriage_divorced": 0.10224541029671358}