{"population": 390172.0, "ad_1": 762.6424606367611, "population_change_2010": 0.12382554395101128, "ad_1_change_2010": 0.04136419123345883, "population_change_2000": 0.21308559987066125, "ad_1_change_2000": -0.027783389403328442, "gpw_population": NaN, "gpw_pw_density_4": NaN, "white": 0.6576022882216048, "hispanic": 0.06384876413479183, "black": 0.18110986949345417, "asian": 0.02872835569953764, "homogeneity_250_2020": 0.5668784007303813, "homogeneity_250_diff_2010": -0.07173118715227145, "homogeneity_250_diff_2000": -0.13555118791064047, "citizenship_citizen_by_birth": 0.946232468358466, "citizenship_citizen_by_naturalization": 0.031155753488832143, "citizenship_not_citizen": 0.022611778152701847, "birthplace_non_us": 0.053767531641534125, "birthplace_us_not_state": 0.5056949441955204, "birthplace_us_state": 0.44053752416294545, "language_english_only": 0.923862463336262, "language_spanish": 0.0358273453103043, "education_high_school": 0.9136966949808534, "education_ugrad": 0.2733701361936436, "education_grad": 0.09816643203937236, "education_field_stem": 0.11181244008218233, "education_field_humanities": 0.09950828278904729, "education_field_business": 0.062049413322414454, "generation_silent": 0.06867897640380463, "generation_boomer": 0.23992665492607576, "generation_genx": 0.17041680464421416, "generation_millenial": 0.20494650461345892, "generation_genz": 0.19917801507443272, "generation_genalpha": 0.11685304433801384, "poverty_below_line": 0.13270045747104853, "household_income_under_50k": 0.4107708495477178, "household_income_over_100k": 0.2608138359473655, "individual_income_under_50k": 0.7061805146375916, "individual_income_over_100k": 0.07992801966684049, "housing_per_pop": 0.5919184845632711, "vacancy": 0.16240109407052847, "rent_or_own_rent": 0.3544649651131204, "rent_burden_under_20": 0.25410535161081216, "rent_burden_over_40": 0.3256789972636928, "rent_1br_under_750": 0.34915770091649373, "rent_1br_over_1500": 0.05977272549940628, "rent_2br_under_750": 0.17130777953256668, "rent_2br_over_1500": 0.0835655388466339, "year_built_1969_or_earlier": 0.23745103278389404, "year_built_2010_or_later": 0.09021434679704518, "transportation_means_car": 0.8341856588879023, "transportation_means_bike": 0.008739217055113425, "transportation_means_walk": 0.03888264397660526, "transportation_means_transit": 0.0056582299912255095, "transportation_means_worked_at_home": 0.10206831050532225, "transportation_commute_time_under_15": 0.26585945621973067, "transportation_commute_time_over_60": 0.05641211061706262, "vehicle_ownership_at_least_1": 0.937614676640319, "GHLTH_cdc_2": 0.17837645640425207, "ARTHRITIS_cdc_2": 0.27037260541584285, "CASTHMA_cdc_2": 0.10393266892368472, "BPHIGH_cdc_2": 0.341231102856911, "CANCER_cdc_2": 0.07024761342637831, "KIDNEY_cdc_2": 0.03171263850219872, "COPD_cdc_2": 0.07582302648396079, "CHD_cdc_2": 0.06388224232762468, "DIABETES_cdc_2": 0.11361847969151195, "OBESITY_cdc_2": 0.35914545222739547, "STROKE_cdc_2": 0.03325834314532393, "DISABILITY_cdc_2": 0.30819279767009705, "HEARING_cdc_2": 0.07250747512110578, "VISION_cdc_2": 0.05439393877660995, "COGNITION_cdc_2": 0.14275385478033667, "MOBILITY_cdc_2": 0.14839873472120813, "SELFCARE_cdc_2": 0.04214574681298152, "INDEPLIVE_cdc_2": 0.08455511632860686, "BINGE_cdc_2": 0.16509155977093218, "CSMOKING_cdc_2": 0.1749823073088883, "LPA_cdc_2": 0.2613832112056077, "SLEEP_cdc_2": 0.34904011582712763, "heating_utility_gas": 0.1735256266082438, "heating_electricity": 0.8031291871907227, "industry_agriculture,_forestry,_fishing_and_hunting": 0.003205088676064568, "industry_mining,_quarrying,_and_oil_and_gas_extraction": 0.0015363965568620172, "industry_accommodation_and_food_services": 0.09341040841526638, "industry_arts,_entertainment,_and_recreation": 0.018476489510756228, "industry_construction": 0.07555544841076492, "industry_educational_services": 0.08935159962320784, "industry_health_care_and_social_assistance": 0.145572546547799, "industry_finance_and_insurance": 0.07507384359551826, "industry_real_estate_and_rental_and_leasing": 0.025632651564815163, "industry_information": 0.012980483323703903, "industry_manufacturing": 0.044568056955613854, "industry_other_services,_except_public_administration": 0.04892375659938851, "industry_administrative_and_support_and_waste_management_services": 0.047756954358797135, "industry_management_of_companies_and_enterprises": 0.0004821648656916555, "industry_professional,_scientific,_and_technical_services": 0.0629110929356361, "industry_public_administration": 0.05278625355292897, "industry_retail_trade": 0.13252719510292987, "industry_transportation_and_warehousing": 0.040778892570127186, "industry_utilities": 0.009103053773490764, "industry_wholesale_trade": 0.01936762306063759, "occupation_architecture_and_engineering_occupations": 0.018962072298944112, "occupation_computer_and_mathematical_occupations": 0.022737481996499827, "occupation_life,_physical,_and_social_science_occupations": 0.0057646678952609845, "occupation_arts,_design,_entertainment,_sports,_and_media_occupations": 0.015958679151172488, "occupation_community_and_social_service_occupations": 0.018822077199983175, "occupation_educational_instruction,_and_library_occupations": 0.05725188557248751, "occupation_legal_occupations": 0.010986901379464994, "occupation_health_diagnosing_and_treating_practitioners_and_other_technical_occupations": 0.04670139748328044, "occupation_health_technologists_and_technicians": 0.024090224958211046, "occupation_business_and_financial_operations_occupations": 0.047931354098788376, "occupation_management_occupations": 0.09301200419283852, "occupation_construction_and_extraction_occupations": 0.05391554058764643, "occupation_farming,_fishing,_and_forestry_occupations": 0.0022680425669147704, "occupation_installation,_maintenance,_and_repair_occupations": 0.03556325435538074, "occupation_material_moving_occupations": 0.03187499775723059, "occupation_transportation_occupations": 0.04210686691418743, "occupation_office_and_administrative_support_occupations": 0.13128205433124035, "occupation_sales_and_related_occupations": 0.11578434816493467, "occupation_building_and_grounds_cleaning_and_maintenance_occupations": 0.04112308706633436, "occupation_food_preparation_and_serving_related_occupations": 0.07023988477698406, "occupation_healthcare_support_occupations": 0.03134399041197156, "occupation_personal_care_and_service_occupations": 0.023723807664566277, "occupation_firefighting_and_prevention,_and_other_protective_service_workers_including_supervisors": 0.012370138889865736, "occupation_law_enforcement_workers_including_supervisors": 0.012493321424911111, "sors_cohabiting_partnered_gay": 0.00713214459956304, "2020 Presidential Election-margin": -0.21397437578692116, "2016 Presidential Election-margin": -0.2658563353118157, "2016-2020 Swing-margin": 0.05188195952489452, "park_percent_1km_v2": 0.006531409721783751, "mean_dist_Hospital_updated": 5.469375476457625, "mean_dist_Active Superfund Site_updated": 8.827015815451459, "mean_dist_Airport_updated": 13.337782878979663, "mean_dist_Public School_updated": 1.7075954833593314, "lapop1share_usda_fra_1": 0.5108151315668215, "mean_high_temp_4": 76.13748489536414, "mean_high_temp_winter_4": 63.99139773718398, "mean_high_temp_spring_4": 79.68331037908298, "mean_high_temp_summer_4": 87.30929631426808, "mean_high_temp_fall_4": 72.99068593803838, "mean_high_heat_index_4": 79.93279387256823, "days_above_90_4": 0.0852949490391307, "days_below_40_4": 0.001392090245923735, "wind_speed_over_10mph_4": 0.2120331400775254, "snowfall_4": 0.0006967307551479321, "rainfall_4": 1.4478787903849242, "hours_sunny_4": 5.774472491322027, "internet_no_access": 0.09982122337947587, "insurance_coverage_none": 0.16514079837355744, "insurance_coverage_govt": 0.17585559330385991, "insurance_coverage_private": 0.6590036083225826, "marriage_divorced": 0.13942439433138815}