{"population": 332317.0, "ad_1": 1263.2753419500295, "population_change_2010": 0.15755612449274606, "ad_1_change_2010": 0.10158220796029, "gpw_population": NaN, "gpw_pw_density_4": NaN, "white": 0.46713228634105386, "hispanic": 0.08233704565219353, "black": 0.19264136351736444, "asian": 0.1988252180899563, "citizenship_citizen_by_birth": 0.7860731120614248, "citizenship_citizen_by_naturalization": 0.13743135873262707, "citizenship_not_citizen": 0.0764955292059481, "birthplace_non_us": 0.21392688793857517, "birthplace_us_not_state": 0.3798838565458256, "birthplace_us_state": 0.4061892555155992, "language_english_only": 0.7384750258653199, "language_spanish": 0.0504800796748544, "education_high_school": 0.9545003068039853, "education_ugrad": 0.6253680544212882, "education_grad": 0.3240379818919432, "education_field_stem": 0.35359711118664716, "education_field_humanities": 0.16127736404610446, "education_field_business": 0.11049357918853657, "generation_silent": 0.0538317620760035, "generation_boomer": 0.21696107493439595, "generation_genx": 0.21409697249489745, "generation_millenial": 0.1919434590339197, "generation_genz": 0.19892603751579357, "generation_genalpha": 0.1242406939449898, "poverty_below_line": 0.055039909758579676, "household_income_under_50k": 0.1589416877758669, "household_income_over_100k": 0.6311241390411482, "individual_income_under_50k": 0.4280726226917927, "individual_income_over_100k": 0.3002596127765651, "housing_per_pop": 0.4905788098878695, "vacancy": 0.03588415772471226, "rent_or_own_rent": 0.2706608944652948, "rent_burden_under_20": 0.26118126808734543, "rent_burden_over_40": 0.2982438831886346, "rent_1br_under_750": 0.08771722425818655, "rent_1br_over_1500": 0.5513654096228868, "rent_2br_under_750": 0.0344574780058651, "rent_2br_over_1500": 0.8302052785923754, "year_built_1969_or_earlier": 0.1372823383084577, "year_built_2010_or_later": 0.12702114427860697, "transportation_means_car": 0.7947951869218985, "transportation_means_bike": 0.0011459709765309822, "transportation_means_walk": 0.009161921021551271, "transportation_means_transit": 0.026281324181156963, "transportation_means_worked_at_home": 0.1595998456447256, "transportation_commute_time_under_15": 0.16341651766768472, "transportation_commute_time_over_60": 0.115940919874493, "vehicle_ownership_at_least_1": 0.961478180570499, "GHLTH_cdc_2": 0.0984521869306707, "ARTHRITIS_cdc_2": 0.1898023688806662, "CASTHMA_cdc_2": 0.08955843819584693, "BPHIGH_cdc_2": 0.2833360825907043, "CANCER_cdc_2": 0.06134177411837813, "KIDNEY_cdc_2": 0.02355287848188268, "COPD_cdc_2": 0.03836679047740101, "CHD_cdc_2": 0.03820972502718658, "DIABETES_cdc_2": 0.08101434415618042, "OBESITY_cdc_2": 0.29119648716464, "STROKE_cdc_2": 0.021604695392640087, "DISABILITY_cdc_2": 0.17329695745712523, "HEARING_cdc_2": 0.04197415509765984, "VISION_cdc_2": 0.029650156999543358, "COGNITION_cdc_2": 0.08253050310468363, "MOBILITY_cdc_2": 0.0760806699902552, "SELFCARE_cdc_2": 0.021932530211231472, "INDEPLIVE_cdc_2": 0.044086107305774856, "BINGE_cdc_2": 0.13469917757660496, "CSMOKING_cdc_2": 0.08904413876217512, "LPA_cdc_2": 0.16065269441345253, "SLEEP_cdc_2": 0.3202356452516465, "heating_utility_gas": 0.42869608682023436, "heating_electricity": 0.48269610376407396, "industry_agriculture,_forestry,_fishing_and_hunting": 0.0032681635591055797, "industry_mining,_quarrying,_and_oil_and_gas_extraction": 8.126872083033412e-05, "industry_accommodation_and_food_services": 0.04921982028002879, "industry_arts,_entertainment,_and_recreation": 0.020212691852230246, "industry_construction": 0.04699073536582534, "industry_educational_services": 0.1206724406157847, "industry_health_care_and_social_assistance": 0.13492349130424688, "industry_finance_and_insurance": 0.04621868251793717, "industry_real_estate_and_rental_and_leasing": 0.018407365268070682, "industry_information": 0.020346204750737222, "industry_manufacturing": 0.05381730791557341, "industry_other_services,_except_public_administration": 0.04571946037569369, "industry_administrative_and_support_and_waste_management_services": 0.02842663756472473, "industry_management_of_companies_and_enterprises": 0.0016892284115448022, "industry_professional,_scientific,_and_technical_services": 0.1780307427961084, "industry_public_administration": 0.1143102607564957, "industry_retail_trade": 0.07103466691434276, "industry_transportation_and_warehousing": 0.026371699909443425, "industry_utilities": 0.0043362667471614, "industry_wholesale_trade": 0.01592286437411475, "occupation_architecture_and_engineering_occupations": 0.04066338495832075, "occupation_computer_and_mathematical_occupations": 0.11316669375624028, "occupation_life,_physical,_and_social_science_occupations": 0.032542317783918084, "occupation_arts,_design,_entertainment,_sports,_and_media_occupations": 0.02526296236097244, "occupation_community_and_social_service_occupations": 0.017797849861843174, "occupation_educational_instruction,_and_library_occupations": 0.0795911022360508, "occupation_legal_occupations": 0.019620591171894953, "occupation_health_diagnosing_and_treating_practitioners_and_other_technical_occupations": 0.06511946501962058, "occupation_health_technologists_and_technicians": 0.013548656744142847, "occupation_business_and_financial_operations_occupations": 0.08804304920240555, "occupation_management_occupations": 0.15315090440476467, "occupation_construction_and_extraction_occupations": 0.023173195253906702, "occupation_farming,_fishing,_and_forestry_occupations": 0.0012480553556087027, "occupation_installation,_maintenance,_and_repair_occupations": 0.014552905937260548, "occupation_material_moving_occupations": 0.018894977593052684, "occupation_transportation_occupations": 0.017356676805907075, "occupation_office_and_administrative_support_occupations": 0.08170989388627023, "occupation_sales_and_related_occupations": 0.06902616852810736, "occupation_building_and_grounds_cleaning_and_maintenance_occupations": 0.014581930480414238, "occupation_food_preparation_and_serving_related_occupations": 0.03477140269812153, "occupation_healthcare_support_occupations": 0.016073791998513942, "occupation_personal_care_and_service_occupations": 0.024131005177978497, "occupation_firefighting_and_prevention,_and_other_protective_service_workers_including_supervisors": 0.00976966122553231, "occupation_law_enforcement_workers_including_supervisors": 0.008109457357141199, "2020 Presidential Election-margin": 0.44270793501655176, "2016 Presidential Election-margin": 0.339798881579353, "2016-2020 Swing-margin": 0.10290905343719875, "park_percent_1km_v2": 0.030012708118310874, "mean_dist_Hospital_updated": 5.0484574615862225, "mean_dist_Active Superfund Site_updated": 18.773027197094816, "mean_dist_Airport_updated": 17.60613682588101, "mean_dist_Public School_updated": 1.184407902454252, "mean_high_temp_4": 65.23595675771885, "mean_high_temp_winter_4": 45.64799706739693, "mean_high_temp_spring_4": 70.88735531694424, "mean_high_temp_summer_4": 84.21255444334835, "mean_high_temp_fall_4": 59.21517480882948, "mean_high_heat_index_4": 65.3357148334717, "days_above_90_4": 0.05900475625587749, "days_below_40_4": 0.09690750111747788, "wind_speed_over_10mph_4": 0.11922372450176913, "snowfall_4": 0.06362735936633435, "rainfall_4": 1.0514085877952937, "hours_sunny_4": 4.948865498339697, "internet_no_access": 0.0335826901734202, "insurance_coverage_none": 0.047334738156559746, "insurance_coverage_govt": 0.10905915866697885, "insurance_coverage_private": 0.8436061031764615, "marriage_divorced": 0.08041361423306184}