{"population": 771527.0, "ad_1": 2414.2500151607273, "population_change_2010": 0.07433018588116361, "ad_1_change_2010": 0.11742039044050144, "population_change_2000": 0.16142225968884305, "ad_1_change_2000": 0.19055590838189304, "gpw_population": NaN, "gpw_pw_density_4": NaN, "white": 0.4430227328401987, "hispanic": 0.19719724649947443, "black": 0.16323991253708556, "asian": 0.1403567211516901, "homogeneity_250_2020": 0.4039844739854893, "homogeneity_250_diff_2010": -0.058314697647804004, "homogeneity_250_diff_2000": -0.10783238701499631, "citizenship_citizen_by_birth": 0.6868766706536891, "citizenship_citizen_by_naturalization": 0.17960619964533284, "citizenship_not_citizen": 0.1335171297009782, "birthplace_non_us": 0.31312332934631026, "birthplace_us_not_state": 0.44890535838952333, "birthplace_us_state": 0.23797131226416632, "language_english_only": 0.5991709937597969, "language_spanish": 0.16619768240937113, "education_high_school": 0.916394688247049, "education_ugrad": 0.6209608939172697, "education_grad": 0.3518598833350966, "education_field_stem": 0.35294322954213553, "education_field_humanities": 0.17841731885180395, "education_field_business": 0.08960034552333, "generation_silent": 0.07472860617500676, "generation_boomer": 0.23018614927947342, "generation_genx": 0.20217635661284666, "generation_millenial": 0.18814140233981233, "generation_genz": 0.1849099668031989, "generation_genalpha": 0.11985751878966201, "poverty_below_line": 0.06579437997270444, "household_income_under_50k": 0.19263685563666028, "household_income_over_100k": 0.5889499246856136, "individual_income_under_50k": 0.4645034383819009, "individual_income_over_100k": 0.2967241207040123, "housing_per_pop": 0.498113377429558, "vacancy": 0.04456338725928306, "rent_or_own_rent": 0.3418455800460366, "rent_burden_under_20": 0.2356667137421255, "rent_burden_over_40": 0.33896851445438114, "rent_1br_under_750": 0.076446928284827, "rent_1br_over_1500": 0.6225333792979992, "rent_2br_under_750": 0.033697167143318246, "rent_2br_over_1500": 0.8179868641819238, "year_built_1969_or_earlier": 0.43699250155781627, "year_built_2010_or_later": 0.06879551930490081, "transportation_means_car": 0.6468536422112416, "transportation_means_bike": 0.007157585668535928, "transportation_means_walk": 0.02067880908824834, "transportation_means_transit": 0.125772438315067, "transportation_means_worked_at_home": 0.189101169128394, "transportation_commute_time_under_15": 0.12824160932271314, "transportation_commute_time_over_60": 0.1445247432742468, "vehicle_ownership_at_least_1": 0.9202474193060312, "traffic_fatalities_last_decade_per_capita": 4.069851087518648e-05, "traffic_fatalities_ped_last_decade_per_capita": 1.5164731759225535e-05, "GHLTH_cdc_2": 0.11660274099520934, "ARTHRITIS_cdc_2": 0.19911358925401956, "CASTHMA_cdc_2": 0.0869961868047822, "BPHIGH_cdc_2": 0.2853780912950503, "CANCER_cdc_2": 0.06605406416849999, "KIDNEY_cdc_2": 0.02651766804673212, "COPD_cdc_2": 0.03904256281598748, "CHD_cdc_2": 0.04428581524079095, "DIABETES_cdc_2": 0.08134726236563453, "OBESITY_cdc_2": 0.24754928359526743, "STROKE_cdc_2": 0.024741147809910706, "DISABILITY_cdc_2": 0.20128729582873928, "HEARING_cdc_2": 0.04976431219877304, "VISION_cdc_2": 0.03680980894057115, "COGNITION_cdc_2": 0.0867750360155291, "MOBILITY_cdc_2": 0.09190233751228535, "SELFCARE_cdc_2": 0.025591223292646004, "INDEPLIVE_cdc_2": 0.0504262966952913, "BINGE_cdc_2": 0.12137649989009136, "CSMOKING_cdc_2": 0.08610732173448613, "LPA_cdc_2": 0.16773278021716498, "SLEEP_cdc_2": 0.2915449399317305, "heating_utility_gas": 0.5686332473162674, "heating_electricity": 0.37616609133290246, "industry_agriculture,_forestry,_fishing_and_hunting": 0.0013066659190776654, "industry_mining,_quarrying,_and_oil_and_gas_extraction": 0.00024051356153370943, "industry_accommodation_and_food_services": 0.05517810412081466, "industry_arts,_entertainment,_and_recreation": 0.021633244434956365, "industry_construction": 0.05878470494707781, "industry_educational_services": 0.09865435298265418, "industry_health_care_and_social_assistance": 0.11998361368530179, "industry_finance_and_insurance": 0.040283532038750736, "industry_real_estate_and_rental_and_leasing": 0.02455029429187486, "industry_information": 0.025687770931157185, "industry_manufacturing": 0.02598422508901881, "industry_other_services,_except_public_administration": 0.07309432716748651, "industry_administrative_and_support_and_waste_management_services": 0.04043825900794417, "industry_management_of_companies_and_enterprises": 0.0013951318311261666, "industry_professional,_scientific,_and_technical_services": 0.1866816942907221, "industry_public_administration": 0.11968382795527774, "industry_retail_trade": 0.06852846988791456, "industry_transportation_and_warehousing": 0.02514098516615109, "industry_utilities": 0.00214759698054376, "industry_wholesale_trade": 0.010602685710615805, "occupation_architecture_and_engineering_occupations": 0.0239939195448102, "occupation_computer_and_mathematical_occupations": 0.07379281507453142, "occupation_life,_physical,_and_social_science_occupations": 0.050085037239525454, "occupation_arts,_design,_entertainment,_sports,_and_media_occupations": 0.037006614951617584, "occupation_community_and_social_service_occupations": 0.01846600779029284, "occupation_educational_instruction,_and_library_occupations": 0.0708742623985269, "occupation_legal_occupations": 0.042645858433662566, "occupation_health_diagnosing_and_treating_practitioners_and_other_technical_occupations": 0.04701575815893223, "occupation_health_technologists_and_technicians": 0.011898570923416259, "occupation_business_and_financial_operations_occupations": 0.091150728077927, "occupation_management_occupations": 0.14086767742847486, "occupation_construction_and_extraction_occupations": 0.03737432800763209, "occupation_farming,_fishing,_and_forestry_occupations": 0.0005152389211960528, "occupation_installation,_maintenance,_and_repair_occupations": 0.017217776491895452, "occupation_material_moving_occupations": 0.012305507400288802, "occupation_transportation_occupations": 0.02285230283071035, "occupation_office_and_administrative_support_occupations": 0.07672958146917293, "occupation_sales_and_related_occupations": 0.07231708477136689, "occupation_building_and_grounds_cleaning_and_maintenance_occupations": 0.033945053906757186, "occupation_food_preparation_and_serving_related_occupations": 0.03749292562189577, "occupation_healthcare_support_occupations": 0.023016177205871385, "occupation_personal_care_and_service_occupations": 0.03028470294808601, "occupation_firefighting_and_prevention,_and_other_protective_service_workers_including_supervisors": 0.008042447378060605, "occupation_law_enforcement_workers_including_supervisors": 0.005389589113748367, "sors_cohabiting_partnered_gay": 0.006044136188617994, "2020 Presidential Election-margin": 0.6208649182257602, "2016 Presidential Election-margin": 0.5734697042113365, "2016-2020 Swing-margin": 0.0473952140144237, "park_percent_1km_v2": 0.042994812676340206, "mean_dist_Hospital_updated": 4.2612926689957025, "mean_dist_Active Superfund Site_updated": 17.16356290490102, "mean_dist_Airport_updated": 23.42165548687616, "mean_dist_Public School_updated": 0.8638186560687301, "lapop1share_usda_fra_1": 0.7761484573163333, "mean_high_temp_4": 66.05352671550594, "mean_high_temp_winter_4": 46.439382091075466, "mean_high_temp_spring_4": 71.81448927572919, "mean_high_temp_summer_4": 85.16391343274753, "mean_high_temp_fall_4": 59.8071819971891, "mean_high_heat_index_4": 66.17196104332574, "days_above_90_4": 0.07605575477085826, "days_below_40_4": 0.09102739218291497, "wind_speed_over_10mph_4": 0.09875387491820373, "snowfall_4": 0.06339524606691661, "rainfall_4": 1.01791514077881, "hours_sunny_4": 4.94037722993911, "internet_no_access": 0.0403452330047691, "insurance_coverage_none": 0.09021407194920616, "insurance_coverage_govt": 0.10895028913234951, "insurance_coverage_private": 0.8008356389184443,