{"population": 406978.0, "ad_1": 699.4542336888372, "population_change_2010": 0.043825069057762296, "ad_1_change_2010": -0.005557980449525464, "gpw_population": NaN, "gpw_pw_density_4": NaN, "white": 0.8548914191921922, "hispanic": 0.05365154873236391, "black": 0.016335035309033904, "asian": 0.03837062445635882, "citizenship_citizen_by_birth": 0.9443542577442688, "citizenship_citizen_by_naturalization": 0.03129286609495426, "citizenship_not_citizen": 0.024352876160776846, "birthplace_non_us": 0.0556457422557311, "birthplace_us_not_state": 0.19390277599597366, "birthplace_us_state": 0.7504514817482952, "language_english_only": 0.9265460332153694, "language_spanish": 0.027666473382720415, "education_high_school": 0.964651321981689, "education_ugrad": 0.4597552836484983, "education_grad": 0.15313082912637974, "education_field_stem": 0.20283049542226406, "education_field_humanities": 0.14803456832377856, "education_field_business": 0.10889021990245572, "generation_silent": 0.07590567732130697, "generation_boomer": 0.26610038190915103, "generation_genx": 0.19762565008437527, "generation_millenial": 0.16760088026605352, "generation_genz": 0.1828821805334886, "generation_genalpha": 0.10988522988562463, "poverty_below_line": 0.049332933593164444, "household_income_under_50k": 0.24215765713624263, "household_income_over_100k": 0.4703517098104678, "individual_income_under_50k": 0.532206262391689, "individual_income_over_100k": 0.17027353086723224, "housing_per_pop": 0.5410207012724981, "vacancy": 0.04435111444155935, "rent_or_own_rent": 0.2390140184353696, "rent_burden_under_20": 0.3276160050277574, "rent_burden_over_40": 0.2986278412066618, "rent_1br_under_750": 0.2490597192918081, "rent_1br_over_1500": 0.12145674708742317, "rent_2br_under_750": 0.0431025507548152, "rent_2br_over_1500": 0.2280062467464862, "year_built_1969_or_earlier": 0.3220132704527635, "year_built_2010_or_later": 0.06543948135232233, "transportation_means_car": 0.8645346564146482, "transportation_means_bike": 0.003188241207901253, "transportation_means_walk": 0.011659188650792173, "transportation_means_transit": 0.0038491612831158192, "transportation_means_worked_at_home": 0.11129987153947833, "transportation_commute_time_under_15": 0.26370202001686405, "transportation_commute_time_over_60": 0.04071981103912768, "vehicle_ownership_at_least_1": 0.9674182562552927, "GHLTH_cdc_2": 0.10704463981140297, "ARTHRITIS_cdc_2": 0.27458800463386707, "CASTHMA_cdc_2": 0.09854556354511097, "BPHIGH_cdc_2": 0.2949744022750531, "CANCER_cdc_2": 0.07390489426879807, "KIDNEY_cdc_2": 0.026860072074871406, "COPD_cdc_2": 0.04679645097118694, "CHD_cdc_2": 0.048900854833643495, "DIABETES_cdc_2": 0.07682101857262033, "OBESITY_cdc_2": 0.34798801679270197, "STROKE_cdc_2": 0.02501936294459962, "DISABILITY_cdc_2": 0.18776258861595305, "HEARING_cdc_2": 0.05530189373853776, "VISION_cdc_2": 0.02905160412184504, "COGNITION_cdc_2": 0.08803345368328261, "MOBILITY_cdc_2": 0.08872497728662089, "SELFCARE_cdc_2": 0.02499317078772363, "INDEPLIVE_cdc_2": 0.04991595205366099, "BINGE_cdc_2": 0.2310958791682006, "CSMOKING_cdc_2": 0.12082067744975193, "LPA_cdc_2": 0.16813342632590406, "SLEEP_cdc_2": 0.27904273492726656, "heating_utility_gas": 0.7852151503889948, "heating_electricity": 0.16805063938930553, "industry_agriculture,_forestry,_fishing_and_hunting": 0.002662840270975041, "industry_mining,_quarrying,_and_oil_and_gas_extraction": 0.0009795940893224243, "industry_accommodation_and_food_services": 0.058154775866112944, "industry_arts,_entertainment,_and_recreation": 0.017766065573016552, "industry_construction": 0.05993460174671284, "industry_educational_services": 0.08649401895721519, "industry_health_care_and_social_assistance": 0.14658958686884016, "industry_finance_and_insurance": 0.07069174059612669, "industry_real_estate_and_rental_and_leasing": 0.016597911119082768, "industry_information": 0.01643234592088743, "industry_manufacturing": 0.17213721675703766, "industry_other_services,_except_public_administration": 0.04074283585590309, "industry_administrative_and_support_and_waste_management_services": 0.03108026692789176, "industry_management_of_companies_and_enterprises": 0.0029985697006489234, "industry_professional,_scientific,_and_technical_services": 0.08036350759070443, "industry_public_administration": 0.02500034492749624, "industry_retail_trade": 0.10116033609735234, "industry_transportation_and_warehousing": 0.030054682505737295, "industry_utilities": 0.00645244369633503, "industry_wholesale_trade": 0.033706314932601164, "occupation_architecture_and_engineering_occupations": 0.0357712808767597, "occupation_computer_and_mathematical_occupations": 0.04048069095876047, "occupation_life,_physical,_and_social_science_occupations": 0.00911528396731007, "occupation_arts,_design,_entertainment,_sports,_and_media_occupations": 0.019490703054218003, "occupation_community_and_social_service_occupations": 0.016643901451914807, "occupation_educational_instruction,_and_library_occupations": 0.058775645359345464, "occupation_legal_occupations": 0.010025892557384437, "occupation_health_diagnosing_and_treating_practitioners_and_other_technical_occupations": 0.06654801160796, "occupation_health_technologists_and_technicians": 0.017867244305247037, "occupation_business_and_financial_operations_occupations": 0.08196857020654258, "occupation_management_occupations": 0.13292585898444148, "occupation_construction_and_extraction_occupations": 0.03582187024287495, "occupation_farming,_fishing,_and_forestry_occupations": 0.001457893550775627, "occupation_installation,_maintenance,_and_repair_occupations": 0.024591030965291097, "occupation_material_moving_occupations": 0.025814373818623327, "occupation_transportation_occupations": 0.02373101174133197, "occupation_office_and_administrative_support_occupations": 0.1058697461793531, "occupation_sales_and_related_occupations": 0.11092408375759415, "occupation_building_and_grounds_cleaning_and_maintenance_occupations": 0.02246627758845091, "occupation_food_preparation_and_serving_related_occupations": 0.04318032349600114, "occupation_healthcare_support_occupations": 0.02277901185170877, "occupation_personal_care_and_service_occupations": 0.021394702833464407, "occupation_firefighting_and_prevention,_and_other_protective_service_workers_including_supervisors": 0.007648192349968037, "occupation_law_enforcement_workers_including_supervisors": 0.006788173126008913, "2020 Presidential Election-margin": -0.20793017977662306, "2016 Presidential Election-margin": -0.26649297517530496, "2016-2020 Swing-margin": 0.058562795398681894, "park_percent_1km_v2": 0.034845255027786494, "mean_dist_Hospital_updated": 5.582609069626256, "mean_dist_Active Superfund Site_updated": 9.04779448605825, "mean_dist_Airport_updated": 30.855065927891495, "mean_dist_Public School_updated": 1.4897404965781578, "mean_high_temp_4": 56.44413408010803, "mean_high_temp_winter_4": 33.05553164720495, "mean_high_temp_spring_4": 62.80954997619075, "mean_high_temp_summer_4": 78.72648012203197, "mean_high_temp_fall_4": 50.04873267893176, "mean_high_heat_index_4": 55.29907067930523, "days_above_90_4": 0.012447151346840555, "days_below_40_4": 0.2675425111988278, "wind_speed_over_10mph_4": 0.2834428638693356, "snowfall_4": 0.1294427509034422, "rainfall_4": 0.7526830349457255, "hours_sunny_4": 4.560590346018319, "internet_no_access": 0.059430611486465904, "insurance_coverage_none": 0.044049387112569754, "insurance_coverage_govt": 0.08213784200494519, "insurance_coverage_private": 0.8738127708824851, "marriage_divorced": 0.09278239743076987}