{"population": 300064.0, "ad_1": 310.63621456321846, "population_change_2010": 0.016931690322230807, "ad_1_change_2010": 0.06499891440556581, "population_change_2000": 0.09858422696302588, "ad_1_change_2000": -0.016661180937214123, "gpw_population": NaN, "gpw_pw_density_4": NaN, "white": 0.610376453023355, "hispanic": 0.03748866908392876, "black": 0.3121933987416018, "asian": 0.007904980270875547, "homogeneity_250_2020": 0.7029210532471473, "homogeneity_250_diff_2010": -0.0652363412950987, "homogeneity_250_diff_2000": -0.1156275388086464, "citizenship_citizen_by_birth": 0.9791736188048106, "citizenship_citizen_by_naturalization": 0.006453808881829266, "citizenship_not_citizen": 0.014372572313360121, "birthplace_non_us": 0.020826381195189456, "birthplace_us_not_state": 0.2031081063043094, "birthplace_us_state": 0.7760655125005012, "language_english_only": 0.9632932297035564, "language_spanish": 0.024697082648195073, "education_high_school": 0.875945027110841, "education_ugrad": 0.22182735739119477, "education_grad": 0.08681729315342888, "education_field_stem": 0.08316238575404715, "education_field_humanities": 0.09187348916047809, "education_field_business": 0.046791482476669165, "generation_silent": 0.06352696984663035, "generation_boomer": 0.21921593229841038, "generation_genx": 0.17931510872031683, "generation_millenial": 0.1937310623756955, "generation_genz": 0.21779435909072672, "generation_genalpha": 0.1264165676682202, "poverty_below_line": 0.21047030412181164, "household_income_under_50k": 0.5272130387075492, "household_income_over_100k": 0.2028421813251021, "individual_income_under_50k": 0.7678252507212532, "individual_income_over_100k": 0.06089926010244713, "housing_per_pop": 0.5712902170356636, "vacancy": 0.11168807367472548, "rent_or_own_rent": 0.2948250176186698, "rent_burden_under_20": 0.26024105159669386, "rent_burden_over_40": 0.3565888650183881, "rent_1br_under_750": 0.6370491135113101, "rent_1br_over_1500": 0.022620745873242365, "rent_2br_under_750": 0.411035396554988, "rent_2br_over_1500": 0.010221465076660993, "year_built_1969_or_earlier": 0.23891712066413107, "year_built_2010_or_later": 0.09889514566070051, "transportation_means_car": 0.9220403538799022, "transportation_means_bike": 0.0017677924290271495, "transportation_means_walk": 0.013893241408127026, "transportation_means_transit": 0.003463266076866832, "transportation_means_worked_at_home": 0.018754670587951747, "transportation_commute_time_under_15": 0.30622773615035154, "transportation_commute_time_over_60": 0.07691110838144385, "vehicle_ownership_at_least_1": 0.9346280453535782, "GHLTH_cdc_2": 0.22721895195665984, "ARTHRITIS_cdc_2": 0.2827521771669794, "CASTHMA_cdc_2": 0.10672566853465136, "BPHIGH_cdc_2": 0.4124159295978884, "CANCER_cdc_2": 0.06405428944508199, "KIDNEY_cdc_2": 0.032852576484650675, "COPD_cdc_2": 0.08287453323464403, "CHD_cdc_2": 0.06738580421668817, "DIABETES_cdc_2": 0.12965166964296423, "OBESITY_cdc_2": 0.39774093202353655, "STROKE_cdc_2": 0.03788552682685162, "DISABILITY_cdc_2": 0.38401740627712816, "HEARING_cdc_2": 0.0771156031148902, "VISION_cdc_2": 0.07227779372101674, "COGNITION_cdc_2": 0.18848241011498984, "MOBILITY_cdc_2": 0.18824022856390651, "SELFCARE_cdc_2": 0.053917026336461366, "INDEPLIVE_cdc_2": 0.11119805294484492, "BINGE_cdc_2": 0.13882607144654538, "CSMOKING_cdc_2": 0.20085340140870814, "LPA_cdc_2": 0.3072844396099169, "SLEEP_cdc_2": 0.33831112923861756, "heating_utility_gas": 0.18031704684335978, "heating_electricity": 0.6986449235929588, "industry_agriculture,_forestry,_fishing_and_hunting": 0.013916343796947875, "industry_mining,_quarrying,_and_oil_and_gas_extraction": 0.02444848580691083, "industry_accommodation_and_food_services": 0.07476081284098973, "industry_arts,_entertainment,_and_recreation": 0.014714952162568268, "industry_construction": 0.0766584960860281, "industry_educational_services": 0.11375029651300698, "industry_health_care_and_social_assistance": 0.14609788882738978, "industry_finance_and_insurance": 0.028939669486834855, "industry_real_estate_and_rental_and_leasing": 0.01651775124535467, "industry_information": 0.011227959199810242, "industry_manufacturing": 0.12659128647109957, "industry_other_services,_except_public_administration": 0.047109986558077334, "industry_administrative_and_support_and_waste_management_services": 0.03494109274926869, "industry_management_of_companies_and_enterprises": 0.0003637226219656844, "industry_professional,_scientific,_and_technical_services": 0.024511741915078714, "industry_public_administration": 0.03927413615877283, "industry_retail_trade": 0.12240847631849455, "industry_transportation_and_warehousing": 0.05020162884478539, "industry_utilities": 0.012295406025144305, "industry_wholesale_trade": 0.02126986637147155, "occupation_architecture_and_engineering_occupations": 0.014161461216098676, "occupation_computer_and_mathematical_occupations": 0.007875385466909147, "occupation_life,_physical,_and_social_science_occupations": 0.00737724361508659, "occupation_arts,_design,_entertainment,_sports,_and_media_occupations": 0.012603779552463073, "occupation_community_and_social_service_occupations": 0.013465644026251306, "occupation_educational_instruction,_and_library_occupations": 0.07807385150628585, "occupation_legal_occupations": 0.005297699059065398, "occupation_health_diagnosing_and_treating_practitioners_and_other_technical_occupations": 0.0458764924488021, "occupation_health_technologists_and_technicians": 0.027872222661500735, "occupation_business_and_financial_operations_occupations": 0.030932236894125116, "occupation_management_occupations": 0.08845576025935026, "occupation_construction_and_extraction_occupations": 0.05621095912073998, "occupation_farming,_fishing,_and_forestry_occupations": 0.006230726654542566, "occupation_installation,_maintenance,_and_repair_occupations": 0.04421601960939377, "occupation_material_moving_occupations": 0.04416857752826733, "occupation_transportation_occupations": 0.05183838064363099, "occupation_office_and_administrative_support_occupations": 0.11576658496086042, "occupation_sales_and_related_occupations": 0.10812050288605976, "occupation_building_and_grounds_cleaning_and_maintenance_occupations": 0.034079228275480454, "occupation_food_preparation_and_serving_related_occupations": 0.05503281410611169, "occupation_healthcare_support_occupations": 0.029271764054716615, "occupation_personal_care_and_service_occupations": 0.021728473155689133, "occupation_firefighting_and_prevention,_and_other_protective_service_workers_including_supervisors": 0.007907013520993107, "occupation_law_enforcement_workers_including_supervisors": 0.009804696766031486, "sors_cohabiting_partnered_gay": 0.0020556082064150955, "2020 Presidential Election-margin": -0.3100494596079869, "2016 Presidential Election-margin": -0.3280887552192533, "2016-2020 Swing-margin": 0.01803929561126638, "park_percent_1km_v2": 0.004465573187607916, "mean_dist_Hospital_updated": 9.474026548863996, "mean_dist_Active Superfund Site_updated": 31.664805189792638, "mean_dist_Airport_updated": 31.44148428494165, "mean_dist_Public School_updated": 4.1634946365841605, "lapop1share_usda_fra_1": 0.2871642585976134, "mean_high_temp_4": 77.06685516433012, "mean_high_temp_winter_4": 63.27292880927272, "mean_high_temp_spring_4": 81.7580793731862, "mean_high_temp_summer_4": 90.20438513398061, "mean_high_temp_fall_4": 72.33079226672896, "mean_high_heat_index_4": 80.39305550740976, "days_above_90_4": 0.18309164142897055, "days_below_40_4": 0.004641911874349107, "wind_speed_over_10mph_4": 0.04691044917851398, "snowfall_4": 0.0031381963008423807, "rainfall_4": 1.285691914669505, "hours_sunny_4": 5.463801310600106, "internet_no_access": 0.23577794231781501, "insurance_coverage_none": 0.17637171135659424, "insurance_coverage_govt": 0.20357770032597958, "insurance_coverage_private": 0.6200505883174261, "marriage_divorced": 0.10969620401435734}