{"population": 764864.0, "ad_1": 560.6467670896524, "population_change_2010": -0.028478886299116584, "ad_1_change_2010": -0.043498144503888135, "gpw_population": NaN, "gpw_pw_density_4": NaN, "white": 0.9044902100242658, "hispanic": 0.02193200359802527, "black": 0.01943874989540624, "asian": 0.01915111706133378, "citizenship_citizen_by_birth": 0.9721985460409699, "citizenship_citizen_by_naturalization": 0.010015575351753651, "citizenship_not_citizen": 0.0177858786072765, "birthplace_non_us": 0.027801453959030154, "birthplace_us_not_state": 0.1774836430653972, "birthplace_us_state": 0.7947149029755727, "language_english_only": 0.9409252803471042, "language_spanish": 0.013378985909129087, "education_high_school": 0.9149433452443008, "education_ugrad": 0.23138749649117674, "education_grad": 0.09379370969176566, "education_field_stem": 0.10602631127432785, "education_field_humanities": 0.09297046416586288, "education_field_business": 0.03239072105098602, "generation_silent": 0.0822925590272856, "generation_boomer": 0.25838388206468893, "generation_genx": 0.18237643946898383, "generation_millenial": 0.17144837001294086, "generation_genz": 0.20698947204501253, "generation_genalpha": 0.0985092773810883, "poverty_below_line": 0.13484797936756707, "household_income_under_50k": 0.44237289248139394, "household_income_over_100k": 0.23086561382885518, "individual_income_under_50k": 0.7373803629737177, "individual_income_over_100k": 0.05693958229866454, "housing_per_pop": 0.5862337307361465, "vacancy": 0.16458636738880617, "rent_or_own_rent": 0.2649608322423697, "rent_burden_under_20": 0.3131026739268411, "rent_burden_over_40": 0.3196162928804865, "rent_1br_under_750": 0.6380101811081081, "rent_1br_over_1500": 0.028707213329917925, "rent_2br_under_750": 0.44153534245402165, "rent_2br_over_1500": 0.05551096846511942, "year_built_1969_or_earlier": 0.5190885696617464, "year_built_2010_or_later": 0.03816224660339647, "transportation_means_car": 0.8613025469345071, "transportation_means_bike": 0.0066930740733318955, "transportation_means_walk": 0.04558453546106455, "transportation_means_transit": 0.013559487913347736, "transportation_means_worked_at_home": 0.0645928001013074, "transportation_commute_time_under_15": 0.36720544974750163, "transportation_commute_time_over_60": 0.06786325046627624, "vehicle_ownership_at_least_1": 0.9211636686060469, "GHLTH_cdc_2": 0.17325545392240813, "ARTHRITIS_cdc_2": 0.27577719284639113, "CASTHMA_cdc_2": 0.10853238481591282, "BPHIGH_cdc_2": 0.3167573920572086, "CANCER_cdc_2": 0.0716296334400666, "KIDNEY_cdc_2": 0.02998021978717713, "COPD_cdc_2": 0.07849623215198649, "CHD_cdc_2": 0.06628517409974469, "DIABETES_cdc_2": 0.09823166131945114, "OBESITY_cdc_2": 0.35389544518536925, "STROKE_cdc_2": 0.032222093312208266, "DISABILITY_cdc_2": 0.3137349733219583, "HEARING_cdc_2": 0.07701452216153075, "VISION_cdc_2": 0.05068886169995552, "COGNITION_cdc_2": 0.15171795508972086, "MOBILITY_cdc_2": 0.14031136464000077, "SELFCARE_cdc_2": 0.038170777454007876, "INDEPLIVE_cdc_2": 0.08583326026087659, "BINGE_cdc_2": 0.1700813383497443, "CSMOKING_cdc_2": 0.19201371176951945, "LPA_cdc_2": 0.2664031668600317, "SLEEP_cdc_2": 0.3543247598501408, "heating_utility_gas": 0.4654859320310237, "heating_electricity": 0.1966913557023481, "industry_agriculture,_forestry,_fishing_and_hunting": 0.016011739437583414, "industry_mining,_quarrying,_and_oil_and_gas_extraction": 0.012619037890259787, "industry_accommodation_and_food_services": 0.061602189397774475, "industry_arts,_entertainment,_and_recreation": 0.012012961621457572, "industry_construction": 0.06707531907463889, "industry_educational_services": 0.12993590754288545, "industry_health_care_and_social_assistance": 0.16125105284597258, "industry_finance_and_insurance": 0.027999840448081736, "industry_real_estate_and_rental_and_leasing": 0.010629802577982435, "industry_information": 0.009956170303728563, "industry_manufacturing": 0.15341289442661032, "industry_other_services,_except_public_administration": 0.0486201048818674, "industry_administrative_and_support_and_waste_management_services": 0.029301999476513855, "industry_management_of_companies_and_enterprises": 0.0009028710040771185, "industry_professional,_scientific,_and_technical_services": 0.03501635509381543, "industry_public_administration": 0.042125293532444825, "industry_retail_trade": 0.10944685388551903, "industry_transportation_and_warehousing": 0.043620454869596585, "industry_utilities": 0.009366195689180103, "industry_wholesale_trade": 0.01909295600001067, "occupation_architecture_and_engineering_occupations": 0.017496123757139666, "occupation_computer_and_mathematical_occupations": 0.016440700931621397, "occupation_life,_physical,_and_social_science_occupations": 0.011038215070729095, "occupation_arts,_design,_entertainment,_sports,_and_media_occupations": 0.011823712922696447, "occupation_community_and_social_service_occupations": 0.022356148284123592, "occupation_educational_instruction,_and_library_occupations": 0.07690363211083279, "occupation_legal_occupations": 0.005007169602138593, "occupation_health_diagnosing_and_treating_practitioners_and_other_technical_occupations": 0.04002744402496945, "occupation_health_technologists_and_technicians": 0.028599150990513807, "occupation_business_and_financial_operations_occupations": 0.03659806780508185, "occupation_management_occupations": 0.08161581162388594, "occupation_construction_and_extraction_occupations": 0.05724421127129751, "occupation_farming,_fishing,_and_forestry_occupations": 0.007903722730956166, "occupation_installation,_maintenance,_and_repair_occupations": 0.035699930606291765, "occupation_material_moving_occupations": 0.05340589363051053, "occupation_transportation_occupations": 0.04537390559726353, "occupation_office_and_administrative_support_occupations": 0.1055718057260728, "occupation_sales_and_related_occupations": 0.08159920518740642, "occupation_building_and_grounds_cleaning_and_maintenance_occupations": 0.0385570795895883, "occupation_food_preparation_and_serving_related_occupations": 0.056951022325942964, "occupation_healthcare_support_occupations": 0.041648450241778094, "occupation_personal_care_and_service_occupations": 0.021675576302650122, "occupation_firefighting_and_prevention,_and_other_protective_service_workers_including_supervisors": 0.007144874360125114, "occupation_law_enforcement_workers_including_supervisors": 0.012451420568188265, "2020 Presidential Election-margin": -0.3701226617283128, "2016 Presidential Election-margin": -0.3640353040008148, "2016-2020 Swing-margin": -0.006087357727498022, "park_percent_1km_v2": 0.011692037756347244, "mean_dist_Hospital_updated": 10.729358876489247, "mean_dist_Active Superfund Site_updated": 26.391217521727008, "mean_dist_Airport_updated": 33.59674406863553, "mean_dist_Public School_updated": 3.8162799408473225, "mean_high_temp_4": 58.08918174802254, "mean_high_temp_winter_4": 36.99097490497334, "mean_high_temp_spring_4": 64.49997607531844, "mean_high_temp_summer_4": 77.9636716889746, "mean_high_temp_fall_4": 51.867177015604085, "mean_high_heat_index_4": 57.056255983410345, "days_above_90_4": 0.01004893148919084, "days_below_40_4": 0.2183166766935611, "wind_speed_over_10mph_4": 0.12307759393357551, "snowfall_4": 0.16139343540675957, "rainfall_4": 1.0235479666890066, "hours_sunny_4": 3.864268969897408, "internet_no_access": 0.15150456237178003, "insurance_coverage_none": 0.07426586183914605, "insurance_coverage_govt": 0.20571034627044893, "insurance_coverage_private": 0.720023791890405, "marriage_divorced": 0.10184548025769194}