{"population": 265859.0, "ad_1": 718.2904032894419, "population_change_2010": -0.012630914357869717, "ad_1_change_2010": -0.06666308602059519, "gpw_population": NaN, "gpw_pw_density_4": NaN, "white": 0.8041593476241166, "hispanic": 0.04061175284643363, "black": 0.09279730985221489, "asian": 0.010223464317551785, "citizenship_citizen_by_birth": 0.9789073773448773, "citizenship_citizen_by_naturalization": 0.012998286435786436, "citizenship_not_citizen": 0.00809433621933622, "birthplace_non_us": 0.021092622655122656, "birthplace_us_not_state": 0.2915351430976431, "birthplace_us_state": 0.6873722342472343, "language_english_only": 0.960494996696307, "language_spanish": 0.022715874443745673, "education_high_school": 0.9332079166303573, "education_ugrad": 0.2716382257808215, "education_grad": 0.102920295463982, "education_field_stem": 0.11629409020775773, "education_field_humanities": 0.10030089756667675, "education_field_business": 0.055043238006387024, "generation_silent": 0.07126322751322751, "generation_boomer": 0.24532151875901875, "generation_genx": 0.1859104437229437, "generation_millenial": 0.1970035173160173, "generation_genz": 0.18244949494949494, "generation_genalpha": 0.11805179773929773, "poverty_below_line": 0.12167290157549873, "household_income_under_50k": 0.36798876539445846, "household_income_over_100k": 0.3032327207886397, "individual_income_under_50k": 0.6413491957859387, "individual_income_over_100k": 0.09294789757660767, "housing_per_pop": 0.5664961269962704, "vacancy": 0.08388125965377247, "rent_or_own_rent": 0.27106257564418823, "rent_burden_under_20": 0.2964251703171929, "rent_burden_over_40": 0.32770493004175516, "rent_1br_under_750": 0.7122932208887447, "rent_1br_over_1500": 0.07152124554005838, "rent_2br_under_750": 0.24338503649635038, "rent_2br_over_1500": 0.02653588807785888, "year_built_1969_or_earlier": 0.5009618792082215, "year_built_2010_or_later": 0.04611113923623416, "transportation_means_car": 0.892176407088432, "transportation_means_bike": 0.0012370874077109156, "transportation_means_walk": 0.010590098573015735, "transportation_means_transit": 0.011716872453924403, "transportation_means_worked_at_home": 0.08007186138317404, "transportation_commute_time_under_15": 0.2781865369296525, "transportation_commute_time_over_60": 0.054064702909660894, "vehicle_ownership_at_least_1": 0.9463307371785987, "GHLTH_cdc_2": 0.15397092531343742, "ARTHRITIS_cdc_2": 0.2600534141604492, "CASTHMA_cdc_2": 0.10227574801938313, "BPHIGH_cdc_2": 0.3336757412891316, "CANCER_cdc_2": 0.06965481020690717, "KIDNEY_cdc_2": 0.029180255364971926, "COPD_cdc_2": 0.07087887950926852, "CHD_cdc_2": 0.05854823186677948, "DIABETES_cdc_2": 0.10014970963772017, "OBESITY_cdc_2": 0.37950185562649025, "STROKE_cdc_2": 0.030387508653180528, "DISABILITY_cdc_2": 0.33895139796938695, "HEARING_cdc_2": 0.07614963272055995, "VISION_cdc_2": 0.047018979309283906, "COGNITION_cdc_2": 0.14702301746019536, "MOBILITY_cdc_2": 0.1548043323590493, "SELFCARE_cdc_2": 0.037102641142989, "INDEPLIVE_cdc_2": 0.08365551207599416, "BINGE_cdc_2": 0.163378696831013, "CSMOKING_cdc_2": 0.1694429947696331, "LPA_cdc_2": 0.28558595973386663, "SLEEP_cdc_2": 0.32842385201138374, "heating_utility_gas": 0.6183098201169656, "heating_electricity": 0.3084619861969567, "industry_agriculture,_forestry,_fishing_and_hunting": 0.007532372929953581, "industry_mining,_quarrying,_and_oil_and_gas_extraction": 0.002014832265213921, "industry_accommodation_and_food_services": 0.07494401091109165, "industry_arts,_entertainment,_and_recreation": 0.019900343296420573, "industry_construction": 0.060072998922839675, "industry_educational_services": 0.0972311555063041, "industry_health_care_and_social_assistance": 0.14136373146935519, "industry_finance_and_insurance": 0.0437373588648745, "industry_real_estate_and_rental_and_leasing": 0.015498709732414776, "industry_information": 0.015413466828886495, "industry_manufacturing": 0.11617057879931496, "industry_other_services,_except_public_administration": 0.04369861209054346, "industry_administrative_and_support_and_waste_management_services": 0.037700611424098945, "industry_management_of_companies_and_enterprises": 0.002014832265213921, "industry_professional,_scientific,_and_technical_services": 0.06679943894670769, "industry_public_administration": 0.04234247498895717, "industry_retail_trade": 0.11137372813713259, "industry_transportation_and_warehousing": 0.06467611571336686, "industry_utilities": 0.012863929077904264, "industry_wholesale_trade": 0.024650697829405703, "occupation_architecture_and_engineering_occupations": 0.017195818448114193, "occupation_computer_and_mathematical_occupations": 0.03177235495145029, "occupation_life,_physical,_and_social_science_occupations": 0.00780360035027084, "occupation_arts,_design,_entertainment,_sports,_and_media_occupations": 0.013600117790193966, "occupation_community_and_social_service_occupations": 0.014072828437032617, "occupation_educational_instruction,_and_library_occupations": 0.05508241438900212, "occupation_legal_occupations": 0.013328890369876709, "occupation_health_diagnosing_and_treating_practitioners_and_other_technical_occupations": 0.04398533822059313, "occupation_health_technologists_and_technicians": 0.019691110715032975, "occupation_business_and_financial_operations_occupations": 0.05109924598777152, "occupation_management_occupations": 0.10117557713320366, "occupation_construction_and_extraction_occupations": 0.051486713731081886, "occupation_farming,_fishing,_and_forestry_occupations": 0.0019838348457490913, "occupation_installation,_maintenance,_and_repair_occupations": 0.03982393465743977, "occupation_material_moving_occupations": 0.04506249854699596, "occupation_transportation_occupations": 0.04362111854188139, "occupation_office_and_administrative_support_occupations": 0.11749571848143642, "occupation_sales_and_related_occupations": 0.09133389645312028, "occupation_building_and_grounds_cleaning_and_maintenance_occupations": 0.030090744945483288, "occupation_food_preparation_and_serving_related_occupations": 0.06631897894500283, "occupation_healthcare_support_occupations": 0.03465511496167944, "occupation_personal_care_and_service_occupations": 0.026781770417612732, "occupation_firefighting_and_prevention,_and_other_protective_service_workers_including_supervisors": 0.012352471656734577, "occupation_law_enforcement_workers_including_supervisors": 0.010430631649915145, "2020 Presidential Election-margin": -0.13267947642833705, "2016 Presidential Election-margin": -0.15288948294271734, "2016-2020 Swing-margin": 0.02021000651438029, "park_percent_1km_v2": 0.018324092762812265, "mean_dist_Hospital_updated": 5.901714692746998, "mean_dist_Active Superfund Site_updated": 13.426063019140837, "mean_dist_Airport_updated": 26.344490542401484, "mean_dist_Public School_updated": 1.504430479655595, "mean_high_temp_4": 66.16110705583458, "mean_high_temp_winter_4": 44.94393254662427, "mean_high_temp_spring_4": 73.53086794202825, "mean_high_temp_summer_4": 85.85281458671672, "mean_high_temp_fall_4": 59.260974114048814, "mean_high_heat_index_4": 66.58584667471656, "days_above_90_4": 0.08121020989538995, "days_below_40_4": 0.1213034750567562, "wind_speed_over_10mph_4": 0.1572582502511777, "snowfall_4": 0.05068676994559996, "rainfall_4": 1.020212670819984, "hours_sunny_4": 5.2023752837893555, "internet_no_access": 0.09918050204643514, "insurance_coverage_none": 0.06880476331378813, "insurance_coverage_govt": 0.1886062113901654, "insurance_coverage_private": 0.7425890252960464, "marriage_divorced": 0.12760323448155592}