{"population": 684773.0, "ad_1": 1024.654042438404, "population_change_2010": 0.23162826669544417, "ad_1_change_2010": 0.026128746917902342, "population_change_2000": 0.5258953401312036, "ad_1_change_2000": 0.021613148825843427, "gpw_population": NaN, "gpw_pw_density_4": NaN, "white": 0.6332594889109238, "hispanic": 0.08112761455255975, "black": 0.2113707754248488, "asian": 0.022556379997459013, "homogeneity_250_2020": 0.5721921029145323, "homogeneity_250_diff_2010": -0.06121742248193396, "homogeneity_250_diff_2000": -0.11381947995834629, "citizenship_citizen_by_birth": 0.936390684472432, "citizenship_citizen_by_naturalization": 0.02871816532363951, "citizenship_not_citizen": 0.03489115020392855, "birthplace_non_us": 0.06360931552756731, "birthplace_us_not_state": 0.4746409361149581, "birthplace_us_state": 0.46174974835747445, "language_english_only": 0.9137212947478786, "language_spanish": 0.04963982551353588, "education_high_school": 0.9254789472225978, "education_ugrad": 0.38594266065176386, "education_grad": 0.14100246739268063, "education_field_stem": 0.1711123160095398, "education_field_humanities": 0.1286504562269457, "education_field_business": 0.08617988841527902, "generation_silent": 0.05296980742675109, "generation_boomer": 0.21573387259653942, "generation_genx": 0.1882903747892431, "generation_millenial": 0.23172953689231107, "generation_genz": 0.1872532942104152, "generation_genalpha": 0.12402311408474018, "poverty_below_line": 0.11865038176153608, "household_income_under_50k": 0.3454724814598387, "household_income_over_100k": 0.34842496683689067, "individual_income_under_50k": 0.6191063540267727, "individual_income_over_100k": 0.12536500163838737, "housing_per_pop": 0.5753403756752887, "vacancy": 0.10056345129469386, "rent_or_own_rent": 0.3487252677697582, "rent_burden_under_20": 0.2260992763491978, "rent_burden_over_40": 0.3576763156739673, "rent_1br_under_750": 0.13216182970654122, "rent_1br_over_1500": 0.1496468533344573, "rent_2br_under_750": 0.10235499558652354, "rent_2br_over_1500": 0.27742975167480194, "year_built_1969_or_earlier": 0.19511634068455447, "year_built_2010_or_later": 0.17493043488163587, "transportation_means_car": 0.8650742097641881, "transportation_means_bike": 0.007577914097451601, "transportation_means_walk": 0.018113595969581665, "transportation_means_transit": 0.007917995175616742, "transportation_means_worked_at_home": 0.09270139000846407, "transportation_commute_time_under_15": 0.2026850240256124, "transportation_commute_time_over_60": 0.057392760794835324, "vehicle_ownership_at_least_1": 0.9519643082665274, "GHLTH_cdc_2": 0.1439523214672202, "ARTHRITIS_cdc_2": 0.2282833657981157, "CASTHMA_cdc_2": 0.09362934157656466, "BPHIGH_cdc_2": 0.30337539639970373, "CANCER_cdc_2": 0.05824118510572241, "KIDNEY_cdc_2": 0.02626375753982841, "COPD_cdc_2": 0.054901431743970545, "CHD_cdc_2": 0.0464460237698671, "DIABETES_cdc_2": 0.10023820681478135, "OBESITY_cdc_2": 0.3523827597888389, "STROKE_cdc_2": 0.026426803677460208, "DISABILITY_cdc_2": 0.2617322619955008, "HEARING_cdc_2": 0.053915316319905204, "VISION_cdc_2": 0.04856861596514496, "COGNITION_cdc_2": 0.13186127892423924, "MOBILITY_cdc_2": 0.11429489314851964, "SELFCARE_cdc_2": 0.03520236146006851, "INDEPLIVE_cdc_2": 0.07560755017926214, "BINGE_cdc_2": 0.21437341087240866, "CSMOKING_cdc_2": 0.1524424408811597, "LPA_cdc_2": 0.20995924258250281, "SLEEP_cdc_2": 0.35631703271885495, "heating_utility_gas": 0.1992330488708489, "heating_electricity": 0.779332806460871, "industry_agriculture,_forestry,_fishing_and_hunting": 0.0033383543725670635, "industry_mining,_quarrying,_and_oil_and_gas_extraction": 0.000523672221548247, "industry_accommodation_and_food_services": 0.08819320880077593, "industry_arts,_entertainment,_and_recreation": 0.019856884514688776, "industry_construction": 0.07658070213100311, "industry_educational_services": 0.08444610913876677, "industry_health_care_and_social_assistance": 0.12985842776047776, "industry_finance_and_insurance": 0.03369571952230561, "industry_real_estate_and_rental_and_leasing": 0.02623595102590656, "industry_information": 0.018386445023155833, "industry_manufacturing": 0.08930544467804104, "industry_other_services,_except_public_administration": 0.04844214561161672, "industry_administrative_and_support_and_waste_management_services": 0.05051685858556862, "industry_management_of_companies_and_enterprises": 0.0009604825631865, "industry_professional,_scientific,_and_technical_services": 0.09415017194642052, "industry_public_administration": 0.05608787445937167, "industry_retail_trade": 0.10608946398521836, "industry_transportation_and_warehousing": 0.043890092605989195, "industry_utilities": 0.007867643432557098, "industry_wholesale_trade": 0.02157434762083471, "occupation_architecture_and_engineering_occupations": 0.027726501865517297, "occupation_computer_and_mathematical_occupations": 0.033953269937398785, "occupation_life,_physical,_and_social_science_occupations": 0.009973355099841489, "occupation_arts,_design,_entertainment,_sports,_and_media_occupations": 0.020542478093541483, "occupation_community_and_social_service_occupations": 0.016208079576638033, "occupation_educational_instruction,_and_library_occupations": 0.05915659166999727, "occupation_legal_occupations": 0.014353724511476661, "occupation_health_diagnosing_and_treating_practitioners_and_other_technical_occupations": 0.05365386000385671, "occupation_health_technologists_and_technicians": 0.020633771522027933, "occupation_business_and_financial_operations_occupations": 0.05413949911442934, "occupation_management_occupations": 0.12242723719100622, "occupation_construction_and_extraction_occupations": 0.051241476850306104, "occupation_farming,_fishing,_and_forestry_occupations": 0.0013631879704186496, "occupation_installation,_maintenance,_and_repair_occupations": 0.038160104895742016, "occupation_material_moving_occupations": 0.0303811527393124, "occupation_transportation_occupations": 0.030694093877509737, "occupation_office_and_administrative_support_occupations": 0.10404203073409846, "occupation_sales_and_related_occupations": 0.10373898614738579, "occupation_building_and_grounds_cleaning_and_maintenance_occupations": 0.031957009634399104, "occupation_food_preparation_and_serving_related_occupations": 0.06181008096840423, "occupation_healthcare_support_occupations": 0.01921710636489332, "occupation_personal_care_and_service_occupations": 0.025702495309494065, "occupation_firefighting_and_prevention,_and_other_protective_service_workers_including_supervisors": 0.012248627185851194, "occupation_law_enforcement_workers_including_supervisors": 0.00991658164298068, "sors_cohabiting_partnered_gay": 0.006021715646855827, "2020 Presidential Election-margin": 0.029214525885427837, "2016 Presidential Election-margin": -0.033481624555862136, "2016-2020 Swing-margin": 0.06269615044128997, "park_percent_1km_v2": 0.01036392268611647, "mean_dist_Hospital_updated": 5.608209372643049, "mean_dist_Active Superfund Site_updated": 16.862278464076695, "mean_dist_Airport_updated": 14.85545861208768, "mean_dist_Public School_updated": 1.4007059758495297, "lapop1share_usda_fra_1": 0.6898164257466741, "mean_high_temp_4": 74.54130024897668, "mean_high_temp_winter_4": 61.93192899152629, "mean_high_temp_spring_4": 78.30521986950482, "mean_high_temp_summer_4": 86.7055785732069, "mean_high_temp_fall_4": 70.5935422935951, "mean_high_heat_index_4": 77.70917961529898, "days_above_90_4": 0.07276497597145958, "days_below_40_4": 0.0034294619913292235, "wind_speed_over_10mph_4": 0.1852341483266125, "snowfall_4": 0.0014546160953111801, "rainfall_4": 1.2528742486918152, "hours_sunny_4": 5.527658403680867, "internet_no_access": 0.08840200482524549, "insurance_coverage_none": 0.13687359683211273, "insurance_coverage_govt": 0.11196432408243683, "insurance_coverage_private": 0.7511620790854504, "marriage_divorced": 0.10241666806147315}