{"population": 4748549.0, "ad_1": 4382.85014909635, "population_change_2010": 0.0952963751219322, "ad_1_change_2010": 0.07640206412956305, "gpw_population": NaN, "gpw_pw_density_4": NaN, "white": 0.3617751443651524, "hispanic": 0.2287269226873304, "black": 0.0680856404767014, "asian": 0.27232087107029956, "citizenship_citizen_by_birth": 0.6925702901305453, "citizenship_citizen_by_naturalization": 0.1770651218298813, "citizenship_not_citizen": 0.13036458803957335, "birthplace_non_us": 0.3074297098694546, "birthplace_us_not_state": 0.19956472409813888, "birthplace_us_state": 0.4930055660324065, "language_english_only": 0.5862108444686689, "language_spanish": 0.15665481560468228, "education_high_school": 0.898517147045756, "education_ugrad": 0.5048000211847805, "education_grad": 0.21057004983954472, "education_field_stem": 0.2777666193239061, "education_field_humanities": 0.14252035774199692, "education_field_business": 0.0845130441188775, "generation_silent": 0.06434667962220289, "generation_boomer": 0.219035739725607, "generation_genx": 0.20610868090706796, "generation_millenial": 0.23684066383232463, "generation_genz": 0.16686172714320585, "generation_genalpha": 0.10680650876959165, "poverty_below_line": 0.08437216247132655, "household_income_under_50k": 0.22014542167693138, "household_income_over_100k": 0.5714313989007618, "individual_income_under_50k": 0.48583078852326567, "individual_income_over_100k": 0.27333208903137624, "housing_per_pop": 0.4832883598319768, "vacancy": 0.05568978812072484, "rent_or_own_rent": 0.44815736333499345, "rent_burden_under_20": 0.2917871357261791, "rent_burden_over_40": 0.3158762322481387, "rent_1br_under_750": 0.10430855706189077, "rent_1br_over_1500": 0.6823650390694633, "rent_2br_under_750": 0.04874863895397983, "rent_2br_over_1500": 0.8077496853760774, "year_built_1969_or_earlier": 0.5407034355450769, "year_built_2010_or_later": 0.0466773709716893, "transportation_means_car": 0.6247388109365684, "transportation_means_bike": 0.01945797944631474, "transportation_means_walk": 0.04302729561535484, "transportation_means_transit": 0.13785383456064576, "transportation_means_worked_at_home": 0.16280346606661292, "transportation_commute_time_under_15": 0.16985597960487553, "transportation_commute_time_over_60": 0.16846906465655342, "vehicle_ownership_at_least_1": 0.8822087305392019, "GHLTH_cdc_2": 0.13413992479923964, "ARTHRITIS_cdc_2": 0.17715643222445937, "CASTHMA_cdc_2": 0.08939042179432742, "BPHIGH_cdc_2": 0.25420957357208307, "CANCER_cdc_2": 0.056736791427823965, "KIDNEY_cdc_2": 0.025617234013664128, "COPD_cdc_2": 0.04150587570737468, "CHD_cdc_2": 0.0424087531649955, "DIABETES_cdc_2": 0.09126120366526595, "OBESITY_cdc_2": 0.23806572146144056, "STROKE_cdc_2": 0.024145159537115473, "DISABILITY_cdc_2": 0.22231997894736516, "HEARING_cdc_2": 0.050851207621195035, "VISION_cdc_2": 0.03991894966345072, "COGNITION_cdc_2": 0.10527776070844722, "MOBILITY_cdc_2": 0.0958253802851443, "SELFCARE_cdc_2": 0.028213042213192097, "INDEPLIVE_cdc_2": 0.0573368417158687, "BINGE_cdc_2": 0.1583875514633671, "CSMOKING_cdc_2": 0.09601531747940656, "LPA_cdc_2": 0.17649331822615033, "SLEEP_cdc_2": 0.2965207549768912, "heating_utility_gas": 0.6570610050512538, "heating_electricity": 0.28366620403228887, "industry_agriculture,_forestry,_fishing_and_hunting": 0.0037016818956761167, "industry_mining,_quarrying,_and_oil_and_gas_extraction": 0.0005843905567570281, "industry_accommodation_and_food_services": 0.06291185048431414, "industry_arts,_entertainment,_and_recreation": 0.022584822959807814, "industry_construction": 0.054318369584689705, "industry_educational_services": 0.08513040461431742, "industry_health_care_and_social_assistance": 0.12697283457659966, "industry_finance_and_insurance": 0.050363967985107956, "industry_real_estate_and_rental_and_leasing": 0.02297694247899443, "industry_information": 0.04104165691670393, "industry_manufacturing": 0.0745728012383032, "industry_other_services,_except_public_administration": 0.046223952334850674, "industry_administrative_and_support_and_waste_management_services": 0.04188703496562747, "industry_management_of_companies_and_enterprises": 0.0017875802313467141, "industry_professional,_scientific,_and_technical_services": 0.1649591839254499, "industry_public_administration": 0.036180549585267036, "industry_retail_trade": 0.09076072028052447, "industry_transportation_and_warehousing": 0.04564868279627126, "industry_utilities": 0.006924567474445169, "industry_wholesale_trade": 0.020468005114946047, "occupation_architecture_and_engineering_occupations": 0.03145351770693586, "occupation_computer_and_mathematical_occupations": 0.07489591618473176, "occupation_life,_physical,_and_social_science_occupations": 0.021675519075308857, "occupation_arts,_design,_entertainment,_sports,_and_media_occupations": 0.0349561709246412, "occupation_community_and_social_service_occupations": 0.016165886079481214, "occupation_educational_instruction,_and_library_occupations": 0.05577930486563798, "occupation_legal_occupations": 0.018313037041206195, "occupation_health_diagnosing_and_treating_practitioners_and_other_technical_occupations": 0.03991866331530359, "occupation_health_technologists_and_technicians": 0.013624471739117948, "occupation_business_and_financial_operations_occupations": 0.07936653708391239, "occupation_management_occupations": 0.14371127097966496, "occupation_construction_and_extraction_occupations": 0.03541166781797205, "occupation_farming,_fishing,_and_forestry_occupations": 0.0023290814044246047, "occupation_installation,_maintenance,_and_repair_occupations": 0.017950728170604474, "occupation_material_moving_occupations": 0.023546578172455562, "occupation_transportation_occupations": 0.028929867098517248, "occupation_office_and_administrative_support_occupations": 0.09207326270190332, "occupation_sales_and_related_occupations": 0.0891525153578019, "occupation_building_and_grounds_cleaning_and_maintenance_occupations": 0.032411374571991676, "occupation_food_preparation_and_serving_related_occupations": 0.046198386342395786, "occupation_healthcare_support_occupations": 0.030465608690741854, "occupation_personal_care_and_service_occupations": 0.026009270118908502, "occupation_firefighting_and_prevention,_and_other_protective_service_workers_including_supervisors": 0.01080166850567995, "occupation_law_enforcement_workers_including_supervisors": 0.005155758519446755, "2020 Presidential Election-margin": 0.5965183789086549, "2016 Presidential Election-margin": 0.6095266848249671, "2016-2020 Swing-margin": -0.01300830591631219, "park_percent_1km_v2": 0.042102996238023126, "mean_dist_Hospital_updated": 3.0862273069408164, "mean_dist_Active Superfund Site_updated": 12.618149361186706, "mean_dist_Airport_updated": 21.397899102475638, "mean_dist_Public School_updated": 0.6390915267178319, "mean_high_temp_4": 67.61499140685655, "mean_high_temp_winter_4": 59.17861741275298, "mean_high_temp_spring_4": 68.32757801263624, "mean_high_temp_summer_4": 76.10306889022775, "mean_high_temp_fall_4": 66.46851254508586, "mean_high_heat_index_4": 66.78872617337102, "days_above_90_4": 0.025824718563064435, "days_below_40_4": 3.257445536403349e-06, "wind_speed_over_10mph_4": 0.09197163904176368, "snowfall_4": 6.160466356846283e-05, "rainfall_4": 0.5158973775130631, "hours_sunny_4": 6.797764349505557, "internet_no_access": 0.05665291385588914, "insurance_coverage_none": 0.05283725213088356, "insurance_coverage_govt": 0.15861239362397048, "insurance_coverage_private": 0.788550354245146, "marriage_divorced": 0.0866135200804942}