{"population": 764864.0, "ad_1": 1730.0370851285174, "population_change_2010": -0.0030318434807544417, "ad_1_change_2010": 0.0025063724801827527, "population_change_2000": -0.06794488564148371, "ad_1_change_2000": -0.07580046053123037, "gpw_population": NaN, "gpw_pw_density_4": NaN, "white": 0.7287543929378295, "hispanic": 0.02761405949292946, "black": 0.15078628357459628, "asian": 0.04524725964354447, "homogeneity_250_2020": 0.6690563084015694, "homogeneity_250_diff_2010": -0.0914084184144307, "homogeneity_250_diff_2000": -0.14999531243588882, "citizenship_citizen_by_birth": 0.9401583598783289, "citizenship_citizen_by_naturalization": 0.028794800858722987, "citizenship_not_citizen": 0.03104683926294822, "birthplace_non_us": 0.05984164012167089, "birthplace_us_not_state": 0.1673728743231834, "birthplace_us_state": 0.7727854855551457, "language_english_only": 0.9239765543509038, "language_spanish": 0.015973716412648553, "education_high_school": 0.9466059546510053, "education_ugrad": 0.3768355995614991, "education_grad": 0.15750419852721925, "education_field_stem": 0.17896334295897676, "education_field_humanities": 0.1264565413059806, "education_field_business": 0.07141571529654135, "generation_silent": 0.07889218277529994, "generation_boomer": 0.2490469931106842, "generation_genx": 0.17007414397870907, "generation_millenial": 0.21936245968677914, "generation_genz": 0.18545138538876443, "generation_genalpha": 0.09717283505976324, "poverty_below_line": 0.13841397386516063, "household_income_under_50k": 0.42287939612757774, "household_income_over_100k": 0.29145773475058195, "individual_income_under_50k": 0.6569615343929366, "individual_income_over_100k": 0.10028600363051987, "housing_per_pop": 0.5944080598133691, "vacancy": 0.09470362869829599, "rent_or_own_rent": 0.37313216068747235, "rent_burden_under_20": 0.29737576494819035, "rent_burden_over_40": 0.3254030824357325, "rent_1br_under_750": 0.4284569936444676, "rent_1br_over_1500": 0.09253395879543042, "rent_2br_under_750": 0.23228200715954628, "rent_2br_over_1500": 0.15135116429308187, "year_built_1969_or_earlier": 0.7122187977793525, "year_built_2010_or_later": 0.030898145960878462, "transportation_means_car": 0.7197094175779949, "transportation_means_bike": 0.006761891769652889, "transportation_means_walk": 0.04766781235938253, "transportation_means_transit": 0.0922241967788155, "transportation_means_worked_at_home": 0.12525959353262411, "transportation_commute_time_under_15": 0.21403847598846348, "transportation_commute_time_over_60": 0.08146754230060296, "vehicle_ownership_at_least_1": 0.847040663631637, "traffic_fatalities_last_decade_per_capita": 6.301773910133041e-05, "traffic_fatalities_ped_last_decade_per_capita": 1.4512383900928792e-05, "GHLTH_cdc_2": 0.16579544568914667, "ARTHRITIS_cdc_2": 0.27513013167773415, "CASTHMA_cdc_2": 0.11007015670483719, "BPHIGH_cdc_2": 0.3120759658864605, "CANCER_cdc_2": 0.07079343297462073, "KIDNEY_cdc_2": 0.030730917914075898, "COPD_cdc_2": 0.06808376574016795, "CHD_cdc_2": 0.0616459326080127, "DIABETES_cdc_2": 0.09719619239649423, "OBESITY_cdc_2": 0.3258286529357516, "STROKE_cdc_2": 0.03267228916229698, "DISABILITY_cdc_2": 0.2849421816803864, "HEARING_cdc_2": 0.0702529402051792, "VISION_cdc_2": 0.04925095613258895, "COGNITION_cdc_2": 0.13445214307960784, "MOBILITY_cdc_2": 0.13428382220801066, "SELFCARE_cdc_2": 0.03776293812354663, "INDEPLIVE_cdc_2": 0.08035397978489076, "BINGE_cdc_2": 0.1896823556056467, "CSMOKING_cdc_2": 0.1693795142148995, "LPA_cdc_2": 0.2430205990984047, "SLEEP_cdc_2": 0.34981751377714543, "heating_utility_gas": 0.7954940519452118, "heating_electricity": 0.15485729826949993, "industry_agriculture,_forestry,_fishing_and_hunting": 0.0015996048558764543, "industry_mining,_quarrying,_and_oil_and_gas_extraction": 0.002681984290222863, "industry_accommodation_and_food_services": 0.0643195107496925, "industry_arts,_entertainment,_and_recreation": 0.019283238238536702, "industry_construction": 0.0504746021236519, "industry_educational_services": 0.11245077776832244, "industry_health_care_and_social_assistance": 0.18207290763029396, "industry_finance_and_insurance": 0.06743701814949406, "industry_real_estate_and_rental_and_leasing": 0.016489496258910656, "industry_information": 0.016282664631100906, "industry_manufacturing": 0.08018980792803419, "industry_other_services,_except_public_administration": 0.048633388963704734, "industry_administrative_and_support_and_waste_management_services": 0.037597448205999605, "industry_management_of_companies_and_enterprises": 0.0012693638533729258, "industry_professional,_scientific,_and_technical_services": 0.0871642054994345, "industry_public_administration": 0.03159256434348679, "industry_retail_trade": 0.10945698689304281, "industry_transportation_and_warehousing": 0.0395960708032023, "industry_utilities": 0.01018816461485893, "industry_wholesale_trade": 0.021220194198760756, "occupation_architecture_and_engineering_occupations": 0.02611195216859869, "occupation_computer_and_mathematical_occupations": 0.04558837531027979, "occupation_life,_physical,_and_social_science_occupations": 0.014227173788118405, "occupation_arts,_design,_entertainment,_sports,_and_media_occupations": 0.021041106894549185, "occupation_community_and_social_service_occupations": 0.02406857344578413, "occupation_educational_instruction,_and_library_occupations": 0.06586220852475176, "occupation_legal_occupations": 0.016116545537424996, "occupation_health_diagnosing_and_treating_practitioners_and_other_technical_occupations": 0.06001595756795267, "occupation_health_technologists_and_technicians": 0.018749855207818744, "occupation_business_and_financial_operations_occupations": 0.0691375875384898, "occupation_management_occupations": 0.0985291643463353, "occupation_construction_and_extraction_occupations": 0.03772011598675333, "occupation_farming,_fishing,_and_forestry_occupations": 0.0010758632659685172, "occupation_installation,_maintenance,_and_repair_occupations": 0.023293931101893938, "occupation_material_moving_occupations": 0.02946073400255395, "occupation_transportation_occupations": 0.029977313552845615, "occupation_office_and_administrative_support_occupations": 0.11226186556463755, "occupation_sales_and_related_occupations": 0.0934822012890707, "occupation_building_and_grounds_cleaning_and_maintenance_occupations": 0.030988204055877294, "occupation_food_preparation_and_serving_related_occupations": 0.05823671058935466, "occupation_healthcare_support_occupations": 0.038903753949087454, "occupation_personal_care_and_service_occupations": 0.025406025636504535, "occupation_firefighting_and_prevention,_and_other_protective_service_workers_including_supervisors": 0.014557010433991678, "occupation_law_enforcement_workers_including_supervisors": 0.007008318953332614, "sors_cohabiting_partnered_gay": 0.006490470893620103, "2020 Presidential Election-margin": 0.19951393747057736, "2016 Presidential Election-margin": 0.17501580390976795, "2016-2020 Swing-margin": 0.024498133560809404, "park_percent_1km_v2": 0.038505515702544096, "mean_dist_Hospital_updated": 3.852290138452526, "mean_dist_Active Superfund Site_updated": 22.278895599352126, "mean_dist_Airport_updated": 27.156339380563946, "mean_dist_Public School_updated": 1.002345098673931, "lapop1share_usda_fra_1": 0.6809933048906373, "mean_high_temp_4": 61.461052089536956, "mean_high_temp_winter_4": 41.16936624657345, "mean_high_temp_spring_4": 67.92986292150827, "mean_high_temp_summer_4": 80.49435078987963, "mean_high_temp_fall_4": 55.25205155290028, "mean_high_heat_index_4": 60.93026945111898, "days_above_90_4": 0.017647213943741934, "days_below_40_4": 0.163193082338016, "wind_speed_over_10mph_4": 0.09990174923826249, "snowfall_4": 0.11455870811122222, "rainfall_4": 1.1475520388253235, "hours_sunny_4": 3.9805155676720365, "internet_no_access": 0.1185761095426436, "insurance_coverage_none": 0.05743449990249806, "insurance_coverage_govt": 0.18186708586195002,